Timestamp_sec,Throttle,Brake,Steer,AccX,AccY,AccZ,Distance_km,TrafficSignal
0.000,0.0,0.0,1.60,-0.410,0.120,-9.460,0.00000,0
0.010,0.0,0.0,1.60,-0.410,0.120,-9.460,0.00000,0
0.020,0.0,0.0,1.60,-0.400,0.140,-9.520,0.00000,0
0.031,0.0,0.0,1.60,-0.400,0.140,-9.520,0.00000,0
0.041,0.0,0.0,1.60,-0.400,0.140,-9.520,0.00000,0
0.051,0.0,0.0,1.60,-0.400,0.140,-9.520,0.00000,0
0.061,0.0,0.0,1.60,-0.400,0.140,-9.520,0.00000,0
0.071,0.0,0.0,1.60,-0.400,0.120,-9.430,0.00000,0
0.081,0.0,0.0,1.60,-0.400,0.120,-9.430,0.00000,0
0.091,0.0,0.0,1.60,-0.400,0.120,-9.430,0.00000,0
0.103,0.0,0.0,1.60,-0.400,0.120,-9.430,0.00000,0
0.113,0.0,0.0,1.60,-0.400,0.120,-9.430,0.00000,0
0.123,0.0,0.0,1.60,-0.390,0.150,-9.490,0.00000,0
0.133,0.0,0.0,1.60,-0.390,0.150,-9.490,0.00000,0
0.143,0.0,0.0,1.60,-0.390,0.150,-9.490,0.00000,0
0.153,0.0,0.0,1.60,-0.390,0.150,-9.490,0.00000,0
0.164,0.0,0.0,1.60,-0.390,0.150,-9.490,0.00000,0
0.174,0.0,0.0,1.60,-0.400,0.150,-9.470,0.00000,0
0.184,0.0,0.0,1.60,-0.400,0.150,-9.470,0.00000,0
0.194,0.0,0.0,1.60,-0.400,0.150,-9.470,0.00000,0
0.204,0.0,0.0,1.60,-0.400,0.150,-9.470,0.00000,0
0.214,0.0,0.0,1.60,-0.400,0.150,-9.470,0.00000,0
0.224,0.0,0.0,1.60,-0.410,0.160,-9.490,0.00000,0
0.234,0.0,0.0,1.60,-0.410,0.160,-9.490,0.00000,0
0.245,0.0,0.0,1.60,-0.410,0.160,-9.490,0.00000,0
0.255,0.0,0.0,1.60,-0.410,0.160,-9.490,0.00000,0
0.265,0.0,0.0,1.60,-0.410,0.160,-9.490,0.00000,0
0.275,0.0,0.0,1.60,-0.350,0.170,-9.500,0.00000,0
0.285,0.0,0.0,1.60,-0.350,0.170,-9.500,0.00000,0
0.295,0.0,0.0,1.60,-0.350,0.170,-9.500,0.00000,0
0.305,0.0,0.0,1.60,-0.350,0.170,-9.500,0.00000,0
0.316,0.0,0.0,1.60,-0.390,0.130,-9.490,0.00000,0
0.326,0.0,0.0,1.60,-0.390,0.130,-9.490,0.00000,0
0.336,0.0,0.0,1.60,-0.390,0.130,-9.490,0.00000,0
0.346,0.0,0.0,1.60,-0.390,0.130,-9.490,0.00000,0
0.356,0.0,0.0,1.60,-0.390,0.130,-9.490,0.00000,0
0.366,0.0,0.0,1.60,-0.420,0.130,-9.460,0.00000,0
0.376,0.0,0.0,1.60,-0.420,0.130,-9.460,0.00000,0
0.387,0.0,0.0,1.60,-0.420,0.130,-9.460,0.00000,0
0.397,0.0,0.0,1.60,-0.420,0.130,-9.460,0.00000,0
0.407,0.0,0.0,1.60,-0.420,0.130,-9.460,0.00000,0
0.417,0.0,0.0,1.60,-0.420,0.130,-9.460,0.00000,0
0.427,0.0,0.0,1.60,-0.360,0.130,-9.500,0.00000,0
0.437,0.0,0.0,1.60,-0.360,0.130,-9.500,0.00000,0
0.447,0.0,0.0,1.60,-0.360,0.130,-9.500,0.00000,0
0.457,0.0,0.0,1.60,-0.360,0.130,-9.500,0.00000,0
0.468,0.0,0.0,1.60,-0.380,0.140,-9.540,0.00000,0
0.478,0.0,0.0,1.60,-0.380,0.140,-9.540,0.00000,0
0.488,0.0,0.0,1.60,-0.380,0.140,-9.540,0.00000,0
0.498,0.0,0.0,1.60,-0.380,0.140,-9.540,0.00000,0
0.508,0.0,0.0,1.60,-0.380,0.140,-9.540,0.00000,0
0.518,0.0,0.0,1.60,-0.380,0.140,-9.540,0.00000,0
0.528,0.0,0.0,1.60,-0.410,0.080,-9.530,0.00000,0
0.539,0.0,0.0,1.60,-0.410,0.080,-9.530,0.00000,0
0.549,0.0,0.0,1.60,-0.410,0.080,-9.530,0.00000,0
0.559,0.0,0.0,1.60,-0.410,0.080,-9.530,0.00000,0
0.569,0.0,0.0,1.60,-0.400,0.130,-9.420,0.00000,0
0.579,0.0,0.0,1.60,-0.400,0.130,-9.420,0.00000,0
0.589,0.0,0.0,1.60,-0.400,0.130,-9.420,0.00000,0
0.599,0.0,0.0,1.60,-0.400,0.130,-9.420,0.00000,0
0.609,0.0,0.0,1.60,-0.400,0.130,-9.420,0.00000,0
0.620,0.0,0.0,1.60,-0.400,0.110,-9.490,0.00000,0
0.630,0.0,0.0,1.60,-0.400,0.110,-9.490,0.00000,0
0.640,0.0,0.0,1.60,-0.400,0.110,-9.490,0.00000,0
0.650,0.0,0.0,1.60,-0.400,0.110,-9.490,0.00000,0
0.660,0.0,0.0,1.60,-0.400,0.110,-9.490,0.00000,0
0.670,0.0,0.0,1.60,-0.440,0.120,-9.490,0.00000,0
0.680,0.0,0.0,1.60,-0.440,0.120,-9.490,0.00000,0
0.691,0.0,0.0,1.60,-0.440,0.120,-9.490,0.00000,0
0.701,0.0,0.0,1.60,-0.440,0.120,-9.490,0.00000,0
0.711,0.0,0.0,1.60,-0.440,0.120,-9.490,0.00000,0
0.721,0.0,0.0,1.60,-0.410,0.100,-9.570,0.00000,0
0.731,0.0,0.0,1.60,-0.410,0.100,-9.570,0.00000,0
0.741,0.0,0.0,1.60,-0.410,0.100,-9.570,0.00000,0
0.751,0.0,0.0,1.60,-0.410,0.100,-9.570,0.00000,0
0.761,0.0,0.0,1.60,-0.410,0.100,-9.570,0.00000,0
0.772,0.0,0.0,1.60,-0.390,0.140,-9.530,0.00000,0
0.782,0.0,0.0,1.60,-0.390,0.140,-9.530,0.00000,0
0.792,0.0,0.0,1.60,-0.390,0.140,-9.530,0.00000,0
0.802,0.0,0.0,1.60,-0.390,0.140,-9.530,0.00000,0
0.812,0.0,0.0,1.60,-0.360,0.160,-9.520,0.00000,0
0.822,0.0,0.0,1.60,-0.360,0.160,-9.520,0.00000,0
0.832,0.0,0.0,1.60,-0.360,0.160,-9.520,0.00000,0
0.842,0.0,0.0,1.60,-0.360,0.160,-9.520,0.00000,0
0.853,0.0,0.0,1.60,-0.360,0.160,-9.520,0.00000,0
0.863,0.0,0.0,1.60,-0.360,0.160,-9.520,0.00000,0
0.873,0.0,0.0,1.60,-0.390,0.090,-9.520,0.00000,0
0.883,0.0,0.0,1.60,-0.390,0.090,-9.520,0.00000,0
0.893,0.0,0.0,1.60,-0.390,0.090,-9.520,0.00000,0
0.904,0.0,0.0,1.60,-0.390,0.090,-9.520,0.00000,0
0.914,0.0,0.0,1.60,-0.390,0.090,-9.520,0.00000,0
0.925,0.0,0.0,1.60,-0.380,0.120,-9.420,0.00000,0
0.935,0.0,0.0,1.60,-0.380,0.120,-9.420,0.00000,0
0.945,0.0,0.0,1.60,-0.380,0.120,-9.420,0.00000,0
0.955,0.0,0.0,1.60,-0.380,0.120,-9.420,0.00000,0
0.965,0.0,0.0,1.60,-0.380,0.120,-9.420,0.00000,0
0.975,0.0,0.0,1.60,-0.420,0.090,-9.470,0.00000,0
0.986,0.0,0.0,1.60,-0.420,0.090,-9.470,0.00000,0
0.996,0.0,0.0,1.60,-0.420,0.090,-9.470,0.00000,0
1.006,0.0,0.0,1.60,-0.420,0.090,-9.470,0.00000,0
1.016,0.0,0.0,1.60,-0.420,0.090,-9.470,0.00000,0
1.026,0.0,0.0,1.60,-0.380,0.100,-9.410,0.00000,0
1.036,0.0,0.0,1.60,-0.380,0.100,-9.410,0.00000,0
1.046,0.0,0.0,1.60,-0.380,0.100,-9.410,0.00000,0
1.057,0.0,0.0,1.60,-0.380,0.100,-9.410,0.00000,0
1.067,0.0,0.0,1.60,-0.420,0.120,-9.460,0.00000,0
1.077,0.0,0.0,1.60,-0.420,0.120,-9.460,0.00000,0
1.087,0.0,0.0,1.60,-0.420,0.120,-9.460,0.00000,0
1.097,0.0,0.0,1.60,-0.420,0.120,-9.460,0.00000,0
1.107,0.0,0.0,1.60,-0.420,0.120,-9.460,0.00000,0
1.118,0.0,0.0,1.60,-0.390,0.120,-9.420,0.00000,0
1.128,0.0,0.0,1.60,-0.390,0.120,-9.420,0.00000,0
1.138,0.0,0.0,1.60,-0.390,0.120,-9.420,0.00000,0
1.148,0.0,0.0,1.60,-0.390,0.120,-9.420,0.00000,0
1.158,0.0,0.0,1.60,-0.390,0.120,-9.420,0.00000,0
1.168,0.0,0.0,1.60,-0.380,0.150,-9.480,0.00000,0
1.178,0.0,0.0,1.60,-0.380,0.150,-9.480,0.00000,0
1.189,0.0,0.0,1.60,-0.380,0.150,-9.480,0.00000,0
1.199,0.0,0.0,1.60,-0.380,0.150,-9.480,0.00000,0
1.209,0.0,0.0,1.60,-0.380,0.150,-9.480,0.00000,0
1.219,0.0,0.0,1.60,-0.410,0.160,-9.460,0.00000,0
1.229,0.0,0.0,1.60,-0.410,0.160,-9.460,0.00000,0
1.239,0.0,0.0,1.60,-0.410,0.160,-9.460,0.00000,0
1.249,0.0,0.0,1.60,-0.410,0.160,-9.460,0.00000,0
1.260,0.0,0.0,1.60,-0.410,0.160,-9.460,0.00000,0
1.270,0.0,0.0,1.60,-0.440,0.130,-9.460,0.00000,0
1.280,0.0,0.0,1.60,-0.440,0.130,-9.460,0.00000,0
1.290,0.0,0.0,1.60,-0.440,0.130,-9.460,0.00000,0
1.300,0.0,0.0,1.60,-0.440,0.130,-9.460,0.00000,0
1.310,0.0,0.0,1.60,-0.440,0.130,-9.460,0.00000,0
1.320,0.0,0.0,1.60,-0.410,0.130,-9.540,0.00000,0
1.331,0.0,0.0,1.60,-0.410,0.130,-9.540,0.00000,0
1.341,0.0,0.0,1.60,-0.410,0.130,-9.540,0.00000,0
1.351,0.0,0.0,1.60,-0.410,0.130,-9.540,0.00000,0
1.361,0.0,0.0,1.60,-0.410,0.130,-9.540,0.00000,0
1.371,0.0,0.0,1.60,-0.360,0.110,-9.480,0.00000,0
1.381,0.0,0.0,1.60,-0.360,0.110,-9.480,0.00000,0
1.391,0.0,0.0,1.60,-0.360,0.110,-9.480,0.00000,0
1.401,0.0,0.0,1.60,-0.360,0.110,-9.480,0.00000,0
1.411,0.0,0.0,1.60,-0.360,0.110,-9.480,0.00000,0
1.422,0.0,0.0,1.60,-0.410,0.110,-9.460,0.00000,0
1.432,0.0,0.0,1.60,-0.410,0.110,-9.460,0.00000,0
1.442,0.0,0.0,1.60,-0.410,0.110,-9.460,0.00000,0
1.452,0.0,0.0,1.60,-0.410,0.110,-9.460,0.00000,0
1.462,0.0,0.0,1.60,-0.410,0.110,-9.460,0.00000,0
1.472,0.0,0.0,1.60,-0.370,0.150,-9.580,0.00000,0
1.482,0.0,0.0,1.60,-0.370,0.150,-9.580,0.00000,0
1.493,0.0,0.0,1.60,-0.370,0.150,-9.580,0.00000,0
1.503,0.0,0.0,1.60,-0.370,0.150,-9.580,0.00000,0
1.513,0.0,0.0,1.60,-0.370,0.150,-9.580,0.00000,0
1.523,0.0,0.0,1.60,-0.390,0.110,-9.490,0.00000,0
1.533,0.0,0.0,1.60,-0.390,0.110,-9.490,0.00000,0
1.543,0.0,0.0,1.60,-0.390,0.110,-9.490,0.00000,0
1.553,0.0,0.0,1.60,-0.390,0.110,-9.490,0.00000,0
1.563,0.0,0.0,1.60,-0.420,0.150,-9.470,0.00000,0
1.574,0.0,0.0,1.60,-0.420,0.150,-9.470,0.00000,0
1.584,0.0,0.0,1.60,-0.420,0.150,-9.470,0.00000,0
1.594,0.0,0.0,1.60,-0.420,0.150,-9.470,0.00000,0
1.605,0.0,0.0,1.60,-0.420,0.150,-9.470,0.00000,0
1.615,0.0,0.0,1.60,-0.390,0.110,-9.430,0.00000,0
1.626,0.0,0.0,1.60,-0.390,0.110,-9.430,0.00000,0
1.636,0.0,0.0,1.60,-0.390,0.110,-9.430,0.00000,0
1.646,0.0,0.0,1.60,-0.390,0.110,-9.430,0.00000,0
1.656,0.0,0.0,1.60,-0.390,0.110,-9.430,0.00000,0
1.666,0.0,0.0,1.60,-0.360,0.080,-9.520,0.00000,0
1.676,0.0,0.0,1.60,-0.360,0.080,-9.520,0.00000,0
1.686,0.0,0.0,1.60,-0.360,0.080,-9.520,0.00000,0
1.696,0.0,0.0,1.60,-0.360,0.080,-9.520,0.00000,0
1.707,0.0,0.0,1.60,-0.360,0.080,-9.520,0.00000,0
1.717,0.0,0.0,1.60,-0.360,0.080,-9.520,0.00000,0
1.727,0.0,0.0,1.60,-0.420,0.110,-9.470,0.00000,0
1.737,0.0,0.0,1.60,-0.420,0.110,-9.470,0.00000,0
1.747,0.0,0.0,1.60,-0.420,0.110,-9.470,0.00000,0
1.757,0.0,0.0,1.60,-0.420,0.110,-9.470,0.00000,0
1.767,0.0,0.0,1.60,-0.420,0.110,-9.470,0.00000,0
1.778,0.0,0.0,1.60,-0.410,0.140,-9.500,0.00000,0
1.788,0.0,0.0,1.60,-0.410,0.140,-9.500,0.00000,0
1.798,0.0,0.0,1.60,-0.410,0.140,-9.500,0.00000,0
1.808,0.0,0.0,1.60,-0.410,0.140,-9.500,0.00000,0
1.818,0.0,0.0,1.60,-0.410,0.140,-9.470,0.00000,0
1.828,0.0,0.0,1.60,-0.410,0.140,-9.470,0.00000,0
1.838,0.0,0.0,1.60,-0.410,0.140,-9.470,0.00000,0
1.848,0.0,0.0,1.60,-0.410,0.140,-9.470,0.00000,0
1.859,0.0,0.0,1.60,-0.410,0.140,-9.470,0.00000,0
1.869,0.0,0.0,1.60,-0.400,0.120,-9.470,0.00000,0
1.879,0.0,0.0,1.60,-0.400,0.120,-9.470,0.00000,0
1.889,0.0,0.0,1.60,-0.400,0.120,-9.470,0.00000,0
1.899,0.0,0.0,1.60,-0.400,0.120,-9.470,0.00000,0
1.909,0.0,0.0,1.60,-0.400,0.120,-9.470,0.00000,0
1.919,0.0,0.0,1.60,-0.380,0.120,-9.480,0.00000,0
1.930,0.0,0.0,1.60,-0.380,0.120,-9.480,0.00000,0
1.940,0.0,0.0,1.60,-0.380,0.120,-9.480,0.00000,0
1.950,0.0,0.0,1.60,-0.380,0.120,-9.480,0.00000,0
1.960,0.0,0.0,1.60,-0.380,0.120,-9.480,0.00000,0
1.970,0.0,0.0,1.60,-0.390,0.130,-9.450,0.00000,0
1.980,0.0,0.0,1.60,-0.390,0.130,-9.450,0.00000,0
1.990,0.0,0.0,1.60,-0.390,0.130,-9.450,0.00000,0
2.000,0.0,0.0,1.60,-0.390,0.130,-9.450,0.00000,0
2.011,0.0,0.0,1.60,-0.390,0.130,-9.450,0.00000,0
2.021,0.0,0.0,1.60,-0.390,0.120,-9.430,0.00000,0
2.031,0.0,0.0,1.60,-0.390,0.120,-9.430,0.00000,0
2.041,0.0,0.0,1.60,-0.390,0.120,-9.430,0.00000,0
2.051,0.0,0.0,1.60,-0.390,0.120,-9.430,0.00000,0
2.061,0.0,0.0,1.60,-0.410,0.130,-9.440,0.00000,0
2.072,0.0,0.0,1.60,-0.410,0.130,-9.440,0.00000,0
2.082,0.0,0.0,1.60,-0.410,0.130,-9.440,0.00000,0
2.092,0.0,0.0,1.60,-0.410,0.130,-9.440,0.00000,0
2.102,0.0,0.0,1.60,-0.410,0.130,-9.440,0.00000,0
2.112,0.0,0.0,1.60,-0.410,0.130,-9.440,0.00000,0
2.122,0.0,0.0,1.60,-0.380,0.150,-9.460,0.00000,0
2.132,0.0,0.0,1.60,-0.380,0.150,-9.460,0.00000,0
2.142,0.0,0.0,1.60,-0.380,0.150,-9.460,0.00000,0
2.152,0.0,0.0,1.60,-0.380,0.150,-9.460,0.00000,0
2.163,0.0,0.0,1.60,-0.380,0.150,-9.460,0.00000,0
2.173,0.0,0.0,1.60,-0.380,0.110,-9.440,0.00000,0
2.183,0.0,0.0,1.60,-0.380,0.110,-9.440,0.00000,0
2.193,0.0,0.0,1.60,-0.380,0.110,-9.440,0.00000,0
2.203,0.0,0.0,1.60,-0.380,0.110,-9.440,0.00000,0
2.213,0.0,0.0,1.60,-0.380,0.110,-9.440,0.00000,0
2.224,0.0,0.0,1.60,-0.430,0.110,-9.480,0.00000,0
2.234,0.0,0.0,1.60,-0.430,0.110,-9.480,0.00000,0
2.244,0.0,0.0,1.60,-0.430,0.110,-9.480,0.00000,0
2.254,0.0,0.0,1.60,-0.430,0.110,-9.480,0.00000,0
2.264,0.0,0.0,1.60,-0.430,0.110,-9.480,0.00000,0
2.274,0.0,0.0,1.60,-0.430,0.140,-9.520,0.00000,0
2.284,0.0,0.0,1.60,-0.430,0.140,-9.520,0.00000,0
2.295,0.0,0.0,1.60,-0.430,0.140,-9.520,0.00000,0
2.305,0.0,0.0,1.60,-0.430,0.140,-9.520,0.00000,0
2.315,0.0,0.0,1.60,-0.420,0.110,-9.520,0.00000,0
2.325,0.0,0.0,1.60,-0.420,0.110,-9.520,0.00000,0
2.335,0.0,0.0,1.60,-0.420,0.110,-9.520,0.00000,0
2.345,0.0,0.0,1.60,-0.420,0.110,-9.520,0.00000,0
2.355,0.0,0.0,1.60,-0.420,0.110,-9.520,0.00000,0
2.366,0.0,0.0,1.60,-0.360,0.150,-9.490,0.00000,0
2.376,0.0,0.0,1.60,-0.360,0.150,-9.490,0.00000,0
2.386,0.0,0.0,1.60,-0.360,0.150,-9.490,0.00000,0
2.396,0.0,0.0,1.60,-0.360,0.150,-9.490,0.00000,0
2.407,0.0,0.0,1.60,-0.360,0.150,-9.490,0.00000,0
2.417,0.0,0.0,1.60,-0.410,0.150,-9.470,0.00000,0
2.427,0.0,0.0,1.60,-0.410,0.150,-9.470,0.00000,0
2.437,0.0,0.0,1.60,-0.410,0.150,-9.470,0.00000,0
2.447,0.0,0.0,1.60,-0.410,0.150,-9.470,0.00000,0
2.457,0.0,0.0,1.60,-0.410,0.150,-9.470,0.00000,0
2.468,0.0,0.0,1.60,-0.420,0.100,-9.480,0.00000,0
2.478,0.0,0.0,1.60,-0.420,0.100,-9.480,0.00000,0
2.488,0.0,0.0,1.60,-0.420,0.100,-9.480,0.00000,0
2.498,0.0,0.0,1.60,-0.420,0.100,-9.480,0.00000,0
2.508,0.0,0.0,1.60,-0.420,0.100,-9.480,0.00000,0
2.518,0.0,0.0,1.60,-0.420,0.100,-9.480,0.00000,0
2.528,0.0,0.0,1.60,-0.420,0.120,-9.400,0.00000,0
2.538,0.0,0.0,1.60,-0.420,0.120,-9.400,0.00000,0
2.549,0.0,0.0,1.60,-0.420,0.120,-9.400,0.00000,0
2.559,0.0,0.0,1.60,-0.420,0.120,-9.400,0.00000,0
2.569,0.0,0.0,1.60,-0.410,0.130,-9.450,0.00000,0
2.579,0.0,0.0,1.60,-0.410,0.130,-9.450,0.00000,0
2.589,0.0,0.0,1.60,-0.410,0.130,-9.450,0.00000,0
2.599,0.0,0.0,1.60,-0.410,0.130,-9.450,0.00000,0
2.609,0.0,0.0,1.60,-0.410,0.130,-9.450,0.00000,0
2.619,0.0,0.0,1.60,-0.350,0.140,-9.500,0.00000,0
2.630,0.0,0.0,1.60,-0.350,0.140,-9.500,0.00000,0
2.640,0.0,0.0,1.60,-0.350,0.140,-9.500,0.00000,0
2.650,0.0,0.0,1.60,-0.350,0.140,-9.500,0.00000,0
2.660,0.0,0.0,1.60,-0.350,0.140,-9.500,0.00000,0
2.670,0.0,0.0,1.60,-0.390,0.110,-9.390,0.00000,0
2.680,0.0,0.0,1.60,-0.390,0.110,-9.390,0.00000,0
2.690,0.0,0.0,1.60,-0.390,0.110,-9.390,0.00000,0
2.700,0.0,0.0,1.60,-0.390,0.110,-9.390,0.00000,0
2.710,0.0,0.0,1.60,-0.390,0.110,-9.390,0.00000,0
2.721,0.0,0.0,1.60,-0.380,0.130,-9.480,0.00000,0
2.731,0.0,0.0,1.60,-0.380,0.130,-9.480,0.00000,0
2.741,0.0,0.0,1.60,-0.380,0.130,-9.480,0.00000,0
2.751,0.0,0.0,1.60,-0.380,0.130,-9.480,0.00000,0
2.761,0.0,0.0,1.60,-0.380,0.130,-9.480,0.00000,0
2.771,0.0,0.0,1.60,-0.360,0.150,-9.510,0.00000,0
2.781,0.0,0.0,1.60,-0.360,0.150,-9.510,0.00000,0
2.791,0.0,0.0,1.60,-0.360,0.150,-9.510,0.00000,0
2.802,0.0,0.0,1.60,-0.360,0.150,-9.510,0.00000,0
2.812,0.0,0.0,1.60,-0.390,0.130,-9.500,0.00000,0
2.822,0.0,0.0,1.60,-0.390,0.130,-9.500,0.00000,0
2.832,0.0,0.0,1.60,-0.390,0.130,-9.500,0.00000,0
2.842,0.0,0.0,1.60,-0.390,0.130,-9.500,0.00000,0
2.852,0.0,0.0,1.60,-0.390,0.130,-9.500,0.00000,0
2.862,0.0,0.0,1.60,-0.390,0.130,-9.500,0.00000,0
2.872,0.0,0.0,1.60,-0.350,0.140,-9.470,0.00000,0
2.883,0.0,0.0,1.60,-0.350,0.140,-9.470,0.00000,0
2.893,0.0,0.0,1.60,-0.350,0.140,-9.470,0.00000,0
2.903,0.0,0.0,1.60,-0.350,0.140,-9.470,0.00000,0
2.913,0.0,0.0,1.60,-0.350,0.140,-9.470,0.00000,0
2.923,0.0,0.0,1.60,-0.440,0.160,-9.450,0.00000,0
2.933,0.0,0.0,1.60,-0.440,0.160,-9.450,0.00000,0
2.943,0.0,0.0,1.60,-0.440,0.160,-9.450,0.00000,0
2.953,0.0,0.0,1.60,-0.440,0.160,-9.450,0.00000,0
2.964,0.0,0.0,1.60,-0.440,0.160,-9.450,0.00000,0
2.974,0.0,0.0,1.60,-0.440,0.160,-9.450,0.00000,0
2.984,0.0,0.0,1.60,-0.400,0.120,-9.470,0.00000,0
2.994,0.0,0.0,1.60,-0.400,0.120,-9.470,0.00000,0
3.004,0.0,0.0,1.60,-0.400,0.120,-9.470,0.00000,0
3.014,0.0,0.0,1.60,-0.400,0.120,-9.470,0.00000,0
3.024,0.0,0.0,1.60,-0.430,0.150,-9.520,0.00000,0
3.035,0.0,0.0,1.60,-0.430,0.150,-9.520,0.00000,0
3.045,0.0,0.0,1.60,-0.430,0.150,-9.520,0.00000,0
3.055,0.0,0.0,1.60,-0.430,0.150,-9.520,0.00000,0
3.065,0.0,0.0,1.60,-0.410,0.140,-9.450,0.00000,0
3.075,0.0,0.0,1.60,-0.410,0.140,-9.450,0.00000,0
3.085,0.0,0.0,1.60,-0.410,0.140,-9.450,0.00000,0
3.095,0.0,0.0,1.60,-0.410,0.140,-9.450,0.00000,0
3.106,0.0,0.0,1.60,-0.410,0.140,-9.450,0.00000,0
3.116,0.0,0.0,1.60,-0.400,0.160,-9.510,0.00000,0
3.126,0.0,0.0,1.60,-0.400,0.160,-9.510,0.00000,0
3.136,0.0,0.0,1.60,-0.400,0.160,-9.510,0.00000,0
3.146,0.0,0.0,1.60,-0.400,0.160,-9.510,0.00000,0
3.156,0.0,0.0,1.60,-0.400,0.160,-9.510,0.00000,0
3.166,0.0,0.0,1.60,-0.400,0.140,-9.520,0.00000,0
3.176,0.0,0.0,1.60,-0.400,0.140,-9.520,0.00000,0
3.187,0.0,0.0,1.60,-0.400,0.140,-9.520,0.00000,0
3.197,0.0,0.0,1.60,-0.400,0.140,-9.520,0.00000,0
3.207,0.0,0.0,1.60,-0.400,0.140,-9.520,0.00000,0
3.217,0.0,0.0,1.60,-0.400,0.140,-9.520,0.00000,0
3.227,0.0,0.0,1.60,-0.390,0.140,-9.520,0.00000,0
3.237,0.0,0.0,1.60,-0.390,0.140,-9.520,0.00000,0
3.247,0.0,0.0,1.60,-0.390,0.140,-9.520,0.00000,0
3.258,0.0,0.0,1.60,-0.390,0.140,-9.520,0.00000,0
3.268,0.0,0.0,1.60,-0.390,0.140,-9.520,0.00000,0
3.278,0.0,0.0,1.60,-0.420,0.160,-9.530,0.00000,0
3.288,0.0,0.0,1.60,-0.420,0.160,-9.530,0.00000,0
3.298,0.0,0.0,1.60,-0.420,0.160,-9.530,0.00000,0
3.309,0.0,0.0,1.60,-0.420,0.160,-9.530,0.00000,0
3.319,0.0,0.0,1.60,-0.390,0.140,-9.480,0.00000,0
3.329,0.0,0.0,1.60,-0.390,0.140,-9.480,0.00000,0
3.339,0.0,0.0,1.60,-0.390,0.140,-9.480,0.00000,0
3.349,0.0,0.0,1.60,-0.390,0.140,-9.480,0.00000,0
3.360,0.0,0.0,1.60,-0.390,0.140,-9.480,0.00000,0
3.370,0.0,0.0,1.60,-0.360,0.110,-9.450,0.00000,0
3.380,0.0,0.0,1.60,-0.360,0.110,-9.450,0.00000,0
3.390,0.0,0.0,1.60,-0.360,0.110,-9.450,0.00000,0
3.400,0.0,0.0,1.60,-0.360,0.110,-9.450,0.00000,0
3.410,0.0,0.0,1.60,-0.360,0.110,-9.450,0.00000,0
3.421,0.0,0.0,1.60,-0.380,0.130,-9.510,0.00000,0
3.431,0.0,0.0,1.60,-0.380,0.130,-9.510,0.00000,0
3.441,0.0,0.0,1.60,-0.380,0.130,-9.510,0.00000,0
3.451,0.0,0.0,1.60,-0.380,0.130,-9.510,0.00000,0
3.461,0.0,0.0,1.60,-0.380,0.130,-9.510,0.00000,0
3.471,0.0,0.0,1.60,-0.410,0.160,-9.440,0.00000,0
3.481,0.0,0.0,1.60,-0.410,0.160,-9.440,0.00000,0
3.491,0.0,0.0,1.60,-0.410,0.160,-9.440,0.00000,0
3.502,0.0,0.0,1.60,-0.410,0.160,-9.440,0.00000,0
3.512,0.0,0.0,1.60,-0.410,0.160,-9.440,0.00000,0
3.522,0.0,0.0,1.60,-0.430,0.150,-9.490,0.00000,0
3.532,0.0,0.0,1.60,-0.430,0.150,-9.490,0.00000,0
3.542,0.0,0.0,1.60,-0.430,0.150,-9.490,0.00000,0
3.552,0.0,0.0,1.60,-0.430,0.150,-9.490,0.00000,0
3.562,0.0,0.0,1.60,-0.390,0.140,-9.470,0.00000,0
3.573,0.0,0.0,1.60,-0.390,0.140,-9.470,0.00000,0
3.583,0.0,0.0,1.60,-0.390,0.140,-9.470,0.00000,0
3.593,0.0,0.0,1.60,-0.390,0.140,-9.470,0.00000,0
3.603,0.0,0.0,1.60,-0.390,0.140,-9.470,0.00000,0
3.613,0.0,0.0,1.60,-0.390,0.140,-9.470,0.00000,0
3.623,0.0,0.0,1.60,-0.400,0.140,-9.530,0.00000,0
3.633,0.0,0.0,1.60,-0.400,0.140,-9.530,0.00000,0
3.644,0.0,0.0,1.60,-0.400,0.140,-9.530,0.00000,0
3.654,0.0,0.0,1.60,-0.400,0.140,-9.530,0.00000,0
3.664,0.0,0.0,1.60,-0.400,0.140,-9.530,0.00000,0
3.674,0.0,0.0,1.60,-0.410,0.130,-9.520,0.00000,0
3.684,0.0,0.0,1.60,-0.410,0.130,-9.520,0.00000,0
3.694,0.0,0.0,1.60,-0.410,0.130,-9.520,0.00000,0
3.704,0.0,0.0,1.60,-0.410,0.130,-9.520,0.00000,0
3.714,0.0,0.0,1.60,-0.410,0.130,-9.520,0.00000,0
3.725,0.0,0.0,1.60,-0.380,0.100,-9.450,0.00000,0
3.735,0.0,0.0,1.60,-0.380,0.100,-9.450,0.00000,0
3.745,0.0,0.0,1.60,-0.380,0.100,-9.450,0.00000,0
3.755,0.0,0.0,1.60,-0.380,0.100,-9.450,0.00000,0
3.765,0.0,0.0,1.60,-0.380,0.100,-9.450,0.00000,0
3.775,0.0,0.0,1.60,-0.360,0.140,-9.460,0.00000,0
3.785,0.0,0.0,1.60,-0.360,0.140,-9.460,0.00000,0
3.795,0.0,0.0,1.60,-0.360,0.140,-9.460,0.00000,0
3.806,0.0,0.0,1.60,-0.360,0.140,-9.460,0.00000,0
3.816,0.0,0.0,1.60,-0.420,0.110,-9.480,0.00000,0
3.826,0.0,0.0,1.60,-0.420,0.110,-9.480,0.00000,0
3.836,0.0,0.0,1.60,-0.420,0.110,-9.480,0.00000,0
3.846,0.0,0.0,1.60,-0.420,0.110,-9.480,0.00000,0
3.856,0.0,0.0,1.60,-0.420,0.110,-9.480,0.00000,0
3.866,0.0,0.0,1.60,-0.390,0.110,-9.450,0.00000,0
3.876,0.0,0.0,1.60,-0.390,0.110,-9.450,0.00000,0
3.887,0.0,0.0,1.60,-0.390,0.110,-9.450,0.00000,0
3.897,0.0,0.0,1.60,-0.390,0.110,-9.450,0.00000,0
3.907,0.0,0.0,1.60,-0.390,0.110,-9.450,0.00000,0
3.917,0.0,0.0,1.60,-0.430,0.090,-9.510,0.00000,0
3.927,0.0,0.0,1.60,-0.430,0.090,-9.510,0.00000,0
3.937,0.0,0.0,1.60,-0.430,0.090,-9.510,0.00000,0
3.947,0.0,0.0,1.60,-0.430,0.090,-9.510,0.00000,0
3.957,0.0,0.0,1.60,-0.430,0.090,-9.510,0.00000,0
3.968,0.0,0.0,1.60,-0.410,0.090,-9.420,0.00000,0
3.978,0.0,0.0,1.60,-0.410,0.090,-9.420,0.00000,0
3.988,0.0,0.0,1.60,-0.410,0.090,-9.420,0.00000,0
3.998,0.0,0.0,1.60,-0.410,0.090,-9.420,0.00000,0
4.008,0.0,0.0,1.60,-0.410,0.090,-9.420,0.00000,0
4.018,0.0,0.0,1.60,-0.410,0.090,-9.420,0.00000,0
4.028,0.0,0.0,1.60,-0.390,0.130,-9.450,0.00000,0
4.039,0.0,0.0,1.60,-0.390,0.130,-9.450,0.00000,0
4.049,0.0,0.0,1.60,-0.390,0.130,-9.450,0.00000,0
4.059,0.0,0.0,1.60,-0.390,0.130,-9.450,0.00000,0
4.069,0.0,0.0,1.60,-0.400,0.110,-9.470,0.00000,0
4.080,0.0,0.0,1.60,-0.400,0.110,-9.470,0.00000,0
4.090,0.0,0.0,1.60,-0.400,0.110,-9.470,0.00000,0
4.100,0.0,0.0,1.60,-0.400,0.110,-9.470,0.00000,0
4.110,0.0,0.0,1.60,-0.400,0.110,-9.470,0.00000,0
4.120,0.0,0.0,1.60,-0.410,0.120,-9.450,0.00000,0
4.130,0.0,0.0,1.60,-0.410,0.120,-9.450,0.00000,0
4.140,0.0,0.0,1.60,-0.410,0.120,-9.450,0.00000,0
4.151,0.0,0.0,1.60,-0.410,0.120,-9.450,0.00000,0
4.161,0.0,0.0,1.60,-0.410,0.120,-9.450,0.00000,0
4.171,0.0,0.0,1.60,-0.360,0.130,-9.510,0.00000,0
4.181,0.0,0.0,1.60,-0.360,0.130,-9.510,0.00000,0
4.191,0.0,0.0,1.60,-0.360,0.130,-9.510,0.00000,0
4.201,0.0,0.0,1.60,-0.360,0.130,-9.510,0.00000,0
4.212,0.0,0.0,1.60,-0.360,0.130,-9.510,0.00000,0
4.222,0.0,0.0,1.60,-0.400,0.110,-9.470,0.00000,0
4.232,0.0,0.0,1.60,-0.400,0.110,-9.470,0.00000,0
4.242,0.0,0.0,1.60,-0.400,0.110,-9.470,0.00000,0
4.252,0.0,0.0,1.60,-0.400,0.110,-9.470,0.00000,0
4.262,0.0,0.0,1.60,-0.400,0.110,-9.470,0.00000,0
4.273,0.0,0.0,1.60,-0.380,0.150,-9.480,0.00000,0
4.283,0.0,0.0,1.60,-0.380,0.150,-9.480,0.00000,0
4.293,0.0,0.0,1.60,-0.380,0.150,-9.480,0.00000,0
4.303,0.0,0.0,1.60,-0.380,0.150,-9.480,0.00000,0
4.313,0.0,0.0,1.60,-0.380,0.120,-9.430,0.00000,0
4.323,0.0,0.0,1.60,-0.380,0.120,-9.430,0.00000,0
4.333,0.0,0.0,1.60,-0.380,0.120,-9.430,0.00000,0
4.344,0.0,0.0,1.60,-0.380,0.120,-9.430,0.00000,0
4.354,0.0,0.0,1.60,-0.380,0.120,-9.430,0.00000,0
4.364,0.0,0.0,1.60,-0.390,0.120,-9.520,0.00000,0
4.374,0.0,0.0,1.60,-0.390,0.120,-9.520,0.00000,0
4.384,0.0,0.0,1.60,-0.390,0.120,-9.520,0.00000,0
4.394,0.0,0.0,1.60,-0.390,0.120,-9.520,0.00000,0
4.404,0.0,0.0,1.60,-0.390,0.120,-9.520,0.00000,0
4.414,0.0,0.0,1.60,-0.390,0.120,-9.520,0.00000,0
4.425,0.0,0.0,1.60,-0.380,0.100,-9.480,0.00000,0
4.435,0.0,0.0,1.60,-0.380,0.100,-9.480,0.00000,0
4.445,0.0,0.0,1.60,-0.380,0.100,-9.480,0.00000,0
4.455,0.0,0.0,1.60,-0.380,0.100,-9.480,0.00000,0
4.465,0.0,0.0,1.60,-0.380,0.100,-9.480,0.00000,0
4.475,0.0,0.0,1.60,-0.450,0.140,-9.440,0.00000,0
4.485,0.0,0.0,1.60,-0.450,0.140,-9.440,0.00000,0
4.495,0.0,0.0,1.60,-0.450,0.140,-9.440,0.00000,0
4.506,0.0,0.0,1.60,-0.450,0.140,-9.440,0.00000,0
4.516,0.0,0.0,1.60,-0.450,0.140,-9.440,0.00000,0
4.526,0.0,0.0,1.60,-0.410,0.120,-9.460,0.00000,0
4.536,0.0,0.0,1.60,-0.410,0.120,-9.460,0.00000,0
4.546,0.0,0.0,1.60,-0.410,0.120,-9.460,0.00000,0
4.556,0.0,0.0,1.60,-0.410,0.120,-9.460,0.00000,0
4.566,0.0,0.0,1.60,-0.430,0.140,-9.470,0.00000,0
4.576,0.0,0.0,1.60,-0.430,0.140,-9.470,0.00000,0
4.587,0.0,0.0,1.60,-0.430,0.140,-9.470,0.00000,0
4.597,0.0,0.0,1.60,-0.430,0.140,-9.470,0.00000,0
4.607,0.0,0.0,1.60,-0.430,0.140,-9.470,0.00000,0
4.617,0.0,0.0,1.60,-0.390,0.120,-9.400,0.00000,0
4.627,0.0,0.0,1.60,-0.390,0.120,-9.400,0.00000,0
4.637,0.0,0.0,1.60,-0.390,0.120,-9.400,0.00000,0
4.647,0.0,0.0,1.60,-0.390,0.120,-9.400,0.00000,0
4.657,0.0,0.0,1.60,-0.390,0.120,-9.400,0.00000,0
4.668,0.0,0.0,1.60,-0.390,0.130,-9.450,0.00000,0
4.678,0.0,0.0,1.60,-0.390,0.130,-9.450,0.00000,0
4.688,0.0,0.0,1.60,-0.390,0.130,-9.450,0.00000,0
4.698,0.0,0.0,1.60,-0.390,0.130,-9.450,0.00000,0
4.708,0.0,0.0,1.60,-0.390,0.130,-9.450,0.00000,0
4.718,0.0,0.0,1.60,-0.370,0.130,-9.420,0.00000,0
4.728,0.0,0.0,1.60,-0.370,0.130,-9.420,0.00000,0
4.739,0.0,0.0,1.60,-0.370,0.130,-9.420,0.00000,0
4.749,0.0,0.0,1.60,-0.370,0.130,-9.420,0.00000,0
4.759,0.0,0.0,1.60,-0.370,0.130,-9.420,0.00000,0
4.769,0.0,0.0,1.60,-0.370,0.130,-9.420,0.00000,0
4.779,0.0,0.0,1.60,-0.390,0.110,-9.510,0.00000,0
4.789,0.0,0.0,1.60,-0.390,0.110,-9.510,0.00000,0
4.799,0.0,0.0,1.60,-0.390,0.110,-9.510,0.00000,0
4.809,0.0,0.0,1.60,-0.390,0.110,-9.510,0.00000,0
4.820,0.0,0.0,1.60,-0.410,0.130,-9.430,0.00000,0
4.830,0.0,0.0,1.60,-0.410,0.130,-9.430,0.00000,0
4.840,0.0,0.0,1.60,-0.410,0.130,-9.430,0.00000,0
4.850,0.0,0.0,1.60,-0.410,0.130,-9.430,0.00000,0
4.860,0.0,0.0,1.60,-0.410,0.130,-9.430,0.00000,0
4.870,0.0,0.0,1.60,-0.440,0.140,-9.430,0.00000,0
4.880,0.0,0.0,1.60,-0.440,0.140,-9.430,0.00000,0
4.891,0.0,0.0,1.60,-0.440,0.140,-9.430,0.00000,0
4.901,0.0,0.0,1.60,-0.440,0.140,-9.430,0.00000,0
4.911,0.0,0.0,1.60,-0.440,0.140,-9.430,0.00000,0
4.921,0.0,0.0,1.60,-0.380,0.110,-9.440,0.00000,0
4.931,0.0,0.0,1.60,-0.380,0.110,-9.440,0.00000,0
4.941,0.0,0.0,1.60,-0.380,0.110,-9.440,0.00000,0
4.951,0.0,0.0,1.60,-0.380,0.110,-9.440,0.00000,0
4.962,0.0,0.0,1.60,-0.380,0.110,-9.440,0.00000,0
4.972,0.0,0.0,1.60,-0.400,0.140,-9.520,0.00000,0
4.982,0.0,0.0,1.60,-0.400,0.140,-9.520,0.00000,0
4.992,0.0,0.0,1.60,-0.400,0.140,-9.520,0.00000,0
5.002,0.0,0.0,1.60,-0.400,0.140,-9.520,0.00000,0
5.013,0.0,0.0,1.60,-0.400,0.140,-9.520,0.00000,0
5.023,0.0,0.0,1.60,-0.410,0.110,-9.520,0.00000,0
5.033,0.0,0.0,1.60,-0.410,0.110,-9.520,0.00000,0
5.043,0.0,0.0,1.60,-0.410,0.110,-9.520,0.00000,0
5.053,0.0,0.0,1.60,-0.410,0.110,-9.520,0.00000,0
5.063,0.0,0.0,1.60,-0.410,0.150,-9.530,0.00000,0
5.073,0.0,0.0,1.60,-0.410,0.150,-9.530,0.00000,0
5.084,0.0,0.0,1.60,-0.410,0.150,-9.530,0.00000,0
5.094,0.0,0.0,1.60,-0.410,0.150,-9.530,0.00000,0
5.104,0.0,0.0,1.60,-0.410,0.150,-9.530,0.00000,0
5.114,0.0,0.0,1.60,-0.410,0.130,-9.500,0.00000,0
5.124,0.0,0.0,1.60,-0.410,0.130,-9.500,0.00000,0
5.134,0.0,0.0,1.60,-0.410,0.130,-9.500,0.00000,0
5.144,0.0,0.0,1.60,-0.410,0.130,-9.500,0.00000,0
5.154,0.0,0.0,1.60,-0.410,0.130,-9.500,0.00000,0
5.165,0.0,0.0,1.60,-0.410,0.130,-9.500,0.00000,0
5.175,0.0,0.0,1.60,-0.430,0.120,-9.440,0.00000,0
5.185,0.0,0.0,1.60,-0.430,0.120,-9.440,0.00000,0
5.195,0.0,0.0,1.60,-0.430,0.120,-9.440,0.00000,0
5.205,0.0,0.0,1.60,-0.430,0.120,-9.440,0.00000,0
5.215,0.0,0.0,1.60,-0.430,0.120,-9.440,0.00000,0
5.225,0.0,0.0,1.60,-0.400,0.110,-9.500,0.00000,0
5.236,0.0,0.0,1.60,-0.400,0.110,-9.500,0.00000,0
5.246,0.0,0.0,1.60,-0.400,0.110,-9.500,0.00000,0
5.256,0.0,0.0,1.60,-0.400,0.110,-9.500,0.00000,0
5.266,0.0,0.0,1.60,-0.400,0.110,-9.500,0.00000,0
5.276,0.0,0.0,1.60,-0.390,0.110,-9.490,0.00000,0
5.286,0.0,0.0,1.60,-0.390,0.110,-9.490,0.00000,0
5.296,0.0,0.0,1.60,-0.390,0.110,-9.490,0.00000,0
5.307,0.0,0.0,1.60,-0.390,0.110,-9.490,0.00000,0
5.317,0.0,0.0,1.60,-0.420,0.140,-9.460,0.00000,0
5.327,0.0,0.0,1.60,-0.420,0.140,-9.460,0.00000,0
5.337,0.0,0.0,1.60,-0.420,0.140,-9.460,0.00000,0
5.347,0.0,0.0,1.60,-0.420,0.140,-9.460,0.00000,0
5.357,0.0,0.0,1.60,-0.420,0.140,-9.460,0.00000,0
5.367,0.0,0.0,1.60,-0.400,0.150,-9.510,0.00000,0
5.378,0.0,0.0,1.60,-0.400,0.150,-9.510,0.00000,0
5.388,0.0,0.0,1.60,-0.400,0.150,-9.510,0.00000,0
5.398,0.0,0.0,1.60,-0.400,0.150,-9.510,0.00000,0
5.408,0.0,0.0,1.60,-0.400,0.150,-9.510,0.00000,0
5.418,0.0,0.0,1.60,-0.390,0.090,-9.430,0.00000,0
5.428,0.0,0.0,1.60,-0.390,0.090,-9.430,0.00000,0
5.438,0.0,0.0,1.60,-0.390,0.090,-9.430,0.00000,0
5.449,0.0,0.0,1.60,-0.390,0.090,-9.430,0.00000,0
5.459,0.0,0.0,1.60,-0.390,0.090,-9.430,0.00000,0
5.469,0.0,0.0,1.60,-0.420,0.170,-9.440,0.00000,0
5.479,0.0,0.0,1.60,-0.420,0.170,-9.440,0.00000,0
5.489,0.0,0.0,1.60,-0.420,0.170,-9.440,0.00000,0
5.499,0.0,0.0,1.60,-0.420,0.170,-9.440,0.00000,0
5.509,0.0,0.0,1.60,-0.420,0.170,-9.440,0.00000,0
5.519,0.0,0.0,1.60,-0.420,0.170,-9.440,0.00000,0
5.530,0.0,0.0,1.60,-0.360,0.110,-9.470,0.00000,0
5.540,0.0,0.0,1.60,-0.360,0.110,-9.470,0.00000,0
5.550,0.0,0.0,1.60,-0.360,0.110,-9.470,0.00000,0
5.560,0.0,0.0,1.60,-0.360,0.110,-9.470,0.00000,0
5.570,0.0,0.0,1.60,-0.350,0.130,-9.400,0.00000,0
5.580,0.0,0.0,1.60,-0.350,0.130,-9.400,0.00000,0
5.590,0.0,0.0,1.60,-0.350,0.130,-9.400,0.00000,0
5.600,0.0,0.0,1.60,-0.350,0.130,-9.400,0.00000,0
5.611,0.0,0.0,1.60,-0.350,0.130,-9.400,0.00000,0
5.621,0.0,0.0,1.60,-0.430,0.110,-9.490,0.00000,0
5.631,0.0,0.0,1.60,-0.430,0.110,-9.490,0.00000,0
5.641,0.0,0.0,1.60,-0.430,0.110,-9.490,0.00000,0
5.651,0.0,0.0,1.60,-0.430,0.110,-9.490,0.00000,0
5.662,0.0,0.0,1.60,-0.430,0.110,-9.490,0.00000,0
5.672,0.0,0.0,1.60,-0.370,0.170,-9.440,0.00000,0
5.683,0.0,0.0,1.60,-0.370,0.170,-9.440,0.00000,0
5.693,0.0,0.0,1.60,-0.370,0.170,-9.440,0.00000,0
5.703,0.0,0.0,1.60,-0.370,0.170,-9.440,0.00000,0
5.713,0.0,0.0,1.60,-0.370,0.170,-9.440,0.00000,0
5.723,0.0,0.0,1.60,-0.380,0.080,-9.450,0.00000,0
5.733,0.0,0.0,1.60,-0.380,0.080,-9.450,0.00000,0
5.743,0.0,0.0,1.60,-0.380,0.080,-9.450,0.00000,0
5.753,0.0,0.0,1.60,-0.380,0.080,-9.450,0.00000,0
5.764,0.0,0.0,1.60,-0.380,0.080,-9.450,0.00000,0
5.774,0.0,0.0,1.60,-0.430,0.150,-9.470,0.00000,0
5.784,0.0,0.0,1.60,-0.430,0.150,-9.470,0.00000,0
5.794,0.0,0.0,1.60,-0.430,0.150,-9.470,0.00000,0
5.804,0.0,0.0,1.60,-0.430,0.150,-9.470,0.00000,0
5.814,0.0,0.0,1.60,-0.410,0.130,-9.450,0.00000,0
5.824,0.0,0.0,1.60,-0.410,0.130,-9.450,0.00000,0
5.835,0.0,0.0,1.60,-0.410,0.130,-9.450,0.00000,0
5.845,0.0,0.0,1.60,-0.410,0.130,-9.450,0.00000,0
5.855,0.0,0.0,1.60,-0.410,0.130,-9.450,0.00000,0
5.865,0.0,0.0,1.60,-0.430,0.100,-9.490,0.00000,0
5.875,0.0,0.0,1.60,-0.430,0.100,-9.490,0.00000,0
5.885,0.0,0.0,1.60,-0.430,0.100,-9.490,0.00000,0
5.895,0.0,0.0,1.60,-0.430,0.100,-9.490,0.00000,0
5.906,0.0,0.0,1.60,-0.430,0.100,-9.490,0.00000,0
5.916,0.0,0.0,1.60,-0.400,0.130,-9.570,0.00000,0
5.926,0.0,0.0,1.60,-0.400,0.130,-9.570,0.00000,0
5.936,0.0,0.0,1.60,-0.400,0.130,-9.570,0.00000,0
5.946,0.0,0.0,1.60,-0.400,0.130,-9.570,0.00000,0
5.956,0.0,0.0,1.60,-0.400,0.130,-9.570,0.00000,0
5.966,0.0,0.0,1.60,-0.400,0.130,-9.570,0.00000,0
5.977,0.0,0.0,1.60,-0.400,0.150,-9.550,0.00000,0
5.987,0.0,0.0,1.60,-0.400,0.150,-9.550,0.00000,0
5.997,0.0,0.0,1.60,-0.400,0.150,-9.550,0.00000,0
6.007,0.0,0.0,1.60,-0.400,0.150,-9.550,0.00000,0
6.017,0.0,0.0,1.60,-0.400,0.150,-9.550,0.00000,0
6.027,0.0,0.0,1.60,-0.360,0.120,-9.530,0.00000,0
6.037,0.0,0.0,1.60,-0.360,0.120,-9.530,0.00000,0
6.048,0.0,0.0,1.60,-0.360,0.120,-9.530,0.00000,0
6.058,0.0,0.0,1.60,-0.360,0.120,-9.530,0.00000,0
6.068,0.0,0.0,1.60,-0.380,0.150,-9.530,0.00000,0
6.078,0.0,0.0,1.60,-0.380,0.150,-9.530,0.00000,0
6.088,0.0,0.0,1.60,-0.380,0.150,-9.530,0.00000,0
6.098,0.0,0.0,1.60,-0.380,0.150,-9.530,0.00000,0
6.108,0.0,0.0,1.60,-0.380,0.150,-9.530,0.00000,0
6.119,0.0,0.0,1.60,-0.360,0.110,-9.410,0.00000,0
6.129,0.0,0.0,1.60,-0.360,0.110,-9.410,0.00000,0
6.139,0.0,0.0,1.60,-0.360,0.110,-9.410,0.00000,0
6.149,0.0,0.0,1.60,-0.360,0.110,-9.410,0.00000,0
6.159,0.0,0.0,1.60,-0.360,0.110,-9.410,0.00000,0
6.169,0.0,0.0,1.60,-0.370,0.120,-9.430,0.00000,0
6.179,0.0,0.0,1.60,-0.370,0.120,-9.430,0.00000,0
6.190,0.0,0.0,1.60,-0.370,0.120,-9.430,0.00000,0
6.200,0.0,0.0,1.60,-0.370,0.120,-9.430,0.00000,0
6.210,0.0,0.0,1.60,-0.370,0.120,-9.430,0.00000,0
6.220,0.0,0.0,1.60,-0.410,0.090,-9.440,0.00000,0
6.230,0.0,0.0,1.60,-0.410,0.090,-9.440,0.00000,0
6.240,0.0,0.0,1.60,-0.410,0.090,-9.440,0.00000,0
6.250,0.0,0.0,1.60,-0.410,0.090,-9.440,0.00000,0
6.260,0.0,0.0,1.60,-0.410,0.090,-9.440,0.00000,0
6.270,0.0,0.0,1.60,-0.390,0.120,-9.460,0.00000,0
6.281,0.0,0.0,1.60,-0.390,0.120,-9.460,0.00000,0
6.291,0.0,0.0,1.60,-0.390,0.120,-9.460,0.00000,0
6.301,0.0,0.0,1.60,-0.390,0.120,-9.460,0.00000,0
6.311,0.0,0.0,1.60,-0.390,0.120,-9.460,0.00000,0
6.321,0.0,0.0,1.60,-0.350,0.120,-9.490,0.00000,0
6.331,0.0,0.0,1.60,-0.350,0.120,-9.490,0.00000,0
6.341,0.0,0.0,1.60,-0.350,0.120,-9.490,0.00000,0
6.352,0.0,0.0,1.60,-0.350,0.120,-9.490,0.00000,0
6.362,0.0,0.0,1.60,-0.350,0.120,-9.490,0.00000,0
6.372,0.0,0.0,1.60,-0.390,0.110,-9.500,0.00000,0
6.382,0.0,0.0,1.60,-0.390,0.110,-9.500,0.00000,0
6.392,0.0,0.0,1.60,-0.390,0.110,-9.500,0.00000,0
6.402,0.0,0.0,1.60,-0.390,0.110,-9.500,0.00000,0
6.412,0.0,0.0,1.60,-0.390,0.110,-9.500,0.00000,0
6.422,0.0,0.0,1.60,-0.390,0.110,-9.520,0.00000,0
6.433,0.0,0.0,1.60,-0.390,0.110,-9.520,0.00000,0
6.443,0.0,0.0,1.60,-0.390,0.110,-9.520,0.00000,0
6.453,0.0,0.0,1.60,-0.390,0.110,-9.520,0.00000,0
6.463,0.0,0.0,1.60,-0.390,0.110,-9.520,0.00000,0
6.473,0.0,0.0,1.60,-0.400,0.110,-9.490,0.00000,0
6.483,0.0,0.0,1.60,-0.400,0.110,-9.490,0.00000,0
6.493,0.0,0.0,1.60,-0.400,0.110,-9.490,0.00000,0
6.504,0.0,0.0,1.60,-0.400,0.110,-9.490,0.00000,0
6.514,0.0,0.0,1.60,-0.400,0.110,-9.490,0.00000,0
6.524,0.0,0.0,1.60,-0.390,0.110,-9.520,0.00000,0
6.534,0.0,0.0,1.60,-0.390,0.110,-9.520,0.00000,0
6.544,0.0,0.0,1.60,-0.390,0.110,-9.520,0.00000,0
6.554,0.0,0.0,1.60,-0.390,0.110,-9.520,0.00000,0
6.564,0.0,0.0,1.60,-0.380,0.120,-9.420,0.00000,0
6.575,0.0,0.0,1.60,-0.380,0.120,-9.420,0.00000,0
6.585,0.0,0.0,1.60,-0.380,0.120,-9.420,0.00000,0
6.595,0.0,0.0,1.60,-0.380,0.120,-9.420,0.00000,0
6.605,0.0,0.0,1.60,-0.380,0.120,-9.420,0.00000,0
6.615,0.0,0.0,1.60,-0.420,0.150,-9.440,0.00000,0
6.625,0.0,0.0,1.60,-0.420,0.150,-9.440,0.00000,0
6.635,0.0,0.0,1.60,-0.420,0.150,-9.440,0.00000,0
6.646,0.0,0.0,1.60,-0.420,0.150,-9.440,0.00000,0
6.656,0.0,0.0,1.60,-0.420,0.150,-9.440,0.00000,0
6.666,0.0,0.0,1.60,-0.410,0.130,-9.480,0.00000,0
6.676,0.0,0.0,1.60,-0.410,0.130,-9.480,0.00000,0
6.686,0.0,0.0,1.60,-0.410,0.130,-9.480,0.00000,0
6.696,0.0,0.0,1.60,-0.410,0.130,-9.480,0.00000,0
6.706,0.0,0.0,1.60,-0.410,0.130,-9.480,0.00000,0
6.717,0.0,0.0,1.60,-0.410,0.130,-9.480,0.00000,0
6.727,0.0,0.0,1.60,-0.350,0.130,-9.460,0.00000,0
6.737,0.0,0.0,1.60,-0.350,0.130,-9.460,0.00000,0
6.747,0.0,0.0,1.60,-0.350,0.130,-9.460,0.00000,0
6.757,0.0,0.0,1.60,-0.350,0.130,-9.460,0.00000,0
6.767,0.0,0.0,1.60,-0.350,0.130,-9.460,0.00000,0
6.777,0.0,0.0,1.60,-0.420,0.130,-9.470,0.00000,0
6.788,0.0,0.0,1.60,-0.420,0.130,-9.470,0.00000,0
6.798,0.0,0.0,1.60,-0.420,0.130,-9.470,0.00000,0
6.808,0.0,0.0,1.60,-0.420,0.130,-9.470,0.00000,0
6.818,0.0,0.0,1.60,-0.420,0.120,-9.480,0.00000,0
6.828,0.0,0.0,1.60,-0.420,0.120,-9.480,0.00000,0
6.838,0.0,0.0,1.60,-0.420,0.120,-9.480,0.00000,0
6.848,0.0,0.0,1.60,-0.420,0.120,-9.480,0.00000,0
6.858,0.0,0.0,1.60,-0.420,0.120,-9.480,0.00000,0
6.869,0.0,0.0,1.60,-0.400,0.120,-9.530,0.00000,0
6.879,0.0,0.0,1.60,-0.400,0.120,-9.530,0.00000,0
6.889,0.0,0.0,1.60,-0.400,0.120,-9.530,0.00000,0
6.899,0.0,0.0,1.60,-0.400,0.120,-9.530,0.00000,0
6.909,0.0,0.0,1.60,-0.400,0.120,-9.530,0.00000,0
6.919,0.0,0.0,1.60,-0.360,0.120,-9.480,0.00000,0
6.929,0.0,0.0,1.60,-0.360,0.120,-9.480,0.00000,0
6.940,0.0,0.0,1.60,-0.360,0.120,-9.480,0.00000,0
6.950,0.0,0.0,1.60,-0.360,0.120,-9.480,0.00000,0
6.960,0.0,0.0,1.60,-0.360,0.120,-9.480,0.00000,0
6.970,0.0,0.0,1.60,-0.390,0.120,-9.450,0.00000,0
6.980,0.0,0.0,1.60,-0.390,0.120,-9.450,0.00000,0
6.990,0.0,0.0,1.60,-0.390,0.120,-9.450,0.00000,0
7.000,0.0,0.0,1.60,-0.390,0.120,-9.450,0.00000,0
7.011,0.0,0.0,1.60,-0.430,0.150,-9.440,0.00000,0
7.021,0.0,0.0,1.60,-0.430,0.150,-9.440,0.00000,0
7.031,0.0,0.0,1.60,-0.430,0.150,-9.440,0.00000,0
7.041,0.0,0.0,1.60,-0.430,0.150,-9.440,0.00000,0
7.051,0.0,0.0,1.60,-0.430,0.150,-9.440,0.00000,0
7.061,0.0,0.0,1.60,-0.430,0.150,-9.440,0.00000,0
7.071,0.0,0.0,1.60,-0.410,0.110,-9.460,0.00000,0
7.082,0.0,0.0,1.60,-0.410,0.110,-9.460,0.00000,0
7.092,0.0,0.0,1.60,-0.410,0.110,-9.460,0.00000,0
7.102,0.0,0.0,1.60,-0.410,0.110,-9.460,0.00000,0
7.112,0.0,0.0,1.60,-0.410,0.110,-9.460,0.00000,0
7.122,0.0,0.0,1.60,-0.400,0.110,-9.420,0.00000,0
7.132,0.0,0.0,1.60,-0.400,0.110,-9.420,0.00000,0
7.142,0.0,0.0,1.60,-0.400,0.110,-9.420,0.00000,0
7.153,0.0,0.0,1.60,-0.400,0.110,-9.420,0.00000,0
7.163,0.0,0.0,1.60,-0.400,0.110,-9.420,0.00000,0
7.173,0.0,0.0,1.60,-0.400,0.150,-9.460,0.00000,0
7.183,0.0,0.0,1.60,-0.400,0.150,-9.460,0.00000,0
7.193,0.0,0.0,1.60,-0.400,0.150,-9.460,0.00000,0
7.203,0.0,0.0,1.60,-0.400,0.150,-9.460,0.00000,0
7.213,0.0,0.0,1.60,-0.400,0.150,-9.460,0.00000,0
7.223,0.0,0.0,1.60,-0.390,0.130,-9.430,0.00000,0
7.234,0.0,0.0,1.60,-0.390,0.130,-9.430,0.00000,0
7.244,0.0,0.0,1.60,-0.390,0.130,-9.430,0.00000,0
7.254,0.0,0.0,1.60,-0.390,0.130,-9.430,0.00000,0
7.265,0.0,0.0,1.60,-0.360,0.120,-9.490,0.00000,0
7.275,0.0,0.0,1.60,-0.360,0.120,-9.490,0.00000,0
7.285,0.0,0.0,1.60,-0.360,0.120,-9.490,0.00000,0
7.295,0.0,0.0,1.60,-0.360,0.120,-9.490,0.00000,0
7.306,0.0,0.0,1.60,-0.360,0.120,-9.490,0.00000,0
7.316,0.0,0.0,1.60,-0.380,0.160,-9.440,0.00000,0
7.326,0.0,0.0,1.60,-0.380,0.160,-9.440,0.00000,0
7.336,0.0,0.0,1.60,-0.380,0.160,-9.440,0.00000,0
7.346,0.0,0.0,1.60,-0.380,0.160,-9.440,0.00000,0
7.356,0.0,0.0,1.60,-0.380,0.160,-9.440,0.00000,0
7.366,0.0,0.0,1.60,-0.380,0.130,-9.510,0.00000,0
7.377,0.0,0.0,1.60,-0.380,0.130,-9.510,0.00000,0
7.387,0.0,0.0,1.60,-0.380,0.130,-9.510,0.00000,0
7.397,0.0,0.0,1.60,-0.380,0.130,-9.510,0.00000,0
7.407,0.0,0.0,1.60,-0.380,0.130,-9.510,0.00000,0
7.417,0.0,0.0,1.60,-0.380,0.130,-9.540,0.00000,0
7.427,0.0,0.0,1.60,-0.380,0.130,-9.540,0.00000,0
7.437,0.0,0.0,1.60,-0.380,0.130,-9.540,0.00000,0
7.447,0.0,0.0,1.60,-0.380,0.130,-9.540,0.00000,0
7.458,0.0,0.0,1.60,-0.380,0.130,-9.540,0.00000,0
7.468,0.0,0.0,1.60,-0.380,0.130,-9.540,0.00000,0
7.478,0.0,0.0,1.60,-0.380,0.140,-9.410,0.00000,0
7.488,0.0,0.0,1.60,-0.380,0.140,-9.410,0.00000,0
7.498,0.0,0.0,1.60,-0.380,0.140,-9.410,0.00000,0
7.508,0.0,0.0,1.60,-0.380,0.140,-9.410,0.00000,0
7.518,0.0,0.0,1.60,-0.430,0.110,-9.510,0.00000,0
7.528,0.0,0.0,1.60,-0.430,0.110,-9.510,0.00000,0
7.539,0.0,0.0,1.60,-0.430,0.110,-9.510,0.00000,0
7.549,0.0,0.0,1.60,-0.430,0.110,-9.510,0.00000,0
7.559,0.0,0.0,1.60,-0.430,0.110,-9.510,0.00000,0
7.569,0.0,0.0,1.60,-0.360,0.150,-9.460,0.00000,0
7.579,0.0,0.0,1.60,-0.360,0.150,-9.460,0.00000,0
7.589,0.0,0.0,1.60,-0.360,0.150,-9.460,0.00000,0
7.599,0.0,0.0,1.60,-0.360,0.150,-9.460,0.00000,0
7.609,0.0,0.0,1.60,-0.360,0.150,-9.460,0.00000,0
7.620,0.0,0.0,1.60,-0.410,0.100,-9.480,0.00000,0
7.630,0.0,0.0,1.60,-0.410,0.100,-9.480,0.00000,0
7.640,0.0,0.0,1.60,-0.410,0.100,-9.480,0.00000,0
7.650,0.0,0.0,1.60,-0.410,0.100,-9.480,0.00000,0
7.660,0.0,0.0,1.60,-0.410,0.100,-9.480,0.00000,0
7.670,0.0,0.0,1.60,-0.400,0.130,-9.480,0.00000,0
7.680,0.0,0.0,1.60,-0.400,0.130,-9.480,0.00000,0
7.691,0.0,0.0,1.60,-0.400,0.130,-9.480,0.00000,0
7.701,0.0,0.0,1.60,-0.400,0.130,-9.480,0.00000,0
7.711,0.0,0.0,1.60,-0.400,0.130,-9.480,0.00000,0
7.721,0.0,0.0,1.60,-0.390,0.130,-9.520,0.00000,0
7.731,0.0,0.0,1.60,-0.390,0.130,-9.520,0.00000,0
7.741,0.0,0.0,1.60,-0.390,0.130,-9.520,0.00000,0
7.751,0.0,0.0,1.60,-0.390,0.130,-9.520,0.00000,0
7.761,0.0,0.0,1.60,-0.380,0.160,-9.510,0.00000,0
7.771,0.0,0.0,1.60,-0.380,0.160,-9.510,0.00000,0
7.782,0.0,0.0,1.60,-0.380,0.160,-9.510,0.00000,0
7.792,0.0,0.0,1.60,-0.380,0.160,-9.510,0.00000,0
7.802,0.0,0.0,1.60,-0.380,0.160,-9.510,0.00000,0
7.812,0.0,0.0,1.60,-0.380,0.160,-9.510,0.00000,0
7.822,0.0,0.0,1.60,-0.360,0.110,-9.510,0.00000,0
7.832,0.0,0.0,1.60,-0.360,0.110,-9.510,0.00000,0
7.842,0.0,0.0,1.60,-0.360,0.110,-9.510,0.00000,0
7.852,0.0,0.0,1.60,-0.360,0.110,-9.510,0.00000,0
7.863,0.0,0.0,1.60,-0.360,0.110,-9.510,0.00000,0
7.873,0.0,0.0,1.60,-0.360,0.150,-9.430,0.00000,0
7.883,0.0,0.0,1.60,-0.360,0.150,-9.430,0.00000,0
7.893,0.0,0.0,1.60,-0.360,0.150,-9.430,0.00000,0
7.903,0.0,0.0,1.60,-0.360,0.150,-9.430,0.00000,0
7.913,0.0,0.0,1.60,-0.360,0.150,-9.430,0.00000,0
7.923,0.0,0.0,1.60,-0.410,0.120,-9.500,0.00000,0
7.934,0.0,0.0,1.60,-0.410,0.120,-9.500,0.00000,0
7.944,0.0,0.0,1.60,-0.410,0.120,-9.500,0.00000,0
7.954,0.0,0.0,1.60,-0.410,0.120,-9.500,0.00000,0
7.964,0.0,0.0,1.60,-0.410,0.120,-9.500,0.00000,0
7.974,0.0,0.0,1.60,-0.390,0.110,-9.530,0.00000,0
7.984,0.0,0.0,1.60,-0.390,0.110,-9.530,0.00000,0
7.994,0.0,0.0,1.60,-0.390,0.110,-9.530,0.00000,0
8.004,0.0,0.0,1.60,-0.390,0.110,-9.530,0.00000,0
8.015,0.0,0.0,1.60,-0.360,0.110,-9.410,0.00000,0
8.025,0.0,0.0,1.60,-0.360,0.110,-9.410,0.00000,0
8.035,0.0,0.0,1.60,-0.360,0.110,-9.410,0.00000,0
8.045,0.0,0.0,1.60,-0.360,0.110,-9.410,0.00000,0
8.055,0.0,0.0,1.60,-0.360,0.110,-9.410,0.00000,0
8.065,0.0,0.0,1.60,-0.360,0.110,-9.410,0.00000,0
8.075,0.0,0.0,1.60,-0.410,0.130,-9.460,0.00000,0
8.086,0.0,0.0,1.60,-0.410,0.130,-9.460,0.00000,0
8.096,0.0,0.0,1.60,-0.410,0.130,-9.460,0.00000,0
8.106,0.0,0.0,1.60,-0.410,0.130,-9.460,0.00000,0
8.116,0.0,0.0,1.60,-0.400,0.160,-9.450,0.00000,0
8.126,0.0,0.0,1.60,-0.400,0.160,-9.450,0.00000,0
8.136,0.0,0.0,1.60,-0.400,0.160,-9.450,0.00000,0
8.147,0.0,0.0,1.60,-0.400,0.160,-9.450,0.00000,0
8.157,0.0,0.0,1.60,-0.400,0.160,-9.450,0.00000,0
8.167,0.0,0.0,1.60,-0.400,0.150,-9.490,0.00000,0
8.177,0.0,0.0,1.60,-0.400,0.150,-9.490,0.00000,0
8.187,0.0,0.0,1.60,-0.400,0.150,-9.490,0.00000,0
8.197,0.0,0.0,1.60,-0.400,0.150,-9.490,0.00000,0
8.207,0.0,0.0,1.60,-0.400,0.150,-9.490,0.00000,0
8.217,0.0,0.0,1.60,-0.400,0.150,-9.490,0.00000,0
8.228,0.0,0.0,1.60,-0.400,0.150,-9.520,0.00000,0
8.238,0.0,0.0,1.60,-0.400,0.150,-9.520,0.00000,0
8.248,0.0,0.0,1.60,-0.400,0.150,-9.520,0.00000,0
8.258,0.0,0.0,1.60,-0.400,0.150,-9.520,0.00000,0
8.268,0.0,0.0,1.60,-0.410,0.130,-9.530,0.00000,0
8.279,0.0,0.0,1.60,-0.410,0.130,-9.530,0.00000,0
8.289,0.0,0.0,1.60,-0.410,0.130,-9.530,0.00000,0
8.299,0.0,0.0,1.60,-0.410,0.130,-9.530,0.00000,0
8.309,0.0,0.0,1.60,-0.410,0.130,-9.530,0.00000,0
8.319,0.0,0.0,1.60,-0.450,0.120,-9.570,0.00000,0
8.329,0.0,0.0,1.60,-0.450,0.120,-9.570,0.00000,0
8.340,0.0,0.0,1.60,-0.450,0.120,-9.570,0.00000,0
8.350,0.0,0.0,1.60,-0.450,0.120,-9.570,0.00000,0
8.360,0.0,0.0,1.60,-0.450,0.120,-9.570,0.00000,0
8.370,0.0,0.0,1.60,-0.400,0.150,-9.470,0.00000,0
8.380,0.0,0.0,1.60,-0.400,0.150,-9.470,0.00000,0
8.390,0.0,0.0,1.60,-0.400,0.150,-9.470,0.00000,0
8.400,0.0,0.0,1.60,-0.400,0.150,-9.470,0.00000,0
8.410,0.0,0.0,1.60,-0.400,0.150,-9.470,0.00000,0
8.421,0.0,0.0,1.60,-0.370,0.130,-9.440,0.00000,0
8.431,0.0,0.0,1.60,-0.370,0.130,-9.440,0.00000,0
8.441,0.0,0.0,1.60,-0.370,0.130,-9.440,0.00000,0
8.451,0.0,0.0,1.60,-0.370,0.130,-9.440,0.00000,0
8.461,0.0,0.0,1.60,-0.370,0.130,-9.440,0.00000,0
8.471,0.0,0.0,1.60,-0.360,0.010,-9.500,0.00000,0
8.481,0.0,0.0,1.60,-0.360,0.010,-9.500,0.00000,0
8.492,0.0,0.0,1.60,-0.360,0.010,-9.500,0.00000,0
8.502,0.0,0.0,1.60,-0.360,0.010,-9.500,0.00000,0
8.512,0.0,0.0,1.60,-0.460,0.080,-9.530,0.00000,0
8.522,0.0,0.0,1.60,-0.460,0.080,-9.530,0.00000,0
8.532,0.0,0.0,1.60,-0.460,0.080,-9.530,0.00000,0
8.542,0.0,0.0,1.60,-0.460,0.080,-9.530,0.00000,0
8.552,0.0,0.0,1.60,-0.460,0.080,-9.530,0.00000,0
8.562,0.0,0.0,1.60,-0.420,0.120,-9.370,0.00000,0
8.573,0.0,0.0,1.60,-0.420,0.120,-9.370,0.00000,0
8.583,0.0,0.0,1.60,-0.420,0.120,-9.370,0.00000,0
8.593,0.0,0.0,1.60,-0.420,0.120,-9.370,0.00000,0
8.603,0.0,0.0,1.60,-0.420,0.120,-9.370,0.00000,0
8.613,0.0,0.0,1.60,-0.420,0.120,-9.370,0.00000,0
8.623,0.0,0.0,1.60,-0.370,0.100,-9.540,0.00000,0
8.633,0.0,0.0,1.60,-0.370,0.100,-9.540,0.00000,0
8.643,0.0,0.0,1.60,-0.370,0.100,-9.540,0.00000,0
8.654,0.0,0.0,1.60,-0.370,0.100,-9.540,0.00000,0
8.664,0.0,0.0,1.60,-0.370,0.100,-9.540,0.00000,0
8.674,0.0,0.0,1.60,-0.370,0.140,-9.460,0.00000,0
8.684,0.0,0.0,1.60,-0.370,0.140,-9.460,0.00000,0
8.694,0.0,0.0,1.60,-0.370,0.140,-9.460,0.00000,0
8.704,0.0,0.0,1.60,-0.370,0.140,-9.460,0.00000,0
8.714,0.0,0.0,1.60,-0.370,0.140,-9.460,0.00000,0
8.725,0.0,0.0,1.60,-0.390,0.130,-9.530,0.00000,0
8.735,0.0,0.0,1.60,-0.390,0.130,-9.530,0.00000,0
8.745,0.0,0.0,1.60,-0.390,0.130,-9.530,0.00000,0
8.755,0.0,0.0,1.60,-0.390,0.130,-9.530,0.00000,0
8.765,0.0,0.0,1.60,-0.430,0.110,-9.540,0.00000,0
8.775,0.0,0.0,1.60,-0.430,0.110,-9.540,0.00000,0
8.785,0.0,0.0,1.60,-0.430,0.110,-9.540,0.00000,0
8.795,0.0,0.0,1.60,-0.430,0.110,-9.540,0.00000,0
8.806,0.0,0.0,1.60,-0.430,0.110,-9.540,0.00000,0
8.816,0.0,0.0,1.60,-0.370,0.150,-9.520,0.00000,0
8.826,0.0,0.0,1.60,-0.370,0.150,-9.520,0.00000,0
8.836,0.0,0.0,1.60,-0.370,0.150,-9.520,0.00000,0
8.846,0.0,0.0,1.60,-0.370,0.150,-9.520,0.00000,0
8.856,0.0,0.0,1.60,-0.370,0.150,-9.520,0.00000,0
8.866,0.0,0.0,1.60,-0.400,0.160,-9.480,0.00000,0
8.876,0.0,0.0,1.60,-0.400,0.160,-9.480,0.00000,0
8.887,0.0,0.0,1.60,-0.400,0.160,-9.480,0.00000,0
8.897,0.0,0.0,1.60,-0.400,0.160,-9.480,0.00000,0
8.907,0.0,0.0,1.60,-0.400,0.160,-9.480,0.00000,0
8.917,0.0,0.0,1.60,-0.400,0.160,-9.480,0.00000,0
8.927,0.0,0.0,1.60,-0.380,0.090,-9.430,0.00000,0
8.937,0.0,0.0,1.60,-0.380,0.090,-9.430,0.00000,0
8.947,0.0,0.0,1.60,-0.380,0.090,-9.430,0.00000,0
8.958,0.0,0.0,1.60,-0.380,0.090,-9.430,0.00000,0
8.968,0.0,0.0,1.60,-0.380,0.090,-9.430,0.00000,0
8.978,0.0,0.0,1.60,-0.390,0.170,-9.470,0.00000,0
8.988,0.0,0.0,1.60,-0.390,0.170,-9.470,0.00000,0
8.998,0.0,0.0,1.60,-0.390,0.170,-9.470,0.00000,0
9.008,0.0,0.0,1.60,-0.390,0.170,-9.470,0.00000,0
9.018,0.0,0.0,1.60,-0.400,0.100,-9.440,0.00000,0
9.029,0.0,0.0,1.60,-0.400,0.100,-9.440,0.00000,0
9.039,0.0,0.0,1.60,-0.400,0.100,-9.440,0.00000,0
9.049,0.0,0.0,1.60,-0.400,0.100,-9.440,0.00000,0
9.059,0.0,0.0,1.60,-0.400,0.100,-9.440,0.00000,0
9.069,0.0,0.0,1.60,-0.400,0.160,-9.540,0.00000,0
9.079,0.0,0.0,1.60,-0.400,0.160,-9.540,0.00000,0
9.090,0.0,0.0,1.60,-0.400,0.160,-9.540,0.00000,0
9.100,0.0,0.0,1.60,-0.400,0.160,-9.540,0.00000,0
9.110,0.0,0.0,1.60,-0.400,0.160,-9.540,0.00000,0
9.120,0.0,0.0,1.60,-0.380,0.150,-9.410,0.00000,0
9.130,0.0,0.0,1.60,-0.380,0.150,-9.410,0.00000,0
9.140,0.0,0.0,1.60,-0.380,0.150,-9.410,0.00000,0
9.150,0.0,0.0,1.60,-0.380,0.150,-9.410,0.00000,0
9.160,0.0,0.0,1.60,-0.380,0.150,-9.410,0.00000,0
9.171,0.0,0.0,1.60,-0.370,0.180,-9.490,0.00000,0
9.181,0.0,0.0,1.60,-0.370,0.180,-9.490,0.00000,0
9.191,0.0,0.0,1.60,-0.370,0.180,-9.490,0.00000,0
9.201,0.0,0.0,1.60,-0.370,0.180,-9.490,0.00000,0
9.211,0.0,0.0,1.60,-0.370,0.180,-9.490,0.00000,0
9.221,0.0,0.0,1.60,-0.380,0.120,-9.460,0.00000,0
9.231,0.0,0.0,1.60,-0.380,0.120,-9.460,0.00000,0
9.241,0.0,0.0,1.60,-0.380,0.120,-9.460,0.00000,0
9.252,0.0,0.0,1.60,-0.380,0.120,-9.460,0.00000,0
9.262,0.0,0.0,1.60,-0.430,0.150,-9.480,0.00000,0
9.272,0.0,0.0,1.60,-0.430,0.150,-9.480,0.00000,0
9.282,0.0,0.0,1.60,-0.430,0.150,-9.480,0.00000,0
9.292,0.0,0.0,1.60,-0.430,0.150,-9.480,0.00000,0
9.302,0.0,0.0,1.60,-0.430,0.150,-9.480,0.00000,0
9.312,0.0,0.0,1.60,-0.430,0.150,-9.480,0.00000,0
9.322,0.0,0.0,1.60,-0.410,0.140,-9.560,0.00000,0
9.333,0.0,0.0,1.60,-0.410,0.140,-9.560,0.00000,0
9.343,0.0,0.0,1.60,-0.410,0.140,-9.560,0.00000,0
9.353,0.0,0.0,1.60,-0.410,0.140,-9.560,0.00000,0
9.363,0.0,0.0,1.60,-0.410,0.140,-9.560,0.00000,0
9.373,0.0,0.0,1.60,-0.380,0.140,-9.540,0.00000,0
9.383,0.0,0.0,1.60,-0.380,0.140,-9.540,0.00000,0
9.393,0.0,0.0,1.60,-0.380,0.140,-9.540,0.00000,0
9.404,0.0,0.0,1.60,-0.380,0.140,-9.540,0.00000,0
9.414,0.0,0.0,1.60,-0.380,0.140,-9.540,0.00000,0
9.424,0.0,0.0,1.60,-0.430,0.140,-9.480,0.00000,0
9.434,0.0,0.0,1.60,-0.430,0.140,-9.480,0.00000,0
9.444,0.0,0.0,1.60,-0.430,0.140,-9.480,0.00000,0
9.454,0.0,0.0,1.60,-0.430,0.140,-9.480,0.00000,0
9.464,0.0,0.0,1.60,-0.430,0.140,-9.480,0.00000,0
9.474,0.0,0.0,1.60,-0.420,0.110,-9.470,0.00000,0
9.485,0.0,0.0,1.60,-0.420,0.110,-9.470,0.00000,0
9.495,0.0,0.0,1.60,-0.420,0.110,-9.470,0.00000,0
9.505,0.0,0.0,1.60,-0.420,0.110,-9.470,0.00000,0
9.515,0.0,0.0,1.60,-0.400,0.160,-9.480,0.00000,0
9.525,0.0,0.0,1.60,-0.400,0.160,-9.480,0.00000,0
9.535,0.0,0.0,1.60,-0.400,0.160,-9.480,0.00000,0
9.545,0.0,0.0,1.60,-0.400,0.160,-9.480,0.00000,0
9.555,0.0,0.0,1.60,-0.400,0.160,-9.480,0.00000,0
9.566,0.0,0.0,1.60,-0.390,0.110,-9.560,0.00000,0
9.576,0.0,0.0,1.60,-0.390,0.110,-9.560,0.00000,0
9.586,0.0,0.0,1.60,-0.390,0.110,-9.560,0.00000,0
9.596,0.0,0.0,1.60,-0.390,0.110,-9.560,0.00000,0
9.606,0.0,0.0,1.60,-0.390,0.110,-9.560,0.00000,0
9.616,0.0,0.0,1.60,-0.380,0.160,-9.460,0.00000,0
9.626,0.0,0.0,1.60,-0.380,0.160,-9.460,0.00000,0
9.637,0.0,0.0,1.60,-0.380,0.160,-9.460,0.00000,0
9.647,0.0,0.0,1.60,-0.380,0.160,-9.460,0.00000,0
9.657,0.0,0.0,1.60,-0.380,0.160,-9.460,0.00000,0
9.667,0.0,0.0,1.60,-0.410,0.120,-9.470,0.00000,0
9.677,0.0,0.0,1.60,-0.410,0.120,-9.470,0.00000,0
9.687,0.0,0.0,1.60,-0.410,0.120,-9.470,0.00000,0
9.697,0.0,0.0,1.60,-0.410,0.120,-9.470,0.00000,0
9.707,0.0,0.0,1.60,-0.410,0.120,-9.470,0.00000,0
9.718,0.0,0.0,1.60,-0.410,0.120,-9.470,0.00000,0
9.728,0.0,0.0,1.60,-0.360,0.160,-9.490,0.00000,0
9.738,0.0,0.0,1.60,-0.360,0.160,-9.490,0.00000,0
9.748,0.0,0.0,1.60,-0.360,0.160,-9.490,0.00000,0
9.758,0.0,0.0,1.60,-0.360,0.160,-9.490,0.00000,0
9.768,0.0,0.0,1.60,-0.390,0.100,-9.480,0.00000,0
9.778,0.0,0.0,1.60,-0.390,0.100,-9.480,0.00000,0
9.789,0.0,0.0,1.60,-0.390,0.100,-9.480,0.00000,0
9.799,0.0,0.0,1.60,-0.390,0.100,-9.480,0.00000,0
9.809,0.0,0.0,1.60,-0.390,0.100,-9.480,0.00000,0
9.819,0.0,0.0,1.60,-0.410,0.120,-9.500,0.00000,0
9.829,0.0,0.0,1.60,-0.410,0.120,-9.500,0.00000,0
9.839,0.0,0.0,1.60,-0.410,0.120,-9.500,0.00000,0
9.850,0.0,0.0,1.60,-0.410,0.120,-9.500,0.00000,0
9.860,0.0,0.0,1.60,-0.410,0.120,-9.500,0.00000,0
9.870,0.0,0.0,1.60,-0.380,0.160,-9.490,0.00000,0
9.880,0.0,0.0,1.60,-0.380,0.160,-9.490,0.00000,0
9.890,0.0,0.0,1.60,-0.380,0.160,-9.490,0.00000,0
9.900,0.0,0.0,1.60,-0.380,0.160,-9.490,0.00000,0
9.910,0.0,0.0,1.60,-0.380,0.160,-9.490,0.00000,0
9.921,0.0,0.0,1.60,-0.370,0.140,-9.440,0.00000,0
9.931,0.0,0.0,1.60,-0.370,0.140,-9.440,0.00000,0
9.941,0.0,0.0,1.60,-0.370,0.140,-9.440,0.00000,0
9.951,0.0,0.0,1.60,-0.370,0.140,-9.440,0.00000,0
9.961,0.0,0.0,1.60,-0.370,0.140,-9.440,0.00000,0
9.971,0.0,0.0,1.60,-0.380,0.140,-9.540,0.00000,0
9.982,0.0,0.0,1.60,-0.380,0.140,-9.540,0.00000,0
9.992,0.0,0.0,1.60,-0.380,0.140,-9.540,0.00000,0
10.002,0.0,0.0,1.60,-0.380,0.140,-9.540,0.00000,0
10.012,0.0,0.0,1.60,-0.390,0.100,-9.530,0.00000,0
10.022,0.0,0.0,1.60,-0.390,0.100,-9.530,0.00000,0
10.032,0.0,0.0,1.60,-0.390,0.100,-9.530,0.00000,0
10.043,0.0,0.0,1.60,-0.390,0.100,-9.530,0.00000,0
10.053,0.0,0.0,1.60,-0.390,0.100,-9.530,0.00000,0
10.063,0.0,0.0,1.60,-0.380,0.130,-9.520,0.00000,0
10.073,0.0,0.0,1.60,-0.380,0.130,-9.520,0.00000,0
10.083,0.0,0.0,1.60,-0.380,0.130,-9.520,0.00000,0
10.093,0.0,0.0,1.60,-0.380,0.130,-9.520,0.00000,0
10.103,0.0,0.0,1.60,-0.380,0.130,-9.520,0.00000,0
10.113,0.0,0.0,1.60,-0.380,0.130,-9.520,0.00000,0
10.124,0.0,0.0,1.60,-0.410,0.090,-9.490,0.00000,0
10.134,0.0,0.0,1.60,-0.410,0.090,-9.490,0.00000,0
10.144,0.0,0.0,1.60,-0.410,0.090,-9.490,0.00000,0
10.154,0.0,0.0,1.60,-0.410,0.090,-9.490,0.00000,0
10.164,0.0,0.0,1.60,-0.410,0.090,-9.490,0.00000,0
10.174,0.0,0.0,1.60,-0.360,0.100,-9.540,0.00000,0
10.185,0.0,0.0,1.60,-0.360,0.100,-9.540,0.00000,0
10.195,0.0,0.0,1.60,-0.360,0.100,-9.540,0.00000,0
10.205,0.0,0.0,1.60,-0.360,0.100,-9.540,0.00000,0
10.215,0.0,0.0,1.60,-0.360,0.100,-9.540,0.00000,0
10.225,0.0,0.0,1.60,-0.370,0.110,-9.520,0.00000,0
10.235,0.0,0.0,1.60,-0.370,0.110,-9.520,0.00000,0
10.245,0.0,0.0,1.60,-0.370,0.110,-9.520,0.00000,0
10.255,0.0,0.0,1.60,-0.370,0.110,-9.520,0.00000,0
10.266,0.0,0.0,1.60,-0.420,0.130,-9.500,0.00000,0
10.276,0.0,0.0,1.60,-0.420,0.130,-9.500,0.00000,0
10.286,0.0,0.0,1.60,-0.420,0.130,-9.500,0.00000,0
10.296,0.0,0.0,1.60,-0.420,0.130,-9.500,0.00000,0
10.306,0.0,0.0,1.60,-0.420,0.130,-9.500,0.00000,0
10.316,0.0,0.0,1.60,-0.390,0.100,-9.490,0.00000,0
10.326,0.0,0.0,1.60,-0.390,0.100,-9.490,0.00000,0
10.337,0.0,0.0,1.60,-0.390,0.100,-9.490,0.00000,0
10.347,0.0,0.0,1.60,-0.390,0.100,-9.490,0.00000,0
10.357,0.0,0.0,1.60,-0.390,0.100,-9.490,0.00000,0
10.367,0.0,0.0,1.60,-0.390,0.120,-9.520,0.00000,0
10.377,0.0,0.0,1.60,-0.390,0.120,-9.520,0.00000,0
10.387,0.0,0.0,1.60,-0.390,0.120,-9.520,0.00000,0
10.397,0.0,0.0,1.60,-0.390,0.120,-9.520,0.00000,0
10.407,0.0,0.0,1.60,-0.390,0.120,-9.520,0.00000,0
10.418,0.0,0.0,1.60,-0.400,0.070,-9.440,0.00000,0
10.428,0.0,0.0,1.60,-0.400,0.070,-9.440,0.00000,0
10.438,0.0,0.0,1.60,-0.400,0.070,-9.440,0.00000,0
10.448,0.0,0.0,1.60,-0.400,0.070,-9.440,0.00000,0
10.458,0.0,0.0,1.60,-0.400,0.070,-9.440,0.00000,0
10.468,0.0,0.0,1.60,-0.400,0.070,-9.440,0.00000,0
10.478,0.0,0.0,1.60,-0.400,0.150,-9.430,0.00000,0
10.488,0.0,0.0,1.60,-0.400,0.150,-9.430,0.00000,0
10.499,0.0,0.0,1.60,-0.400,0.150,-9.430,0.00000,0
10.509,0.0,0.0,1.60,-0.400,0.150,-9.430,0.00000,0
10.520,0.0,0.0,1.60,-0.400,0.110,-9.510,0.00000,0
10.530,0.0,0.0,1.60,-0.400,0.110,-9.510,0.00000,0
10.540,0.0,0.0,1.60,-0.400,0.110,-9.510,0.00000,0
10.551,0.0,0.0,1.60,-0.400,0.110,-9.510,0.00000,0
10.561,0.0,0.0,1.60,-0.400,0.110,-9.510,0.00000,0
10.571,0.0,0.0,1.60,-0.390,0.170,-9.520,0.00000,0
10.581,0.0,0.0,1.60,-0.390,0.170,-9.520,0.00000,0
10.591,0.0,0.0,1.60,-0.390,0.170,-9.520,0.00000,0
10.601,0.0,0.0,1.60,-0.390,0.170,-9.520,0.00000,0
10.611,0.0,0.0,1.60,-0.390,0.170,-9.520,0.00000,0
10.621,0.0,0.0,1.60,-0.390,0.170,-9.520,0.00000,0
10.632,0.0,0.0,1.60,-0.400,0.160,-9.490,0.00000,0
10.642,0.0,0.0,1.60,-0.400,0.160,-9.490,0.00000,0
10.652,0.0,0.0,1.60,-0.400,0.160,-9.490,0.00000,0
10.662,0.0,0.0,1.60,-0.400,0.160,-9.490,0.00000,0
10.672,0.0,0.0,1.60,-0.400,0.150,-9.500,0.00000,0
10.682,0.0,0.0,1.60,-0.400,0.150,-9.500,0.00000,0
10.692,0.0,0.0,1.60,-0.400,0.150,-9.500,0.00000,0
10.702,0.0,0.0,1.60,-0.400,0.150,-9.500,0.00000,0
10.713,0.0,0.0,1.60,-0.400,0.150,-9.500,0.00000,0
10.723,0.0,0.0,1.60,-0.380,0.150,-9.460,0.00000,0
10.733,0.0,0.0,1.60,-0.380,0.150,-9.460,0.00000,0
10.743,0.0,0.0,1.60,-0.380,0.150,-9.460,0.00000,0
10.753,0.0,0.0,1.60,-0.380,0.150,-9.460,0.00000,0
10.763,0.0,0.0,1.60,-0.400,0.100,-9.470,0.00000,0
10.773,0.0,0.0,1.60,-0.400,0.100,-9.470,0.00000,0
10.783,0.0,0.0,1.60,-0.400,0.100,-9.470,0.00000,0
10.794,0.0,0.0,1.60,-0.400,0.100,-9.470,0.00000,0
10.804,0.0,0.0,1.60,-0.400,0.100,-9.470,0.00000,0
10.814,0.0,0.0,1.60,-0.430,0.120,-9.500,0.00000,0
10.824,0.0,0.0,1.60,-0.430,0.120,-9.500,0.00000,0
10.834,0.0,0.0,1.60,-0.430,0.120,-9.500,0.00000,0
10.844,0.0,0.0,1.60,-0.430,0.120,-9.500,0.00000,0
10.855,0.0,0.0,1.60,-0.430,0.120,-9.500,0.00000,0
10.865,0.0,0.0,1.60,-0.360,0.110,-9.480,0.00000,0
10.875,0.0,0.0,1.60,-0.360,0.110,-9.480,0.00000,0
10.885,0.0,0.0,1.60,-0.360,0.110,-9.480,0.00000,0
10.895,0.0,0.0,1.60,-0.360,0.110,-9.480,0.00000,0
10.906,0.0,0.0,1.60,-0.360,0.110,-9.480,0.00000,0
10.916,0.0,0.0,1.60,-0.360,0.110,-9.480,0.00000,0
10.926,0.0,0.0,1.60,-0.440,0.150,-9.460,0.00000,0
10.936,0.0,0.0,1.60,-0.440,0.150,-9.460,0.00000,0
10.946,0.0,0.0,1.60,-0.440,0.150,-9.460,0.00000,0
10.956,0.0,0.0,1.60,-0.440,0.150,-9.460,0.00000,0
10.966,0.0,0.0,1.60,-0.440,0.150,-9.460,0.00000,0
10.976,0.0,0.0,1.60,-0.380,0.120,-9.530,0.00000,0
10.987,0.0,0.0,1.60,-0.380,0.120,-9.530,0.00000,0
10.997,0.0,0.0,1.60,-0.380,0.120,-9.530,0.00000,0
11.007,0.0,0.0,1.60,-0.380,0.120,-9.530,0.00000,0
11.017,0.0,0.0,1.60,-0.380,0.150,-9.500,0.00000,0
11.027,0.0,0.0,1.60,-0.380,0.150,-9.500,0.00000,0
11.037,0.0,0.0,1.60,-0.380,0.150,-9.500,0.00000,0
11.047,0.0,0.0,1.60,-0.380,0.150,-9.500,0.00000,0
11.058,0.0,0.0,1.60,-0.380,0.150,-9.500,0.00000,0
11.068,0.0,0.0,1.60,-0.370,0.110,-9.510,0.00000,0
11.078,0.0,0.0,1.60,-0.370,0.110,-9.510,0.00000,0
11.088,0.0,0.0,1.60,-0.370,0.110,-9.510,0.00000,0
11.098,0.0,0.0,1.60,-0.370,0.110,-9.510,0.00000,0
11.108,0.0,0.0,1.60,-0.370,0.110,-9.510,0.00000,0
11.118,0.0,0.0,1.60,-0.400,0.150,-9.500,0.00000,0
11.128,0.0,0.0,1.60,-0.400,0.150,-9.500,0.00000,0
11.139,0.0,0.0,1.60,-0.400,0.150,-9.500,0.00000,0
11.149,0.0,0.0,1.60,-0.400,0.150,-9.500,0.00000,0
11.159,0.0,0.0,1.60,-0.400,0.150,-9.500,0.00000,0
11.169,0.0,0.0,1.60,-0.370,0.140,-9.400,0.00000,0
11.179,0.0,0.0,1.60,-0.370,0.140,-9.400,0.00000,0
11.189,0.0,0.0,1.60,-0.370,0.140,-9.400,0.00000,0
11.199,0.0,0.0,1.60,-0.370,0.140,-9.400,0.00000,0
11.210,0.0,0.0,1.60,-0.370,0.140,-9.400,0.00000,0
11.220,0.0,0.0,1.60,-0.370,0.110,-9.510,0.00000,0
11.230,0.0,0.0,1.60,-0.370,0.110,-9.510,0.00000,0
11.240,0.0,0.0,1.60,-0.370,0.110,-9.510,0.00000,0
11.250,0.0,0.0,1.60,-0.370,0.110,-9.510,0.00000,0
11.260,0.0,0.0,1.60,-0.370,0.110,-9.510,0.00000,0
11.270,0.0,0.0,1.60,-0.410,0.150,-9.530,0.00000,0
11.280,0.0,0.0,1.60,-0.410,0.150,-9.530,0.00000,0
11.291,0.0,0.0,1.60,-0.410,0.150,-9.530,0.00000,0
11.301,0.0,0.0,1.60,-0.410,0.150,-9.530,0.00000,0
11.311,0.0,0.0,1.60,-0.410,0.150,-9.530,0.00000,0
11.321,0.0,0.0,1.60,-0.430,0.130,-9.490,0.00000,0
11.331,0.0,0.0,1.60,-0.430,0.130,-9.490,0.00000,0
11.341,0.0,0.0,1.60,-0.430,0.130,-9.490,0.00000,0
11.351,0.0,0.0,1.60,-0.430,0.130,-9.490,0.00000,0
11.362,0.0,0.0,1.60,-0.430,0.130,-9.490,0.00000,0
11.372,0.0,0.0,1.60,-0.390,0.130,-9.500,0.00000,0
11.382,0.0,0.0,1.60,-0.390,0.130,-9.500,0.00000,0
11.392,0.0,0.0,1.60,-0.390,0.130,-9.500,0.00000,0
11.402,0.0,0.0,1.60,-0.390,0.130,-9.500,0.00000,0
11.412,0.0,0.0,1.60,-0.390,0.130,-9.500,0.00000,0
11.423,0.0,0.0,1.60,-0.330,0.180,-9.570,0.00000,0
11.433,0.0,0.0,1.60,-0.330,0.180,-9.570,0.00000,0
11.443,0.0,0.0,1.60,-0.330,0.180,-9.570,0.00000,0
11.453,0.0,0.0,1.60,-0.330,0.180,-9.570,0.00000,0
11.463,0.0,0.0,1.60,-0.330,0.180,-9.570,0.00000,0
11.473,0.0,0.0,1.60,-0.380,0.150,-9.530,0.00000,0
11.483,0.0,0.0,1.60,-0.380,0.150,-9.530,0.00000,0
11.493,0.0,0.0,1.60,-0.380,0.150,-9.530,0.00000,0
11.504,0.0,0.0,1.60,-0.380,0.150,-9.530,0.00000,0
11.514,0.0,0.0,1.60,-0.370,0.120,-9.450,0.00000,0
11.524,0.0,0.0,1.60,-0.370,0.120,-9.450,0.00000,0
11.534,0.0,0.0,1.60,-0.370,0.120,-9.450,0.00000,0
11.544,0.0,0.0,1.60,-0.370,0.120,-9.450,0.00000,0
11.554,0.0,0.0,1.60,-0.370,0.120,-9.450,0.00000,0
11.564,0.0,0.0,1.60,-0.390,0.100,-9.480,0.00000,0
11.575,0.0,0.0,1.60,-0.390,0.100,-9.480,0.00000,0
11.585,0.0,0.0,1.60,-0.390,0.100,-9.480,0.00000,0
11.595,0.0,0.0,1.60,-0.390,0.100,-9.480,0.00000,0
11.605,0.0,0.0,1.60,-0.390,0.100,-9.480,0.00000,0
11.615,0.0,0.0,1.60,-0.390,0.120,-9.510,0.00000,0
11.625,0.0,0.0,1.60,-0.390,0.120,-9.510,0.00000,0
11.635,0.0,0.0,1.60,-0.390,0.120,-9.510,0.00000,0
11.646,0.0,0.0,1.60,-0.390,0.120,-9.510,0.00000,0
11.656,0.0,0.0,1.60,-0.390,0.120,-9.510,0.00000,0
11.666,0.0,0.0,1.60,-0.390,0.120,-9.510,0.00000,0
11.676,0.0,0.0,1.60,-0.350,0.150,-9.440,0.00000,0
11.686,0.0,0.0,1.60,-0.350,0.150,-9.440,0.00000,0
11.697,0.0,0.0,1.60,-0.350,0.150,-9.440,0.00000,0
11.707,0.0,0.0,1.60,-0.350,0.150,-9.440,0.00000,0
11.717,0.0,0.0,1.60,-0.350,0.150,-9.440,0.00000,0
11.727,0.0,0.0,1.60,-0.390,0.130,-9.490,0.00000,0
11.737,0.0,0.0,1.60,-0.390,0.130,-9.490,0.00000,0
11.747,0.0,0.0,1.60,-0.390,0.130,-9.490,0.00000,0
11.757,0.0,0.0,1.60,-0.390,0.130,-9.490,0.00000,0
11.768,0.0,0.0,1.60,-0.420,0.110,-9.490,0.00000,0
11.778,0.0,0.0,1.60,-0.420,0.110,-9.490,0.00000,0
11.788,0.0,0.0,1.60,-0.420,0.110,-9.490,0.00000,0
11.798,0.0,0.0,1.60,-0.420,0.110,-9.490,0.00000,0
11.808,0.0,0.0,1.60,-0.420,0.110,-9.490,0.00000,0
11.818,0.0,0.0,1.60,-0.410,0.120,-9.520,0.00000,0
11.828,0.0,0.0,1.60,-0.410,0.120,-9.520,0.00000,0
11.839,0.0,0.0,1.60,-0.410,0.120,-9.520,0.00000,0
11.849,0.0,0.0,1.60,-0.410,0.120,-9.520,0.00000,0
11.859,0.0,0.0,1.60,-0.410,0.120,-9.520,0.00000,0
11.869,0.0,0.0,1.60,-0.330,0.120,-9.510,0.00000,0
11.879,0.0,0.0,1.60,-0.330,0.120,-9.510,0.00000,0
11.889,0.0,0.0,1.60,-0.330,0.120,-9.510,0.00000,0
11.899,0.0,0.0,1.60,-0.330,0.120,-9.510,0.00000,0
11.909,0.0,0.0,1.60,-0.330,0.120,-9.510,0.00000,0
11.920,0.0,0.0,1.60,-0.410,0.120,-9.480,0.00000,0
11.930,0.0,0.0,1.60,-0.410,0.120,-9.480,0.00000,0
11.940,0.0,0.0,1.60,-0.410,0.120,-9.480,0.00000,0
11.950,0.0,0.0,1.60,-0.410,0.120,-9.480,0.00000,0
11.960,0.0,0.0,1.60,-0.410,0.120,-9.480,0.00000,0
11.970,0.0,0.0,1.60,-0.400,0.150,-9.410,0.00000,0
11.980,0.0,0.0,1.60,-0.400,0.150,-9.410,0.00000,0
11.991,0.0,0.0,1.60,-0.400,0.150,-9.410,0.00000,0
12.001,0.0,0.0,1.60,-0.400,0.150,-9.410,0.00000,0
12.011,0.0,0.0,1.60,-0.390,0.110,-9.460,0.00000,0
12.021,0.0,0.0,1.60,-0.390,0.110,-9.460,0.00000,0
12.031,0.0,0.0,1.60,-0.390,0.110,-9.460,0.00000,0
12.041,0.0,0.0,1.60,-0.390,0.110,-9.460,0.00000,0
12.051,0.0,0.0,1.60,-0.390,0.110,-9.460,0.00000,0
12.061,0.0,0.0,1.60,-0.390,0.110,-9.460,0.00000,0
12.072,0.0,0.0,1.60,-0.390,0.160,-9.480,0.00000,0
12.082,0.0,0.0,1.60,-0.390,0.160,-9.480,0.00000,0
12.092,0.0,0.0,1.60,-0.390,0.160,-9.480,0.00000,0
12.102,0.0,0.0,1.60,-0.390,0.160,-9.480,0.00000,0
12.112,0.0,0.0,1.60,-0.390,0.160,-9.480,0.00000,0
12.122,0.0,0.0,1.60,-0.340,0.130,-9.480,0.00000,0
12.132,0.0,0.0,1.60,-0.340,0.130,-9.480,0.00000,0
12.143,0.0,0.0,1.60,-0.340,0.130,-9.480,0.00000,0
12.153,0.0,0.0,1.60,-0.340,0.130,-9.480,0.00000,0
12.163,0.0,0.0,1.60,-0.340,0.130,-9.480,0.00000,0
12.173,0.0,0.0,1.60,-0.390,0.120,-9.500,0.00000,0
12.183,0.0,0.0,1.60,-0.390,0.120,-9.500,0.00000,0
12.193,0.0,0.0,1.60,-0.390,0.120,-9.500,0.00000,0
12.204,0.0,0.0,1.60,-0.390,0.120,-9.500,0.00000,0
12.214,0.0,0.0,1.60,-0.390,0.120,-9.500,0.00000,0
12.224,0.0,0.0,1.60,-0.410,0.120,-9.420,0.00000,0
12.234,0.0,0.0,1.60,-0.410,0.120,-9.420,0.00000,0
12.244,0.0,0.0,1.60,-0.410,0.120,-9.420,0.00000,0
12.254,0.0,0.0,1.60,-0.410,0.120,-9.420,0.00000,0
12.264,0.0,0.0,1.60,-0.420,0.100,-9.490,0.00000,0
12.274,0.0,0.0,1.60,-0.420,0.100,-9.490,0.00000,0
12.285,0.0,0.0,1.60,-0.420,0.100,-9.490,0.00000,0
12.295,0.0,0.0,1.60,-0.420,0.100,-9.490,0.00000,0
12.305,0.0,0.0,1.60,-0.420,0.100,-9.490,0.00000,0
12.315,0.0,0.0,1.60,-0.390,0.130,-9.440,0.00000,0
12.325,0.0,0.0,1.60,-0.390,0.130,-9.440,0.00000,0
12.335,0.0,0.0,1.60,-0.390,0.130,-9.440,0.00000,0
12.345,0.0,0.0,1.60,-0.390,0.130,-9.440,0.00000,0
12.356,0.0,0.0,1.60,-0.390,0.130,-9.440,0.00000,0
12.366,0.0,0.0,1.60,-0.420,0.120,-9.440,0.00000,0
12.376,0.0,0.0,1.60,-0.420,0.120,-9.440,0.00000,0
12.386,0.0,0.0,1.60,-0.420,0.120,-9.440,0.00000,0
12.396,0.0,0.0,1.60,-0.420,0.120,-9.440,0.00000,0
12.406,0.0,0.0,1.60,-0.420,0.120,-9.440,0.00000,0
12.416,0.0,0.0,1.60,-0.420,0.120,-9.440,0.00000,0
12.426,0.0,0.0,1.60,-0.400,0.130,-9.500,0.00000,0
12.437,0.0,0.0,1.60,-0.400,0.130,-9.500,0.00000,0
12.447,0.0,0.0,1.60,-0.400,0.130,-9.500,0.00000,0
12.457,0.0,0.0,1.60,-0.400,0.130,-9.500,0.00000,0
12.467,0.0,0.0,1.60,-0.400,0.130,-9.500,0.00000,0
12.477,0.0,0.0,1.60,-0.350,0.110,-9.420,0.00000,0
12.487,0.0,0.0,1.60,-0.350,0.110,-9.420,0.00000,0
12.497,0.0,0.0,1.60,-0.350,0.110,-9.420,0.00000,0
12.507,0.0,0.0,1.60,-0.350,0.110,-9.420,0.00000,0
12.518,0.0,0.0,1.60,-0.430,0.190,-9.470,0.00000,0
12.528,0.0,0.0,1.60,-0.430,0.190,-9.470,0.00000,0
12.538,0.0,0.0,1.60,-0.430,0.190,-9.470,0.00000,0
12.548,0.0,0.0,1.60,-0.430,0.190,-9.470,0.00000,0
12.558,0.0,0.0,1.60,-0.430,0.190,-9.470,0.00000,0
12.568,0.0,0.0,1.60,-0.410,0.150,-9.520,0.00000,0
12.578,0.0,0.0,1.60,-0.410,0.150,-9.520,0.00000,0
12.589,0.0,0.0,1.60,-0.410,0.150,-9.520,0.00000,0
12.599,0.0,0.0,1.60,-0.410,0.150,-9.520,0.00000,0
12.609,0.0,0.0,1.60,-0.410,0.150,-9.520,0.00000,0
12.619,0.0,0.0,1.60,-0.350,0.140,-9.480,0.00000,0
12.629,0.0,0.0,1.60,-0.350,0.140,-9.480,0.00000,0
12.639,0.0,0.0,1.60,-0.350,0.140,-9.480,0.00000,0
12.649,0.0,0.0,1.60,-0.350,0.140,-9.480,0.00000,0
12.659,0.0,0.0,1.60,-0.350,0.140,-9.480,0.00000,0
12.670,0.0,0.0,1.60,-0.360,0.110,-9.470,0.00000,0
12.680,0.0,0.0,1.60,-0.360,0.110,-9.470,0.00000,0
12.690,0.0,0.0,1.60,-0.360,0.110,-9.470,0.00000,0
12.700,0.0,0.0,1.60,-0.360,0.110,-9.470,0.00000,0
12.710,0.0,0.0,1.60,-0.360,0.110,-9.470,0.00000,0
12.720,0.0,0.0,1.60,-0.390,0.150,-9.500,0.00000,0
12.730,0.0,0.0,1.60,-0.390,0.150,-9.500,0.00000,0
12.741,0.0,0.0,1.60,-0.390,0.150,-9.500,0.00000,0
12.751,0.0,0.0,1.60,-0.390,0.150,-9.500,0.00000,0
12.761,0.0,0.0,1.60,-0.390,0.110,-9.420,0.00000,0
12.771,0.0,0.0,1.60,-0.390,0.110,-9.420,0.00000,0
12.781,0.0,0.0,1.60,-0.390,0.110,-9.420,0.00000,0
12.791,0.0,0.0,1.60,-0.390,0.110,-9.420,0.00000,0
12.801,0.0,0.0,1.60,-0.390,0.110,-9.420,0.00000,0
12.812,0.0,0.0,1.60,-0.390,0.110,-9.420,0.00000,0
12.822,0.0,0.0,1.60,-0.390,0.150,-9.520,0.00000,0
12.832,0.0,0.0,1.60,-0.390,0.150,-9.520,0.00000,0
12.842,0.0,0.0,1.60,-0.390,0.150,-9.520,0.00000,0
12.852,0.0,0.0,1.60,-0.390,0.150,-9.520,0.00000,0
12.862,0.0,0.0,1.60,-0.390,0.150,-9.520,0.00000,0
12.872,0.0,0.0,1.60,-0.400,0.100,-9.480,0.00000,0
12.882,0.0,0.0,1.60,-0.400,0.100,-9.480,0.00000,0
12.893,0.0,0.0,1.60,-0.400,0.100,-9.480,0.00000,0
12.903,0.0,0.0,1.60,-0.400,0.100,-9.480,0.00000,0
12.913,0.0,0.0,1.60,-0.400,0.100,-9.480,0.00000,0
12.923,0.0,0.0,1.60,-0.390,0.140,-9.520,0.00000,0
12.933,0.0,0.0,1.60,-0.390,0.140,-9.520,0.00000,0
12.943,0.0,0.0,1.60,-0.390,0.140,-9.520,0.00000,0
12.953,0.0,0.0,1.60,-0.390,0.140,-9.520,0.00000,0
12.963,0.0,0.0,1.60,-0.390,0.140,-9.520,0.00000,0
12.975,0.0,0.0,1.60,-0.390,0.150,-9.480,0.00000,0
12.985,0.0,0.0,1.60,-0.390,0.150,-9.480,0.00000,0
12.995,0.0,0.0,1.60,-0.390,0.150,-9.480,0.00000,0
13.005,0.0,0.0,1.60,-0.390,0.150,-9.480,0.00000,0
13.015,0.0,0.0,1.60,-0.370,0.110,-9.440,0.00000,0
13.025,0.0,0.0,1.60,-0.370,0.110,-9.440,0.00000,0
13.035,0.0,0.0,1.60,-0.370,0.110,-9.440,0.00000,0
13.046,0.0,0.0,1.60,-0.370,0.110,-9.440,0.00000,0
13.056,0.0,0.0,1.60,-0.370,0.110,-9.440,0.00000,0
13.066,0.0,0.0,1.60,-0.410,0.130,-9.470,0.00000,0
13.076,0.0,0.0,1.60,-0.410,0.130,-9.470,0.00000,0
13.086,0.0,0.0,1.60,-0.410,0.130,-9.470,0.00000,0
13.096,0.0,0.0,1.60,-0.410,0.130,-9.470,0.00000,0
13.107,0.0,0.0,1.60,-0.410,0.130,-9.470,0.00000,0
13.117,0.0,0.0,1.60,-0.420,0.090,-9.490,0.00000,0
13.127,0.0,0.0,1.60,-0.420,0.090,-9.490,0.00000,0
13.137,0.0,0.0,1.60,-0.420,0.090,-9.490,0.00000,0
13.147,0.0,0.0,1.60,-0.420,0.090,-9.490,0.00000,0
13.157,0.0,0.0,1.60,-0.420,0.090,-9.490,0.00000,0
13.168,0.0,0.0,1.60,-0.420,0.090,-9.490,0.00000,0
13.178,0.0,0.0,1.60,-0.350,0.150,-9.470,0.00000,0
13.188,0.0,0.0,1.60,-0.350,0.150,-9.470,0.00000,0
13.198,0.0,0.0,1.60,-0.350,0.150,-9.470,0.00000,0
13.208,0.0,0.0,1.60,-0.350,0.150,-9.470,0.00000,0
13.218,0.0,0.0,1.60,-0.350,0.150,-9.470,0.00000,0
13.228,0.0,0.0,1.60,-0.390,0.130,-9.520,0.00000,0
13.239,0.0,0.0,1.60,-0.390,0.130,-9.520,0.00000,0
13.249,0.0,0.0,1.60,-0.390,0.130,-9.520,0.00000,0
13.259,0.0,0.0,1.60,-0.390,0.130,-9.520,0.00000,0
13.269,0.0,0.0,1.60,-0.370,0.120,-9.540,0.00000,0
13.279,0.0,0.0,1.60,-0.370,0.120,-9.540,0.00000,0
13.290,0.0,0.0,1.60,-0.370,0.120,-9.540,0.00000,0
13.300,0.0,0.0,1.60,-0.370,0.120,-9.540,0.00000,0
13.310,0.0,0.0,1.60,-0.370,0.120,-9.540,0.00000,0
13.320,0.0,0.0,1.60,-0.380,0.110,-9.500,0.00000,0
13.330,0.0,0.0,1.60,-0.380,0.110,-9.500,0.00000,0
13.340,0.0,0.0,1.60,-0.380,0.110,-9.500,0.00000,0
13.350,0.0,0.0,1.60,-0.380,0.110,-9.500,0.00000,0
13.361,0.0,0.0,1.60,-0.380,0.110,-9.500,0.00000,0
13.371,0.0,0.0,1.60,-0.400,0.170,-9.540,0.00000,0
13.381,0.0,0.0,1.60,-0.400,0.170,-9.540,0.00000,0
13.391,0.0,0.0,1.60,-0.400,0.170,-9.540,0.00000,0
13.401,0.0,0.0,1.60,-0.400,0.170,-9.540,0.00000,0
13.411,0.0,0.0,1.60,-0.400,0.170,-9.540,0.00000,0
13.421,0.0,0.0,1.60,-0.380,0.120,-9.470,0.00000,0
13.431,0.0,0.0,1.60,-0.380,0.120,-9.470,0.00000,0
13.442,0.0,0.0,1.60,-0.380,0.120,-9.470,0.00000,0
13.452,0.0,0.0,1.60,-0.380,0.120,-9.470,0.00000,0
13.462,0.0,0.0,1.60,-0.380,0.120,-9.470,0.00000,0
13.472,0.0,0.0,1.60,-0.400,0.130,-9.510,0.00000,0
13.482,0.0,0.0,1.60,-0.400,0.130,-9.510,0.00000,0
13.492,0.0,0.0,1.60,-0.400,0.130,-9.510,0.00000,0
13.502,0.0,0.0,1.60,-0.400,0.130,-9.510,0.00000,0
13.517,0.0,0.0,1.60,-0.400,0.130,-9.510,0.00000,0
13.527,0.0,0.0,1.60,-0.430,0.110,-9.450,0.00000,0
13.538,0.0,0.0,1.60,-0.430,0.110,-9.450,0.00000,0
13.548,0.0,0.0,1.60,-0.430,0.110,-9.450,0.00000,0
13.558,0.0,0.0,1.60,-0.430,0.110,-9.450,0.00000,0
13.568,0.0,0.0,1.60,-0.360,0.160,-9.450,0.00000,0
13.578,0.0,0.0,1.60,-0.360,0.160,-9.450,0.00000,0
13.588,0.0,0.0,1.60,-0.360,0.160,-9.450,0.00000,0
13.598,0.0,0.0,1.60,-0.360,0.160,-9.450,0.00000,0
13.608,0.0,0.0,1.60,-0.360,0.160,-9.450,0.00000,0
13.619,0.0,0.0,1.60,-0.410,0.130,-9.430,0.00000,0
13.629,0.0,0.0,1.60,-0.410,0.130,-9.430,0.00000,0
13.639,0.0,0.0,1.60,-0.410,0.130,-9.430,0.00000,0
13.649,0.0,0.0,1.60,-0.410,0.130,-9.430,0.00000,0
13.659,0.0,0.0,1.60,-0.410,0.130,-9.430,0.00000,0
13.669,0.0,0.0,1.60,-0.420,0.110,-9.430,0.00000,0
13.679,0.0,0.0,1.60,-0.420,0.110,-9.430,0.00000,0
13.690,0.0,0.0,1.60,-0.420,0.110,-9.430,0.00000,0
13.700,0.0,0.0,1.60,-0.420,0.110,-9.430,0.00000,0
13.710,0.0,0.0,1.60,-0.420,0.110,-9.430,0.00000,0
13.720,0.0,0.0,1.60,-0.450,0.140,-9.460,0.00000,0
13.730,0.0,0.0,1.60,-0.450,0.140,-9.460,0.00000,0
13.740,0.0,0.0,1.60,-0.450,0.140,-9.460,0.00000,0
13.750,0.0,0.0,1.60,-0.450,0.140,-9.460,0.00000,0
13.761,0.0,0.0,1.60,-0.450,0.140,-9.460,0.00000,0
13.771,0.0,0.0,1.60,-0.440,0.150,-9.450,0.00000,0
13.781,0.0,0.0,1.60,-0.440,0.150,-9.450,0.00000,0
13.791,0.0,0.0,1.60,-0.440,0.150,-9.450,0.00000,0
13.801,0.0,0.0,1.60,-0.440,0.150,-9.450,0.00000,0
13.811,0.0,0.0,1.60,-0.420,0.140,-9.470,0.00000,0
13.821,0.0,0.0,1.60,-0.420,0.140,-9.470,0.00000,0
13.831,0.0,0.0,1.60,-0.420,0.140,-9.470,0.00000,0
13.842,0.0,0.0,1.60,-0.420,0.140,-9.470,0.00000,0
13.852,0.0,0.0,1.60,-0.420,0.140,-9.470,0.00000,0
13.862,0.0,0.0,1.60,-0.420,0.140,-9.470,0.00000,0
13.872,0.0,0.0,1.60,-0.380,0.100,-9.510,0.00000,0
13.882,0.0,0.0,1.60,-0.380,0.100,-9.510,0.00000,0
13.892,0.0,0.0,1.60,-0.380,0.100,-9.510,0.00000,0
13.902,0.0,0.0,1.60,-0.380,0.100,-9.510,0.00000,0
13.912,0.0,0.0,1.60,-0.380,0.100,-9.510,0.00000,0
13.923,0.0,0.0,1.60,-0.390,0.130,-9.490,0.00000,0
13.933,0.0,0.0,1.60,-0.390,0.130,-9.490,0.00000,0
13.943,0.0,0.0,1.60,-0.390,0.130,-9.490,0.00000,0
13.953,0.0,0.0,1.60,-0.390,0.130,-9.490,0.00000,0
13.963,0.0,0.0,1.60,-0.390,0.130,-9.490,0.00000,0
13.973,0.0,0.0,1.60,-0.400,0.160,-9.480,0.00000,0
13.983,0.0,0.0,1.60,-0.400,0.160,-9.480,0.00000,0
13.993,0.0,0.0,1.60,-0.400,0.160,-9.480,0.00000,0
14.004,0.0,0.0,1.60,-0.400,0.160,-9.480,0.00000,0
14.014,0.0,0.0,1.60,-0.400,0.160,-9.480,0.00000,0
14.024,0.0,0.0,1.60,-0.340,0.140,-9.520,0.00000,0
14.034,0.0,0.0,1.60,-0.340,0.140,-9.520,0.00000,0
14.044,0.0,0.0,1.60,-0.340,0.140,-9.520,0.00000,0
14.054,0.0,0.0,1.60,-0.340,0.140,-9.520,0.00000,0
14.064,0.0,0.0,1.60,-0.400,0.080,-9.500,0.00000,0
14.074,0.0,0.0,1.60,-0.400,0.080,-9.500,0.00000,0
14.084,0.0,0.0,1.60,-0.400,0.080,-9.500,0.00000,0
14.095,0.0,0.0,1.60,-0.400,0.080,-9.500,0.00000,0
14.105,0.0,0.0,1.60,-0.400,0.080,-9.500,0.00000,0
14.115,0.0,0.0,1.60,-0.460,0.160,-9.490,0.00000,0
14.125,0.0,0.0,1.60,-0.460,0.160,-9.490,0.00000,0
14.135,0.0,0.0,1.60,-0.460,0.160,-9.490,0.00000,0
14.145,0.0,0.0,1.60,-0.460,0.160,-9.490,0.00000,0
14.155,0.0,0.0,1.60,-0.460,0.160,-9.490,0.00000,0
14.166,0.0,0.0,1.60,-0.390,0.130,-9.490,0.00000,0
14.176,0.0,0.0,1.60,-0.390,0.130,-9.490,0.00000,0
14.186,0.0,0.0,1.60,-0.390,0.130,-9.490,0.00000,0
14.196,0.0,0.0,1.60,-0.390,0.130,-9.490,0.00000,0
14.206,0.0,0.0,1.60,-0.390,0.130,-9.490,0.00000,0
14.217,0.0,0.0,1.60,-0.420,0.100,-9.480,0.00000,0
14.227,0.0,0.0,1.60,-0.420,0.100,-9.480,0.00000,0
14.237,0.0,0.0,1.60,-0.420,0.100,-9.480,0.00000,0
14.247,0.0,0.0,1.60,-0.420,0.100,-9.480,0.00000,0
14.257,0.0,0.0,1.60,-0.420,0.100,-9.480,0.00000,0
14.267,0.0,0.0,1.60,-0.420,0.100,-9.480,0.00000,0
14.277,0.0,0.0,1.60,-0.370,0.090,-9.480,0.00000,0
14.288,0.0,0.0,1.60,-0.370,0.090,-9.480,0.00000,0
14.298,0.0,0.0,1.60,-0.370,0.090,-9.480,0.00000,0
14.308,0.0,0.0,1.60,-0.370,0.090,-9.480,0.00000,0
14.318,0.0,0.0,1.60,-0.430,0.150,-9.460,0.00000,0
14.328,0.0,0.0,1.60,-0.430,0.150,-9.460,0.00000,0
14.338,0.0,0.0,1.60,-0.430,0.150,-9.460,0.00000,0
14.348,0.0,0.0,1.60,-0.430,0.150,-9.460,0.00000,0
14.358,0.0,0.0,1.60,-0.430,0.150,-9.460,0.00000,0
14.369,0.0,0.0,1.60,-0.390,0.090,-9.560,0.00000,0
14.379,0.0,0.0,1.60,-0.390,0.090,-9.560,0.00000,0
14.389,0.0,0.0,1.60,-0.390,0.090,-9.560,0.00000,0
14.399,0.0,0.0,1.60,-0.390,0.090,-9.560,0.00000,0
14.409,0.0,0.0,1.60,-0.390,0.090,-9.560,0.00000,0
14.419,0.0,0.0,1.60,-0.390,0.140,-9.590,0.00000,0
14.429,0.0,0.0,1.60,-0.390,0.140,-9.590,0.00000,0
14.440,0.0,0.0,1.60,-0.390,0.140,-9.590,0.00000,0
14.450,0.0,0.0,1.60,-0.390,0.140,-9.590,0.00000,0
14.460,0.0,0.0,1.60,-0.390,0.140,-9.590,0.00000,0
14.470,0.0,0.0,1.60,-0.400,0.110,-9.520,0.00000,0
14.480,0.0,0.0,1.60,-0.400,0.110,-9.520,0.00000,0
14.490,0.0,0.0,1.60,-0.400,0.110,-9.520,0.00000,0
14.500,0.0,0.0,1.60,-0.400,0.110,-9.520,0.00000,0
14.511,0.0,0.0,1.60,-0.400,0.110,-9.520,0.00000,0
14.521,0.0,0.0,1.60,-0.380,0.130,-9.490,0.00000,0
14.531,0.0,0.0,1.60,-0.380,0.130,-9.490,0.00000,0
14.541,0.0,0.0,1.60,-0.380,0.130,-9.490,0.00000,0
14.551,0.0,0.0,1.60,-0.380,0.130,-9.490,0.00000,0
14.561,0.0,0.0,1.60,-0.400,0.110,-9.450,0.00000,0
14.571,0.0,0.0,1.60,-0.400,0.110,-9.450,0.00000,0
14.582,0.0,0.0,1.60,-0.400,0.110,-9.450,0.00000,0
14.592,0.0,0.0,1.60,-0.400,0.110,-9.450,0.00000,0
14.602,0.0,0.0,1.60,-0.400,0.110,-9.450,0.00000,0
14.612,0.0,0.0,1.60,-0.400,0.110,-9.450,0.00000,0
14.622,0.0,0.0,1.60,-0.390,0.130,-9.460,0.00000,0
14.632,0.0,0.0,1.60,-0.390,0.130,-9.460,0.00000,0
14.642,0.0,0.0,1.60,-0.390,0.130,-9.460,0.00000,0
14.653,0.0,0.0,1.60,-0.390,0.130,-9.460,0.00000,0
14.663,0.0,0.0,1.60,-0.390,0.130,-9.460,0.00000,0
14.673,0.0,0.0,1.60,-0.410,0.130,-9.420,0.00000,0
14.683,0.0,0.0,1.60,-0.410,0.130,-9.420,0.00000,0
14.693,0.0,0.0,1.60,-0.410,0.130,-9.420,0.00000,0
14.703,0.0,0.0,1.60,-0.410,0.130,-9.420,0.00000,0
14.713,0.0,0.0,1.60,-0.410,0.130,-9.420,0.00000,0
14.723,0.0,0.0,1.60,-0.370,0.090,-9.500,0.00000,0
14.734,0.0,0.0,1.60,-0.370,0.090,-9.500,0.00000,0
14.744,0.0,0.0,1.60,-0.370,0.090,-9.500,0.00000,0
14.754,0.0,0.0,1.60,-0.370,0.090,-9.500,0.00000,0
14.764,0.0,0.0,1.60,-0.370,0.090,-9.500,0.00000,0
14.774,0.0,0.0,1.60,-0.410,0.110,-9.460,0.00000,0
14.784,0.0,0.0,1.60,-0.410,0.110,-9.460,0.00000,0
14.795,0.0,0.0,1.60,-0.410,0.110,-9.460,0.00000,0
14.805,0.0,0.0,1.60,-0.410,0.110,-9.460,0.00000,0
14.815,0.0,0.0,1.60,-0.380,0.110,-9.460,0.00000,0
14.825,0.0,0.0,1.60,-0.380,0.110,-9.460,0.00000,0
14.835,0.0,0.0,1.60,-0.380,0.110,-9.460,0.00000,0
14.845,0.0,0.0,1.60,-0.380,0.110,-9.460,0.00000,0
14.855,0.0,0.0,1.60,-0.380,0.110,-9.460,0.00000,0
14.865,0.0,0.0,1.60,-0.400,0.170,-9.510,0.00000,0
14.875,0.0,0.0,1.60,-0.400,0.170,-9.510,0.00000,0
14.886,0.0,0.0,1.60,-0.400,0.170,-9.510,0.00000,0
14.896,0.0,0.0,1.60,-0.400,0.170,-9.510,0.00000,0
14.906,0.0,0.0,1.60,-0.400,0.170,-9.510,0.00000,0
14.916,0.0,0.0,1.60,-0.420,0.120,-9.450,0.00000,0
14.926,0.0,0.0,1.60,-0.420,0.120,-9.450,0.00000,0
14.936,0.0,0.0,1.60,-0.420,0.120,-9.450,0.00000,0
14.946,0.0,0.0,1.60,-0.420,0.120,-9.450,0.00000,0
14.956,0.0,0.0,1.60,-0.420,0.120,-9.450,0.00000,0
14.967,0.0,0.0,1.60,-0.380,0.140,-9.460,0.00000,0
14.977,0.0,0.0,1.60,-0.380,0.140,-9.460,0.00000,0
14.987,0.0,0.0,1.60,-0.380,0.140,-9.460,0.00000,0
14.997,0.0,0.0,1.60,-0.380,0.140,-9.460,0.00000,0
15.007,0.0,0.0,1.60,-0.380,0.140,-9.460,0.00000,0
15.017,0.0,0.0,1.60,-0.380,0.140,-9.460,0.00000,0
15.027,0.0,0.0,1.60,-0.390,0.120,-9.500,0.00000,0
15.037,0.0,0.0,1.60,-0.390,0.120,-9.500,0.00000,0
15.048,0.0,0.0,1.60,-0.390,0.120,-9.500,0.00000,0
15.058,0.0,0.0,1.60,-0.390,0.120,-9.500,0.00000,0
15.068,0.0,0.0,1.60,-0.390,0.140,-9.500,0.00000,0
15.078,0.0,0.0,1.60,-0.390,0.140,-9.500,0.00000,0
15.088,0.0,0.0,1.60,-0.390,0.140,-9.500,0.00000,0
15.099,0.0,0.0,1.60,-0.390,0.140,-9.500,0.00000,0
15.109,0.0,0.0,1.60,-0.390,0.140,-9.500,0.00000,0
15.119,0.0,0.0,1.60,-0.400,0.120,-9.430,0.00000,0
15.129,0.0,0.0,1.60,-0.400,0.120,-9.430,0.00000,0
15.139,0.0,0.0,1.60,-0.400,0.120,-9.430,0.00000,0
15.149,0.0,0.0,1.60,-0.400,0.120,-9.430,0.00000,0
15.159,0.0,0.0,1.60,-0.400,0.120,-9.430,0.00000,0
15.169,0.0,0.0,1.60,-0.390,0.130,-9.490,0.00000,0
15.180,0.0,0.0,1.60,-0.390,0.130,-9.490,0.00000,0
15.190,0.0,0.0,1.60,-0.390,0.130,-9.490,0.00000,0
15.200,0.0,0.0,1.60,-0.390,0.130,-9.490,0.00000,0
15.210,0.0,0.0,1.60,-0.390,0.130,-9.490,0.00000,0
15.220,0.0,0.0,1.60,-0.420,0.120,-9.490,0.00000,0
15.230,0.0,0.0,1.60,-0.420,0.120,-9.490,0.00000,0
15.240,0.0,0.0,1.60,-0.420,0.120,-9.490,0.00000,0
15.251,0.0,0.0,1.60,-0.420,0.120,-9.490,0.00000,0
15.261,0.0,0.0,1.60,-0.420,0.120,-9.490,0.00000,0
15.271,0.0,0.0,1.60,-0.440,0.150,-9.480,0.00000,0
15.281,0.0,0.0,1.60,-0.440,0.150,-9.480,0.00000,0
15.291,0.0,0.0,1.60,-0.440,0.150,-9.480,0.00000,0
15.301,0.0,0.0,1.60,-0.440,0.150,-9.480,0.00000,0
15.311,0.0,0.0,1.60,-0.390,0.130,-9.410,0.00000,0
15.321,0.0,0.0,1.60,-0.390,0.130,-9.410,0.00000,0
15.332,0.0,0.0,1.60,-0.390,0.130,-9.410,0.00000,0
15.342,0.0,0.0,1.60,-0.390,0.130,-9.410,0.00000,0
15.352,0.0,0.0,1.60,-0.390,0.130,-9.410,0.00000,0
15.362,0.0,0.0,1.60,-0.390,0.130,-9.410,0.00000,0
15.372,0.0,0.0,1.60,-0.400,0.120,-9.520,0.00000,0
15.382,0.0,0.0,1.60,-0.400,0.120,-9.520,0.00000,0
15.392,0.0,0.0,1.60,-0.400,0.120,-9.520,0.00000,0
15.403,0.0,0.0,1.60,-0.400,0.120,-9.520,0.00000,0
15.413,0.0,0.0,1.60,-0.400,0.120,-9.520,0.00000,0
15.423,0.0,0.0,1.60,-0.430,0.160,-9.430,0.00000,0
15.433,0.0,0.0,1.60,-0.430,0.160,-9.430,0.00000,0
15.443,0.0,0.0,1.60,-0.430,0.160,-9.430,0.00000,0
15.453,0.0,0.0,1.60,-0.430,0.160,-9.430,0.00000,0
15.463,0.0,0.0,1.60,-0.430,0.160,-9.430,0.00000,0
15.473,0.0,0.0,1.60,-0.380,0.130,-9.470,0.00000,0
15.484,0.0,0.0,1.60,-0.380,0.130,-9.470,0.00000,0
15.494,0.0,0.0,1.60,-0.380,0.130,-9.470,0.00000,0
15.504,0.0,0.0,1.60,-0.380,0.130,-9.470,0.00000,0
15.514,0.0,0.0,1.60,-0.380,0.130,-9.470,0.00000,0
15.524,0.0,0.0,1.60,-0.350,0.150,-9.510,0.00000,0
15.534,0.0,0.0,1.60,-0.350,0.150,-9.510,0.00000,0
15.545,0.0,0.0,1.60,-0.350,0.150,-9.510,0.00000,0
15.555,0.0,0.0,1.60,-0.350,0.150,-9.510,0.00000,0
15.565,0.0,0.0,1.60,-0.390,0.150,-9.460,0.00000,0
15.575,0.0,0.0,1.60,-0.390,0.150,-9.460,0.00000,0
15.585,0.0,0.0,1.60,-0.390,0.150,-9.460,0.00000,0
15.595,0.0,0.0,1.60,-0.390,0.150,-9.460,0.00000,0
15.605,0.0,0.0,1.60,-0.390,0.150,-9.460,0.00000,0
15.615,0.0,0.0,1.60,-0.420,0.120,-9.460,0.00000,0
15.626,0.0,0.0,1.60,-0.420,0.120,-9.460,0.00000,0
15.636,0.0,0.0,1.60,-0.420,0.120,-9.460,0.00000,0
15.646,0.0,0.0,1.60,-0.420,0.120,-9.460,0.00000,0
15.656,0.0,0.0,1.60,-0.420,0.120,-9.460,0.00000,0
15.666,0.0,0.0,1.60,-0.400,0.120,-9.520,0.00000,0
15.676,0.0,0.0,1.60,-0.400,0.120,-9.520,0.00000,0
15.686,0.0,0.0,1.60,-0.400,0.120,-9.520,0.00000,0
15.696,0.0,0.0,1.60,-0.400,0.120,-9.520,0.00000,0
15.707,0.0,0.0,1.60,-0.400,0.120,-9.520,0.00000,0
15.717,0.0,0.0,1.60,-0.400,0.120,-9.520,0.00000,0
15.727,0.0,0.0,1.60,-0.410,0.110,-9.420,0.00000,0
15.737,0.0,0.0,1.60,-0.410,0.110,-9.420,0.00000,0
15.747,0.0,0.0,1.60,-0.410,0.110,-9.420,0.00000,0
15.757,0.0,0.0,1.60,-0.410,0.110,-9.420,0.00000,0
15.767,0.0,0.0,1.60,-0.410,0.110,-9.420,0.00000,0
15.777,0.0,0.0,1.60,-0.370,0.150,-9.520,0.00000,0
15.787,0.0,0.0,1.60,-0.370,0.150,-9.520,0.00000,0
15.798,0.0,0.0,1.60,-0.370,0.150,-9.520,0.00000,0
15.808,0.0,0.0,1.60,-0.370,0.150,-9.520,0.00000,0
15.818,0.0,0.0,1.60,-0.350,0.120,-9.480,0.00000,0
15.829,0.0,0.0,1.60,-0.350,0.120,-9.480,0.00000,0
15.839,0.0,0.0,1.60,-0.350,0.120,-9.480,0.00000,0
15.850,0.0,0.0,1.60,-0.350,0.120,-9.480,0.00000,0
15.860,0.0,0.0,1.60,-0.350,0.120,-9.480,0.00000,0
15.870,0.0,0.0,1.60,-0.370,0.150,-9.480,0.00000,0
15.880,0.0,0.0,1.60,-0.370,0.150,-9.480,0.00000,0
15.890,0.0,0.0,1.60,-0.370,0.150,-9.480,0.00000,0
15.900,0.0,0.0,1.60,-0.370,0.150,-9.480,0.00000,0
15.910,0.0,0.0,1.60,-0.370,0.150,-9.480,0.00000,0
15.921,0.0,0.0,1.60,-0.370,0.110,-9.500,0.00000,0
15.931,0.0,0.0,1.60,-0.370,0.110,-9.500,0.00000,0
15.941,0.0,0.0,1.60,-0.370,0.110,-9.500,0.00000,0
15.951,0.0,0.0,1.60,-0.370,0.110,-9.500,0.00000,0
15.961,0.0,0.0,1.60,-0.370,0.110,-9.500,0.00000,0
15.971,0.0,0.0,1.60,-0.410,0.130,-9.450,0.00000,0
15.981,0.0,0.0,1.60,-0.410,0.130,-9.450,0.00000,0
15.992,0.0,0.0,1.60,-0.410,0.130,-9.450,0.00000,0
16.002,0.0,0.0,1.60,-0.410,0.130,-9.450,0.00000,0
16.012,0.0,0.0,1.60,-0.410,0.130,-9.450,0.00000,0
16.022,0.0,0.0,1.60,-0.390,0.110,-9.510,0.00000,0
16.032,0.0,0.0,1.60,-0.390,0.110,-9.510,0.00000,0
16.042,0.0,0.0,1.60,-0.390,0.110,-9.510,0.00000,0
16.053,0.0,0.0,1.60,-0.390,0.110,-9.510,0.00000,0
16.063,0.0,0.0,1.60,-0.400,0.130,-9.460,0.00000,0
16.073,0.0,0.0,1.60,-0.400,0.130,-9.460,0.00000,0
16.083,0.0,0.0,1.60,-0.400,0.130,-9.460,0.00000,0
16.093,0.0,0.0,1.60,-0.400,0.130,-9.460,0.00000,0
16.103,0.0,0.0,1.60,-0.400,0.130,-9.460,0.00000,0
16.113,0.0,0.0,1.60,-0.410,0.130,-9.500,0.00000,0
16.123,0.0,0.0,1.60,-0.410,0.130,-9.500,0.00000,0
16.134,0.0,0.0,1.60,-0.410,0.130,-9.500,0.00000,0
16.144,0.0,0.0,1.60,-0.410,0.130,-9.500,0.00000,0
16.154,0.0,0.0,1.60,-0.410,0.130,-9.500,0.00000,0
16.164,0.0,0.0,1.60,-0.410,0.130,-9.500,0.00000,0
16.174,0.0,0.0,1.60,-0.420,0.120,-9.400,0.00000,0
16.184,0.0,0.0,1.60,-0.420,0.120,-9.400,0.00000,0
16.194,0.0,0.0,1.60,-0.420,0.120,-9.400,0.00000,0
16.204,0.0,0.0,1.60,-0.420,0.120,-9.400,0.00000,0
16.215,0.0,0.0,1.60,-0.420,0.120,-9.400,0.00000,0
16.225,0.0,0.0,1.60,-0.370,0.120,-9.410,0.00000,0
16.235,0.0,0.0,1.60,-0.370,0.120,-9.410,0.00000,0
16.245,0.0,0.0,1.60,-0.370,0.120,-9.410,0.00000,0
16.255,0.0,0.0,1.60,-0.370,0.120,-9.410,0.00000,0
16.265,0.0,0.0,1.60,-0.370,0.120,-9.410,0.00000,0
16.275,0.0,0.0,1.60,-0.340,0.110,-9.500,0.00000,0
16.286,0.0,0.0,1.60,-0.340,0.110,-9.500,0.00000,0
16.296,0.0,0.0,1.60,-0.340,0.110,-9.500,0.00000,0
16.306,0.0,0.0,1.60,-0.340,0.110,-9.500,0.00000,0
16.316,0.0,0.0,1.60,-0.410,0.140,-9.500,0.00000,0
16.326,0.0,0.0,1.60,-0.410,0.140,-9.500,0.00000,0
16.336,0.0,0.0,1.60,-0.410,0.140,-9.500,0.00000,0
16.346,0.0,0.0,1.60,-0.410,0.140,-9.500,0.00000,0
16.356,0.0,0.0,1.60,-0.410,0.140,-9.500,0.00000,0
16.367,0.0,0.0,1.60,-0.360,0.150,-9.520,0.00000,0
16.377,0.0,0.0,1.60,-0.360,0.150,-9.520,0.00000,0
16.387,0.0,0.0,1.60,-0.360,0.150,-9.520,0.00000,0
16.397,0.0,0.0,1.60,-0.360,0.150,-9.520,0.00000,0
16.407,0.0,0.0,1.60,-0.360,0.150,-9.520,0.00000,0
16.417,0.0,0.0,1.60,-0.410,0.150,-9.480,0.00000,0
16.427,0.0,0.0,1.60,-0.410,0.150,-9.480,0.00000,0
16.438,0.0,0.0,1.60,-0.410,0.150,-9.480,0.00000,0
16.448,0.0,0.0,1.60,-0.410,0.150,-9.480,0.00000,0
16.458,0.0,0.0,1.60,-0.410,0.150,-9.480,0.00000,0
16.468,0.0,0.0,1.60,-0.410,0.130,-9.520,0.00000,0
16.478,0.0,0.0,1.60,-0.410,0.130,-9.520,0.00000,0
16.488,0.0,0.0,1.60,-0.410,0.130,-9.520,0.00000,0
16.498,0.0,0.0,1.60,-0.410,0.130,-9.520,0.00000,0
16.508,0.0,0.0,1.60,-0.410,0.130,-9.520,0.00000,0
16.518,0.0,0.0,1.60,-0.390,0.150,-9.500,0.00000,0
16.529,0.0,0.0,1.60,-0.390,0.150,-9.500,0.00000,0
16.539,0.0,0.0,1.60,-0.390,0.150,-9.500,0.00000,0
16.549,0.0,0.0,1.60,-0.390,0.150,-9.500,0.00000,0
16.559,0.0,0.0,1.60,-0.390,0.150,-9.500,0.00000,0
16.569,0.0,0.0,1.60,-0.390,0.150,-9.500,0.00000,0
16.579,0.0,0.0,1.60,-0.390,0.140,-9.540,0.00000,0
16.589,0.0,0.0,1.60,-0.390,0.140,-9.540,0.00000,0
16.600,0.0,0.0,1.60,-0.390,0.140,-9.540,0.00000,0
16.610,0.0,0.0,1.60,-0.390,0.140,-9.540,0.00000,0
16.620,0.0,0.0,1.60,-0.410,0.100,-9.480,0.00000,0
16.630,0.0,0.0,1.60,-0.410,0.100,-9.480,0.00000,0
16.640,0.0,0.0,1.60,-0.410,0.100,-9.480,0.00000,0
16.650,0.0,0.0,1.60,-0.410,0.100,-9.480,0.00000,0
16.660,0.0,0.0,1.60,-0.410,0.100,-9.480,0.00000,0
16.670,0.0,0.0,1.60,-0.330,0.150,-9.520,0.00000,0
16.681,0.0,0.0,1.60,-0.330,0.150,-9.520,0.00000,0
16.691,0.0,0.0,1.60,-0.330,0.150,-9.520,0.00000,0
16.701,0.0,0.0,1.60,-0.330,0.150,-9.520,0.00000,0
16.711,0.0,0.0,1.60,-0.330,0.150,-9.520,0.00000,0
16.721,0.0,0.0,1.60,-0.370,0.090,-9.450,0.00000,0
16.731,0.0,0.0,1.60,-0.370,0.090,-9.450,0.00000,0
16.741,0.0,0.0,1.60,-0.370,0.090,-9.450,0.00000,0
16.752,0.0,0.0,1.60,-0.370,0.090,-9.450,0.00000,0
16.762,0.0,0.0,1.60,-0.370,0.090,-9.450,0.00000,0
16.772,0.0,0.0,1.60,-0.390,0.110,-9.400,0.00000,0
16.782,0.0,0.0,1.60,-0.390,0.110,-9.400,0.00000,0
16.793,0.0,0.0,1.60,-0.390,0.110,-9.400,0.00000,0
16.803,0.0,0.0,1.60,-0.390,0.110,-9.400,0.00000,0
16.813,0.0,0.0,1.60,-0.390,0.110,-9.400,0.00000,0
16.823,0.0,0.0,1.60,-0.360,0.140,-9.520,0.00000,0
16.833,0.0,0.0,1.60,-0.360,0.140,-9.520,0.00000,0
16.843,0.0,0.0,1.60,-0.360,0.140,-9.520,0.00000,0
16.853,0.0,0.0,1.60,-0.360,0.140,-9.520,0.00000,0
16.863,0.0,0.0,1.60,-0.360,0.140,-9.450,0.00000,0
16.874,0.0,0.0,1.60,-0.360,0.140,-9.450,0.00000,0
16.884,0.0,0.0,1.60,-0.360,0.140,-9.450,0.00000,0
16.894,0.0,0.0,1.60,-0.360,0.140,-9.450,0.00000,0
16.904,0.0,0.0,1.60,-0.360,0.140,-9.450,0.00000,0
16.914,0.0,0.0,1.60,-0.360,0.140,-9.450,0.00000,0
16.924,0.0,0.0,1.60,-0.410,0.080,-9.480,0.00000,0
16.934,0.0,0.0,1.60,-0.410,0.080,-9.480,0.00000,0
16.945,0.0,0.0,1.60,-0.410,0.080,-9.480,0.00000,0
16.955,0.0,0.0,1.60,-0.410,0.080,-9.480,0.00000,0
16.965,0.0,0.0,1.60,-0.410,0.080,-9.480,0.00000,0
16.975,0.0,0.0,1.60,-0.380,0.100,-9.420,0.00000,0
16.985,0.0,0.0,1.60,-0.380,0.100,-9.420,0.00000,0
16.995,0.0,0.0,1.60,-0.380,0.100,-9.420,0.00000,0
17.005,0.0,0.0,1.60,-0.380,0.100,-9.420,0.00000,0
17.016,0.0,0.0,1.60,-0.380,0.100,-9.420,0.00000,0
17.026,0.0,0.0,1.60,-0.420,0.130,-9.490,0.00000,0
17.036,0.0,0.0,1.60,-0.420,0.130,-9.490,0.00000,0
17.046,0.0,0.0,1.60,-0.420,0.130,-9.490,0.00000,0
17.056,0.0,0.0,1.60,-0.420,0.130,-9.490,0.00000,0
17.066,0.0,0.0,1.60,-0.420,0.130,-9.490,0.00000,0
17.076,0.0,0.0,1.60,-0.430,0.180,-9.480,0.00000,0
17.086,0.0,0.0,1.60,-0.430,0.180,-9.480,0.00000,0
17.097,0.0,0.0,1.60,-0.430,0.180,-9.480,0.00000,0
17.107,0.0,0.0,1.60,-0.430,0.180,-9.480,0.00000,0
17.117,0.0,0.0,1.60,-0.430,0.180,-9.480,0.00000,0
17.127,0.0,0.0,1.60,-0.400,0.130,-9.490,0.00000,0
17.137,0.0,0.0,1.60,-0.400,0.130,-9.490,0.00000,0
17.147,0.0,0.0,1.60,-0.400,0.130,-9.490,0.00000,0
17.157,0.0,0.0,1.60,-0.400,0.130,-9.490,0.00000,0
17.167,0.0,0.0,1.60,-0.380,0.140,-9.510,0.00000,0
17.178,0.0,0.0,1.60,-0.380,0.140,-9.510,0.00000,0
17.188,0.0,0.0,1.60,-0.380,0.140,-9.510,0.00000,0
17.198,0.0,0.0,1.60,-0.380,0.140,-9.510,0.00000,0
17.208,0.0,0.0,1.60,-0.380,0.140,-9.510,0.00000,0
17.218,0.0,0.0,1.60,-0.430,0.180,-9.470,0.00000,0
17.228,0.0,0.0,1.60,-0.430,0.180,-9.470,0.00000,0
17.239,0.0,0.0,1.60,-0.430,0.180,-9.470,0.00000,0
17.249,0.0,0.0,1.60,-0.430,0.180,-9.470,0.00000,0
17.259,0.0,0.0,1.60,-0.430,0.180,-9.470,0.00000,0
17.269,0.0,0.0,1.60,-0.370,0.130,-9.450,0.00000,0
17.279,0.0,0.0,1.60,-0.370,0.130,-9.450,0.00000,0
17.289,0.0,0.0,1.60,-0.370,0.130,-9.450,0.00000,0
17.299,0.0,0.0,1.60,-0.370,0.130,-9.450,0.00000,0
17.310,0.0,0.0,1.60,-0.370,0.130,-9.450,0.00000,0
17.320,0.0,0.0,1.60,-0.370,0.130,-9.450,0.00000,0
17.330,0.0,0.0,1.60,-0.360,0.140,-9.490,0.00000,0
17.340,0.0,0.0,1.60,-0.360,0.140,-9.490,0.00000,0
17.350,0.0,0.0,1.60,-0.360,0.140,-9.490,0.00000,0
17.360,0.0,0.0,1.60,-0.360,0.140,-9.490,0.00000,0
17.370,0.0,0.0,1.60,-0.360,0.140,-9.490,0.00000,0
17.380,0.0,0.0,1.60,-0.380,0.130,-9.490,0.00000,0
17.391,0.0,0.0,1.60,-0.380,0.130,-9.490,0.00000,0
17.401,0.0,0.0,1.60,-0.380,0.130,-9.490,0.00000,0
17.411,0.0,0.0,1.60,-0.380,0.130,-9.490,0.00000,0
17.421,0.0,0.0,1.60,-0.380,0.120,-9.510,0.00000,0
17.431,0.0,0.0,1.60,-0.380,0.120,-9.510,0.00000,0
17.441,0.0,0.0,1.60,-0.380,0.120,-9.510,0.00000,0
17.451,0.0,0.0,1.60,-0.380,0.120,-9.510,0.00000,0
17.461,0.0,0.0,1.60,-0.380,0.120,-9.510,0.00000,0
17.472,0.0,0.0,1.60,-0.400,0.140,-9.440,0.00000,0
17.482,0.0,0.0,1.60,-0.400,0.140,-9.440,0.00000,0
17.492,0.0,0.0,1.60,-0.400,0.140,-9.440,0.00000,0
17.502,0.0,0.0,1.60,-0.400,0.140,-9.440,0.00000,0
17.512,0.0,0.0,1.60,-0.400,0.140,-9.440,0.00000,0
17.523,0.0,0.0,1.60,-0.430,0.110,-9.450,0.00000,0
17.533,0.0,0.0,1.60,-0.430,0.110,-9.450,0.00000,0
17.543,0.0,0.0,1.60,-0.430,0.110,-9.450,0.00000,0
17.553,0.0,0.0,1.60,-0.430,0.110,-9.450,0.00000,0
17.563,0.0,0.0,1.60,-0.430,0.110,-9.450,0.00000,0
17.573,0.0,0.0,1.60,-0.360,0.150,-9.430,0.00000,0
17.583,0.0,0.0,1.60,-0.360,0.150,-9.430,0.00000,0
17.594,0.0,0.0,1.60,-0.360,0.150,-9.430,0.00000,0
17.604,0.0,0.0,1.60,-0.360,0.150,-9.430,0.00000,0
17.614,0.0,0.0,1.60,-0.360,0.150,-9.430,0.00000,0
17.624,0.0,0.0,1.60,-0.400,0.140,-9.480,0.00000,0
17.634,0.0,0.0,1.60,-0.400,0.140,-9.480,0.00000,0
17.644,0.0,0.0,1.60,-0.400,0.140,-9.480,0.00000,0
17.654,0.0,0.0,1.60,-0.400,0.140,-9.480,0.00000,0
17.665,0.0,0.0,1.60,-0.430,0.150,-9.520,0.00000,0
17.675,0.0,0.0,1.60,-0.430,0.150,-9.520,0.00000,0
17.685,0.0,0.0,1.60,-0.430,0.150,-9.520,0.00000,0
17.695,0.0,0.0,1.60,-0.430,0.150,-9.520,0.00000,0
17.705,0.0,0.0,1.60,-0.430,0.150,-9.520,0.00000,0
17.715,0.0,0.0,1.60,-0.430,0.150,-9.520,0.00000,0
17.725,0.0,0.0,1.60,-0.400,0.130,-9.440,0.00000,0
17.735,0.0,0.0,1.60,-0.400,0.130,-9.440,0.00000,0
17.746,0.0,0.0,1.60,-0.400,0.130,-9.440,0.00000,0
17.756,0.0,0.0,1.60,-0.400,0.130,-9.440,0.00000,0
17.766,0.0,0.0,1.60,-0.400,0.130,-9.440,0.00000,0
17.776,0.0,0.0,1.60,-0.420,0.130,-9.510,0.00000,0
17.786,0.0,0.0,1.60,-0.420,0.130,-9.510,0.00000,0
17.796,0.0,0.0,1.60,-0.420,0.130,-9.510,0.00000,0
17.806,0.0,0.0,1.60,-0.420,0.130,-9.510,0.00000,0
17.817,0.0,0.0,1.60,-0.420,0.130,-9.510,0.00000,0
17.827,0.0,0.0,1.60,-0.400,0.150,-9.480,0.00000,0
17.837,0.0,0.0,1.60,-0.400,0.150,-9.480,0.00000,0
17.847,0.0,0.0,1.60,-0.400,0.150,-9.480,0.00000,0
17.857,0.0,0.0,1.60,-0.400,0.150,-9.480,0.00000,0
17.867,0.0,0.0,1.60,-0.400,0.150,-9.480,0.00000,0
17.877,0.0,0.0,1.60,-0.410,0.150,-9.390,0.00000,0
17.887,0.0,0.0,1.60,-0.410,0.150,-9.390,0.00000,0
17.898,0.0,0.0,1.60,-0.410,0.150,-9.390,0.00000,0
17.908,0.0,0.0,1.60,-0.410,0.150,-9.390,0.00000,0
17.918,0.0,0.0,1.60,-0.420,0.150,-9.540,0.00000,0
17.928,0.0,0.0,1.60,-0.420,0.150,-9.540,0.00000,0
17.938,0.0,0.0,1.60,-0.420,0.150,-9.540,0.00000,0
17.948,0.0,0.0,1.60,-0.420,0.150,-9.540,0.00000,0
17.958,0.0,0.0,1.60,-0.420,0.150,-9.540,0.00000,0
17.969,0.0,0.0,1.60,-0.400,0.120,-9.520,0.00000,0
17.979,0.0,0.0,1.60,-0.400,0.120,-9.520,0.00000,0
17.989,0.0,0.0,1.60,-0.400,0.120,-9.520,0.00000,0
17.999,0.0,0.0,1.60,-0.400,0.120,-9.520,0.00000,0
18.009,0.0,0.0,1.60,-0.400,0.120,-9.520,0.00000,0
18.019,0.0,0.0,1.60,-0.380,0.090,-9.480,0.00000,0
18.029,0.0,0.0,1.60,-0.380,0.090,-9.480,0.00000,0
18.039,0.0,0.0,1.60,-0.380,0.090,-9.480,0.00000,0
18.050,0.0,0.0,1.60,-0.380,0.090,-9.480,0.00000,0
18.060,0.0,0.0,1.60,-0.380,0.090,-9.480,0.00000,0
18.070,0.0,0.0,1.60,-0.380,0.090,-9.480,0.00000,0
18.080,0.0,0.0,1.60,-0.370,0.140,-9.400,0.00000,0
18.090,0.0,0.0,1.60,-0.370,0.140,-9.400,0.00000,0
18.100,0.0,0.0,1.60,-0.370,0.140,-9.400,0.00000,0
18.110,0.0,0.0,1.60,-0.370,0.140,-9.400,0.00000,0
18.120,0.0,0.0,1.60,-0.370,0.140,-9.400,0.00000,0
18.131,0.0,0.0,1.60,-0.430,0.110,-9.440,0.00000,0
18.141,0.0,0.0,1.60,-0.430,0.110,-9.440,0.00000,0
18.151,0.0,0.0,1.60,-0.430,0.110,-9.440,0.00000,0
18.161,0.0,0.0,1.60,-0.430,0.110,-9.440,0.00000,0
18.171,0.0,0.0,1.60,-0.420,0.180,-9.420,0.00000,0
18.181,0.0,0.0,1.60,-0.420,0.180,-9.420,0.00000,0
18.191,0.0,0.0,1.60,-0.420,0.180,-9.420,0.00000,0
18.201,0.0,0.0,1.60,-0.420,0.180,-9.420,0.00000,0
18.212,0.0,0.0,1.60,-0.420,0.180,-9.420,0.00000,0
18.222,0.0,0.0,1.60,-0.410,0.140,-9.460,0.00000,0
18.232,0.0,0.0,1.60,-0.410,0.140,-9.460,0.00000,0
18.242,0.0,0.0,1.60,-0.410,0.140,-9.460,0.00000,0
18.252,0.0,0.0,1.60,-0.410,0.140,-9.460,0.00000,0
18.262,0.0,0.0,1.60,-0.410,0.140,-9.460,0.00000,0
18.272,0.0,0.0,1.60,-0.410,0.140,-9.460,0.00000,0
18.285,0.0,0.0,1.60,-0.430,0.120,-9.450,0.00000,0
18.295,0.0,0.0,1.60,-0.430,0.120,-9.450,0.00000,0
18.306,0.0,0.0,1.60,-0.430,0.120,-9.450,0.00000,0
18.316,0.0,0.0,1.60,-0.430,0.120,-9.450,0.00000,0
18.326,0.0,0.0,1.60,-0.370,0.150,-9.440,0.00000,0
18.336,0.0,0.0,1.60,-0.370,0.150,-9.440,0.00000,0
18.346,0.0,0.0,1.60,-0.370,0.150,-9.440,0.00000,0
18.356,0.0,0.0,1.60,-0.370,0.150,-9.440,0.00000,0
18.366,0.0,0.0,1.60,-0.370,0.150,-9.440,0.00000,0
18.377,0.0,0.0,1.60,-0.360,0.140,-9.440,0.00000,0
18.387,0.0,0.0,1.60,-0.360,0.140,-9.440,0.00000,0
18.397,0.0,0.0,1.60,-0.360,0.140,-9.440,0.00000,0
18.407,0.0,0.0,1.60,-0.360,0.140,-9.440,0.00000,0
18.417,0.0,0.0,1.60,-0.370,0.110,-9.390,0.00000,0
18.427,0.0,0.0,1.60,-0.370,0.110,-9.390,0.00000,0
18.437,0.0,0.0,1.60,-0.370,0.110,-9.390,0.00000,0
18.448,0.0,0.0,1.60,-0.370,0.110,-9.390,0.00000,0
18.458,0.0,0.0,1.60,-0.370,0.110,-9.390,0.00000,0
18.468,0.0,0.0,1.60,-0.390,0.100,-9.470,0.00000,0
18.478,0.0,0.0,1.60,-0.390,0.100,-9.470,0.00000,0
18.488,0.0,0.0,1.60,-0.390,0.100,-9.470,0.00000,0
18.498,0.0,0.0,1.60,-0.390,0.100,-9.470,0.00000,0
18.508,0.0,0.0,1.60,-0.390,0.100,-9.470,0.00000,0
18.518,0.0,0.0,1.60,-0.430,0.140,-9.500,0.00000,0
18.529,0.0,0.0,1.60,-0.430,0.140,-9.500,0.00000,0
18.539,0.0,0.0,1.60,-0.430,0.140,-9.500,0.00000,0
18.549,0.0,0.0,1.60,-0.430,0.140,-9.500,0.00000,0
18.559,0.0,0.0,1.60,-0.430,0.140,-9.500,0.00000,0
18.569,0.0,0.0,1.60,-0.430,0.140,-9.500,0.00000,0
18.579,0.0,0.0,1.60,-0.410,0.120,-9.500,0.00000,0
18.589,0.0,0.0,1.60,-0.410,0.120,-9.500,0.00000,0
18.600,0.0,0.0,1.60,-0.410,0.120,-9.500,0.00000,0
18.610,0.0,0.0,1.60,-0.410,0.120,-9.500,0.00000,0
18.620,0.0,0.0,1.60,-0.410,0.120,-9.500,0.00000,0
18.630,0.0,0.0,1.60,-0.360,0.100,-9.440,0.00000,0
18.640,0.0,0.0,1.60,-0.360,0.100,-9.440,0.00000,0
18.650,0.0,0.0,1.60,-0.360,0.100,-9.440,0.00000,0
18.660,0.0,0.0,1.60,-0.360,0.100,-9.440,0.00000,0
18.670,0.0,0.0,1.60,-0.400,0.100,-9.530,0.00000,0
18.680,0.0,0.0,1.60,-0.400,0.100,-9.530,0.00000,0
18.691,0.0,0.0,1.60,-0.400,0.100,-9.530,0.00000,0
18.701,0.0,0.0,1.60,-0.400,0.100,-9.530,0.00000,0
18.711,0.0,0.0,1.60,-0.400,0.100,-9.530,0.00000,0
18.721,0.0,0.0,1.60,-0.390,0.100,-9.570,0.00000,0
18.731,0.0,0.0,1.60,-0.390,0.100,-9.570,0.00000,0
18.741,0.0,0.0,1.60,-0.390,0.100,-9.570,0.00000,0
18.751,0.0,0.0,1.60,-0.390,0.100,-9.570,0.00000,0
18.762,0.0,0.0,1.60,-0.390,0.100,-9.570,0.00000,0
18.772,0.0,0.0,1.60,-0.410,0.090,-9.530,0.00000,0
18.782,0.0,0.0,1.60,-0.410,0.090,-9.530,0.00000,0
18.792,0.0,0.0,1.60,-0.410,0.090,-9.530,0.00000,0
18.802,0.0,0.0,1.60,-0.410,0.090,-9.530,0.00000,0
18.812,0.0,0.0,1.60,-0.410,0.090,-9.530,0.00000,0
18.822,0.0,0.0,1.60,-0.360,0.160,-9.590,0.00000,0
18.832,0.0,0.0,1.60,-0.360,0.160,-9.590,0.00000,0
18.842,0.0,0.0,1.60,-0.360,0.160,-9.590,0.00000,0
18.853,0.0,0.0,1.60,-0.360,0.160,-9.590,0.00000,0
18.863,0.0,0.0,1.60,-0.360,0.160,-9.590,0.00000,0
18.873,0.0,0.0,1.60,-0.390,0.130,-9.490,0.00000,0
18.884,0.0,0.0,1.60,-0.390,0.130,-9.490,0.00000,0
18.894,0.0,0.0,1.60,-0.390,0.130,-9.490,0.00000,0
18.904,0.0,0.0,1.60,-0.390,0.130,-9.490,0.00000,0
18.914,0.0,0.0,1.60,-0.390,0.130,-9.490,0.00000,0
18.925,0.0,0.0,1.60,-0.370,0.120,-9.440,0.00000,0
18.935,0.0,0.0,1.60,-0.370,0.120,-9.440,0.00000,0
18.945,0.0,0.0,1.60,-0.370,0.120,-9.440,0.00000,0
18.955,0.0,0.0,1.60,-0.370,0.120,-9.440,0.00000,0
18.965,0.0,0.0,1.60,-0.370,0.120,-9.440,0.00000,0
18.975,0.0,0.0,1.60,-0.330,0.080,-9.510,0.00000,0
18.985,0.0,0.0,1.60,-0.330,0.080,-9.510,0.00000,0
18.996,0.0,0.0,1.60,-0.330,0.080,-9.510,0.00000,0
19.006,0.0,0.0,1.60,-0.330,0.080,-9.510,0.00000,0
19.016,0.0,0.0,1.60,-0.330,0.080,-9.510,0.00000,0
19.026,0.0,0.0,1.60,-0.450,0.090,-9.230,0.00000,0
19.036,0.0,0.0,1.60,-0.450,0.090,-9.230,0.00000,0
19.046,0.0,0.0,1.60,-0.450,0.090,-9.230,0.00000,0
19.056,0.0,0.0,1.60,-0.450,0.090,-9.230,0.00000,0
19.066,0.0,0.0,1.60,-0.450,0.090,-9.230,0.00000,0
19.077,0.0,0.0,1.60,-0.520,0.320,-9.170,0.00000,0
19.087,0.0,0.0,1.60,-0.520,0.320,-9.170,0.00000,0
19.097,0.0,0.0,1.60,-0.520,0.320,-9.170,0.00000,0
19.107,0.0,0.0,1.60,-0.520,0.320,-9.170,0.00000,0
19.117,0.0,0.0,1.60,-0.520,0.320,-9.170,0.00000,0
19.127,0.0,0.0,1.60,-0.390,-0.030,-9.300,0.00000,0
19.137,0.0,0.0,1.60,-0.390,-0.030,-9.300,0.00000,0
19.148,0.0,0.0,1.60,-0.390,-0.030,-9.300,0.00000,0
19.158,0.0,0.0,1.60,-0.390,-0.030,-9.300,0.00000,0
19.168,0.0,0.0,1.60,-0.340,0.240,-9.440,0.00000,0
19.178,0.0,0.0,1.60,-0.340,0.240,-9.440,0.00000,0
19.188,0.0,0.0,1.60,-0.340,0.240,-9.440,0.00000,0
19.198,0.0,0.0,1.60,-0.340,0.240,-9.440,0.00000,0
19.208,0.0,0.0,1.60,-0.340,0.240,-9.440,0.00000,0
19.219,0.0,0.0,1.60,-0.400,0.010,-9.450,0.00000,0
19.229,0.0,0.0,1.60,-0.400,0.010,-9.450,0.00000,0
19.239,0.0,0.0,1.60,-0.400,0.010,-9.450,0.00000,0
19.249,0.0,0.0,1.60,-0.400,0.010,-9.450,0.00000,0
19.259,0.0,0.0,1.60,-0.400,0.010,-9.450,0.00000,0
19.269,0.0,0.0,1.60,-0.430,0.230,-9.500,0.00000,0
19.279,0.0,0.0,1.60,-0.430,0.230,-9.500,0.00000,0
19.290,0.0,0.0,1.60,-0.430,0.230,-9.500,0.00000,0
19.300,0.0,0.0,1.60,-0.430,0.230,-9.500,0.00000,0
19.310,0.0,0.0,1.60,-0.430,0.230,-9.500,0.00000,0
19.320,0.0,0.0,1.60,-0.430,0.230,-9.500,0.00000,0
19.330,0.0,0.0,1.60,-0.410,0.080,-9.480,0.00000,0
19.340,0.0,0.0,1.60,-0.410,0.080,-9.480,0.00000,0
19.350,0.0,0.0,1.60,-0.410,0.080,-9.480,0.00000,0
19.361,0.0,0.0,1.60,-0.410,0.080,-9.480,0.00000,0
19.371,0.0,0.0,1.60,-0.410,0.080,-9.480,0.00000,0
19.381,0.0,0.0,1.60,-0.340,0.200,-9.510,0.00000,0
19.391,0.0,0.0,1.60,-0.340,0.200,-9.510,0.00000,0
19.401,0.0,0.0,1.60,-0.340,0.200,-9.510,0.00000,0
19.411,0.0,0.0,1.60,-0.340,0.200,-9.510,0.00000,0
19.421,0.0,0.0,1.60,0.000,0.170,-9.470,0.00000,0
19.432,0.0,0.0,1.60,0.000,0.170,-9.470,0.00000,0
19.442,0.0,0.0,1.60,0.000,0.170,-9.470,0.00000,0
19.452,0.0,0.0,1.60,0.000,0.170,-9.470,0.00000,0
19.462,0.0,0.0,1.60,0.000,0.170,-9.470,0.00000,0
19.472,0.0,0.0,1.60,-0.400,0.070,-9.480,0.00000,0
19.482,0.0,0.0,1.60,-0.400,0.070,-9.480,0.00000,0
19.492,0.0,0.0,1.60,-0.400,0.070,-9.480,0.00000,0
19.502,0.0,0.0,1.60,-0.400,0.070,-9.480,0.00000,0
19.513,0.0,0.0,1.60,-0.400,0.070,-9.480,0.00000,0
19.523,0.0,0.0,1.60,-0.150,-0.220,-9.450,0.00000,0
19.533,0.0,0.0,1.60,-0.150,-0.220,-9.450,0.00000,0
19.543,0.0,0.0,1.60,-0.150,-0.220,-9.450,0.00000,0
19.553,0.0,0.0,1.60,-0.150,-0.220,-9.450,0.00000,0
19.563,0.0,0.0,1.60,-0.150,-0.220,-9.450,0.00000,0
19.573,0.0,0.0,1.60,-0.380,-0.070,-10.050,0.00000,0
19.583,0.0,0.0,1.60,-0.380,-0.070,-10.050,0.00000,0
19.594,0.0,0.0,1.60,-0.380,-0.070,-10.050,0.00000,0
19.604,0.0,0.0,1.60,-0.380,-0.070,-10.050,0.00000,0
19.614,0.0,0.0,1.60,-0.380,-0.070,-10.050,0.00000,0
19.624,0.0,0.0,1.60,-0.380,0.070,-8.930,0.00000,0
19.634,0.0,0.0,1.60,-0.380,0.070,-8.930,0.00000,0
19.644,0.0,0.0,1.60,-0.380,0.070,-8.930,0.00000,0
19.654,0.0,0.0,1.60,-0.380,0.070,-8.930,0.00000,0
19.665,0.0,0.0,1.60,-0.380,0.070,-8.930,0.00000,0
19.675,0.0,0.0,1.60,-0.450,-0.010,-9.110,0.00000,0
19.685,0.0,0.0,1.60,-0.450,-0.010,-9.110,0.00000,0
19.695,0.0,0.0,1.60,-0.450,-0.010,-9.110,0.00000,0
19.705,0.0,0.0,1.60,-0.450,-0.010,-9.110,0.00000,0
19.715,0.0,0.0,1.60,-0.450,-0.010,-9.110,0.00000,0
19.725,0.0,0.0,1.60,-0.380,0.300,-9.230,0.00000,0
19.735,0.0,0.0,1.60,-0.380,0.300,-9.230,0.00000,0
19.746,0.0,0.0,1.60,-0.380,0.300,-9.230,0.00000,0
19.756,0.0,0.0,1.60,-0.380,0.300,-9.230,0.00000,0
19.766,0.0,0.0,1.60,-0.380,0.300,-9.230,0.00000,0
19.776,0.0,0.0,1.60,-0.540,0.050,-9.600,0.00000,0
19.786,0.0,0.0,1.60,-0.540,0.050,-9.600,0.00000,0
19.796,0.0,0.0,1.60,-0.540,0.050,-9.600,0.00000,0
19.807,0.0,0.0,1.60,-0.540,0.050,-9.600,0.00000,0
19.817,0.0,0.0,1.60,-0.540,0.050,-9.600,0.00000,0
19.827,0.0,0.0,1.60,-0.520,0.250,-9.440,0.00000,0
19.837,0.0,0.0,1.60,-0.520,0.250,-9.440,0.00000,0
19.847,0.0,0.0,1.60,-0.520,0.250,-9.440,0.00000,0
19.857,0.0,0.0,1.60,-0.520,0.250,-9.440,0.00000,0
19.867,0.0,0.0,1.60,-0.520,0.250,-9.440,0.00000,0
19.877,0.0,0.0,1.60,-0.400,0.020,-9.400,0.00000,0
19.888,0.0,0.0,1.60,-0.400,0.020,-9.400,0.00000,0
19.898,0.0,0.0,1.60,-0.400,0.020,-9.400,0.00000,0
19.908,0.0,0.0,1.60,-0.400,0.020,-9.400,0.00000,0
19.918,0.0,0.0,1.60,-0.390,0.200,-9.500,0.00000,0
19.928,0.0,0.0,1.60,-0.390,0.200,-9.500,0.00000,0
19.938,0.0,0.0,1.60,-0.390,0.200,-9.500,0.00000,0
19.948,0.0,0.0,1.60,-0.390,0.200,-9.500,0.00000,0
19.959,0.0,0.0,1.60,-0.390,0.200,-9.500,0.00000,0
19.969,0.0,0.0,1.60,-0.420,0.090,-9.430,0.00000,0
19.979,0.0,0.0,1.60,-0.420,0.090,-9.430,0.00000,0
19.989,0.0,0.0,1.60,-0.420,0.090,-9.430,0.00000,0
19.999,0.0,0.0,1.60,-0.420,0.090,-9.430,0.00000,0
20.009,0.0,0.0,1.60,-0.420,0.090,-9.430,0.00000,0
20.019,0.0,0.0,1.60,-0.430,0.210,-9.460,0.00000,0
20.029,0.0,0.0,1.60,-0.430,0.210,-9.460,0.00000,0
20.040,0.0,0.0,1.60,-0.430,0.210,-9.460,0.00000,0
20.050,0.0,0.0,1.60,-0.430,0.210,-9.460,0.00000,0
20.060,0.0,0.0,1.60,-0.430,0.210,-9.460,0.00000,0
20.070,0.0,0.0,1.60,-0.430,0.210,-9.460,0.00000,0
20.080,0.0,0.0,1.60,-0.440,0.110,-9.460,0.00000,0
20.090,0.0,0.0,1.60,-0.440,0.110,-9.460,0.00000,0
20.100,0.0,0.0,1.60,-0.440,0.110,-9.460,0.00000,0
20.111,0.0,0.0,1.60,-0.440,0.110,-9.460,0.00000,0
20.121,0.0,0.0,1.60,-0.440,0.110,-9.460,0.00000,0
20.131,0.0,0.0,1.60,-0.430,0.140,-9.490,0.00000,0
20.141,0.0,0.0,1.60,-0.430,0.140,-9.490,0.00000,0
20.151,0.0,0.0,1.60,-0.430,0.140,-9.490,0.00000,0
20.161,0.0,0.0,1.60,-0.430,0.140,-9.490,0.00000,0
20.171,0.0,0.0,1.60,-0.400,0.130,-9.530,0.00000,0
20.181,0.0,0.0,1.60,-0.400,0.130,-9.530,0.00000,0
20.192,0.0,0.0,1.60,-0.400,0.130,-9.530,0.00000,0
20.202,0.0,0.0,1.60,-0.400,0.130,-9.530,0.00000,0
20.212,0.0,0.0,1.60,-0.400,0.130,-9.530,0.00000,0
20.222,0.0,0.0,1.60,-0.410,0.100,-9.450,0.00000,0
20.232,0.0,0.0,1.60,-0.410,0.100,-9.450,0.00000,0
20.242,0.0,0.0,1.60,-0.410,0.100,-9.450,0.00000,0
20.252,0.0,0.0,1.60,-0.410,0.100,-9.450,0.00000,0
20.262,0.0,0.0,1.60,-0.410,0.100,-9.450,0.00000,0
20.273,0.0,0.0,1.60,-0.350,0.140,-9.490,0.00000,0
20.283,0.0,0.0,1.60,-0.350,0.140,-9.490,0.00000,0
20.293,0.0,0.0,1.60,-0.350,0.140,-9.490,0.00000,0
20.303,0.0,0.0,1.60,-0.350,0.140,-9.490,0.00000,0
20.313,0.0,0.0,1.60,-0.350,0.140,-9.490,0.00000,0
20.323,0.0,0.0,1.60,-0.410,0.120,-9.500,0.00000,0
20.333,0.0,0.0,1.60,-0.410,0.120,-9.500,0.00000,0
20.344,0.0,0.0,1.60,-0.410,0.120,-9.500,0.00000,0
20.354,0.0,0.0,1.60,-0.410,0.120,-9.500,0.00000,0
20.364,0.0,0.0,1.60,-0.410,0.120,-9.500,0.00000,0
20.374,0.0,0.0,1.60,-0.380,0.150,-9.480,0.00000,0
20.384,0.0,0.0,1.60,-0.380,0.150,-9.480,0.00000,0
20.394,0.0,0.0,1.60,-0.380,0.150,-9.480,0.00000,0
20.404,0.0,0.0,1.60,-0.380,0.150,-9.480,0.00000,0
20.414,0.0,0.0,1.60,-0.380,0.150,-9.480,0.00000,0
20.425,0.0,0.0,1.60,-0.450,0.090,-9.520,0.00000,0
20.435,0.0,0.0,1.60,-0.450,0.090,-9.520,0.00000,0
20.445,0.0,0.0,1.60,-0.450,0.090,-9.520,0.00000,0
20.455,0.0,0.0,1.60,-0.450,0.090,-9.520,0.00000,0
20.465,0.0,0.0,1.60,-0.450,0.090,-9.520,0.00000,0
20.475,0.0,0.0,1.60,-0.380,0.140,-9.590,0.00000,0
20.485,0.0,0.0,1.60,-0.380,0.140,-9.590,0.00000,0
20.495,0.0,0.0,1.60,-0.380,0.140,-9.590,0.00000,0
20.506,0.0,0.0,1.60,-0.380,0.140,-9.590,0.00000,0
20.516,0.0,0.0,1.60,-0.380,0.140,-9.590,0.00000,0
20.526,0.0,0.0,1.60,-0.390,0.130,-9.500,0.00000,0
20.536,0.0,0.0,1.60,-0.390,0.130,-9.500,0.00000,0
20.546,0.0,0.0,1.60,-0.390,0.130,-9.500,0.00000,0
20.556,0.0,0.0,1.60,-0.390,0.130,-9.500,0.00000,0
20.566,0.0,0.0,1.60,-0.390,0.130,-9.500,0.00000,0
20.576,0.0,0.0,1.60,-0.350,0.130,-9.420,0.00000,0
20.587,0.0,0.0,1.60,-0.350,0.130,-9.420,0.00000,0
20.597,0.0,0.0,1.60,-0.350,0.130,-9.420,0.00000,0
20.608,0.0,0.0,1.60,-0.350,0.130,-9.420,0.00000,0
20.618,0.0,0.0,1.60,-0.350,0.130,-9.420,0.00000,0
20.628,0.0,0.0,1.60,-0.420,0.100,-9.450,0.00000,0
20.638,0.0,0.0,1.60,-0.420,0.100,-9.450,0.00000,0
20.648,0.0,0.0,1.60,-0.420,0.100,-9.450,0.00000,0
20.658,0.0,0.0,1.60,-0.420,0.100,-9.450,0.00000,0
20.668,0.0,0.0,1.60,-0.450,0.150,-9.470,0.00000,0
20.678,0.0,0.0,1.60,-0.450,0.150,-9.470,0.00000,0
20.689,0.0,0.0,1.60,-0.450,0.150,-9.470,0.00000,0
20.699,0.0,0.0,1.60,-0.450,0.150,-9.470,0.00000,0
20.709,0.0,0.0,1.60,-0.450,0.150,-9.470,0.00000,0
20.719,0.0,0.0,1.60,-0.290,0.180,-9.370,0.00000,0
20.729,0.0,0.0,1.60,-0.290,0.180,-9.370,0.00000,0
20.739,0.0,0.0,1.60,-0.290,0.180,-9.370,0.00000,0
20.749,0.0,0.0,1.60,-0.290,0.180,-9.370,0.00000,0
20.760,0.0,0.0,1.60,-0.290,0.180,-9.370,0.00000,0
20.770,0.0,0.0,1.60,-0.410,0.050,-9.230,0.00000,0
20.780,0.0,0.0,1.60,-0.410,0.050,-9.230,0.00000,0
20.790,0.0,0.0,1.60,-0.410,0.050,-9.230,0.00000,0
20.800,0.0,0.0,1.60,-0.410,0.050,-9.230,0.00000,0
20.810,0.0,0.0,1.60,-0.410,0.050,-9.230,0.00000,0
20.820,0.0,0.0,1.60,-0.410,0.050,-9.230,0.00000,0
20.831,0.0,0.0,1.60,-0.330,0.370,-9.110,0.00000,0
20.841,0.0,0.0,1.60,-0.330,0.370,-9.110,0.00000,0
20.851,0.0,0.0,1.60,-0.330,0.370,-9.110,0.00000,0
20.861,0.0,0.0,1.60,-0.330,0.370,-9.110,0.00000,0
20.871,0.0,0.0,1.60,-0.330,0.370,-9.110,0.00000,0
20.881,0.0,0.0,1.60,-0.380,0.160,-9.240,0.00000,0
20.892,0.0,0.0,1.60,-0.380,0.160,-9.240,0.00000,0
20.902,0.0,0.0,1.60,-0.380,0.160,-9.240,0.00000,0
20.912,0.0,0.0,1.60,-0.380,0.160,-9.240,0.00000,0
20.922,0.0,0.0,1.60,-0.380,0.160,-9.240,0.00000,0
20.932,0.0,0.0,1.60,-0.240,0.140,-9.850,0.00000,0
20.942,0.0,0.0,1.60,-0.240,0.140,-9.850,0.00000,0
20.952,0.0,0.0,1.60,-0.240,0.140,-9.850,0.00000,0
20.963,0.0,0.0,1.60,-0.240,0.140,-9.850,0.00000,0
20.973,0.0,0.0,1.60,-0.360,0.150,-9.710,0.00000,0
20.983,0.0,0.0,1.60,-0.360,0.150,-9.710,0.00000,0
20.993,0.0,0.0,1.60,-0.360,0.150,-9.710,0.00000,0
21.003,0.0,0.0,1.60,-0.360,0.150,-9.710,0.00000,0
21.013,0.0,0.0,1.60,-0.360,0.150,-9.710,0.00000,0
21.023,0.0,0.0,1.60,-0.450,0.050,-9.500,0.00000,0
21.033,0.0,0.0,1.60,-0.450,0.050,-9.500,0.00000,0
21.044,0.0,0.0,1.60,-0.450,0.050,-9.500,0.00000,0
21.054,0.0,0.0,1.60,-0.450,0.050,-9.500,0.00000,0
21.064,0.0,0.0,1.60,-0.450,0.050,-9.500,0.00000,0
21.074,0.0,0.0,1.60,-0.370,0.150,-9.570,0.00000,0
21.084,0.0,0.0,1.60,-0.370,0.150,-9.570,0.00000,0
21.094,0.0,0.0,1.60,-0.370,0.150,-9.570,0.00000,0
21.104,0.0,0.0,1.60,-0.370,0.150,-9.570,0.00000,0
21.115,0.0,0.0,1.60,-0.370,0.150,-9.570,0.00000,0
21.125,0.0,0.0,1.60,-0.420,0.100,-9.410,0.00000,0
21.135,0.0,0.0,1.60,-0.420,0.100,-9.410,0.00000,0
21.145,0.0,0.0,1.60,-0.420,0.100,-9.410,0.00000,0
21.155,0.0,0.0,1.60,-0.420,0.100,-9.410,0.00000,0
21.165,0.0,0.0,1.60,-0.420,0.100,-9.410,0.00000,0
21.175,0.0,0.0,1.60,-0.390,0.150,-9.490,0.00000,0
21.185,0.0,0.0,1.60,-0.390,0.150,-9.490,0.00000,0
21.196,0.0,0.0,1.60,-0.390,0.150,-9.490,0.00000,0
21.206,0.0,0.0,1.60,-0.390,0.150,-9.490,0.00000,0
21.216,0.0,0.0,1.60,-0.390,0.150,-9.490,0.00000,0
21.226,0.0,0.0,1.60,-0.440,0.130,-9.510,0.00000,0
21.236,0.0,0.0,1.60,-0.440,0.130,-9.510,0.00000,0
21.246,0.0,0.0,1.60,-0.440,0.130,-9.510,0.00000,0
21.256,0.0,0.0,1.60,-0.440,0.130,-9.510,0.00000,0
21.266,0.0,0.0,1.60,-0.440,0.130,-9.510,0.00000,0
21.277,0.0,0.0,1.60,-0.380,0.130,-9.510,0.00000,0
21.287,0.0,0.0,1.60,-0.380,0.130,-9.510,0.00000,0
21.297,0.0,0.0,1.60,-0.380,0.130,-9.510,0.00000,0
21.307,0.0,0.0,1.60,-0.380,0.130,-9.510,0.00000,0
21.317,0.0,0.0,1.60,-0.380,0.130,-9.510,0.00000,0
21.327,0.0,0.0,1.60,-0.430,0.100,-9.470,0.00000,0
21.338,0.0,0.0,1.60,-0.430,0.100,-9.470,0.00000,0
21.348,0.0,0.0,1.60,-0.430,0.100,-9.470,0.00000,0
21.358,0.0,0.0,1.60,-0.430,0.100,-9.470,0.00000,0
21.368,0.0,0.0,1.60,-0.430,0.100,-9.470,0.00000,0
21.378,0.0,0.0,1.60,-0.370,0.130,-9.450,0.00000,0
21.388,0.0,0.0,1.60,-0.370,0.130,-9.450,0.00000,0
21.399,0.0,0.0,1.60,-0.370,0.130,-9.450,0.00000,0
21.409,0.0,0.0,1.60,-0.370,0.130,-9.450,0.00000,0
21.419,0.0,0.0,1.60,-0.370,0.130,-9.450,0.00000,0
21.429,0.0,0.0,1.60,-0.460,0.030,-9.530,0.00000,0
21.439,0.0,0.0,1.60,-0.460,0.030,-9.530,0.00000,0
21.449,0.0,0.0,1.60,-0.460,0.030,-9.530,0.00000,0
21.459,0.0,0.0,1.60,-0.460,0.030,-9.530,0.00000,0
21.470,0.0,0.0,1.60,-0.430,0.270,-9.410,0.00000,0
21.480,0.0,0.0,1.60,-0.430,0.270,-9.410,0.00000,0
21.490,0.0,0.0,1.60,-0.430,0.270,-9.410,0.00000,0
21.500,0.0,0.0,1.60,-0.430,0.270,-9.410,0.00000,0
21.510,0.0,0.0,1.60,-0.430,0.270,-9.410,0.00000,0
21.520,0.0,0.0,1.60,-0.440,0.070,-9.560,0.00000,0
21.530,0.0,0.0,1.60,-0.440,0.070,-9.560,0.00000,0
21.541,0.0,0.0,1.60,-0.440,0.070,-9.560,0.00000,0
21.551,0.0,0.0,1.60,-0.440,0.070,-9.560,0.00000,0
21.561,0.0,0.0,1.60,-0.440,0.070,-9.560,0.00000,0
21.571,0.0,0.0,1.60,-0.350,0.160,-9.550,0.00000,0
21.581,0.0,0.0,1.60,-0.350,0.160,-9.550,0.00000,0
21.591,0.0,0.0,1.60,-0.350,0.160,-9.550,0.00000,0
21.601,0.0,0.0,1.60,-0.350,0.160,-9.550,0.00000,0
21.611,0.0,0.0,1.60,-0.350,0.160,-9.550,0.00000,0
21.622,0.0,0.0,1.60,-0.350,0.160,-9.550,0.00000,0
21.632,0.0,0.0,1.60,-0.400,0.100,-9.480,0.00000,0
21.642,0.0,0.0,1.60,-0.400,0.100,-9.480,0.00000,0
21.652,0.0,0.0,1.60,-0.400,0.100,-9.480,0.00000,0
21.662,0.0,0.0,1.60,-0.400,0.100,-9.480,0.00000,0
21.672,0.0,0.0,1.60,-0.400,0.100,-9.480,0.00000,0
21.682,0.0,0.0,1.60,-0.400,0.160,-9.580,0.00000,0
21.692,0.0,0.0,1.60,-0.400,0.160,-9.580,0.00000,0
21.703,0.0,0.0,1.60,-0.400,0.160,-9.580,0.00000,0
21.713,0.0,0.0,1.60,-0.400,0.160,-9.580,0.00000,0
21.723,0.0,0.0,1.60,-0.390,0.130,-9.550,0.00000,0
21.733,0.0,0.0,1.60,-0.390,0.130,-9.550,0.00000,0
21.743,0.0,0.0,1.60,-0.390,0.130,-9.550,0.00000,0
21.753,0.0,0.0,1.60,-0.390,0.130,-9.550,0.00000,0
21.763,0.0,0.0,1.60,-0.390,0.130,-9.550,0.00000,0
21.774,0.0,0.0,1.60,-0.410,0.140,-9.460,0.00000,0
21.784,0.0,0.0,1.60,-0.410,0.140,-9.460,0.00000,0
21.794,0.0,0.0,1.60,-0.410,0.140,-9.460,0.00000,0
21.804,0.0,0.0,1.60,-0.410,0.140,-9.460,0.00000,0
21.814,0.0,0.0,1.60,-0.410,0.140,-9.460,0.00000,0
21.824,0.0,0.0,1.60,-0.430,0.120,-9.450,0.00000,0
21.834,0.0,0.0,1.60,-0.430,0.120,-9.450,0.00000,0
21.844,0.0,0.0,1.60,-0.430,0.120,-9.450,0.00000,0
21.855,0.0,0.0,1.60,-0.430,0.120,-9.450,0.00000,0
21.865,0.0,0.0,1.60,-0.430,0.120,-9.450,0.00000,0
21.875,0.0,0.0,1.60,-0.370,0.120,-9.490,0.00000,0
21.885,0.0,0.0,1.60,-0.370,0.120,-9.490,0.00000,0
21.895,0.0,0.0,1.60,-0.370,0.120,-9.490,0.00000,0
21.905,0.0,0.0,1.60,-0.370,0.120,-9.490,0.00000,0
21.915,0.0,0.0,1.60,-0.370,0.120,-9.490,0.00000,0
21.926,0.0,0.0,1.60,-0.430,0.170,-9.520,0.00000,0
21.936,0.0,0.0,1.60,-0.430,0.170,-9.520,0.00000,0
21.946,0.0,0.0,1.60,-0.430,0.170,-9.520,0.00000,0
21.956,0.0,0.0,1.60,-0.430,0.170,-9.520,0.00000,0
21.966,0.0,0.0,1.60,-0.430,0.170,-9.520,0.00000,0
21.976,0.0,0.0,1.60,-0.400,0.100,-9.530,0.00000,0
21.986,0.0,0.0,1.60,-0.400,0.100,-9.530,0.00000,0
21.996,0.0,0.0,1.60,-0.400,0.100,-9.530,0.00000,0
22.007,0.0,0.0,1.60,-0.400,0.100,-9.530,0.00000,0
22.017,0.0,0.0,1.60,-0.400,0.100,-9.530,0.00000,0
22.027,0.0,0.0,1.60,-0.380,0.120,-9.430,0.00000,0
22.037,0.0,0.0,1.60,-0.380,0.120,-9.430,0.00000,0
22.047,0.0,0.0,1.60,-0.380,0.120,-9.430,0.00000,0
22.057,0.0,0.0,1.60,-0.380,0.120,-9.430,0.00000,0
22.067,0.0,0.0,1.60,-0.380,0.120,-9.430,0.00000,0
22.077,0.0,0.0,1.60,-0.370,0.120,-9.470,0.00000,0
22.088,0.0,0.0,1.60,-0.370,0.120,-9.470,0.00000,0
22.098,0.0,0.0,1.60,-0.370,0.120,-9.470,0.00000,0
22.108,0.0,0.0,1.60,-0.370,0.120,-9.470,0.00000,0
22.118,0.0,0.0,1.60,-0.370,0.120,-9.470,0.00000,0
22.128,0.0,0.0,1.60,-0.370,0.170,-9.540,0.00000,0
22.138,0.0,0.0,1.60,-0.370,0.170,-9.540,0.00000,0
22.148,0.0,0.0,1.60,-0.370,0.170,-9.540,0.00000,0
22.158,0.0,0.0,1.60,-0.370,0.170,-9.540,0.00000,0
22.169,0.0,0.0,1.60,-0.370,0.170,-9.540,0.00000,0
22.179,0.0,0.0,1.60,-0.390,0.180,-9.440,0.00000,0
22.189,0.0,0.0,1.60,-0.390,0.180,-9.440,0.00000,0
22.199,0.0,0.0,1.60,-0.390,0.180,-9.440,0.00000,0
22.209,0.0,0.0,1.60,-0.390,0.180,-9.440,0.00000,0
22.219,0.0,0.0,1.60,-0.390,0.190,-9.510,0.00000,0
22.229,0.0,0.0,1.60,-0.390,0.190,-9.510,0.00000,0
22.239,0.0,0.0,1.60,-0.390,0.190,-9.510,0.00000,0
22.250,0.0,0.0,1.60,-0.390,0.190,-9.510,0.00000,0
22.260,0.0,0.0,1.60,-0.390,0.190,-9.510,0.00000,0
22.270,0.0,0.0,1.60,-0.390,0.120,-9.570,0.00000,0
22.280,0.0,0.0,1.60,-0.390,0.120,-9.570,0.00000,0
22.290,0.0,0.0,1.60,-0.390,0.120,-9.570,0.00000,0
22.300,0.0,0.0,1.60,-0.390,0.120,-9.570,0.00000,0
22.311,0.0,0.0,1.60,-0.390,0.120,-9.570,0.00000,0
22.321,0.0,0.0,1.60,-0.430,0.190,-9.560,0.00000,0
22.331,0.0,0.0,1.60,-0.430,0.190,-9.560,0.00000,0
22.341,0.0,0.0,1.60,-0.430,0.190,-9.560,0.00000,0
22.351,0.0,0.0,1.60,-0.430,0.190,-9.560,0.00000,0
22.361,0.0,0.0,1.60,-0.430,0.190,-9.560,0.00000,0
22.371,0.0,0.0,1.60,-0.430,0.190,-9.560,0.00000,0
22.382,0.0,0.0,1.60,-0.410,0.130,-9.320,0.00000,0
22.392,0.0,0.0,1.60,-0.410,0.130,-9.320,0.00000,0
22.402,0.0,0.0,1.60,-0.410,0.130,-9.320,0.00000,0
22.412,0.0,0.0,1.60,-0.410,0.130,-9.320,0.00000,0
22.422,0.0,0.0,1.60,-0.410,0.130,-9.320,0.00000,0
22.432,0.0,0.0,1.60,-0.390,0.220,-9.490,0.00000,0
22.442,0.0,0.0,1.60,-0.390,0.220,-9.490,0.00000,0
22.452,0.0,0.0,1.60,-0.390,0.220,-9.490,0.00000,0
22.463,0.0,0.0,1.60,-0.390,0.220,-9.490,0.00000,0
22.473,0.0,0.0,1.60,-0.460,0.130,-9.550,0.00000,0
22.483,0.0,0.0,1.60,-0.460,0.130,-9.550,0.00000,0
22.493,0.0,0.0,1.60,-0.460,0.130,-9.550,0.00000,0
22.503,0.0,0.0,1.60,-0.460,0.130,-9.550,0.00000,0
22.513,0.0,0.0,1.60,-0.460,0.130,-9.550,0.00000,0
22.523,0.0,0.0,1.60,-0.340,0.220,-9.500,0.00000,0
22.534,0.0,0.0,1.60,-0.340,0.220,-9.500,0.00000,0
22.544,0.0,0.0,1.60,-0.340,0.220,-9.500,0.00000,0
22.554,0.0,0.0,1.60,-0.340,0.220,-9.500,0.00000,0
22.564,0.0,0.0,1.60,-0.340,0.220,-9.500,0.00000,0
22.574,0.0,0.0,1.60,-0.390,0.050,-9.540,0.00000,0
22.584,0.0,0.0,1.60,-0.390,0.050,-9.540,0.00000,0
22.594,0.0,0.0,1.60,-0.390,0.050,-9.540,0.00000,0
22.605,0.0,0.0,1.60,-0.390,0.050,-9.540,0.00000,0
22.615,0.0,0.0,1.60,-0.390,0.050,-9.540,0.00000,0
22.625,0.0,0.0,1.60,-0.360,0.220,-9.560,0.00000,0
22.635,0.0,0.0,1.60,-0.360,0.220,-9.560,0.00000,0
22.645,0.0,0.0,1.60,-0.360,0.220,-9.560,0.00000,0
22.655,0.0,0.0,1.60,-0.360,0.220,-9.560,0.00000,0
22.665,0.0,0.0,1.60,-0.360,0.220,-9.560,0.00000,0
22.675,0.0,0.0,1.60,-0.410,0.040,-9.560,0.00000,0
22.686,0.0,0.0,1.60,-0.410,0.040,-9.560,0.00000,0
22.696,0.0,0.0,1.60,-0.410,0.040,-9.560,0.00000,0
22.706,0.0,0.0,1.60,-0.410,0.040,-9.560,0.00000,0
22.716,0.0,0.0,1.60,-0.410,0.040,-9.560,0.00000,0
22.726,0.0,0.0,1.60,-0.410,0.150,-9.450,0.00000,0
22.736,0.0,0.0,1.60,-0.410,0.150,-9.450,0.00000,0
22.746,0.0,0.0,1.60,-0.410,0.150,-9.450,0.00000,0
22.757,0.0,0.0,1.60,-0.410,0.150,-9.450,0.00000,0
22.767,0.0,0.0,1.60,-0.410,0.150,-9.450,0.00000,0
22.777,0.0,0.0,1.60,-0.380,0.080,-9.430,0.00000,0
22.787,0.0,0.0,1.60,-0.380,0.080,-9.430,0.00000,0
22.797,0.0,0.0,1.60,-0.380,0.080,-9.430,0.00000,0
22.807,0.0,0.0,1.60,-0.380,0.080,-9.430,0.00000,0
22.817,0.0,0.0,1.60,-0.380,0.080,-9.430,0.00000,0
22.827,0.0,0.0,1.60,-0.400,0.180,-9.540,0.00000,0
22.838,0.0,0.0,1.60,-0.400,0.180,-9.540,0.00000,0
22.848,0.0,0.0,1.60,-0.400,0.180,-9.540,0.00000,0
22.858,0.0,0.0,1.60,-0.400,0.180,-9.540,0.00000,0
22.868,0.0,0.0,1.60,-0.400,0.180,-9.540,0.00000,0
22.878,0.0,0.0,1.60,-0.300,0.110,-9.620,0.00000,0
22.888,0.0,0.0,1.60,-0.300,0.110,-9.620,0.00000,0
22.898,0.0,0.0,1.60,-0.300,0.110,-9.620,0.00000,0
22.909,0.0,0.0,1.60,-0.300,0.110,-9.620,0.00000,0
22.919,0.0,0.0,1.60,-0.300,0.110,-9.620,0.00000,0
22.929,0.0,0.0,1.60,-0.400,0.140,-9.430,0.00000,0
22.939,0.0,0.0,1.60,-0.400,0.140,-9.430,0.00000,0
22.949,0.0,0.0,1.60,-0.400,0.140,-9.430,0.00000,0
22.959,0.0,0.0,1.60,-0.400,0.140,-9.430,0.00000,0
22.969,0.0,0.0,1.60,-0.360,0.180,-9.390,0.00000,0
22.979,0.0,0.0,1.60,-0.360,0.180,-9.390,0.00000,0
22.990,0.0,0.0,1.60,-0.360,0.180,-9.390,0.00000,0
23.000,0.0,0.0,1.60,-0.360,0.180,-9.390,0.00000,0
23.010,0.0,0.0,1.60,-0.360,0.180,-9.390,0.00000,0
23.020,0.0,0.0,1.60,-0.390,0.110,-9.400,0.00000,0
23.030,0.0,0.0,1.60,-0.390,0.110,-9.400,0.00000,0
23.040,0.0,0.0,1.60,-0.390,0.110,-9.400,0.00000,0
23.050,0.0,0.0,1.60,-0.390,0.110,-9.400,0.00000,0
23.061,0.0,0.0,1.60,-0.390,0.110,-9.400,0.00000,0
23.071,0.0,0.0,1.60,-0.410,0.190,-9.430,0.00000,0
23.081,0.0,0.0,1.60,-0.410,0.190,-9.430,0.00000,0
23.091,0.0,0.0,1.60,-0.410,0.190,-9.430,0.00000,0
23.101,0.0,0.0,1.60,-0.410,0.190,-9.430,0.00000,0
23.111,0.0,0.0,1.60,-0.410,0.190,-9.430,0.00000,0
23.121,0.0,0.0,1.60,-0.410,0.190,-9.430,0.00000,0
23.131,0.0,0.0,1.60,-0.400,0.130,-9.440,0.00000,0
23.142,0.0,0.0,1.60,-0.400,0.130,-9.440,0.00000,0
23.152,0.0,0.0,1.60,-0.400,0.130,-9.440,0.00000,0
23.162,0.0,0.0,1.60,-0.400,0.130,-9.440,0.00000,0
23.172,0.0,0.0,1.60,-0.400,0.130,-9.440,0.00000,0
23.182,0.0,0.0,1.60,-0.340,0.150,-9.530,0.00000,0
23.192,0.0,0.0,1.60,-0.340,0.150,-9.530,0.00000,0
23.202,0.0,0.0,1.60,-0.340,0.150,-9.530,0.00000,0
23.213,0.0,0.0,1.60,-0.340,0.150,-9.530,0.00000,0
23.223,0.0,0.0,1.60,-0.370,0.100,-9.600,0.00000,0
23.233,0.0,0.0,1.60,-0.370,0.100,-9.600,0.00000,0
23.243,0.0,0.0,1.60,-0.370,0.100,-9.600,0.00000,0
23.253,0.0,0.0,1.60,-0.370,0.100,-9.600,0.00000,0
23.263,0.0,0.0,1.60,-0.370,0.100,-9.600,0.00000,0
23.274,0.0,0.0,1.60,-0.450,0.150,-9.530,0.00000,0
23.284,0.0,0.0,1.60,-0.450,0.150,-9.530,0.00000,0
23.294,0.0,0.0,1.60,-0.450,0.150,-9.530,0.00000,0
23.304,0.0,0.0,1.60,-0.450,0.150,-9.530,0.00000,0
23.314,0.0,0.0,1.60,-0.450,0.150,-9.530,0.00000,0
23.324,0.0,0.0,1.60,-0.370,0.130,-9.530,0.00000,0
23.335,0.0,0.0,1.60,-0.370,0.130,-9.530,0.00000,0
23.345,0.0,0.0,1.60,-0.370,0.130,-9.530,0.00000,0
23.355,0.0,0.0,1.60,-0.370,0.130,-9.530,0.00000,0
23.365,0.0,0.0,1.60,-0.370,0.130,-9.530,0.00000,0
23.375,0.0,0.0,1.60,-0.370,0.130,-9.530,0.00000,0
23.385,0.0,0.0,1.60,-0.340,0.110,-9.500,0.00000,0
23.395,0.0,0.0,1.60,-0.340,0.110,-9.500,0.00000,0
23.406,0.0,0.0,1.60,-0.340,0.110,-9.500,0.00000,0
23.416,0.0,0.0,1.60,-0.340,0.110,-9.500,0.00000,0
23.426,0.0,0.0,1.60,-0.390,0.110,-9.440,0.00000,0
23.436,0.0,0.0,1.60,-0.390,0.110,-9.440,0.00000,0
23.446,0.0,0.0,1.60,-0.390,0.110,-9.440,0.00000,0
23.456,0.0,0.0,1.60,-0.390,0.110,-9.440,0.00000,0
23.466,0.0,0.0,1.60,-0.390,0.110,-9.440,0.00000,0
23.477,0.0,0.0,1.60,-0.430,0.140,-9.450,0.00000,0
23.487,0.0,0.0,1.60,-0.430,0.140,-9.450,0.00000,0
23.497,0.0,0.0,1.60,-0.430,0.140,-9.450,0.00000,0
23.507,0.0,0.0,1.60,-0.430,0.140,-9.450,0.00000,0
23.517,0.0,0.0,1.60,-0.430,0.140,-9.450,0.00000,0
23.527,0.0,0.0,1.60,-0.350,0.110,-9.420,0.00000,0
23.537,0.0,0.0,1.60,-0.350,0.110,-9.420,0.00000,0
23.547,0.0,0.0,1.60,-0.350,0.110,-9.420,0.00000,0
23.558,0.0,0.0,1.60,-0.350,0.110,-9.420,0.00000,0
23.568,0.0,0.0,1.60,-0.350,0.110,-9.420,0.00000,0
23.578,0.0,0.0,1.60,-0.360,0.110,-9.460,0.00000,0
23.588,0.0,0.0,1.60,-0.360,0.110,-9.460,0.00000,0
23.598,0.0,0.0,1.60,-0.360,0.110,-9.460,0.00000,0
23.608,0.0,0.0,1.60,-0.360,0.110,-9.460,0.00000,0
23.618,0.0,0.0,1.60,-0.360,0.110,-9.460,0.00000,0
23.628,0.0,0.0,1.60,-0.350,0.180,-9.510,0.00000,0
23.639,0.0,0.0,1.60,-0.350,0.180,-9.510,0.00000,0
23.649,0.0,0.0,1.60,-0.350,0.180,-9.510,0.00000,0
23.659,0.0,0.0,1.60,-0.350,0.180,-9.510,0.00000,0
23.669,0.0,0.0,1.60,-0.350,0.180,-9.510,0.00000,0
23.679,0.0,0.0,1.60,-0.450,0.140,-9.480,0.00000,0
23.689,0.0,0.0,1.60,-0.450,0.140,-9.480,0.00000,0
23.699,0.0,0.0,1.60,-0.450,0.140,-9.480,0.00000,0
23.710,0.0,0.0,1.60,-0.450,0.140,-9.480,0.00000,0
23.720,0.0,0.0,1.60,-0.370,0.080,-9.460,0.00000,0
23.730,0.0,0.0,1.60,-0.370,0.080,-9.460,0.00000,0
23.740,0.0,0.0,1.60,-0.370,0.080,-9.460,0.00000,0
23.750,0.0,0.0,1.60,-0.370,0.080,-9.460,0.00000,0
23.760,0.0,0.0,1.60,-0.370,0.080,-9.460,0.00000,0
23.770,0.0,0.0,1.60,-0.370,0.130,-9.490,0.00000,0
23.780,0.0,0.0,1.60,-0.370,0.130,-9.490,0.00000,0
23.790,0.0,0.0,1.60,-0.370,0.130,-9.490,0.00000,0
23.801,0.0,0.0,1.60,-0.370,0.130,-9.490,0.00000,0
23.811,0.0,0.0,1.60,-0.370,0.130,-9.490,0.00000,0
23.821,0.0,0.0,1.60,-0.380,0.150,-9.480,0.00000,0
23.831,0.0,0.0,1.60,-0.380,0.150,-9.480,0.00000,0
23.841,0.0,0.0,1.60,-0.380,0.150,-9.480,0.00000,0
23.851,0.0,0.0,1.60,-0.380,0.150,-9.480,0.00000,0
23.861,0.0,0.0,1.60,-0.380,0.150,-9.480,0.00000,0
23.871,0.0,0.0,1.60,-0.380,0.150,-9.480,0.00000,0
23.882,0.0,0.0,1.60,-0.380,0.110,-9.470,0.00000,0
23.893,0.0,0.0,1.60,-0.380,0.110,-9.470,0.00000,0
23.903,0.0,0.0,1.60,-0.380,0.110,-9.470,0.00000,0
23.913,0.0,0.0,1.60,-0.380,0.110,-9.470,0.00000,0
23.923,0.0,0.0,1.60,-0.380,0.110,-9.470,0.00000,0
23.933,0.0,0.0,1.60,-0.380,0.110,-9.470,0.00000,0
23.943,0.0,0.0,1.60,-0.380,0.110,-9.470,0.00000,0
23.954,0.0,0.0,1.60,-0.380,0.110,-9.470,0.00000,0
23.964,0.0,0.0,1.60,-0.380,0.110,-9.470,0.00000,0
23.974,0.0,0.0,1.60,-0.370,0.120,-9.520,0.00000,0
23.984,0.0,0.0,1.60,-0.370,0.120,-9.520,0.00000,0
23.994,0.0,0.0,1.60,-0.370,0.120,-9.520,0.00000,0
24.004,0.0,0.0,1.60,-0.370,0.120,-9.520,0.00000,0
24.014,0.0,0.0,1.60,-0.370,0.120,-9.520,0.00000,0
24.025,0.0,0.0,1.60,-0.360,0.140,-9.450,0.00000,0
24.035,0.0,0.0,1.60,-0.360,0.140,-9.450,0.00000,0
24.045,0.0,0.0,1.60,-0.360,0.140,-9.450,0.00000,0
24.055,0.0,0.0,1.60,-0.360,0.140,-9.450,0.00000,0
24.065,0.0,0.0,1.60,-0.360,0.140,-9.450,0.00000,0
24.075,0.0,0.0,1.60,-0.410,0.130,-9.470,0.00000,0
24.085,0.0,0.0,1.60,-0.410,0.130,-9.470,0.00000,0
24.095,0.0,0.0,1.60,-0.410,0.130,-9.470,0.00000,0
24.106,0.0,0.0,1.60,-0.410,0.130,-9.470,0.00000,0
24.116,0.0,0.0,1.60,-0.410,0.130,-9.470,0.00000,0
24.126,0.0,0.0,1.60,-0.420,0.150,-9.490,0.00000,0
24.136,0.0,0.0,1.60,-0.420,0.150,-9.490,0.00000,0
24.146,0.0,0.0,1.60,-0.420,0.150,-9.490,0.00000,0
24.156,0.0,0.0,1.60,-0.420,0.150,-9.490,0.00000,0
24.166,0.0,0.0,1.60,-0.420,0.150,-9.490,0.00000,0
24.177,0.0,0.0,1.60,-0.430,0.120,-9.510,0.00000,0
24.187,0.0,0.0,1.60,-0.430,0.120,-9.510,0.00000,0
24.197,0.0,0.0,1.60,-0.430,0.120,-9.510,0.00000,0
24.207,0.0,0.0,1.60,-0.430,0.120,-9.510,0.00000,0
24.217,0.0,0.0,1.60,-0.420,0.080,-9.480,0.00000,0
24.227,0.0,0.0,1.60,-0.420,0.080,-9.480,0.00000,0
24.237,0.0,0.0,1.60,-0.420,0.080,-9.480,0.00000,0
24.248,0.0,0.0,1.60,-0.420,0.080,-9.480,0.00000,0
24.258,0.0,0.0,1.60,-0.420,0.080,-9.480,0.00000,0
24.268,0.0,0.0,1.60,-0.420,0.080,-9.480,0.00000,0
24.278,0.0,0.0,1.60,-0.380,0.140,-9.460,0.00000,0
24.288,0.0,0.0,1.60,-0.380,0.140,-9.460,0.00000,0
24.298,0.0,0.0,1.60,-0.380,0.140,-9.460,0.00000,0
24.308,0.0,0.0,1.60,-0.380,0.140,-9.460,0.00000,0
24.319,0.0,0.0,1.60,-0.380,0.140,-9.460,0.00000,0
24.329,0.0,0.0,1.60,-0.300,0.090,-9.490,0.00000,0
24.339,0.0,0.0,1.60,-0.300,0.090,-9.490,0.00000,0
24.349,0.0,0.0,1.60,-0.300,0.090,-9.490,0.00000,0
24.359,0.0,0.0,1.60,-0.300,0.090,-9.490,0.00000,0
24.369,0.0,0.0,1.60,-0.300,0.090,-9.490,0.00000,0
24.379,0.0,0.0,1.60,-0.480,0.120,-9.510,0.00000,0
24.390,0.0,0.0,1.60,-0.480,0.120,-9.510,0.00000,0
24.400,0.0,0.0,1.60,-0.480,0.120,-9.510,0.00000,0
24.410,0.0,0.0,1.60,-0.480,0.120,-9.510,0.00000,0
24.420,0.0,0.0,1.60,-0.480,0.120,-9.510,0.00000,0
24.430,0.0,0.0,1.60,-0.340,0.260,-9.410,0.00000,0
24.440,0.0,0.0,1.60,-0.340,0.260,-9.410,0.00000,0
24.451,0.0,0.0,1.60,-0.340,0.260,-9.410,0.00000,0
24.461,0.0,0.0,1.60,-0.340,0.260,-9.410,0.00000,0
24.471,0.0,0.0,1.60,-0.390,0.130,-9.470,0.00000,0
24.481,0.0,0.0,1.60,-0.390,0.130,-9.470,0.00000,0
24.491,0.0,0.0,1.60,-0.390,0.130,-9.470,0.00000,0
24.501,0.0,0.0,1.60,-0.390,0.130,-9.470,0.00000,0
24.511,0.0,0.0,1.60,-0.390,0.130,-9.470,0.00000,0
24.521,0.0,0.0,1.60,-0.380,0.260,-9.620,0.00000,0
24.532,0.0,0.0,1.60,-0.380,0.260,-9.620,0.00000,0
24.542,0.0,0.0,1.60,-0.380,0.260,-9.620,0.00000,0
24.552,0.0,0.0,1.60,-0.380,0.260,-9.620,0.00000,0
24.562,0.0,0.0,1.60,-0.380,0.260,-9.620,0.00000,0
24.572,0.0,0.0,1.60,-0.440,0.060,-9.740,0.00000,0
24.582,0.0,0.0,1.60,-0.440,0.060,-9.740,0.00000,0
24.592,0.0,0.0,1.60,-0.440,0.060,-9.740,0.00000,0
24.603,0.0,0.0,1.60,-0.440,0.060,-9.740,0.00000,0
24.613,0.0,0.0,1.60,-0.440,0.060,-9.740,0.00000,0
24.623,0.0,0.0,1.60,-0.350,0.220,-9.520,0.00000,0
24.633,0.0,0.0,1.60,-0.350,0.220,-9.520,0.00000,0
24.643,0.0,0.0,1.60,-0.350,0.220,-9.520,0.00000,0
24.653,0.0,0.0,1.60,-0.350,0.220,-9.520,0.00000,0
24.663,0.0,0.0,1.60,-0.350,0.220,-9.520,0.00000,0
24.674,0.0,0.0,1.60,-0.350,0.220,-9.520,0.00000,0
24.684,0.0,0.0,1.60,-0.350,0.040,-9.530,0.00000,0
24.694,0.0,0.0,1.60,-0.350,0.040,-9.530,0.00000,0
24.704,0.0,0.0,1.60,-0.350,0.040,-9.530,0.00000,0
24.714,0.0,0.0,1.60,-0.350,0.040,-9.530,0.00000,0
24.724,0.0,0.0,1.60,-0.350,0.180,-9.430,0.00000,0
24.734,0.0,0.0,1.60,-0.350,0.180,-9.430,0.00000,0
24.744,0.0,0.0,1.60,-0.350,0.180,-9.430,0.00000,0
24.755,0.0,0.0,1.60,-0.350,0.180,-9.430,0.00000,0
24.765,0.0,0.0,1.60,-0.350,0.180,-9.430,0.00000,0
24.775,0.0,0.0,1.60,-0.440,0.000,-9.380,0.00000,0
24.785,0.0,0.0,1.60,-0.440,0.000,-9.380,0.00000,0
24.795,0.0,0.0,1.60,-0.440,0.000,-9.380,0.00000,0
24.805,0.0,0.0,1.60,-0.440,0.000,-9.380,0.00000,0
24.815,0.0,0.0,1.60,-0.440,0.000,-9.380,0.00000,0
24.826,0.0,0.0,1.60,-0.420,0.200,-9.410,0.00000,0
24.836,0.0,0.0,1.60,-0.420,0.200,-9.410,0.00000,0
24.846,0.0,0.0,1.60,-0.420,0.200,-9.410,0.00000,0
24.856,0.0,0.0,1.60,-0.420,0.200,-9.410,0.00000,0
24.866,0.0,0.0,1.60,-0.420,0.200,-9.410,0.00000,0
24.876,0.0,0.0,1.60,-0.430,0.150,-9.450,0.00000,0
24.886,0.0,0.0,1.60,-0.430,0.150,-9.450,0.00000,0
24.896,0.0,0.0,1.60,-0.430,0.150,-9.450,0.00000,0
24.907,0.0,0.0,1.60,-0.430,0.150,-9.450,0.00000,0
24.917,0.0,0.0,1.60,-0.430,0.150,-9.450,0.00000,0
24.927,0.0,0.0,1.60,-0.350,0.070,-9.440,0.00000,0
24.937,0.0,0.0,1.60,-0.350,0.070,-9.440,0.00000,0
24.947,0.0,0.0,1.60,-0.350,0.070,-9.440,0.00000,0
24.957,0.0,0.0,1.60,-0.350,0.070,-9.440,0.00000,0
24.967,0.0,0.0,1.60,-0.380,0.180,-9.510,0.00000,0
24.978,0.0,0.0,1.60,-0.380,0.180,-9.510,0.00000,0
24.988,0.0,0.0,1.60,-0.380,0.180,-9.510,0.00000,0
24.998,0.0,0.0,1.60,-0.380,0.180,-9.510,0.00000,0
25.008,0.0,0.0,1.60,-0.380,0.180,-9.510,0.00000,0
25.018,0.0,0.0,1.60,-0.380,0.180,-9.510,0.00000,0
25.028,0.0,0.0,1.60,-0.400,0.110,-9.500,0.00000,0
25.038,0.0,0.0,1.60,-0.400,0.110,-9.500,0.00000,0
25.049,0.0,0.0,1.60,-0.400,0.110,-9.500,0.00000,0
25.059,0.0,0.0,1.60,-0.400,0.110,-9.500,0.00000,0
25.069,0.0,0.0,1.60,-0.400,0.110,-9.500,0.00000,0
25.079,0.0,0.0,1.60,-0.400,0.170,-9.560,0.00000,0
25.089,0.0,0.0,1.60,-0.400,0.170,-9.560,0.00000,0
25.099,0.0,0.0,1.60,-0.400,0.170,-9.560,0.00000,0
25.109,0.0,0.0,1.60,-0.400,0.170,-9.560,0.00000,0
25.120,0.0,0.0,1.60,-0.400,0.170,-9.560,0.00000,0
25.130,0.0,0.0,1.60,-0.430,0.120,-9.560,0.00000,0
25.140,0.0,0.0,1.60,-0.430,0.120,-9.560,0.00000,0
25.150,0.0,0.0,1.60,-0.430,0.120,-9.560,0.00000,0
25.160,0.0,0.0,1.60,-0.430,0.120,-9.560,0.00000,0
25.170,0.0,0.0,1.60,-0.430,0.120,-9.560,0.00000,0
25.180,0.0,0.0,1.60,-0.370,0.150,-9.400,0.00000,0
25.190,0.0,0.0,1.60,-0.370,0.150,-9.400,0.00000,0
25.201,0.0,0.0,1.60,-0.370,0.150,-9.400,0.00000,0
25.211,0.0,0.0,1.60,-0.370,0.150,-9.400,0.00000,0
25.221,0.0,0.0,1.60,-0.360,0.080,-9.450,0.00000,0
25.231,0.0,0.0,1.60,-0.360,0.080,-9.450,0.00000,0
25.241,0.0,0.0,1.60,-0.360,0.080,-9.450,0.00000,0
25.251,0.0,0.0,1.60,-0.360,0.080,-9.450,0.00000,0
25.261,0.0,0.0,1.60,-0.360,0.080,-9.450,0.00000,0
25.271,0.0,0.0,1.60,-0.400,0.150,-9.410,0.00000,0
25.282,0.0,0.0,1.60,-0.400,0.150,-9.410,0.00000,0
25.292,0.0,0.0,1.60,-0.400,0.150,-9.410,0.00000,0
25.302,0.0,0.0,1.60,-0.400,0.150,-9.410,0.00000,0
25.312,0.0,0.0,1.60,-0.400,0.150,-9.410,0.00000,0
25.322,0.0,0.0,1.60,-0.360,0.110,-9.480,0.00000,0
25.332,0.0,0.0,1.60,-0.360,0.110,-9.480,0.00000,0
25.342,0.0,0.0,1.60,-0.360,0.110,-9.480,0.00000,0
25.352,0.0,0.0,1.60,-0.360,0.110,-9.480,0.00000,0
25.363,0.0,0.0,1.60,-0.360,0.110,-9.480,0.00000,0
25.373,0.0,0.0,1.60,-0.390,0.110,-9.460,0.00000,0
25.383,0.0,0.0,1.60,-0.390,0.110,-9.460,0.00000,0
25.393,0.0,0.0,1.60,-0.390,0.110,-9.460,0.00000,0
25.403,0.0,0.0,1.60,-0.390,0.110,-9.460,0.00000,0
25.413,0.0,0.0,1.60,-0.390,0.110,-9.460,0.00000,0
25.423,0.0,0.0,1.60,-0.390,0.110,-9.460,0.00000,0
25.434,0.0,0.0,1.60,-0.450,0.090,-9.510,0.00000,0
25.444,0.0,0.0,1.60,-0.450,0.090,-9.510,0.00000,0
25.454,0.0,0.0,1.60,-0.450,0.090,-9.510,0.00000,0
25.464,0.0,0.0,1.60,-0.450,0.090,-9.510,0.00000,0
25.474,0.0,0.0,1.60,-0.420,0.160,-9.500,0.00000,0
25.484,0.0,0.0,1.60,-0.420,0.160,-9.500,0.00000,0
25.494,0.0,0.0,1.60,-0.420,0.160,-9.500,0.00000,0
25.505,0.0,0.0,1.60,-0.420,0.160,-9.500,0.00000,0
25.515,0.0,0.0,1.60,-0.420,0.160,-9.500,0.00000,0
25.525,0.0,0.0,1.60,-0.410,0.130,-9.470,0.00000,0
25.535,0.0,0.0,1.60,-0.410,0.130,-9.470,0.00000,0
25.546,0.0,0.0,1.60,-0.410,0.130,-9.470,0.00000,0
25.556,0.0,0.0,1.60,-0.410,0.130,-9.470,0.00000,0
25.566,0.0,0.0,1.60,-0.410,0.130,-9.470,0.00000,0
25.576,0.0,0.0,1.60,-0.420,0.150,-9.490,0.00000,0
25.586,0.0,0.0,1.60,-0.420,0.150,-9.490,0.00000,0
25.596,0.0,0.0,1.60,-0.420,0.150,-9.490,0.00000,0
25.607,0.0,0.0,1.60,-0.420,0.150,-9.490,0.00000,0
25.617,0.0,0.0,1.60,-0.420,0.150,-9.490,0.00000,0
25.627,0.0,0.0,1.60,-0.420,0.110,-9.460,0.00000,0
25.637,0.0,0.0,1.60,-0.420,0.110,-9.460,0.00000,0
25.647,0.0,0.0,1.60,-0.420,0.110,-9.460,0.00000,0
25.657,0.0,0.0,1.60,-0.420,0.110,-9.460,0.00000,0
25.667,0.0,0.0,1.60,-0.420,0.110,-9.460,0.00000,0
25.678,0.0,0.0,1.60,-0.410,0.140,-9.440,0.00000,0
25.688,0.0,0.0,1.60,-0.410,0.140,-9.440,0.00000,0
25.698,0.0,0.0,1.60,-0.410,0.140,-9.440,0.00000,0
25.708,0.0,0.0,1.60,-0.410,0.140,-9.440,0.00000,0
25.718,0.0,0.0,1.60,-0.450,0.150,-9.460,0.00000,0
25.728,0.0,0.0,1.60,-0.450,0.150,-9.460,0.00000,0
25.738,0.0,0.0,1.60,-0.450,0.150,-9.460,0.00000,0
25.748,0.0,0.0,1.60,-0.450,0.150,-9.460,0.00000,0
25.759,0.0,0.0,1.60,-0.450,0.150,-9.460,0.00000,0
25.769,0.0,0.0,1.60,-0.340,0.100,-9.470,0.00000,0
25.779,0.0,0.0,1.60,-0.340,0.100,-9.470,0.00000,0
25.789,0.0,0.0,1.60,-0.340,0.100,-9.470,0.00000,0
25.799,0.0,0.0,1.60,-0.340,0.100,-9.470,0.00000,0
25.809,0.0,0.0,1.60,-0.340,0.100,-9.470,0.00000,0
25.819,0.0,0.0,1.60,-0.340,0.100,-9.470,0.00000,0
25.829,0.0,0.0,1.60,-0.400,0.120,-9.460,0.00000,0
25.840,0.0,0.0,1.60,-0.400,0.120,-9.460,0.00000,0
25.850,0.0,0.0,1.60,-0.400,0.120,-9.460,0.00000,0
25.860,0.0,0.0,1.60,-0.400,0.120,-9.460,0.00000,0
25.870,0.0,0.0,1.60,-0.400,0.120,-9.460,0.00000,0
25.880,0.0,0.0,1.60,-0.390,0.150,-9.540,0.00000,0
25.890,0.0,0.0,1.60,-0.390,0.150,-9.540,0.00000,0
25.900,0.0,0.0,1.60,-0.390,0.150,-9.540,0.00000,0
25.911,0.0,0.0,1.60,-0.390,0.150,-9.540,0.00000,0
25.921,0.0,0.0,1.60,-0.390,0.150,-9.540,0.00000,0
25.931,0.0,0.0,1.60,-0.390,0.150,-9.540,0.00000,0
25.941,0.0,0.0,1.60,-0.430,0.130,-9.490,0.00000,0
25.951,0.0,0.0,1.60,-0.430,0.130,-9.490,0.00000,0
25.961,0.0,0.0,1.60,-0.430,0.130,-9.490,0.00000,0
25.972,0.0,0.0,1.60,-0.400,0.130,-9.440,0.00000,0
25.982,0.0,0.0,1.60,-0.400,0.130,-9.440,0.00000,0
25.992,0.0,0.0,1.60,-0.400,0.130,-9.440,0.00000,0
26.002,0.0,0.0,1.60,-0.400,0.130,-9.440,0.00000,0
26.012,0.0,0.0,1.60,-0.400,0.130,-9.440,0.00000,0
26.022,0.0,0.0,1.60,-0.420,0.120,-9.540,0.00000,0
26.032,0.0,0.0,1.60,-0.420,0.120,-9.540,0.00000,0
26.042,0.0,0.0,1.60,-0.420,0.120,-9.540,0.00000,0
26.053,0.0,0.0,1.60,-0.420,0.120,-9.540,0.00000,0
26.063,0.0,0.0,1.60,-0.420,0.120,-9.540,0.00000,0
26.073,0.0,0.0,1.60,-0.390,0.150,-9.440,0.00000,0
26.083,0.0,0.0,1.60,-0.390,0.150,-9.440,0.00000,0
26.093,0.0,0.0,1.60,-0.390,0.150,-9.440,0.00000,0
26.103,0.0,0.0,1.60,-0.390,0.150,-9.440,0.00000,0
26.113,0.0,0.0,1.60,-0.390,0.150,-9.440,0.00000,0
26.123,0.0,0.0,1.60,-0.430,0.100,-9.460,0.00000,0
26.134,0.0,0.0,1.60,-0.430,0.100,-9.460,0.00000,0
26.144,0.0,0.0,1.60,-0.430,0.100,-9.460,0.00000,0
26.154,0.0,0.0,1.60,-0.430,0.100,-9.460,0.00000,0
26.164,0.0,0.0,1.60,-0.430,0.100,-9.460,0.00000,0
26.174,0.0,0.0,1.60,-0.430,0.100,-9.460,0.00000,0
26.184,0.0,0.0,1.60,-0.420,0.110,-9.470,0.00000,0
26.194,0.0,0.0,1.60,-0.420,0.110,-9.470,0.00000,0
26.205,0.0,0.0,1.60,-0.420,0.110,-9.470,0.00000,0
26.215,0.0,0.0,1.60,-0.420,0.110,-9.470,0.00000,0
26.225,0.0,0.0,1.60,-0.430,0.130,-9.480,0.00000,0
26.235,0.0,0.0,1.60,-0.430,0.130,-9.480,0.00000,0
26.245,0.0,0.0,1.60,-0.430,0.130,-9.480,0.00000,0
26.255,0.0,0.0,1.60,-0.430,0.130,-9.480,0.00000,0
26.265,0.0,0.0,1.60,-0.430,0.130,-9.480,0.00000,0
26.276,0.0,0.0,1.60,-0.380,0.100,-9.430,0.00000,0
26.286,0.0,0.0,1.60,-0.380,0.100,-9.430,0.00000,0
26.297,0.0,0.0,1.60,-0.380,0.100,-9.430,0.00000,0
26.307,0.0,0.0,1.60,-0.380,0.100,-9.430,0.00000,0
26.317,0.0,0.0,1.60,-0.380,0.100,-9.430,0.00000,0
26.327,0.0,0.0,1.60,-0.370,0.160,-9.490,0.00000,0
26.337,0.0,0.0,1.60,-0.370,0.160,-9.490,0.00000,0
26.347,0.0,0.0,1.60,-0.370,0.160,-9.490,0.00000,0
26.358,0.0,0.0,1.60,-0.370,0.160,-9.490,0.00000,0
26.368,0.0,0.0,1.60,-0.370,0.160,-9.490,0.00000,0
26.378,0.0,0.0,1.60,-0.360,0.110,-9.390,0.00000,0
26.388,0.0,0.0,1.60,-0.360,0.110,-9.390,0.00000,0
26.398,0.0,0.0,1.60,-0.360,0.110,-9.390,0.00000,0
26.408,0.0,0.0,1.60,-0.360,0.110,-9.390,0.00000,0
26.419,0.0,0.0,1.60,-0.360,0.110,-9.390,0.00000,0
26.429,0.0,0.0,1.60,-0.420,0.150,-9.450,0.00000,0
26.439,0.0,0.0,1.60,-0.420,0.150,-9.450,0.00000,0
26.449,0.0,0.0,1.60,-0.420,0.150,-9.450,0.00000,0
26.459,0.0,0.0,1.60,-0.420,0.150,-9.450,0.00000,0
26.469,0.0,0.0,1.60,-0.400,0.140,-9.540,0.00000,0
26.479,0.0,0.0,1.60,-0.400,0.140,-9.540,0.00000,0
26.489,0.0,0.0,1.60,-0.400,0.140,-9.540,0.00000,0
26.500,0.0,0.0,1.60,-0.400,0.140,-9.540,0.00000,0
26.510,0.0,0.0,1.60,-0.400,0.140,-9.540,0.00000,0
26.520,0.0,0.0,1.60,-0.410,0.140,-9.490,0.00000,0
26.530,0.0,0.0,1.60,-0.410,0.140,-9.490,0.00000,0
26.540,0.0,0.0,1.60,-0.410,0.140,-9.490,0.00000,0
26.550,0.0,0.0,1.60,-0.410,0.140,-9.490,0.00000,0
26.560,0.0,0.0,1.60,-0.410,0.140,-9.490,0.00000,0
26.571,0.0,0.0,1.60,-0.410,0.140,-9.490,0.00000,0
26.581,0.0,0.0,1.60,-0.370,0.160,-9.460,0.00000,0
26.591,0.0,0.0,1.60,-0.370,0.160,-9.460,0.00000,0
26.601,0.0,0.0,1.60,-0.370,0.160,-9.460,0.00000,0
26.611,0.0,0.0,1.60,-0.370,0.160,-9.460,0.00000,0
26.621,0.0,0.0,1.60,-0.370,0.160,-9.460,0.00000,0
26.631,0.0,0.0,1.60,-0.430,0.140,-9.460,0.00000,0
26.641,0.0,0.0,1.60,-0.430,0.140,-9.460,0.00000,0
26.652,0.0,0.0,1.60,-0.430,0.140,-9.460,0.00000,0
26.662,0.0,0.0,1.60,-0.430,0.140,-9.460,0.00000,0
26.672,0.0,0.0,1.60,-0.430,0.140,-9.460,0.00000,0
26.682,0.0,0.0,1.60,-0.400,0.110,-9.450,0.00000,0
26.692,0.0,0.0,1.60,-0.400,0.110,-9.450,0.00000,0
26.702,0.0,0.0,1.60,-0.400,0.110,-9.450,0.00000,0
26.712,0.0,0.0,1.60,-0.400,0.110,-9.450,0.00000,0
26.723,0.0,0.0,1.60,-0.370,0.100,-9.440,0.00000,0
26.733,0.0,0.0,1.60,-0.370,0.100,-9.440,0.00000,0
26.743,0.0,0.0,1.60,-0.370,0.100,-9.440,0.00000,0
26.753,0.0,0.0,1.60,-0.370,0.100,-9.440,0.00000,0
26.763,0.0,0.0,1.60,-0.370,0.100,-9.440,0.00000,0
26.773,0.0,0.0,1.60,-0.430,0.110,-9.510,0.00000,0
26.783,0.0,0.0,1.60,-0.430,0.110,-9.510,0.00000,0
26.793,0.0,0.0,1.60,-0.430,0.110,-9.510,0.00000,0
26.804,0.0,0.0,1.60,-0.430,0.110,-9.510,0.00000,0
26.814,0.0,0.0,1.60,-0.430,0.110,-9.510,0.00000,0
26.824,0.0,0.0,1.60,-0.400,0.120,-9.500,0.00000,0
26.834,0.0,0.0,1.60,-0.400,0.120,-9.500,0.00000,0
26.844,0.0,0.0,1.60,-0.400,0.120,-9.500,0.00000,0
26.854,0.0,0.0,1.60,-0.400,0.120,-9.500,0.00000,0
26.864,0.0,0.0,1.60,-0.400,0.120,-9.500,0.00000,0
26.875,0.0,0.0,1.60,-0.440,0.120,-9.540,0.00000,0
26.885,0.0,0.0,1.60,-0.440,0.120,-9.540,0.00000,0
26.895,0.0,0.0,1.60,-0.440,0.120,-9.540,0.00000,0
26.905,0.0,0.0,1.60,-0.440,0.120,-9.540,0.00000,0
26.915,0.0,0.0,1.60,-0.440,0.120,-9.540,0.00000,0
26.925,0.0,0.0,1.60,-0.380,0.140,-9.480,0.00000,0
26.935,0.0,0.0,1.60,-0.380,0.140,-9.480,0.00000,0
26.945,0.0,0.0,1.60,-0.380,0.140,-9.480,0.00000,0
26.956,0.0,0.0,1.60,-0.380,0.140,-9.480,0.00000,0
26.966,0.0,0.0,1.60,-0.380,0.140,-9.480,0.00000,0
26.976,0.0,0.0,1.60,-0.390,0.130,-9.460,0.00000,0
26.986,0.0,0.0,1.60,-0.390,0.130,-9.460,0.00000,0
26.996,0.0,0.0,1.60,-0.390,0.130,-9.460,0.00000,0
27.006,0.0,0.0,1.60,-0.390,0.130,-9.460,0.00000,0
27.016,0.0,0.0,1.60,-0.390,0.130,-9.460,0.00000,0
27.027,0.0,0.0,1.60,-0.400,0.150,-9.410,0.00000,0
27.037,0.0,0.0,1.60,-0.400,0.150,-9.410,0.00000,0
27.047,0.0,0.0,1.60,-0.400,0.150,-9.410,0.00000,0
27.057,0.0,0.0,1.60,-0.400,0.150,-9.410,0.00000,0
27.067,0.0,0.0,1.60,-0.400,0.150,-9.410,0.00000,0
27.077,0.0,0.0,1.60,-0.370,0.110,-9.510,0.00000,0
27.087,0.0,0.0,1.60,-0.370,0.110,-9.510,0.00000,0
27.098,0.0,0.0,1.60,-0.370,0.110,-9.510,0.00000,0
27.108,0.0,0.0,1.60,-0.370,0.110,-9.510,0.00000,0
27.118,0.0,0.0,1.60,-0.370,0.110,-9.510,0.00000,0
27.128,0.0,0.0,1.60,-0.400,0.110,-9.480,0.00000,0
27.139,0.0,0.0,1.60,-0.400,0.110,-9.480,0.00000,0
27.149,0.0,0.0,1.60,-0.400,0.110,-9.480,0.00000,0
27.159,0.0,0.0,1.60,-0.400,0.110,-9.480,0.00000,0
27.169,0.0,0.0,1.60,-0.400,0.110,-9.480,0.00000,0
27.179,0.0,0.0,1.60,-0.370,0.120,-9.550,0.00000,0
27.189,0.0,0.0,1.60,-0.370,0.120,-9.550,0.00000,0
27.199,0.0,0.0,1.60,-0.370,0.120,-9.550,0.00000,0
27.210,0.0,0.0,1.60,-0.370,0.120,-9.550,0.00000,0
27.220,0.0,0.0,1.60,-0.390,0.120,-9.520,0.00000,0
27.230,0.0,0.0,1.60,-0.390,0.120,-9.520,0.00000,0
27.240,0.0,0.0,1.60,-0.390,0.120,-9.520,0.00000,0
27.250,0.0,0.0,1.60,-0.390,0.120,-9.520,0.00000,0
27.260,0.0,0.0,1.60,-0.390,0.120,-9.520,0.00000,0
27.270,0.0,0.0,1.60,-0.410,0.120,-9.490,0.00000,0
27.281,0.0,0.0,1.60,-0.410,0.120,-9.490,0.00000,0
27.291,0.0,0.0,1.60,-0.410,0.120,-9.490,0.00000,0
27.301,0.0,0.0,1.60,-0.410,0.120,-9.490,0.00000,0
27.311,0.0,0.0,1.60,-0.410,0.120,-9.490,0.00000,0
27.321,0.0,0.0,1.60,-0.410,0.160,-9.490,0.00000,0
27.331,0.0,0.0,1.60,-0.410,0.160,-9.490,0.00000,0
27.341,0.0,0.0,1.60,-0.410,0.160,-9.490,0.00000,0
27.351,0.0,0.0,1.60,-0.410,0.160,-9.490,0.00000,0
27.362,0.0,0.0,1.60,-0.410,0.160,-9.490,0.00000,0
27.372,0.0,0.0,1.60,-0.410,0.160,-9.490,0.00000,0
27.382,0.0,0.0,1.60,-0.440,0.120,-9.540,0.00000,0
27.392,0.0,0.0,1.60,-0.440,0.120,-9.540,0.00000,0
27.402,0.0,0.0,1.60,-0.440,0.120,-9.540,0.00000,0
27.412,0.0,0.0,1.60,-0.440,0.120,-9.540,0.00000,0
27.423,0.0,0.0,1.60,-0.440,0.120,-9.540,0.00000,0
27.433,0.0,0.0,1.60,-0.380,0.090,-9.500,0.00000,0
27.443,0.0,0.0,1.60,-0.380,0.090,-9.500,0.00000,0
27.453,0.0,0.0,1.60,-0.380,0.090,-9.500,0.00000,0
27.463,0.0,0.0,1.60,-0.380,0.090,-9.500,0.00000,0
27.473,0.0,0.0,1.60,-0.420,0.120,-9.430,0.00000,0
27.483,0.0,0.0,1.60,-0.420,0.120,-9.430,0.00000,0
27.493,0.0,0.0,1.60,-0.420,0.120,-9.430,0.00000,0
27.504,0.0,0.0,1.60,-0.420,0.120,-9.430,0.00000,0
27.514,0.0,0.0,1.60,-0.420,0.120,-9.430,0.00000,0
27.524,0.0,0.0,1.60,-0.370,0.120,-9.470,0.00000,0
27.534,0.0,0.0,1.60,-0.370,0.120,-9.470,0.00000,0
27.544,0.0,0.0,1.60,-0.370,0.120,-9.470,0.00000,0
27.554,0.0,0.0,1.60,-0.370,0.120,-9.470,0.00000,0
27.564,0.0,0.0,1.60,-0.370,0.120,-9.470,0.00000,0
27.575,0.0,0.0,1.60,-0.370,0.150,-9.450,0.00000,0
27.585,0.0,0.0,1.60,-0.370,0.150,-9.450,0.00000,0
27.595,0.0,0.0,1.60,-0.370,0.150,-9.450,0.00000,0
27.605,0.0,0.0,1.60,-0.370,0.150,-9.450,0.00000,0
27.615,0.0,0.0,1.60,-0.370,0.150,-9.450,0.00000,0
27.625,0.0,0.0,1.60,-0.440,0.130,-9.440,0.00000,0
27.635,0.0,0.0,1.60,-0.440,0.130,-9.440,0.00000,0
27.645,0.0,0.0,1.60,-0.440,0.130,-9.440,0.00000,0
27.656,0.0,0.0,1.60,-0.440,0.130,-9.440,0.00000,0
27.666,0.0,0.0,1.60,-0.440,0.130,-9.440,0.00000,0
27.676,0.0,0.0,1.60,-0.430,0.100,-9.500,0.00000,0
27.686,0.0,0.0,1.60,-0.430,0.100,-9.500,0.00000,0
27.696,0.0,0.0,1.60,-0.430,0.100,-9.500,0.00000,0
27.706,0.0,0.0,1.60,-0.430,0.100,-9.500,0.00000,0
27.716,0.0,0.0,1.60,-0.430,0.100,-9.500,0.00000,0
27.727,0.0,0.0,1.60,-0.410,0.130,-9.540,0.00000,0
27.737,0.0,0.0,1.60,-0.410,0.130,-9.540,0.00000,0
27.747,0.0,0.0,1.60,-0.410,0.130,-9.540,0.00000,0
27.757,0.0,0.0,1.60,-0.410,0.130,-9.540,0.00000,0
27.767,0.0,0.0,1.60,-0.410,0.130,-9.540,0.00000,0
27.777,0.0,0.0,1.60,-0.400,0.150,-9.470,0.00000,0
27.787,0.0,0.0,1.60,-0.400,0.150,-9.470,0.00000,0
27.798,0.0,0.0,1.60,-0.400,0.150,-9.470,0.00000,0
27.808,0.0,0.0,1.60,-0.400,0.150,-9.470,0.00000,0
27.818,0.0,0.0,1.60,-0.400,0.150,-9.470,0.00000,0
27.828,0.0,0.0,1.60,-0.430,0.090,-9.500,0.00000,0
27.838,0.0,0.0,1.60,-0.430,0.090,-9.500,0.00000,0
27.848,0.0,0.0,1.60,-0.430,0.090,-9.500,0.00000,0
27.858,0.0,0.0,1.60,-0.430,0.090,-9.500,0.00000,0
27.868,0.0,0.0,1.60,-0.430,0.090,-9.500,0.00000,0
27.879,0.0,0.0,1.60,-0.360,0.110,-9.440,0.00000,0
27.889,0.0,0.0,1.60,-0.360,0.110,-9.440,0.00000,0
27.899,0.0,0.0,1.60,-0.360,0.110,-9.440,0.00000,0
27.909,0.0,0.0,1.60,-0.360,0.110,-9.440,0.00000,0
27.919,0.0,0.0,1.60,-0.360,0.110,-9.440,0.00000,0
27.929,0.0,0.0,1.60,-0.380,0.150,-9.470,0.00000,0
27.939,0.0,0.0,1.60,-0.380,0.150,-9.470,0.00000,0
27.950,0.0,0.0,1.60,-0.380,0.150,-9.470,0.00000,0
27.960,0.0,0.0,1.60,-0.380,0.150,-9.470,0.00000,0
27.970,0.0,0.0,1.60,-0.380,0.150,-9.460,0.00000,0
27.980,0.0,0.0,1.60,-0.380,0.150,-9.460,0.00000,0
27.990,0.0,0.0,1.60,-0.380,0.150,-9.460,0.00000,0
28.000,0.0,0.0,1.60,-0.380,0.150,-9.460,0.00000,0
28.010,0.0,0.0,1.60,-0.380,0.150,-9.460,0.00000,0
28.021,0.0,0.0,1.60,-0.400,0.120,-9.470,0.00000,0
28.031,0.0,0.0,1.60,-0.400,0.120,-9.470,0.00000,0
28.041,0.0,0.0,1.60,-0.400,0.120,-9.470,0.00000,0
28.051,0.0,0.0,1.60,-0.400,0.120,-9.470,0.00000,0
28.061,0.0,0.0,1.60,-0.400,0.120,-9.470,0.00000,0
28.071,0.0,0.0,1.60,-0.400,0.110,-9.460,0.00000,0
28.081,0.0,0.0,1.60,-0.400,0.110,-9.460,0.00000,0
28.091,0.0,0.0,1.60,-0.400,0.110,-9.460,0.00000,0
28.102,0.0,0.0,1.60,-0.400,0.110,-9.460,0.00000,0
28.112,0.0,0.0,1.60,-0.400,0.110,-9.460,0.00000,0
28.122,0.0,0.0,1.60,-0.400,0.110,-9.460,0.00000,0
28.132,0.0,0.0,1.60,-0.410,0.150,-9.450,0.00000,0
28.142,0.0,0.0,1.60,-0.410,0.150,-9.450,0.00000,0
28.152,0.0,0.0,1.60,-0.410,0.150,-9.450,0.00000,0
28.162,0.0,0.0,1.60,-0.410,0.150,-9.450,0.00000,0
28.173,0.0,0.0,1.60,-0.410,0.150,-9.450,0.00000,0
28.183,0.0,0.0,1.60,-0.390,0.110,-9.520,0.00000,0
28.193,0.0,0.0,1.60,-0.390,0.110,-9.520,0.00000,0
28.203,0.0,0.0,1.60,-0.390,0.110,-9.520,0.00000,0
28.213,0.0,0.0,1.60,-0.390,0.110,-9.520,0.00000,0
28.223,0.0,0.0,1.60,-0.400,0.110,-9.440,0.00000,0
28.233,0.0,0.0,1.60,-0.400,0.110,-9.440,0.00000,0
28.243,0.0,0.0,1.60,-0.400,0.110,-9.440,0.00000,0
28.254,0.0,0.0,1.60,-0.400,0.110,-9.440,0.00000,0
28.264,0.0,0.0,1.60,-0.400,0.110,-9.440,0.00000,0
28.274,0.0,0.0,1.60,-0.390,0.110,-9.520,0.00000,0
28.284,0.0,0.0,1.60,-0.390,0.110,-9.520,0.00000,0
28.294,0.0,0.0,1.60,-0.390,0.110,-9.520,0.00000,0
28.304,0.0,0.0,1.60,-0.390,0.110,-9.520,0.00000,0
28.315,0.0,0.0,1.60,-0.390,0.110,-9.520,0.00000,0
28.325,0.0,0.0,1.60,-0.380,0.100,-9.520,0.00000,0
28.335,0.0,0.0,1.60,-0.380,0.100,-9.520,0.00000,0
28.345,0.0,0.0,1.60,-0.380,0.100,-9.520,0.00000,0
28.355,0.0,0.0,1.60,-0.380,0.100,-9.520,0.00000,0
28.365,0.0,0.0,1.60,-0.380,0.100,-9.520,0.00000,0
28.375,0.0,0.0,1.60,-0.360,0.110,-9.480,0.00000,0
28.386,0.0,0.0,1.60,-0.360,0.110,-9.480,0.00000,0
28.396,0.0,0.0,1.60,-0.360,0.110,-9.480,0.00000,0
28.406,0.0,0.0,1.60,-0.360,0.110,-9.480,0.00000,0
28.416,0.0,0.0,1.60,-0.360,0.110,-9.480,0.00000,0
28.426,0.0,0.0,1.60,-0.410,0.140,-9.500,0.00000,0
28.436,0.0,0.0,1.60,-0.410,0.140,-9.500,0.00000,0
28.446,0.0,0.0,1.60,-0.410,0.140,-9.500,0.00000,0
28.457,0.0,0.0,1.60,-0.410,0.140,-9.500,0.00000,0
28.467,0.0,0.0,1.60,-0.410,0.140,-9.500,0.00000,0
28.477,0.0,0.0,1.60,-0.370,0.150,-9.450,0.00000,0
28.487,0.0,0.0,1.60,-0.370,0.150,-9.450,0.00000,0
28.497,0.0,0.0,1.60,-0.370,0.150,-9.450,0.00000,0
28.507,0.0,0.0,1.60,-0.370,0.150,-9.450,0.00000,0
28.517,0.0,0.0,1.60,-0.370,0.150,-9.450,0.00000,0
28.527,0.0,0.0,1.60,-0.390,0.110,-9.470,0.00000,0
28.538,0.0,0.0,1.60,-0.390,0.110,-9.470,0.00000,0
28.548,0.0,0.0,1.60,-0.390,0.110,-9.470,0.00000,0
28.558,0.0,0.0,1.60,-0.390,0.110,-9.470,0.00000,0
28.568,0.0,0.0,1.60,-0.390,0.110,-9.470,0.00000,0
28.578,0.0,0.0,1.60,-0.420,0.120,-9.480,0.00000,0
28.588,0.0,0.0,1.60,-0.420,0.120,-9.480,0.00000,0
28.598,0.0,0.0,1.60,-0.420,0.120,-9.480,0.00000,0
28.608,0.0,0.0,1.60,-0.420,0.120,-9.480,0.00000,0
28.619,0.0,0.0,1.60,-0.420,0.120,-9.480,0.00000,0
28.629,0.0,0.0,1.60,-0.420,0.110,-9.500,0.00000,0
28.639,0.0,0.0,1.60,-0.420,0.110,-9.500,0.00000,0
28.649,0.0,0.0,1.60,-0.420,0.110,-9.500,0.00000,0
28.659,0.0,0.0,1.60,-0.420,0.110,-9.500,0.00000,0
28.669,0.0,0.0,1.60,-0.420,0.110,-9.500,0.00000,0
28.679,0.0,0.0,1.60,-0.400,0.140,-9.470,0.00000,0
28.689,0.0,0.0,1.60,-0.400,0.140,-9.470,0.00000,0
28.700,0.0,0.0,1.60,-0.400,0.140,-9.470,0.00000,0
28.710,0.0,0.0,1.60,-0.400,0.140,-9.470,0.00000,0
28.720,0.0,0.0,1.60,-0.410,0.110,-9.500,0.00000,0
28.730,0.0,0.0,1.60,-0.410,0.110,-9.500,0.00000,0
28.740,0.0,0.0,1.60,-0.410,0.110,-9.500,0.00000,0
28.750,0.0,0.0,1.60,-0.410,0.110,-9.500,0.00000,0
28.761,0.0,0.0,1.60,-0.410,0.110,-9.500,0.00000,0
28.771,0.0,0.0,1.60,-0.390,0.140,-9.450,0.00000,0
28.781,0.0,0.0,1.60,-0.390,0.140,-9.450,0.00000,0
28.791,0.0,0.0,1.60,-0.390,0.140,-9.450,0.00000,0
28.801,0.0,0.0,1.60,-0.390,0.140,-9.450,0.00000,0
28.811,0.0,0.0,1.60,-0.390,0.140,-9.450,0.00000,0
28.821,0.0,0.0,1.60,-0.390,0.110,-9.480,0.00000,0
28.831,0.0,0.0,1.60,-0.390,0.110,-9.480,0.00000,0
28.842,0.0,0.0,1.60,-0.390,0.110,-9.480,0.00000,0
28.852,0.0,0.0,1.60,-0.390,0.110,-9.480,0.00000,0
28.862,0.0,0.0,1.60,-0.390,0.110,-9.480,0.00000,0
28.872,0.0,0.0,1.60,-0.390,0.110,-9.480,0.00000,0
28.882,0.0,0.0,1.60,-0.450,0.120,-9.430,0.00000,0
28.892,0.0,0.0,1.60,-0.450,0.120,-9.430,0.00000,0
28.902,0.0,0.0,1.60,-0.450,0.120,-9.430,0.00000,0
28.913,0.0,0.0,1.60,-0.450,0.120,-9.430,0.00000,0
28.923,0.0,0.0,1.60,-0.450,0.120,-9.430,0.00000,0
28.933,0.0,0.0,1.60,-0.400,0.150,-9.530,0.00000,0
28.943,0.0,0.0,1.60,-0.400,0.150,-9.530,0.00000,0
28.953,0.0,0.0,1.60,-0.400,0.150,-9.530,0.00000,0
28.963,0.0,0.0,1.60,-0.400,0.150,-9.530,0.00000,0
28.973,0.0,0.0,1.60,-0.400,0.110,-9.450,0.00000,0
28.984,0.0,0.0,1.60,-0.400,0.110,-9.450,0.00000,0
28.994,0.0,0.0,1.60,-0.400,0.110,-9.450,0.00000,0
29.004,0.0,0.0,1.60,-0.400,0.110,-9.450,0.00000,0
29.014,0.0,0.0,1.60,-0.400,0.110,-9.450,0.00000,0
29.024,0.0,0.0,1.60,-0.420,0.110,-9.410,0.00000,0
29.034,0.0,0.0,1.60,-0.420,0.110,-9.410,0.00000,0
29.044,0.0,0.0,1.60,-0.420,0.110,-9.410,0.00000,0
29.055,0.0,0.0,1.60,-0.420,0.110,-9.410,0.00000,0
29.065,0.0,0.0,1.60,-0.420,0.110,-9.410,0.00000,0
29.075,0.0,0.0,1.60,-0.410,0.110,-9.460,0.00000,0
29.085,0.0,0.0,1.60,-0.410,0.110,-9.460,0.00000,0
29.095,0.0,0.0,1.60,-0.410,0.110,-9.460,0.00000,0
29.105,0.0,0.0,1.60,-0.410,0.110,-9.460,0.00000,0
29.115,0.0,0.0,1.60,-0.410,0.110,-9.460,0.00000,0
29.126,0.0,0.0,1.60,-0.410,0.140,-9.520,0.00000,0
29.136,0.0,0.0,1.60,-0.410,0.140,-9.520,0.00000,0
29.146,0.0,0.0,1.60,-0.410,0.140,-9.520,0.00000,0
29.156,0.0,0.0,1.60,-0.410,0.140,-9.520,0.00000,0
29.166,0.0,0.0,1.60,-0.410,0.140,-9.520,0.00000,0
29.176,0.0,0.0,1.60,-0.370,0.170,-9.360,0.00000,0
29.186,0.0,0.0,1.60,-0.370,0.170,-9.360,0.00000,0
29.196,0.0,0.0,1.60,-0.370,0.170,-9.360,0.00000,0
29.207,0.0,0.0,1.60,-0.370,0.170,-9.360,0.00000,0
29.217,0.0,0.0,1.60,-0.370,0.170,-9.360,0.00000,0
29.227,0.0,0.0,1.60,-0.400,0.170,-9.550,0.00000,0
29.237,0.0,0.0,1.60,-0.400,0.170,-9.550,0.00000,0
29.247,0.0,0.0,1.60,-0.400,0.170,-9.550,0.00000,0
29.257,0.0,0.0,1.60,-0.400,0.170,-9.550,0.00000,0
29.267,0.0,0.0,1.60,-0.400,0.170,-9.550,0.00000,0
29.278,0.0,0.0,1.60,-0.420,0.130,-9.500,0.00000,0
29.288,0.0,0.0,1.60,-0.420,0.130,-9.500,0.00000,0
29.298,0.0,0.0,1.60,-0.420,0.130,-9.500,0.00000,0
29.308,0.0,0.0,1.60,-0.420,0.130,-9.500,0.00000,0
29.318,0.0,0.0,1.60,-0.420,0.130,-9.500,0.00000,0
29.328,0.0,0.0,1.60,-0.420,0.060,-9.500,0.00000,0
29.338,0.0,0.0,1.60,-0.420,0.060,-9.500,0.00000,0
29.349,0.0,0.0,1.60,-0.420,0.060,-9.500,0.00000,0
29.359,0.0,0.0,1.60,-0.420,0.060,-9.500,0.00000,0
29.369,0.0,0.0,1.60,-0.420,0.060,-9.500,0.00000,0
29.379,0.0,0.0,1.60,-0.390,0.120,-9.470,0.00000,0
29.389,0.0,0.0,1.60,-0.390,0.120,-9.470,0.00000,0
29.399,0.0,0.0,1.60,-0.390,0.120,-9.470,0.00000,0
29.409,0.0,0.0,1.60,-0.390,0.120,-9.470,0.00000,0
29.420,0.0,0.0,1.60,-0.390,0.120,-9.470,0.00000,0
29.430,0.0,0.0,1.60,-0.440,0.100,-9.480,0.00000,0
29.440,0.0,0.0,1.60,-0.440,0.100,-9.480,0.00000,0
29.450,0.0,0.0,1.60,-0.440,0.100,-9.480,0.00000,0
29.460,0.0,0.0,1.60,-0.440,0.100,-9.480,0.00000,0
29.470,0.0,0.0,1.60,-0.400,0.160,-9.500,0.00000,0
29.480,0.0,0.0,1.60,-0.400,0.160,-9.500,0.00000,0
29.491,0.0,0.0,1.60,-0.400,0.160,-9.500,0.00000,0
29.501,0.0,0.0,1.60,-0.400,0.160,-9.500,0.00000,0
29.511,0.0,0.0,1.60,-0.400,0.160,-9.500,0.00000,0
29.521,0.0,0.0,1.60,-0.430,0.170,-9.480,0.00000,0
29.531,0.0,0.0,1.60,-0.430,0.170,-9.480,0.00000,0
29.541,0.0,0.0,1.60,-0.430,0.170,-9.480,0.00000,0
29.551,0.0,0.0,1.60,-0.430,0.170,-9.480,0.00000,0
29.561,0.0,0.0,1.60,-0.430,0.170,-9.480,0.00000,0
29.572,0.0,0.0,1.60,-0.400,0.110,-9.490,0.00000,0
29.582,0.0,0.0,1.60,-0.400,0.110,-9.490,0.00000,0
29.592,0.0,0.0,1.60,-0.400,0.110,-9.490,0.00000,0
29.602,0.0,0.0,1.60,-0.400,0.110,-9.490,0.00000,0
29.612,0.0,0.0,1.60,-0.400,0.110,-9.490,0.00000,0
29.622,0.0,0.0,1.60,-0.400,0.110,-9.490,0.00000,0
29.632,0.0,0.0,1.60,-0.460,0.120,-9.470,0.00000,0
29.642,0.0,0.0,1.60,-0.460,0.120,-9.470,0.00000,0
29.653,0.0,0.0,1.60,-0.460,0.120,-9.470,0.00000,0
29.663,0.0,0.0,1.60,-0.460,0.120,-9.470,0.00000,0
29.673,0.0,0.0,1.60,-0.460,0.120,-9.470,0.00000,0
29.683,0.0,0.0,1.60,-0.340,0.130,-9.500,0.00000,0
29.693,0.0,0.0,1.60,-0.340,0.130,-9.500,0.00000,0
29.703,0.0,0.0,1.60,-0.340,0.130,-9.500,0.00000,0
29.713,0.0,0.0,1.60,-0.340,0.130,-9.500,0.00000,0
29.724,0.0,0.0,1.60,-0.410,0.110,-9.510,0.00000,0
29.734,0.0,0.0,1.60,-0.410,0.110,-9.510,0.00000,0
29.744,0.0,0.0,1.60,-0.410,0.110,-9.510,0.00000,0
29.754,0.0,0.0,1.60,-0.410,0.110,-9.510,0.00000,0
29.764,0.0,0.0,1.60,-0.410,0.110,-9.510,0.00000,0
29.774,0.0,0.0,1.60,-0.370,0.130,-9.400,0.00000,0
29.784,0.0,0.0,1.60,-0.370,0.130,-9.400,0.00000,0
29.795,0.0,0.0,1.60,-0.370,0.130,-9.400,0.00000,0
29.805,0.0,0.0,1.60,-0.370,0.130,-9.400,0.00000,0
29.815,0.0,0.0,1.60,-0.370,0.130,-9.400,0.00000,0
29.825,0.0,0.0,1.60,-0.430,0.180,-9.490,0.00000,0
29.835,0.0,0.0,1.60,-0.430,0.180,-9.490,0.00000,0
29.845,0.0,0.0,1.60,-0.430,0.180,-9.490,0.00000,0
29.855,0.0,0.0,1.60,-0.430,0.180,-9.490,0.00000,0
29.866,0.0,0.0,1.60,-0.430,0.180,-9.490,0.00000,0
29.876,0.0,0.0,1.60,-0.420,0.130,-9.570,0.00000,0
29.886,0.0,0.0,1.60,-0.420,0.130,-9.570,0.00000,0
29.896,0.0,0.0,1.60,-0.420,0.130,-9.570,0.00000,0
29.906,0.0,0.0,1.60,-0.420,0.130,-9.570,0.00000,0
29.916,0.0,0.0,1.60,-0.420,0.130,-9.570,0.00000,0
29.926,0.0,0.0,1.60,-0.380,0.130,-9.500,0.00000,0
29.936,0.0,0.0,1.60,-0.380,0.130,-9.500,0.00000,0
29.947,0.0,0.0,1.60,-0.380,0.130,-9.500,0.00000,0
29.957,0.0,0.0,1.60,-0.380,0.130,-9.500,0.00000,0
29.967,0.0,0.0,1.60,-0.400,0.090,-9.500,0.00000,0
29.977,0.0,0.0,1.60,-0.400,0.090,-9.500,0.00000,0
29.987,0.0,0.0,1.60,-0.400,0.090,-9.500,0.00000,0
29.997,0.0,0.0,1.60,-0.400,0.090,-9.500,0.00000,0
30.007,0.0,0.0,1.60,-0.400,0.090,-9.500,0.00000,0
30.018,0.0,0.0,1.60,-0.400,0.090,-9.500,0.00000,0
30.028,0.0,0.0,1.60,-0.420,0.130,-9.490,0.00000,0
30.038,0.0,0.0,1.60,-0.420,0.130,-9.490,0.00000,0
30.048,0.0,0.0,1.60,-0.420,0.130,-9.490,0.00000,0
30.058,0.0,0.0,1.60,-0.420,0.130,-9.490,0.00000,0
30.068,0.0,0.0,1.60,-0.420,0.130,-9.490,0.00000,0
30.078,0.0,0.0,1.60,-0.430,0.130,-9.360,0.00000,0
30.088,0.0,0.0,1.60,-0.430,0.130,-9.360,0.00000,0
30.099,0.0,0.0,1.60,-0.430,0.130,-9.360,0.00000,0
30.109,0.0,0.0,1.60,-0.430,0.130,-9.360,0.00000,0
30.119,0.0,0.0,1.60,-0.430,0.130,-9.360,0.00000,0
30.129,0.0,0.0,1.60,-0.380,0.150,-9.420,0.00000,0
30.139,0.0,0.0,1.60,-0.380,0.150,-9.420,0.00000,0
30.149,0.0,0.0,1.60,-0.380,0.150,-9.420,0.00000,0
30.159,0.0,0.0,1.60,-0.380,0.150,-9.420,0.00000,0
30.169,0.0,0.0,1.60,-0.380,0.150,-9.420,0.00000,0
30.180,0.0,0.0,1.60,-0.400,0.150,-9.560,0.00000,0
30.190,0.0,0.0,1.60,-0.400,0.150,-9.560,0.00000,0
30.200,0.0,0.0,1.60,-0.400,0.150,-9.560,0.00000,0
30.210,0.0,0.0,1.60,-0.400,0.150,-9.560,0.00000,0
30.220,0.0,0.0,1.60,-0.400,0.150,-9.560,0.00000,0
30.230,0.0,0.0,1.60,-0.350,0.130,-9.530,0.00000,0
30.240,0.0,0.0,1.60,-0.350,0.130,-9.530,0.00000,0
30.250,0.0,0.0,1.60,-0.350,0.130,-9.530,0.00000,0
30.261,0.0,0.0,1.60,-0.350,0.130,-9.530,0.00000,0
30.271,0.0,0.0,1.60,-0.420,0.150,-9.430,0.00000,0
30.281,0.0,0.0,1.60,-0.420,0.150,-9.430,0.00000,0
30.291,0.0,0.0,1.60,-0.420,0.150,-9.430,0.00000,0
30.301,0.0,0.0,1.60,-0.420,0.150,-9.430,0.00000,0
30.311,0.0,0.0,1.60,-0.420,0.150,-9.430,0.00000,0
30.321,0.0,0.0,1.60,-0.400,0.100,-9.520,0.00000,0
30.331,0.0,0.0,1.60,-0.400,0.100,-9.520,0.00000,0
30.342,0.0,0.0,1.60,-0.400,0.100,-9.520,0.00000,0
30.352,0.0,0.0,1.60,-0.400,0.100,-9.520,0.00000,0
30.362,0.0,0.0,1.60,-0.400,0.100,-9.520,0.00000,0
30.372,0.0,0.0,1.60,-0.400,0.100,-9.520,0.00000,0
30.382,0.0,0.0,1.60,-0.450,0.120,-9.500,0.00000,0
30.392,0.0,0.0,1.60,-0.450,0.120,-9.500,0.00000,0
30.402,0.0,0.0,1.60,-0.450,0.120,-9.500,0.00000,0
30.412,0.0,0.0,1.60,-0.450,0.120,-9.500,0.00000,0
30.423,0.0,0.0,1.60,-0.450,0.120,-9.500,0.00000,0
30.433,0.0,0.0,1.60,-0.400,0.110,-9.520,0.00000,0
30.443,0.0,0.0,1.60,-0.400,0.110,-9.520,0.00000,0
30.454,0.0,0.0,1.60,-0.400,0.110,-9.520,0.00000,0
30.464,0.0,0.0,1.60,-0.400,0.110,-9.520,0.00000,0
30.474,0.0,0.0,1.60,-0.400,0.110,-9.520,0.00000,0
30.484,0.0,0.0,1.60,-0.420,0.150,-9.680,0.00000,0
30.494,0.0,0.0,1.60,-0.420,0.150,-9.680,0.00000,0
30.505,0.0,0.0,1.60,-0.420,0.150,-9.680,0.00000,0
30.515,0.0,0.0,1.60,-0.420,0.150,-9.680,0.00000,0
30.525,0.0,0.0,1.60,-0.380,0.160,-9.480,0.00000,0
30.535,0.0,0.0,1.60,-0.380,0.160,-9.480,0.00000,0
30.545,0.0,0.0,1.60,-0.380,0.160,-9.480,0.00000,0
30.555,0.0,0.0,1.60,-0.380,0.160,-9.480,0.00000,0
30.565,0.0,0.0,1.60,-0.380,0.160,-9.480,0.00000,0
30.576,0.0,0.0,1.60,-0.450,0.140,-9.550,0.00000,0
30.586,0.0,0.0,1.60,-0.450,0.140,-9.550,0.00000,0
30.596,0.0,0.0,1.60,-0.450,0.140,-9.550,0.00000,0
30.606,0.0,0.0,1.60,-0.450,0.140,-9.550,0.00000,0
30.616,0.0,0.0,1.60,-0.450,0.140,-9.550,0.00000,0
30.626,0.0,0.0,1.60,-0.410,0.110,-9.430,0.00000,0
30.636,0.0,0.0,1.60,-0.410,0.110,-9.430,0.00000,0
30.646,0.0,0.0,1.60,-0.410,0.110,-9.430,0.00000,0
30.657,0.0,0.0,1.60,-0.410,0.110,-9.430,0.00000,0
30.667,0.0,0.0,1.60,-0.410,0.110,-9.430,0.00000,0
30.677,0.0,0.0,1.60,-0.410,0.130,-9.390,0.00000,0
30.687,0.0,0.0,1.60,-0.410,0.130,-9.390,0.00000,0
30.697,0.0,0.0,1.60,-0.410,0.130,-9.390,0.00000,0
30.707,0.0,0.0,1.60,-0.410,0.130,-9.390,0.00000,0
30.718,0.0,0.0,1.60,-0.410,0.130,-9.390,0.00000,0
30.728,0.0,0.0,1.60,-0.450,0.120,-9.450,0.00000,0
30.738,0.0,0.0,1.60,-0.450,0.120,-9.450,0.00000,0
30.748,0.0,0.0,1.60,-0.450,0.120,-9.450,0.00000,0
30.758,0.0,0.0,1.60,-0.450,0.120,-9.450,0.00000,0
30.768,0.0,0.0,1.60,-0.450,0.120,-9.450,0.00000,0
30.778,0.0,0.0,1.60,-0.430,0.110,-9.490,0.00000,0
30.788,0.0,0.0,1.60,-0.430,0.110,-9.490,0.00000,0
30.799,0.0,0.0,1.60,-0.430,0.110,-9.490,0.00000,0
30.809,0.0,0.0,1.60,-0.430,0.110,-9.490,0.00000,0
30.819,0.0,0.0,1.60,-0.430,0.110,-9.490,0.00000,0
30.829,0.0,0.0,1.60,-0.410,0.130,-9.440,0.00000,0
30.839,0.0,0.0,1.60,-0.410,0.130,-9.440,0.00000,0
30.849,0.0,0.0,1.60,-0.410,0.130,-9.440,0.00000,0
30.859,0.0,0.0,1.60,-0.410,0.130,-9.440,0.00000,0
30.870,0.0,0.0,1.60,-0.410,0.130,-9.440,0.00000,0
30.880,0.0,0.0,1.60,-0.390,0.150,-9.490,0.00000,0
30.890,0.0,0.0,1.60,-0.390,0.150,-9.490,0.00000,0
30.900,0.0,0.0,1.60,-0.390,0.150,-9.490,0.00000,0
30.910,0.0,0.0,1.60,-0.390,0.150,-9.490,0.00000,0
30.920,0.0,0.0,1.60,-0.390,0.150,-9.490,0.00000,0
30.931,0.0,0.0,1.60,-0.380,0.140,-9.410,0.00000,0
30.941,0.0,0.0,1.60,-0.380,0.140,-9.410,0.00000,0
30.951,0.0,0.0,1.60,-0.380,0.140,-9.410,0.00000,0
30.961,0.0,0.0,1.60,-0.380,0.140,-9.410,0.00000,0
30.971,0.0,0.0,1.60,-0.380,0.140,-9.410,0.00000,0
30.981,0.0,0.0,1.60,-0.350,0.140,-9.400,0.00000,0
30.991,0.0,0.0,1.60,-0.350,0.140,-9.400,0.00000,0
31.001,0.0,0.0,1.60,-0.350,0.140,-9.400,0.00000,0
31.012,0.0,0.0,1.60,-0.350,0.140,-9.400,0.00000,0
31.022,0.0,0.0,1.60,-0.350,0.140,-9.400,0.00000,0
31.032,0.0,0.0,1.60,-0.400,0.110,-9.430,0.00000,0
31.042,0.0,0.0,1.60,-0.400,0.110,-9.430,0.00000,0
31.052,0.0,0.0,1.60,-0.400,0.110,-9.430,0.00000,0
31.062,0.0,0.0,1.60,-0.400,0.110,-9.430,0.00000,0
31.072,0.0,0.0,1.60,-0.380,0.120,-9.500,0.00000,0
31.083,0.0,0.0,1.60,-0.380,0.120,-9.500,0.00000,0
31.093,0.0,0.0,1.60,-0.380,0.120,-9.500,0.00000,0
31.103,0.0,0.0,1.60,-0.380,0.120,-9.500,0.00000,0
31.113,0.0,0.0,1.60,-0.380,0.120,-9.500,0.00000,0
31.123,0.0,0.0,1.60,-0.410,0.100,-9.520,0.00000,0
31.133,0.0,0.0,1.60,-0.410,0.100,-9.520,0.00000,0
31.143,0.0,0.0,1.60,-0.410,0.100,-9.520,0.00000,0
31.155,0.0,0.0,1.60,-0.410,0.100,-9.520,0.00000,0
31.165,0.0,0.0,1.60,-0.410,0.100,-9.520,0.00000,0
31.175,0.0,0.0,1.60,-0.410,0.120,-9.470,0.00000,0
31.185,0.0,0.0,1.60,-0.410,0.120,-9.470,0.00000,0
31.195,0.0,0.0,1.60,-0.410,0.120,-9.470,0.00000,0
31.206,0.0,0.0,1.60,-0.410,0.120,-9.470,0.00000,0
31.216,0.0,0.0,1.60,-0.410,0.120,-9.470,0.00000,0
31.226,0.0,0.0,1.60,-0.410,0.120,-9.470,0.00000,0
31.236,0.0,0.0,1.60,-0.400,0.170,-9.510,0.00000,0
31.246,0.0,0.0,1.60,-0.400,0.170,-9.510,0.00000,0
31.256,0.0,0.0,1.60,-0.400,0.170,-9.510,0.00000,0
31.266,0.0,0.0,1.60,-0.400,0.170,-9.510,0.00000,0
31.277,0.0,0.0,1.60,-0.440,0.140,-9.440,0.00000,0
31.287,0.0,0.0,1.60,-0.440,0.140,-9.440,0.00000,0
31.297,0.0,0.0,1.60,-0.440,0.140,-9.440,0.00000,0
31.307,0.0,0.0,1.60,-0.440,0.140,-9.440,0.00000,0
31.317,0.0,0.0,1.60,-0.440,0.140,-9.440,0.00000,0
31.327,0.0,0.0,1.60,-0.420,0.150,-9.430,0.00000,0
31.337,0.0,0.0,1.60,-0.420,0.150,-9.430,0.00000,0
31.347,0.0,0.0,1.60,-0.420,0.150,-9.430,0.00000,0
31.358,0.0,0.0,1.60,-0.420,0.150,-9.430,0.00000,0
31.368,0.0,0.0,1.60,-0.420,0.150,-9.430,0.00000,0
31.378,0.0,0.0,1.60,-0.380,0.090,-9.510,0.00000,0
31.388,0.0,0.0,1.60,-0.380,0.090,-9.510,0.00000,0
31.398,0.0,0.0,1.60,-0.380,0.090,-9.510,0.00000,0
31.408,0.0,0.0,1.60,-0.380,0.090,-9.510,0.00000,0
31.418,0.0,0.0,1.60,-0.380,0.090,-9.510,0.00000,0
31.429,0.0,0.0,1.60,-0.280,-0.200,-8.010,0.00000,0
31.439,0.0,0.0,1.60,-0.280,-0.200,-8.010,0.00000,0
31.449,0.0,0.0,1.60,-0.280,-0.200,-8.010,0.00000,0
31.459,0.0,0.0,1.60,-0.280,-0.200,-8.010,0.00000,0
31.469,0.0,0.0,1.60,-0.280,-0.200,-8.010,0.00000,0
31.479,0.0,0.0,1.60,-0.540,-0.030,-9.450,0.00000,0
31.489,0.0,0.0,1.60,-0.540,-0.030,-9.450,0.00000,0
31.500,0.0,0.0,1.60,-0.540,-0.030,-9.450,0.00000,0
31.510,0.0,0.0,1.60,-0.540,-0.030,-9.450,0.00000,0
31.520,0.0,0.0,1.60,-0.390,0.160,-9.260,0.00000,0
31.530,0.0,0.0,1.60,-0.390,0.160,-9.260,0.00000,0
31.540,0.0,0.0,1.60,-0.390,0.160,-9.260,0.00000,0
31.550,0.0,0.0,1.60,-0.390,0.160,-9.260,0.00000,0
31.560,0.0,0.0,1.60,-0.390,0.160,-9.260,0.00000,0
31.571,0.0,0.0,1.60,-0.390,0.160,-9.260,0.00000,0
31.581,0.0,0.0,1.60,-0.390,0.160,-9.260,0.00000,0
31.591,0.0,0.0,1.60,-0.390,0.160,-9.260,0.00000,0
31.601,0.0,0.0,1.60,-0.390,0.160,-9.260,0.00000,0
31.611,0.0,0.0,1.60,-0.390,0.160,-9.260,0.00000,0
31.621,0.0,0.0,1.60,-0.390,0.160,-9.260,0.00000,0
31.631,0.0,0.0,1.60,-0.390,0.160,-9.260,0.00000,0
31.641,0.0,0.0,1.60,-0.390,0.160,-9.260,0.00000,0
31.651,0.0,0.0,1.60,-0.390,0.160,-9.260,0.00000,0
31.662,0.0,0.0,1.60,-0.390,0.160,-9.260,0.00000,0
31.672,0.0,0.0,1.60,-0.390,0.160,-9.260,0.00000,0
31.682,0.0,0.0,1.60,-0.390,0.160,-9.260,0.00000,0
31.692,0.0,0.0,1.60,-0.390,0.160,-9.260,0.00000,0
31.702,0.0,0.0,1.60,-0.390,0.160,-9.260,0.00000,0
31.712,0.0,0.0,1.60,-0.390,0.160,-9.260,0.00000,0
31.722,0.0,0.0,1.60,-0.390,0.160,-9.260,0.00000,0
31.733,0.0,0.0,1.60,-0.390,0.160,-9.260,0.00000,0
31.743,0.0,0.0,1.60,-0.390,0.160,-9.260,0.00000,0
31.753,0.0,0.0,1.60,-0.390,0.160,-9.260,0.00000,0
31.763,0.0,0.0,1.60,-0.390,0.160,-9.260,0.00000,0
31.773,0.0,0.0,1.60,-0.390,0.160,-9.260,0.00000,0
31.783,0.0,0.0,1.60,-0.390,0.160,-9.260,0.00000,0
31.793,0.0,0.0,1.60,-0.390,0.160,-9.260,0.00000,0
31.803,0.0,0.0,1.60,-0.390,0.160,-9.260,0.00000,0
31.814,0.0,0.0,1.60,-0.390,0.160,-9.260,0.00000,0
31.824,0.0,0.0,1.60,-0.390,0.160,-9.260,0.00000,0
31.834,0.0,0.0,1.60,-0.390,0.160,-9.260,0.00000,0
31.844,0.0,0.0,1.60,-0.390,0.160,-9.260,0.00000,0
31.854,0.0,0.0,1.60,-0.390,0.160,-9.260,0.00000,0
31.864,0.0,0.0,1.60,-0.390,0.160,-9.260,0.00000,0
31.874,0.0,0.0,1.60,-0.390,0.160,-9.260,0.00000,0
31.884,0.0,0.0,1.60,-0.390,0.160,-9.260,0.00000,0
31.895,0.0,0.0,1.60,-0.390,0.160,-9.260,0.00000,0
31.905,0.0,0.0,1.60,-0.390,0.160,-9.260,0.00000,0
31.915,0.0,0.0,1.60,-0.390,0.160,-9.260,0.00000,0
31.925,0.0,0.0,1.60,-0.390,0.160,-9.260,0.00000,0
31.935,0.0,0.0,1.60,-0.390,0.160,-9.260,0.00000,0
31.945,0.0,0.0,1.60,-0.390,0.160,-9.260,0.00000,0
31.955,0.0,0.0,1.60,-0.350,0.130,-9.490,0.00000,0
31.966,0.0,0.0,1.60,-0.350,0.130,-9.490,0.00000,0
31.976,0.0,0.0,1.60,-0.350,0.130,-9.490,0.00000,0
31.986,0.0,0.0,1.60,-0.350,0.130,-9.490,0.00000,0
31.996,0.0,0.0,1.60,-0.350,0.130,-9.490,0.00000,0
32.006,0.0,0.0,1.60,-0.410,0.210,-9.490,0.00000,0
32.016,0.0,0.0,1.60,-0.410,0.210,-9.490,0.00000,0
32.027,0.0,0.0,1.60,-0.410,0.210,-9.490,0.00000,0
32.037,0.0,0.0,1.60,-0.410,0.210,-9.490,0.00000,0
32.047,0.0,0.0,1.60,-0.410,0.210,-9.490,0.00000,0
32.057,0.0,0.0,1.60,-0.450,0.080,-9.500,0.00000,0
32.067,0.0,0.0,1.60,-0.450,0.080,-9.500,0.00000,0
32.077,0.0,0.0,1.60,-0.450,0.080,-9.500,0.00000,0
32.087,0.0,0.0,1.60,-0.450,0.080,-9.500,0.00000,0
32.098,0.0,0.0,1.60,-0.450,0.080,-9.500,0.00000,0
32.108,0.0,0.0,1.60,-0.390,0.150,-9.440,0.00000,0
32.118,0.0,0.0,1.60,-0.390,0.150,-9.440,0.00000,0
32.128,0.0,0.0,1.60,-0.390,0.150,-9.440,0.00000,0
32.138,0.0,0.0,1.60,-0.390,0.150,-9.440,0.00000,0
32.148,0.0,0.0,1.60,-0.390,0.150,-9.440,0.00000,0
32.158,0.0,0.0,1.60,-0.430,0.140,-9.480,0.00000,0
32.169,0.0,0.0,1.60,-0.430,0.140,-9.480,0.00000,0
32.179,0.0,0.0,1.60,-0.430,0.140,-9.480,0.00000,0
32.189,0.0,0.0,1.60,-0.430,0.140,-9.480,0.00000,0
32.199,0.0,0.0,1.60,-0.430,0.140,-9.480,0.00000,0
32.209,0.0,0.0,1.60,-0.250,-0.130,-9.300,0.00000,0
32.219,0.0,0.0,1.60,-0.250,-0.130,-9.300,0.00000,0
32.229,0.0,0.0,1.60,-0.250,-0.130,-9.300,0.00000,0
32.239,0.0,0.0,1.60,-0.250,-0.130,-9.300,0.00000,0
32.249,0.0,0.0,1.60,-0.250,-0.130,-9.300,0.00000,0
32.260,0.0,0.0,1.60,-0.370,0.080,-9.330,0.00000,0
32.270,0.0,0.0,1.60,-0.370,0.080,-9.330,0.00000,0
32.280,0.0,0.0,1.60,-0.370,0.080,-9.330,0.00000,0
32.290,0.0,0.0,1.60,-0.370,0.080,-9.330,0.00000,0
32.300,0.0,0.0,1.60,-0.370,0.080,-9.330,0.00000,0
32.310,0.0,0.0,1.60,-0.360,0.170,-9.300,0.00000,0
32.321,0.0,0.0,1.60,-0.360,0.170,-9.300,0.00000,0
32.331,0.0,0.0,1.60,-0.360,0.170,-9.300,0.00000,0
32.341,0.0,0.0,1.60,-0.360,0.170,-9.300,0.00000,0
32.351,0.0,0.0,1.60,-0.360,0.170,-9.300,0.00000,0
32.361,0.0,0.0,1.60,-0.380,0.110,-9.460,0.00000,0
32.371,0.0,0.0,1.60,-0.380,0.110,-9.460,0.00000,0
32.381,0.0,0.0,1.60,-0.380,0.110,-9.460,0.00000,0
32.391,0.0,0.0,1.60,-0.380,0.110,-9.460,0.00000,0
32.402,0.0,0.0,1.60,-0.390,0.090,-9.500,0.00000,0
32.412,0.0,0.0,1.60,-0.390,0.090,-9.500,0.00000,0
32.422,0.0,0.0,1.60,-0.390,0.090,-9.500,0.00000,0
32.432,0.0,0.0,1.60,-0.390,0.090,-9.500,0.00000,0
32.442,0.0,0.0,1.60,-0.390,0.090,-9.500,0.00000,0
32.452,0.0,0.0,1.60,-0.350,0.140,-9.560,0.00000,0
32.462,0.0,0.0,1.60,-0.350,0.140,-9.560,0.00000,0
32.473,0.0,0.0,1.60,-0.350,0.140,-9.560,0.00000,0
32.483,0.0,0.0,1.60,-0.350,0.140,-9.560,0.00000,0
32.493,0.0,0.0,1.60,-0.350,0.140,-9.560,0.00000,0
32.503,0.0,0.0,1.60,-0.350,0.140,-9.560,0.00000,0
32.513,0.0,0.0,1.60,-0.390,0.140,-9.530,0.00000,0
32.523,0.0,0.0,1.60,-0.390,0.140,-9.530,0.00000,0
32.533,0.0,0.0,1.60,-0.390,0.140,-9.530,0.00000,0
32.544,0.0,0.0,1.60,-0.390,0.140,-9.530,0.00000,0
32.554,0.0,0.0,1.60,-0.390,0.140,-9.530,0.00000,0
32.564,0.0,0.0,1.60,-0.430,0.140,-9.530,0.00000,0
32.574,0.0,0.0,1.60,-0.430,0.140,-9.530,0.00000,0
32.584,0.0,0.0,1.60,-0.430,0.140,-9.530,0.00000,0
32.594,0.0,0.0,1.60,-0.430,0.140,-9.530,0.00000,0
32.604,0.0,0.0,1.60,-0.390,0.120,-9.470,0.00000,0
32.614,0.0,0.0,1.60,-0.390,0.120,-9.470,0.00000,0
32.625,0.0,0.0,1.60,-0.390,0.120,-9.470,0.00000,0
32.635,0.0,0.0,1.60,-0.390,0.120,-9.470,0.00000,0
32.645,0.0,0.0,1.60,-0.390,0.120,-9.470,0.00000,0
32.655,0.0,0.0,1.60,-0.390,0.130,-9.390,0.00000,0
32.665,0.0,0.0,1.60,-0.390,0.130,-9.390,0.00000,0
32.675,0.0,0.0,1.60,-0.390,0.130,-9.390,0.00000,0
32.686,0.0,0.0,1.60,-0.390,0.130,-9.390,0.00000,0
32.696,0.0,0.0,1.60,-0.390,0.130,-9.390,0.00000,0
32.706,0.0,0.0,1.60,-0.390,0.100,-9.490,0.00000,0
32.716,0.0,0.0,1.60,-0.390,0.100,-9.490,0.00000,0
32.726,0.0,0.0,1.60,-0.390,0.100,-9.490,0.00000,0
32.736,0.0,0.0,1.60,-0.390,0.100,-9.490,0.00000,0
32.746,0.0,0.0,1.60,-0.390,0.100,-9.490,0.00000,0
32.756,0.0,0.0,1.60,-0.400,0.150,-9.480,0.00000,0
32.766,0.0,0.0,1.60,-0.400,0.150,-9.480,0.00000,0
32.777,0.0,0.0,1.60,-0.400,0.150,-9.480,0.00000,0
32.787,0.0,0.0,1.60,-0.400,0.150,-9.480,0.00000,0
32.797,0.0,0.0,1.60,-0.400,0.150,-9.480,0.00000,0
32.807,0.0,0.0,1.60,-0.430,0.100,-9.530,0.00000,0
32.817,0.0,0.0,1.60,-0.430,0.100,-9.530,0.00000,0
32.827,0.0,0.0,1.60,-0.430,0.100,-9.530,0.00000,0
32.837,0.0,0.0,1.60,-0.430,0.100,-9.530,0.00000,0
32.848,0.0,0.0,1.60,-0.430,0.100,-9.530,0.00000,0
32.858,0.0,0.0,1.60,-0.420,0.160,-9.460,0.00000,0
32.868,0.0,0.0,1.60,-0.420,0.160,-9.460,0.00000,0
32.878,0.0,0.0,1.60,-0.420,0.160,-9.460,0.00000,0
32.888,0.0,0.0,1.60,-0.420,0.160,-9.460,0.00000,0
32.899,0.0,0.0,1.60,-0.420,0.160,-9.460,0.00000,0
32.909,0.0,0.0,1.60,-0.420,0.110,-9.450,0.00000,0
32.919,0.0,0.0,1.60,-0.420,0.110,-9.450,0.00000,0
32.929,0.0,0.0,1.60,-0.420,0.110,-9.450,0.00000,0
32.939,0.0,0.0,1.60,-0.420,0.110,-9.450,0.00000,0
32.949,0.0,0.0,1.60,-0.420,0.110,-9.450,0.00000,0
32.959,0.0,0.0,1.60,-0.400,0.130,-9.420,0.00000,0
32.970,0.0,0.0,1.60,-0.400,0.130,-9.420,0.00000,0
32.980,0.0,0.0,1.60,-0.400,0.130,-9.420,0.00000,0
32.990,0.0,0.0,1.60,-0.400,0.130,-9.420,0.00000,0
33.000,0.0,0.0,1.60,-0.400,0.130,-9.420,0.00000,0
33.010,0.0,0.0,1.60,-0.370,0.150,-9.450,0.00000,0
33.020,0.0,0.0,1.60,-0.370,0.150,-9.450,0.00000,0
33.030,0.0,0.0,1.60,-0.370,0.150,-9.450,0.00000,0
33.040,0.0,0.0,1.60,-0.370,0.150,-9.450,0.00000,0
33.051,0.0,0.0,1.60,-0.370,0.150,-9.450,0.00000,0
33.061,0.0,0.0,1.60,-0.400,0.150,-9.450,0.00000,0
33.071,0.0,0.0,1.60,-0.400,0.150,-9.450,0.00000,0
33.081,0.0,0.0,1.60,-0.400,0.150,-9.450,0.00000,0
33.091,0.0,0.0,1.60,-0.400,0.150,-9.450,0.00000,0
33.101,0.0,0.0,1.60,-0.420,0.150,-9.460,0.00000,0
33.111,0.0,0.0,1.60,-0.420,0.150,-9.460,0.00000,0
33.122,0.0,0.0,1.60,-0.420,0.150,-9.460,0.00000,0
33.132,0.0,0.0,1.60,-0.420,0.150,-9.460,0.00000,0
33.142,0.0,0.0,1.60,-0.420,0.150,-9.460,0.00000,0
33.152,0.0,0.0,1.60,-0.450,0.110,-9.490,0.00000,0
33.162,0.0,0.0,1.60,-0.450,0.110,-9.490,0.00000,0
33.172,0.0,0.0,1.60,-0.450,0.110,-9.490,0.00000,0
33.182,0.0,0.0,1.60,-0.450,0.110,-9.490,0.00000,0
33.193,0.0,0.0,1.60,-0.450,0.110,-9.490,0.00000,0
33.203,0.0,0.0,1.60,-0.400,0.150,-9.520,0.00000,0
33.213,0.0,0.0,1.60,-0.400,0.150,-9.520,0.00000,0
33.223,0.0,0.0,1.60,-0.400,0.150,-9.520,0.00000,0
33.233,0.0,0.0,1.60,-0.400,0.150,-9.520,0.00000,0
33.243,0.0,0.0,1.60,-0.400,0.150,-9.520,0.00000,0
33.253,0.0,0.0,1.60,-0.400,0.150,-9.520,0.00000,0
33.263,0.0,0.0,1.60,-0.450,0.110,-9.450,0.00000,0
33.274,0.0,0.0,1.60,-0.450,0.110,-9.450,0.00000,0
33.284,0.0,0.0,1.60,-0.450,0.110,-9.450,0.00000,0
33.294,0.0,0.0,1.60,-0.450,0.110,-9.450,0.00000,0
33.304,0.0,0.0,1.60,-0.450,0.110,-9.450,0.00000,0
33.314,0.0,0.0,1.60,-0.360,0.110,-9.470,0.00000,0
33.324,0.0,0.0,1.60,-0.360,0.110,-9.470,0.00000,0
33.335,0.0,0.0,1.60,-0.360,0.110,-9.470,0.00000,0
33.345,0.0,0.0,1.60,-0.360,0.110,-9.470,0.00000,0
33.355,0.0,0.0,1.60,-0.420,0.140,-9.460,0.00000,0
33.365,0.0,0.0,1.60,-0.420,0.140,-9.460,0.00000,0
33.375,0.0,0.0,1.60,-0.420,0.140,-9.460,0.00000,0
33.385,0.0,0.0,1.60,-0.420,0.140,-9.460,0.00000,0
33.395,0.0,0.0,1.60,-0.420,0.140,-9.460,0.00000,0
33.405,0.0,0.0,1.60,-0.390,0.110,-9.490,0.00000,0
33.416,0.0,0.0,1.60,-0.390,0.110,-9.490,0.00000,0
33.426,0.0,0.0,1.60,-0.390,0.110,-9.490,0.00000,0
33.436,0.0,0.0,1.60,-0.390,0.110,-9.490,0.00000,0
33.446,0.0,0.0,1.60,-0.390,0.110,-9.490,0.00000,0
33.456,0.0,0.0,1.60,-0.380,0.110,-9.460,0.00000,0
33.466,0.0,0.0,1.60,-0.380,0.110,-9.460,0.00000,0
33.476,0.0,0.0,1.60,-0.380,0.110,-9.460,0.00000,0
33.487,0.0,0.0,1.60,-0.380,0.110,-9.460,0.00000,0
33.497,0.0,0.0,1.60,-0.380,0.110,-9.460,0.00000,0
33.507,0.0,0.0,1.60,-0.380,0.140,-9.470,0.00000,0
33.517,0.0,0.0,1.60,-0.380,0.140,-9.470,0.00000,0
33.527,0.0,0.0,1.60,-0.380,0.140,-9.470,0.00000,0
33.537,0.0,0.0,1.60,-0.380,0.140,-9.470,0.00000,0
33.547,0.0,0.0,1.60,-0.380,0.140,-9.470,0.00000,0
33.557,0.0,0.0,1.60,-0.380,0.130,-9.550,0.00000,0
33.568,0.0,0.0,1.60,-0.380,0.130,-9.550,0.00000,0
33.578,0.0,0.0,1.60,-0.380,0.130,-9.550,0.00000,0
33.588,0.0,0.0,1.60,-0.380,0.130,-9.550,0.00000,0
33.598,0.0,0.0,1.60,-0.430,0.140,-9.480,0.00000,0
33.608,0.0,0.0,1.60,-0.430,0.140,-9.480,0.00000,0
33.618,0.0,0.0,1.60,-0.430,0.140,-9.480,0.00000,0
33.628,0.0,0.0,1.60,-0.430,0.140,-9.480,0.00000,0
33.639,0.0,0.0,1.60,-0.430,0.140,-9.480,0.00000,0
33.649,0.0,0.0,1.60,-0.430,0.140,-9.480,0.00000,0
33.659,0.0,0.0,1.60,-0.420,0.100,-9.490,0.00000,0
33.669,0.0,0.0,1.60,-0.420,0.100,-9.490,0.00000,0
33.679,0.0,0.0,1.60,-0.420,0.100,-9.490,0.00000,0
33.689,0.0,0.0,1.60,-0.420,0.100,-9.490,0.00000,0
33.699,0.0,0.0,1.60,-0.420,0.100,-9.490,0.00000,0
33.709,0.0,0.0,1.60,-0.390,0.110,-9.450,0.00000,0
33.720,0.0,0.0,1.60,-0.390,0.110,-9.450,0.00000,0
33.730,0.0,0.0,1.60,-0.390,0.110,-9.450,0.00000,0
33.740,0.0,0.0,1.60,-0.390,0.110,-9.450,0.00000,0
33.750,0.0,0.0,1.60,-0.390,0.110,-9.450,0.00000,0
33.760,0.0,0.0,1.60,-0.430,0.150,-9.440,0.00000,0
33.770,0.0,0.0,1.60,-0.430,0.150,-9.440,0.00000,0
33.780,0.0,0.0,1.60,-0.430,0.150,-9.440,0.00000,0
33.791,0.0,0.0,1.60,-0.430,0.150,-9.440,0.00000,0
33.801,0.0,0.0,1.60,-0.430,0.150,-9.440,0.00000,0
33.811,0.0,0.0,1.60,-0.410,0.140,-9.480,0.00000,0
33.821,0.0,0.0,1.60,-0.410,0.140,-9.480,0.00000,0
33.831,0.0,0.0,1.60,-0.410,0.140,-9.480,0.00000,0
33.841,0.0,0.0,1.60,-0.410,0.140,-9.480,0.00000,0
33.851,0.0,0.0,1.60,-0.440,0.170,-9.490,0.00000,0
33.861,0.0,0.0,1.60,-0.440,0.170,-9.490,0.00000,0
33.872,0.0,0.0,1.60,-0.440,0.170,-9.490,0.00000,0
33.882,0.0,0.0,1.60,-0.440,0.170,-9.490,0.00000,0
33.892,0.0,0.0,1.60,-0.440,0.170,-9.490,0.00000,0
33.902,0.0,0.0,1.60,-0.370,0.120,-9.500,0.00000,0
33.912,0.0,0.0,1.60,-0.370,0.120,-9.500,0.00000,0
33.922,0.0,0.0,1.60,-0.370,0.120,-9.500,0.00000,0
33.932,0.0,0.0,1.60,-0.370,0.120,-9.500,0.00000,0
33.943,0.0,0.0,1.60,-0.370,0.120,-9.500,0.00000,0
33.953,0.0,0.0,1.60,-0.370,0.120,-9.500,0.00000,0
33.963,0.0,0.0,1.60,-0.400,0.110,-9.440,0.00000,0
33.973,0.0,0.0,1.60,-0.400,0.110,-9.440,0.00000,0
33.983,0.0,0.0,1.60,-0.400,0.110,-9.440,0.00000,0
33.993,0.0,0.0,1.60,-0.400,0.110,-9.440,0.00000,0
34.003,0.0,0.0,1.60,-0.400,0.110,-9.440,0.00000,0
34.013,0.0,0.0,1.60,-0.370,0.100,-9.410,0.00000,0
34.024,0.0,0.0,1.60,-0.370,0.100,-9.410,0.00000,0
34.034,0.0,0.0,1.60,-0.370,0.100,-9.410,0.00000,0
34.044,0.0,0.0,1.60,-0.370,0.100,-9.410,0.00000,0
34.054,0.0,0.0,1.60,-0.370,0.100,-9.410,0.00000,0
34.064,0.0,0.0,1.60,-0.420,0.140,-9.500,0.00000,0
34.074,0.0,0.0,1.60,-0.420,0.140,-9.500,0.00000,0
34.084,0.0,0.0,1.60,-0.420,0.140,-9.500,0.00000,0
34.095,0.0,0.0,1.60,-0.420,0.140,-9.500,0.00000,0
34.105,0.0,0.0,1.60,-0.370,0.130,-9.470,0.00000,0
34.115,0.0,0.0,1.60,-0.370,0.130,-9.470,0.00000,0
34.125,0.0,0.0,1.60,-0.370,0.130,-9.470,0.00000,0
34.135,0.0,0.0,1.60,-0.370,0.130,-9.470,0.00000,0
34.145,0.0,0.0,1.60,-0.370,0.130,-9.470,0.00000,0
34.155,0.0,0.0,1.60,-0.410,0.100,-9.430,0.00000,0
34.166,0.0,0.0,1.60,-0.410,0.100,-9.430,0.00000,0
34.176,0.0,0.0,1.60,-0.410,0.100,-9.430,0.00000,0
34.186,0.0,0.0,1.60,-0.410,0.100,-9.430,0.00000,0
34.196,0.0,0.0,1.60,-0.410,0.100,-9.430,0.00000,0
34.206,0.0,0.0,1.60,-0.430,0.130,-9.430,0.00000,0
34.216,0.0,0.0,1.60,-0.430,0.130,-9.430,0.00000,0
34.226,0.0,0.0,1.60,-0.430,0.130,-9.430,0.00000,0
34.236,0.0,0.0,1.60,-0.430,0.130,-9.430,0.00000,0
34.247,0.0,0.0,1.60,-0.430,0.130,-9.430,0.00000,0
34.257,0.0,0.0,1.60,-0.400,0.100,-9.530,0.00000,0
34.267,0.0,0.0,1.60,-0.400,0.100,-9.530,0.00000,0
34.277,0.0,0.0,1.60,-0.400,0.100,-9.530,0.00000,0
34.287,0.0,0.0,1.60,-0.400,0.100,-9.530,0.00000,0
34.297,0.0,0.0,1.60,-0.400,0.100,-9.530,0.00000,0
34.307,0.0,0.0,1.60,-0.360,0.110,-9.530,0.00000,0
34.318,0.0,0.0,1.60,-0.360,0.110,-9.530,0.00000,0
34.328,0.0,0.0,1.60,-0.360,0.110,-9.530,0.00000,0
34.338,0.0,0.0,1.60,-0.360,0.110,-9.530,0.00000,0
34.348,0.0,0.0,1.60,-0.410,0.130,-9.570,0.00000,0
34.358,0.0,0.0,1.60,-0.410,0.130,-9.570,0.00000,0
34.368,0.0,0.0,1.60,-0.410,0.130,-9.570,0.00000,0
34.378,0.0,0.0,1.60,-0.410,0.130,-9.570,0.00000,0
34.389,0.0,0.0,1.60,-0.410,0.130,-9.570,0.00000,0
34.399,0.0,0.0,1.60,-0.410,0.130,-9.570,0.00000,0
34.409,0.0,0.0,1.60,-0.370,0.150,-9.520,0.00000,0
34.419,0.0,0.0,1.60,-0.370,0.150,-9.520,0.00000,0
34.429,0.0,0.0,1.60,-0.370,0.150,-9.520,0.00000,0
34.439,0.0,0.0,1.60,-0.370,0.150,-9.520,0.00000,0
34.449,0.0,0.0,1.60,-0.370,0.150,-9.520,0.00000,0
34.461,0.0,0.0,1.60,-0.370,0.110,-9.410,0.00000,0
34.471,0.0,0.0,1.60,-0.370,0.110,-9.410,0.00000,0
34.481,0.0,0.0,1.60,-0.370,0.110,-9.410,0.00000,0
34.491,0.0,0.0,1.60,-0.370,0.110,-9.410,0.00000,0
34.501,0.0,0.0,1.60,-0.370,0.110,-9.410,0.00000,0
34.511,0.0,0.0,1.60,-0.400,0.090,-9.530,0.00000,0
34.522,0.0,0.0,1.60,-0.400,0.090,-9.530,0.00000,0
34.532,0.0,0.0,1.60,-0.400,0.090,-9.530,0.00000,0
34.542,0.0,0.0,1.60,-0.400,0.090,-9.530,0.00000,0
34.552,0.0,0.0,1.60,-0.400,0.090,-9.530,0.00000,0
34.562,0.0,0.0,1.60,-0.400,0.160,-9.480,0.00000,0
34.572,0.0,0.0,1.60,-0.400,0.160,-9.480,0.00000,0
34.582,0.0,0.0,1.60,-0.400,0.160,-9.480,0.00000,0
34.593,0.0,0.0,1.60,-0.400,0.160,-9.480,0.00000,0
34.603,0.0,0.0,1.60,-0.420,0.130,-9.520,0.00000,0
34.613,0.0,0.0,1.60,-0.420,0.130,-9.520,0.00000,0
34.623,0.0,0.0,1.60,-0.420,0.130,-9.520,0.00000,0
34.633,0.0,0.0,1.60,-0.420,0.130,-9.520,0.00000,0
34.643,0.0,0.0,1.60,-0.420,0.130,-9.520,0.00000,0
34.653,0.0,0.0,1.60,-0.420,0.110,-9.460,0.00000,0
34.663,0.0,0.0,1.60,-0.420,0.110,-9.460,0.00000,0
34.674,0.0,0.0,1.60,-0.420,0.110,-9.460,0.00000,0
34.684,0.0,0.0,1.60,-0.420,0.110,-9.460,0.00000,0
34.694,0.0,0.0,1.60,-0.420,0.110,-9.460,0.00000,0
34.704,0.0,0.0,1.60,-0.390,0.110,-9.440,0.00000,0
34.714,0.0,0.0,1.60,-0.390,0.110,-9.440,0.00000,0
34.724,0.0,0.0,1.60,-0.390,0.110,-9.440,0.00000,0
34.734,0.0,0.0,1.60,-0.390,0.110,-9.440,0.00000,0
34.745,0.0,0.0,1.60,-0.390,0.110,-9.440,0.00000,0
34.755,0.0,0.0,1.60,-0.370,0.120,-9.510,0.00000,0
34.765,0.0,0.0,1.60,-0.370,0.120,-9.510,0.00000,0
34.775,0.0,0.0,1.60,-0.370,0.120,-9.510,0.00000,0
34.785,0.0,0.0,1.60,-0.370,0.120,-9.510,0.00000,0
34.795,0.0,0.0,1.60,-0.370,0.120,-9.510,0.00000,0
34.805,0.0,0.0,1.60,-0.370,0.120,-9.510,0.00000,0
34.815,0.0,0.0,1.60,-0.380,0.110,-9.420,0.00000,0
34.826,0.0,0.0,1.60,-0.380,0.110,-9.420,0.00000,0
34.836,0.0,0.0,1.60,-0.380,0.110,-9.420,0.00000,0
34.846,0.0,0.0,1.60,-0.380,0.110,-9.420,0.00000,0
34.856,0.0,0.0,1.60,-0.390,0.120,-9.460,0.00000,0
34.866,0.0,0.0,1.60,-0.390,0.120,-9.460,0.00000,0
34.876,0.0,0.0,1.60,-0.390,0.120,-9.460,0.00000,0
34.886,0.0,0.0,1.60,-0.390,0.120,-9.460,0.00000,0
34.897,0.0,0.0,1.60,-0.390,0.120,-9.460,0.00000,0
34.907,0.0,0.0,1.60,-0.350,0.130,-9.420,0.00000,0
34.917,0.0,0.0,1.60,-0.350,0.130,-9.420,0.00000,0
34.927,0.0,0.0,1.60,-0.350,0.130,-9.420,0.00000,0
34.937,0.0,0.0,1.60,-0.350,0.130,-9.420,0.00000,0
34.947,0.0,0.0,1.60,-0.350,0.130,-9.420,0.00000,0
34.957,0.0,0.0,1.60,-0.390,0.150,-9.480,0.00000,0
34.968,0.0,0.0,1.60,-0.390,0.150,-9.480,0.00000,0
34.978,0.0,0.0,1.60,-0.390,0.150,-9.480,0.00000,0
34.988,0.0,0.0,1.60,-0.390,0.150,-9.480,0.00000,0
34.998,0.0,0.0,1.60,-0.390,0.150,-9.480,0.00000,0
35.008,0.0,0.0,1.60,-0.410,0.130,-9.470,0.00000,0
35.018,0.0,0.0,1.60,-0.410,0.130,-9.470,0.00000,0
35.028,0.0,0.0,1.60,-0.410,0.130,-9.470,0.00000,0
35.039,0.0,0.0,1.60,-0.410,0.130,-9.470,0.00000,0
35.049,0.0,0.0,1.60,-0.410,0.130,-9.470,0.00000,0
35.059,0.0,0.0,1.60,-0.430,0.160,-9.400,0.00000,0
35.069,0.0,0.0,1.60,-0.430,0.160,-9.400,0.00000,0
35.079,0.0,0.0,1.60,-0.430,0.160,-9.400,0.00000,0
35.089,0.0,0.0,1.60,-0.430,0.160,-9.400,0.00000,0
35.099,0.0,0.0,1.60,-0.450,0.140,-9.480,0.00000,0
35.109,0.0,0.0,1.60,-0.450,0.140,-9.480,0.00000,0
35.119,0.0,0.0,1.60,-0.450,0.140,-9.480,0.00000,0
35.130,0.0,0.0,1.60,-0.450,0.140,-9.480,0.00000,0
35.140,0.0,0.0,1.60,-0.450,0.140,-9.480,0.00000,0
35.150,0.0,0.0,1.60,-0.420,0.100,-9.510,0.00000,0
35.160,0.0,0.0,1.60,-0.420,0.100,-9.510,0.00000,0
35.170,0.0,0.0,1.60,-0.420,0.100,-9.510,0.00000,0
35.180,0.0,0.0,1.60,-0.420,0.100,-9.510,0.00000,0
35.190,0.0,0.0,1.60,-0.420,0.100,-9.510,0.00000,0
35.201,0.0,0.0,1.60,-0.420,0.100,-9.510,0.00000,0
35.211,0.0,0.0,1.60,-0.390,0.110,-9.480,0.00000,0
35.221,0.0,0.0,1.60,-0.390,0.110,-9.480,0.00000,0
35.231,0.0,0.0,1.60,-0.390,0.110,-9.480,0.00000,0
35.241,0.0,0.0,1.60,-0.390,0.110,-9.480,0.00000,0
35.251,0.0,0.0,1.60,-0.390,0.110,-9.480,0.00000,0
35.261,0.0,0.0,1.60,-0.400,0.120,-9.580,0.00000,0
35.272,0.0,0.0,1.60,-0.400,0.120,-9.580,0.00000,0
35.282,0.0,0.0,1.60,-0.400,0.120,-9.580,0.00000,0
35.292,0.0,0.0,1.60,-0.400,0.120,-9.580,0.00000,0
35.302,0.0,0.0,1.60,-0.400,0.120,-9.580,0.00000,0
35.312,0.0,0.0,1.60,-0.400,0.140,-9.440,0.00000,0
35.322,0.0,0.0,1.60,-0.400,0.140,-9.440,0.00000,0
35.332,0.0,0.0,1.60,-0.400,0.140,-9.440,0.00000,0
35.343,0.0,0.0,1.60,-0.400,0.140,-9.440,0.00000,0
35.353,0.0,0.0,1.60,-0.390,0.150,-9.490,0.00000,0
35.363,0.0,0.0,1.60,-0.390,0.150,-9.490,0.00000,0
35.373,0.0,0.0,1.60,-0.390,0.150,-9.490,0.00000,0
35.383,0.0,0.0,1.60,-0.390,0.150,-9.490,0.00000,0
35.393,0.0,0.0,1.60,-0.390,0.150,-9.490,0.00000,0
35.403,0.0,0.0,1.60,-0.390,0.130,-9.430,0.00000,0
35.413,0.0,0.0,1.60,-0.390,0.130,-9.430,0.00000,0
35.424,0.0,0.0,1.60,-0.390,0.130,-9.430,0.00000,0
35.434,0.0,0.0,1.60,-0.390,0.130,-9.430,0.00000,0
35.444,0.0,0.0,1.60,-0.390,0.130,-9.430,0.00000,0
35.454,0.0,0.0,1.60,-0.400,0.120,-9.420,0.00000,0
35.464,0.0,0.0,1.60,-0.400,0.120,-9.420,0.00000,0
35.474,0.0,0.0,1.60,-0.400,0.120,-9.420,0.00000,0
35.484,0.0,0.0,1.60,-0.400,0.120,-9.420,0.00000,0
35.495,0.0,0.0,1.60,-0.400,0.120,-9.420,0.00000,0
35.505,0.0,0.0,1.60,-0.430,0.090,-9.470,0.00000,0
35.515,0.0,0.0,1.60,-0.430,0.090,-9.470,0.00000,0
35.525,0.0,0.0,1.60,-0.430,0.090,-9.470,0.00000,0
35.535,0.0,0.0,1.60,-0.430,0.090,-9.470,0.00000,0
35.545,0.0,0.0,1.60,-0.430,0.090,-9.470,0.00000,0
35.555,0.0,0.0,1.60,-0.430,0.090,-9.470,0.00000,0
35.566,0.0,0.0,1.60,-0.410,0.120,-9.450,0.00000,0
35.576,0.0,0.0,1.60,-0.410,0.120,-9.450,0.00000,0
35.586,0.0,0.0,1.60,-0.410,0.120,-9.450,0.00000,0
35.596,0.0,0.0,1.60,-0.410,0.120,-9.450,0.00000,0
35.606,0.0,0.0,1.60,-0.410,0.120,-9.450,0.00000,0
35.616,0.0,0.0,1.60,-0.430,0.100,-9.420,0.00000,0
35.626,0.0,0.0,1.60,-0.430,0.100,-9.420,0.00000,0
35.637,0.0,0.0,1.60,-0.430,0.100,-9.420,0.00000,0
35.647,0.0,0.0,1.60,-0.430,0.100,-9.420,0.00000,0
35.657,0.0,0.0,1.60,-0.390,0.160,-9.420,0.00000,0
35.667,0.0,0.0,1.60,-0.390,0.160,-9.420,0.00000,0
35.677,0.0,0.0,1.60,-0.390,0.160,-9.420,0.00000,0
35.687,0.0,0.0,1.60,-0.390,0.160,-9.420,0.00000,0
35.697,0.0,0.0,1.60,-0.390,0.160,-9.420,0.00000,0
35.708,0.0,0.0,1.60,-0.400,0.140,-9.510,0.00000,0
35.718,0.0,0.0,1.60,-0.400,0.140,-9.510,0.00000,0
35.728,0.0,0.0,1.60,-0.400,0.140,-9.510,0.00000,0
35.738,0.0,0.0,1.60,-0.400,0.140,-9.510,0.00000,0
35.748,0.0,0.0,1.60,-0.400,0.140,-9.510,0.00000,0
35.758,0.0,0.0,1.60,-0.380,0.140,-9.500,0.00000,0
35.768,0.0,0.0,1.60,-0.380,0.140,-9.500,0.00000,0
35.779,0.0,0.0,1.60,-0.380,0.140,-9.500,0.00000,0
35.789,0.0,0.0,1.60,-0.380,0.140,-9.500,0.00000,0
35.799,0.0,0.0,1.60,-0.380,0.140,-9.500,0.00000,0
35.809,0.0,0.0,1.60,-0.400,0.120,-9.460,0.00000,0
35.819,0.0,0.0,1.60,-0.400,0.120,-9.460,0.00000,0
35.829,0.0,0.0,1.60,-0.400,0.120,-9.460,0.00000,0
35.839,0.0,0.0,1.60,-0.400,0.120,-9.460,0.00000,0
35.849,0.0,0.0,1.60,-0.400,0.120,-9.460,0.00000,0
35.860,0.0,0.0,1.60,-0.400,0.100,-9.480,0.00000,0
35.870,0.0,0.0,1.60,-0.400,0.100,-9.480,0.00000,0
35.880,0.0,0.0,1.60,-0.400,0.100,-9.480,0.00000,0
35.890,0.0,0.0,1.60,-0.400,0.100,-9.480,0.00000,0
35.900,0.0,0.0,1.60,-0.420,0.140,-9.450,0.00000,0
35.910,0.0,0.0,1.60,-0.420,0.140,-9.450,0.00000,0
35.921,0.0,0.0,1.60,-0.420,0.140,-9.450,0.00000,0
35.931,0.0,0.0,1.60,-0.420,0.140,-9.450,0.00000,0
35.941,0.0,0.0,1.60,-0.420,0.140,-9.450,0.00000,0
35.951,0.0,0.0,1.60,-0.420,0.140,-9.450,0.00000,0
35.961,0.0,0.0,1.60,-0.460,0.160,-9.450,0.00000,0
35.971,0.0,0.0,1.60,-0.460,0.160,-9.450,0.00000,0
35.981,0.0,0.0,1.60,-0.460,0.160,-9.450,0.00000,0
35.992,0.0,0.0,1.60,-0.460,0.160,-9.450,0.00000,0
36.002,0.0,0.0,1.60,-0.460,0.160,-9.450,0.00000,0
36.012,0.0,0.0,1.60,-0.390,0.110,-9.440,0.00000,0
36.022,0.0,0.0,1.60,-0.390,0.110,-9.440,0.00000,0
36.032,0.0,0.0,1.60,-0.390,0.110,-9.440,0.00000,0
36.042,0.0,0.0,1.60,-0.390,0.110,-9.440,0.00000,0
36.052,0.0,0.0,1.60,-0.390,0.110,-9.440,0.00000,0
36.062,0.0,0.0,1.60,-0.390,0.100,-9.470,0.00000,0
36.073,0.0,0.0,1.60,-0.390,0.100,-9.470,0.00000,0
36.083,0.0,0.0,1.60,-0.390,0.100,-9.470,0.00000,0
36.093,0.0,0.0,1.60,-0.390,0.100,-9.470,0.00000,0
36.103,0.0,0.0,1.60,-0.390,0.100,-9.470,0.00000,0
36.113,0.0,0.0,1.60,-0.430,0.110,-9.490,0.00000,0
36.123,0.0,0.0,1.60,-0.430,0.110,-9.490,0.00000,0
36.133,0.0,0.0,1.60,-0.430,0.110,-9.490,0.00000,0
36.144,0.0,0.0,1.60,-0.430,0.110,-9.490,0.00000,0
36.154,0.0,0.0,1.60,-0.380,0.130,-9.510,0.00000,0
36.164,0.0,0.0,1.60,-0.380,0.130,-9.510,0.00000,0
36.174,0.0,0.0,1.60,-0.380,0.130,-9.510,0.00000,0
36.184,0.0,0.0,1.60,-0.380,0.130,-9.510,0.00000,0
36.195,0.0,0.0,1.60,-0.380,0.130,-9.510,0.00000,0
36.205,0.0,0.0,1.60,-0.420,0.150,-9.510,0.00000,0
36.215,0.0,0.0,1.60,-0.420,0.150,-9.510,0.00000,0
36.225,0.0,0.0,1.60,-0.420,0.150,-9.510,0.00000,0
36.235,0.0,0.0,1.60,-0.420,0.150,-9.510,0.00000,0
36.245,0.0,0.0,1.60,-0.420,0.150,-9.510,0.00000,0
36.255,0.0,0.0,1.60,-0.400,0.140,-9.480,0.00000,0
36.266,0.0,0.0,1.60,-0.400,0.140,-9.480,0.00000,0
36.276,0.0,0.0,1.60,-0.400,0.140,-9.480,0.00000,0
36.286,0.0,0.0,1.60,-0.400,0.140,-9.480,0.00000,0
36.296,0.0,0.0,1.60,-0.400,0.140,-9.480,0.00000,0
36.306,0.0,0.0,1.60,-0.380,0.110,-9.490,0.00000,0
36.316,0.0,0.0,1.60,-0.380,0.110,-9.490,0.00000,0
36.326,0.0,0.0,1.60,-0.380,0.110,-9.490,0.00000,0
36.337,0.0,0.0,1.60,-0.380,0.110,-9.490,0.00000,0
36.347,0.0,0.0,1.60,-0.380,0.110,-9.490,0.00000,0
36.357,0.0,0.0,1.60,-0.380,0.110,-9.490,0.00000,0
36.367,0.0,0.0,1.60,-0.400,0.120,-9.450,0.00000,0
36.377,0.0,0.0,1.60,-0.400,0.120,-9.450,0.00000,0
36.387,0.0,0.0,1.60,-0.400,0.120,-9.450,0.00000,0
36.397,0.0,0.0,1.60,-0.400,0.120,-9.450,0.00000,0
36.408,0.0,0.0,1.60,-0.450,0.090,-9.390,0.00000,0
36.418,0.0,0.0,1.60,-0.450,0.090,-9.390,0.00000,0
36.428,0.0,0.0,1.60,-0.450,0.090,-9.390,0.00000,0
36.438,0.0,0.0,1.60,-0.450,0.090,-9.390,0.00000,0
36.448,0.0,0.0,1.60,-0.450,0.090,-9.390,0.00000,0
36.458,0.0,0.0,1.60,-0.390,0.090,-9.490,0.00000,0
36.468,0.0,0.0,1.60,-0.390,0.090,-9.490,0.00000,0
36.479,0.0,0.0,1.60,-0.390,0.090,-9.490,0.00000,0
36.489,0.0,0.0,1.60,-0.390,0.090,-9.490,0.00000,0
36.499,0.0,0.0,1.60,-0.390,0.090,-9.490,0.00000,0
36.509,0.0,0.0,1.60,-0.390,0.090,-9.490,0.00000,0
36.519,0.0,0.0,1.60,-0.390,0.120,-9.470,0.00000,0
36.529,0.0,0.0,1.60,-0.390,0.120,-9.470,0.00000,0
36.539,0.0,0.0,1.60,-0.390,0.120,-9.470,0.00000,0
36.549,0.0,0.0,1.60,-0.390,0.120,-9.470,0.00000,0
36.560,0.0,0.0,1.60,-0.440,0.140,-9.510,0.00000,0
36.570,0.0,0.0,1.60,-0.440,0.140,-9.510,0.00000,0
36.580,0.0,0.0,1.60,-0.440,0.140,-9.510,0.00000,0
36.590,0.0,0.0,1.60,-0.440,0.140,-9.510,0.00000,0
36.600,0.0,0.0,1.60,-0.440,0.140,-9.510,0.00000,0
36.610,0.0,0.0,1.60,-0.400,0.110,-9.570,0.00000,0
36.620,0.0,0.0,1.60,-0.400,0.110,-9.570,0.00000,0
36.630,0.0,0.0,1.60,-0.400,0.110,-9.570,0.00000,0
36.641,0.0,0.0,1.60,-0.400,0.110,-9.570,0.00000,0
36.651,0.0,0.0,1.60,-0.390,0.150,-9.440,0.00000,0
36.661,0.0,0.0,1.60,-0.390,0.150,-9.440,0.00000,0
36.671,0.0,0.0,1.60,-0.390,0.150,-9.440,0.00000,0
36.681,0.0,0.0,1.60,-0.390,0.150,-9.440,0.00000,0
36.691,0.0,0.0,1.60,-0.390,0.150,-9.440,0.00000,0
36.701,0.0,0.0,1.60,-0.390,0.150,-9.440,0.00000,0
36.711,0.0,0.0,1.60,-0.390,0.130,-9.470,0.00000,0
36.721,0.0,0.0,1.60,-0.390,0.130,-9.470,0.00000,0
36.732,0.0,0.0,1.60,-0.390,0.130,-9.470,0.00000,0
36.742,0.0,0.0,1.60,-0.390,0.130,-9.470,0.00000,0
36.752,0.0,0.0,1.60,-0.390,0.130,-9.470,0.00000,0
36.762,0.0,0.0,1.60,-0.390,0.120,-9.510,0.00000,0
36.772,0.0,0.0,1.60,-0.390,0.120,-9.510,0.00000,0
36.782,0.0,0.0,1.60,-0.390,0.120,-9.510,0.00000,0
36.792,0.0,0.0,1.60,-0.390,0.120,-9.510,0.00000,0
36.802,0.0,0.0,1.60,-0.390,0.120,-9.510,0.00000,0
36.812,0.0,0.0,1.60,-0.430,0.130,-9.500,0.00000,0
36.823,0.0,0.0,1.60,-0.430,0.130,-9.500,0.00000,0
36.833,0.0,0.0,1.60,-0.430,0.130,-9.500,0.00000,0
36.843,0.0,0.0,1.60,-0.430,0.130,-9.500,0.00000,0
36.853,0.0,0.0,1.60,-0.430,0.130,-9.500,0.00000,0
36.863,0.0,0.0,1.60,-0.360,0.000,-9.530,0.00000,0
36.873,0.0,0.0,1.60,-0.360,0.000,-9.530,0.00000,0
36.883,0.0,0.0,1.60,-0.360,0.000,-9.530,0.00000,0
36.894,0.0,0.0,1.60,-0.360,0.000,-9.530,0.00000,0
36.904,0.0,0.0,1.60,-0.350,0.070,-9.450,0.00000,0
36.914,0.0,0.0,1.60,-0.350,0.070,-9.450,0.00000,0
36.925,0.0,0.0,1.60,-0.350,0.070,-9.450,0.00000,0
36.935,0.0,0.0,1.60,-0.350,0.070,-9.450,0.00000,0
36.945,0.0,0.0,1.60,-0.350,0.070,-9.450,0.00000,0
36.955,0.0,0.0,1.60,-0.730,0.080,-9.440,0.00000,0
36.965,0.0,0.0,1.60,-0.730,0.080,-9.440,0.00000,0
36.975,0.0,0.0,1.60,-0.730,0.080,-9.440,0.00000,0
36.986,0.0,0.0,1.60,-0.730,0.080,-9.440,0.00000,0
36.996,0.0,0.0,1.60,-0.730,0.080,-9.440,0.00000,0
37.006,0.0,0.0,1.60,-0.510,0.160,-9.460,0.00000,0
37.016,0.0,0.0,1.60,-0.510,0.160,-9.460,0.00000,0
37.026,0.0,0.0,1.60,-0.510,0.160,-9.460,0.00000,0
37.036,0.0,0.0,1.60,-0.510,0.160,-9.460,0.00000,0
37.046,0.0,0.0,1.60,-0.510,0.160,-9.460,0.00000,0
37.056,0.0,0.0,1.60,-0.280,0.090,-9.580,0.00000,0
37.067,0.0,0.0,1.60,-0.280,0.090,-9.580,0.00000,0
37.077,0.0,0.0,1.60,-0.280,0.090,-9.580,0.00000,0
37.087,0.0,0.0,1.60,-0.280,0.090,-9.580,0.00000,0
37.097,0.0,0.0,1.60,-0.280,0.090,-9.580,0.00000,0
37.107,0.0,0.0,1.60,-0.280,0.090,-9.580,0.00000,0
37.117,0.0,0.0,1.60,-0.520,0.180,-9.240,0.00000,0
37.127,0.0,0.0,1.60,-0.520,0.180,-9.240,0.00000,0
37.138,0.0,0.0,1.60,-0.520,0.180,-9.240,0.00000,0
37.148,0.0,0.0,1.60,-0.520,0.180,-9.240,0.00000,0
37.158,0.0,0.0,1.60,-0.420,0.330,-9.780,0.00000,0
37.168,0.0,0.0,1.60,-0.420,0.330,-9.780,0.00000,0
37.178,0.0,0.0,1.60,-0.420,0.330,-9.780,0.00000,0
37.188,0.0,0.0,1.60,-0.420,0.330,-9.780,0.00000,0
37.198,0.0,0.0,1.60,-0.420,0.330,-9.780,0.00000,0
37.208,0.0,0.0,1.60,-0.070,0.360,-9.310,0.00000,0
37.219,0.0,0.0,1.60,-0.070,0.360,-9.310,0.00000,0
37.229,0.0,0.0,1.60,-0.070,0.360,-9.310,0.00000,0
37.239,0.0,0.0,1.60,-0.070,0.360,-9.310,0.00000,0
37.249,0.0,0.0,1.60,-0.070,0.360,-9.310,0.00000,0
37.259,0.0,0.0,1.60,-0.490,0.130,-9.870,0.00000,0
37.269,0.0,0.0,1.60,-0.490,0.130,-9.870,0.00000,0
37.279,0.0,0.0,1.60,-0.490,0.130,-9.870,0.00000,0
37.290,0.0,0.0,1.60,-0.490,0.130,-9.870,0.00000,0
37.300,0.0,0.0,1.60,-0.490,0.130,-9.870,0.00000,0
37.310,0.0,0.0,1.60,-0.400,0.180,-9.860,0.00000,0
37.320,0.0,0.0,1.60,-0.400,0.180,-9.860,0.00000,0
37.330,0.0,0.0,1.60,-0.400,0.180,-9.860,0.00000,0
37.340,0.0,0.0,1.60,-0.400,0.180,-9.860,0.00000,0
37.350,0.0,0.0,1.60,-0.400,0.180,-9.860,0.00000,0
37.360,0.0,0.0,1.60,-0.410,0.250,-9.750,0.00000,0
37.371,0.0,0.0,1.60,-0.410,0.250,-9.750,0.00000,0
37.381,0.0,0.0,1.60,-0.410,0.250,-9.750,0.00000,0
37.391,0.0,0.0,1.60,-0.410,0.250,-9.750,0.00000,0
37.401,0.0,0.0,1.60,-0.350,0.190,-9.470,0.00000,0
37.411,0.0,0.0,1.60,-0.350,0.190,-9.470,0.00000,0
37.421,0.0,0.0,1.60,-0.350,0.190,-9.470,0.00000,0
37.431,0.0,0.0,1.60,-0.350,0.190,-9.470,0.00000,0
37.442,0.0,0.0,1.60,-0.350,0.190,-9.470,0.00000,0
37.452,0.0,0.0,1.60,-0.350,0.190,-9.470,0.00000,0
37.462,0.0,0.0,1.60,-0.580,0.200,-9.390,0.00000,0
37.472,0.0,0.0,1.60,-0.580,0.200,-9.390,0.00000,0
37.482,0.0,0.0,1.60,-0.580,0.200,-9.390,0.00000,0
37.492,0.0,0.0,1.60,-0.580,0.200,-9.390,0.00000,0
37.503,0.0,0.0,1.60,-0.580,0.200,-9.390,0.00000,0
37.513,0.0,0.0,1.60,-0.420,0.200,-9.380,0.00000,0
37.523,0.0,0.0,1.60,-0.420,0.200,-9.380,0.00000,0
37.533,0.0,0.0,1.60,-0.420,0.200,-9.380,0.00000,0
37.543,0.0,0.0,1.60,-0.420,0.200,-9.380,0.00000,0
37.553,0.0,0.0,1.60,-0.420,0.200,-9.380,0.00000,0
37.564,0.0,0.0,1.60,-0.410,0.100,-9.520,0.00000,0
37.574,0.0,0.0,1.60,-0.410,0.100,-9.520,0.00000,0
37.584,0.0,0.0,1.60,-0.410,0.100,-9.520,0.00000,0
37.594,0.0,0.0,1.60,-0.410,0.100,-9.520,0.00000,0
37.604,0.0,0.0,1.60,-0.410,0.100,-9.520,0.00000,0
37.614,0.0,0.0,1.60,-0.420,0.170,-9.440,0.00000,0
37.624,0.0,0.0,1.60,-0.420,0.170,-9.440,0.00000,0
37.634,0.0,0.0,1.60,-0.420,0.170,-9.440,0.00000,0
37.645,0.0,0.0,1.60,-0.420,0.170,-9.440,0.00000,0
37.655,0.0,0.0,1.60,-0.340,0.130,-9.440,0.00000,0
37.665,0.0,0.0,1.60,-0.340,0.130,-9.440,0.00000,0
37.675,0.0,0.0,1.60,-0.340,0.130,-9.440,0.00000,0
37.685,0.0,0.0,1.60,-0.340,0.130,-9.440,0.00000,0
37.695,0.0,0.0,1.60,-0.340,0.130,-9.440,0.00000,0
37.705,0.0,0.0,1.60,-0.390,0.110,-9.390,0.00000,0
37.716,0.0,0.0,1.60,-0.390,0.110,-9.390,0.00000,0
37.726,0.0,0.0,1.60,-0.390,0.110,-9.390,0.00000,0
37.736,0.0,0.0,1.60,-0.390,0.110,-9.390,0.00000,0
37.746,0.0,0.0,1.60,-0.390,0.110,-9.390,0.00000,0
37.757,0.0,0.0,1.60,-0.390,0.110,-9.470,0.00000,0
37.767,0.0,0.0,1.60,-0.390,0.110,-9.470,0.00000,0
37.777,0.0,0.0,1.60,-0.390,0.110,-9.470,0.00000,0
37.787,0.0,0.0,1.60,-0.390,0.110,-9.470,0.00000,0
37.797,0.0,0.0,1.60,-0.390,0.110,-9.470,0.00000,0
37.807,0.0,0.0,1.60,-0.450,0.110,-9.500,0.00000,0
37.817,0.0,0.0,1.60,-0.450,0.110,-9.500,0.00000,0
37.827,0.0,0.0,1.60,-0.450,0.110,-9.500,0.00000,0
37.838,0.0,0.0,1.60,-0.450,0.110,-9.500,0.00000,0
37.848,0.0,0.0,1.60,-0.450,0.110,-9.500,0.00000,0
37.858,0.0,0.0,1.60,-0.450,0.110,-9.500,0.00000,0
37.868,0.0,0.0,1.60,-0.350,0.130,-9.500,0.00000,0
37.878,0.0,0.0,1.60,-0.350,0.130,-9.500,0.00000,0
37.888,0.0,0.0,1.60,-0.350,0.130,-9.500,0.00000,0
37.898,0.0,0.0,1.60,-0.350,0.130,-9.500,0.00000,0
37.908,0.0,0.0,1.60,-0.350,0.130,-9.500,0.00000,0
37.918,0.0,0.0,1.60,-0.410,0.120,-9.520,0.00000,0
37.929,0.0,0.0,1.60,-0.410,0.120,-9.520,0.00000,0
37.939,0.0,0.0,1.60,-0.410,0.120,-9.520,0.00000,0
37.949,0.0,0.0,1.60,-0.410,0.120,-9.520,0.00000,0
37.959,0.0,0.0,1.60,-0.410,0.150,-9.500,0.00000,0
37.969,0.0,0.0,1.60,-0.410,0.150,-9.500,0.00000,0
37.979,0.0,0.0,1.60,-0.410,0.150,-9.500,0.00000,0
37.989,0.0,0.0,1.60,-0.410,0.150,-9.500,0.00000,0
37.999,0.0,0.0,1.60,-0.410,0.150,-9.500,0.00000,0
38.010,0.0,0.0,1.60,-0.400,0.130,-9.440,0.00000,0
38.020,0.0,0.0,1.60,-0.400,0.130,-9.440,0.00000,0
38.030,0.0,0.0,1.60,-0.400,0.130,-9.440,0.00000,0
38.040,0.0,0.0,1.60,-0.400,0.130,-9.440,0.00000,0
38.050,0.0,0.0,1.60,-0.400,0.130,-9.440,0.00000,0
38.060,0.0,0.0,1.60,-0.410,0.120,-9.510,0.00000,0
38.070,0.0,0.0,1.60,-0.410,0.120,-9.510,0.00000,0
38.081,0.0,0.0,1.60,-0.410,0.120,-9.510,0.00000,0
38.091,0.0,0.0,1.60,-0.410,0.120,-9.510,0.00000,0
38.101,0.0,0.0,1.60,-0.410,0.120,-9.510,0.00000,0
38.111,0.0,0.0,1.60,-0.400,0.120,-9.480,0.00000,0
38.121,0.0,0.0,1.60,-0.400,0.120,-9.480,0.00000,0
38.131,0.0,0.0,1.60,-0.400,0.120,-9.480,0.00000,0
38.141,0.0,0.0,1.60,-0.400,0.120,-9.480,0.00000,0
38.151,0.0,0.0,1.60,-0.400,0.120,-9.480,0.00000,0
38.162,0.0,0.0,1.60,-0.410,0.150,-9.500,0.00000,0
38.172,0.0,0.0,1.60,-0.410,0.150,-9.500,0.00000,0
38.182,0.0,0.0,1.60,-0.410,0.150,-9.500,0.00000,0
38.192,0.0,0.0,1.60,-0.410,0.150,-9.500,0.00000,0
38.202,0.0,0.0,1.60,-0.390,0.130,-9.530,0.00000,0
38.212,0.0,0.0,1.60,-0.390,0.130,-9.530,0.00000,0
38.222,0.0,0.0,1.60,-0.390,0.130,-9.530,0.00000,0
38.232,0.0,0.0,1.60,-0.390,0.130,-9.530,0.00000,0
38.243,0.0,0.0,1.60,-0.390,0.130,-9.530,0.00000,0
38.253,0.0,0.0,1.60,-0.390,0.130,-9.530,0.00000,0
38.263,0.0,0.0,1.60,-0.380,0.130,-9.450,0.00000,0
38.273,0.0,0.0,1.60,-0.380,0.130,-9.450,0.00000,0
38.283,0.0,0.0,1.60,-0.380,0.130,-9.450,0.00000,0
38.293,0.0,0.0,1.60,-0.380,0.130,-9.450,0.00000,0
38.303,0.0,0.0,1.60,-0.380,0.130,-9.450,0.00000,0
38.314,0.0,0.0,1.60,-0.420,0.110,-9.520,0.00000,0
38.324,0.0,0.0,1.60,-0.420,0.110,-9.520,0.00000,0
38.334,0.0,0.0,1.60,-0.420,0.110,-9.520,0.00000,0
38.344,0.0,0.0,1.60,-0.420,0.110,-9.520,0.00000,0
38.354,0.0,0.0,1.60,-0.420,0.110,-9.520,0.00000,0
38.364,0.0,0.0,1.60,-0.390,0.120,-9.480,0.00000,0
38.374,0.0,0.0,1.60,-0.390,0.120,-9.480,0.00000,0
38.385,0.0,0.0,1.60,-0.390,0.120,-9.480,0.00000,0
38.395,0.0,0.0,1.60,-0.390,0.120,-9.480,0.00000,0
38.405,0.0,0.0,1.60,-0.390,0.120,-9.480,0.00000,0
38.415,0.0,0.0,1.60,-0.380,0.140,-9.470,0.00000,0
38.425,0.0,0.0,1.60,-0.380,0.140,-9.470,0.00000,0
38.435,0.0,0.0,1.60,-0.380,0.140,-9.470,0.00000,0
38.445,0.0,0.0,1.60,-0.380,0.140,-9.470,0.00000,0
38.456,0.0,0.0,1.60,-0.370,0.110,-9.460,0.00000,0
38.466,0.0,0.0,1.60,-0.370,0.110,-9.460,0.00000,0
38.476,0.0,0.0,1.60,-0.370,0.110,-9.460,0.00000,0
38.486,0.0,0.0,1.60,-0.370,0.110,-9.460,0.00000,0
38.496,0.0,0.0,1.60,-0.370,0.110,-9.460,0.00000,0
38.507,0.0,0.0,1.60,-0.460,0.130,-9.490,0.00000,0
38.517,0.0,0.0,1.60,-0.460,0.130,-9.490,0.00000,0
38.527,0.0,0.0,1.60,-0.460,0.130,-9.490,0.00000,0
38.537,0.0,0.0,1.60,-0.460,0.130,-9.490,0.00000,0
38.547,0.0,0.0,1.60,-0.460,0.130,-9.490,0.00000,0
38.557,0.0,0.0,1.60,-0.430,0.110,-9.430,0.00000,0
38.567,0.0,0.0,1.60,-0.430,0.110,-9.430,0.00000,0
38.578,0.0,0.0,1.60,-0.430,0.110,-9.430,0.00000,0
38.588,0.0,0.0,1.60,-0.430,0.110,-9.430,0.00000,0
38.598,0.0,0.0,1.60,-0.430,0.110,-9.430,0.00000,0
38.608,0.0,0.0,1.60,-0.450,0.170,-9.520,0.00000,0
38.618,0.0,0.0,1.60,-0.450,0.170,-9.520,0.00000,0
38.629,0.0,0.0,1.60,-0.450,0.170,-9.520,0.00000,0
38.639,0.0,0.0,1.60,-0.450,0.170,-9.520,0.00000,0
38.649,0.0,0.0,1.60,-0.450,0.170,-9.520,0.00000,0
38.659,0.0,0.0,1.60,-0.450,0.170,-9.520,0.00000,0
38.669,0.0,0.0,1.60,-0.400,0.130,-9.490,0.00000,0
38.679,0.0,0.0,1.60,-0.400,0.130,-9.490,0.00000,0
38.689,0.0,0.0,1.60,-0.400,0.130,-9.490,0.00000,0
38.699,0.0,0.0,1.60,-0.400,0.130,-9.490,0.00000,0
38.710,0.0,0.0,1.60,-0.420,0.110,-9.470,0.00000,0
38.720,0.0,0.0,1.60,-0.420,0.110,-9.470,0.00000,0
38.730,0.0,0.0,1.60,-0.420,0.110,-9.470,0.00000,0
38.740,0.0,0.0,1.60,-0.420,0.110,-9.470,0.00000,0
38.750,0.0,0.0,1.60,-0.420,0.110,-9.470,0.00000,0
38.760,0.0,0.0,1.60,-0.390,0.140,-9.530,0.00000,0
38.770,0.0,0.0,1.60,-0.390,0.140,-9.530,0.00000,0
38.781,0.0,0.0,1.60,-0.390,0.140,-9.530,0.00000,0
38.791,0.0,0.0,1.60,-0.390,0.140,-9.530,0.00000,0
38.801,0.0,0.0,1.60,-0.390,0.140,-9.530,0.00000,0
38.811,0.0,0.0,1.60,-0.370,0.110,-9.460,0.00000,0
38.821,0.0,0.0,1.60,-0.370,0.110,-9.460,0.00000,0
38.831,0.0,0.0,1.60,-0.370,0.110,-9.460,0.00000,0
38.841,0.0,0.0,1.60,-0.370,0.110,-9.460,0.00000,0
38.851,0.0,0.0,1.60,-0.370,0.110,-9.460,0.00000,0
38.862,0.0,0.0,1.60,-0.390,0.150,-9.490,0.00000,0
38.872,0.0,0.0,1.60,-0.390,0.150,-9.490,0.00000,0
38.882,0.0,0.0,1.60,-0.390,0.150,-9.490,0.00000,0
38.892,0.0,0.0,1.60,-0.390,0.150,-9.490,0.00000,0
38.902,0.0,0.0,1.60,-0.390,0.150,-9.490,0.00000,0
38.912,0.0,0.0,1.60,-0.440,0.100,-9.470,0.00000,0
38.922,0.0,0.0,1.60,-0.440,0.100,-9.470,0.00000,0
38.933,0.0,0.0,1.60,-0.440,0.100,-9.470,0.00000,0
38.943,0.0,0.0,1.60,-0.440,0.100,-9.470,0.00000,0
38.953,0.0,0.0,1.60,-0.390,0.140,-9.510,0.00000,0
38.963,0.0,0.0,1.60,-0.390,0.140,-9.510,0.00000,0
38.973,0.0,0.0,1.60,-0.390,0.140,-9.510,0.00000,0
38.983,0.0,0.0,1.60,-0.390,0.140,-9.510,0.00000,0
38.993,0.0,0.0,1.60,-0.390,0.140,-9.510,0.00000,0
39.003,0.0,0.0,1.60,-0.390,0.140,-9.510,0.00000,0
39.014,0.0,0.0,1.60,-0.420,0.150,-9.520,0.00000,0
39.024,0.0,0.0,1.60,-0.420,0.150,-9.520,0.00000,0
39.034,0.0,0.0,1.60,-0.420,0.150,-9.520,0.00000,0
39.044,0.0,0.0,1.60,-0.420,0.150,-9.520,0.00000,0
39.054,0.0,0.0,1.60,-0.420,0.150,-9.520,0.00000,0
39.064,0.0,0.0,1.60,-0.420,0.150,-9.520,0.00000,0
39.074,0.0,0.0,1.60,-0.440,0.120,-9.520,0.00000,0
39.085,0.0,0.0,1.60,-0.440,0.120,-9.520,0.00000,0
39.095,0.0,0.0,1.60,-0.440,0.120,-9.520,0.00000,0
39.105,0.0,0.0,1.60,-0.440,0.120,-9.520,0.00000,0
39.115,0.0,0.0,1.60,-0.390,0.130,-9.460,0.00000,0
39.125,0.0,0.0,1.60,-0.390,0.130,-9.460,0.00000,0
39.135,0.0,0.0,1.60,-0.390,0.130,-9.460,0.00000,0
39.145,0.0,0.0,1.60,-0.390,0.130,-9.460,0.00000,0
39.156,0.0,0.0,1.60,-0.390,0.130,-9.460,0.00000,0
39.166,0.0,0.0,1.60,-0.430,0.130,-9.460,0.00000,0
39.176,0.0,0.0,1.60,-0.430,0.130,-9.460,0.00000,0
39.186,0.0,0.0,1.60,-0.430,0.130,-9.460,0.00000,0
39.196,0.0,0.0,1.60,-0.430,0.130,-9.460,0.00000,0
39.206,0.0,0.0,1.60,-0.430,0.130,-9.520,0.00000,0
39.216,0.0,0.0,1.60,-0.430,0.130,-9.520,0.00000,0
39.226,0.0,0.0,1.60,-0.430,0.130,-9.520,0.00000,0
39.237,0.0,0.0,1.60,-0.430,0.130,-9.520,0.00000,0
39.247,0.0,0.0,1.60,-0.430,0.130,-9.520,0.00000,0
39.257,0.0,0.0,1.60,-0.420,0.110,-9.480,0.00000,0
39.267,0.0,0.0,1.60,-0.420,0.110,-9.480,0.00000,0
39.277,0.0,0.0,1.60,-0.420,0.110,-9.480,0.00000,0
39.287,0.0,0.0,1.60,-0.420,0.110,-9.480,0.00000,0
39.297,0.0,0.0,1.60,-0.420,0.110,-9.480,0.00000,0
39.307,0.0,0.0,1.60,-0.420,0.130,-9.520,0.00000,0
39.318,0.0,0.0,1.60,-0.420,0.130,-9.520,0.00000,0
39.328,0.0,0.0,1.60,-0.420,0.130,-9.520,0.00000,0
39.338,0.0,0.0,1.60,-0.420,0.130,-9.520,0.00000,0
39.348,0.0,0.0,1.60,-0.420,0.130,-9.520,0.00000,0
39.358,0.0,0.0,1.60,-0.400,0.150,-9.500,0.00000,0
39.369,0.0,0.0,1.60,-0.400,0.150,-9.500,0.00000,0
39.379,0.0,0.0,1.60,-0.400,0.150,-9.500,0.00000,0
39.389,0.0,0.0,1.60,-0.400,0.150,-9.500,0.00000,0
39.399,0.0,0.0,1.60,-0.400,0.150,-9.500,0.00000,0
39.409,0.0,0.0,1.60,-0.400,0.150,-9.500,0.00000,0
39.420,0.0,0.0,1.60,-0.370,0.150,-9.480,0.00000,0
39.430,0.0,0.0,1.60,-0.370,0.150,-9.480,0.00000,0
39.440,0.0,0.0,1.60,-0.370,0.150,-9.480,0.00000,0
39.450,0.0,0.0,1.60,-0.370,0.150,-9.480,0.00000,0
39.460,0.0,0.0,1.60,-0.390,0.100,-9.490,0.00000,0
39.470,0.0,0.0,1.60,-0.390,0.100,-9.490,0.00000,0
39.480,0.0,0.0,1.60,-0.390,0.100,-9.490,0.00000,0
39.490,0.0,0.0,1.60,-0.390,0.100,-9.490,0.00000,0
39.501,0.0,0.0,1.60,-0.390,0.100,-9.490,0.00000,0
39.511,0.0,0.0,1.60,-0.400,0.100,-9.420,0.00000,0
39.521,0.0,0.0,1.60,-0.400,0.100,-9.420,0.00000,0
39.531,0.0,0.0,1.60,-0.400,0.100,-9.420,0.00000,0
39.541,0.0,0.0,1.60,-0.400,0.100,-9.420,0.00000,0
39.551,0.0,0.0,1.60,-0.400,0.100,-9.420,0.00000,0
39.561,0.0,0.0,1.60,-0.430,0.120,-9.440,0.00000,0
39.571,0.0,0.0,1.60,-0.430,0.120,-9.440,0.00000,0
39.582,0.0,0.0,1.60,-0.430,0.120,-9.440,0.00000,0
39.592,0.0,0.0,1.60,-0.430,0.120,-9.440,0.00000,0
39.602,0.0,0.0,1.60,-0.430,0.120,-9.440,0.00000,0
39.612,0.0,0.0,1.60,-0.400,0.120,-9.480,0.00000,0
39.622,0.0,0.0,1.60,-0.400,0.120,-9.480,0.00000,0
39.632,0.0,0.0,1.60,-0.400,0.120,-9.480,0.00000,0
39.642,0.0,0.0,1.60,-0.400,0.120,-9.480,0.00000,0
39.652,0.0,0.0,1.60,-0.400,0.120,-9.480,0.00000,0
39.663,0.0,0.0,1.60,-0.410,0.140,-9.410,0.00000,0
39.673,0.0,0.0,1.60,-0.410,0.140,-9.410,0.00000,0
39.683,0.0,0.0,1.60,-0.410,0.140,-9.410,0.00000,0
39.693,0.0,0.0,1.60,-0.410,0.140,-9.410,0.00000,0
39.703,0.0,0.0,1.60,-0.430,0.110,-9.470,0.00000,0
39.713,0.0,0.0,1.60,-0.430,0.110,-9.470,0.00000,0
39.723,0.0,0.0,1.60,-0.430,0.110,-9.470,0.00000,0
39.733,0.0,0.0,1.60,-0.430,0.110,-9.470,0.00000,0
39.744,0.0,0.0,1.60,-0.430,0.110,-9.470,0.00000,0
39.754,0.0,0.0,1.60,-0.430,0.110,-9.470,0.00000,0
39.764,0.0,0.0,1.60,-0.390,0.150,-9.540,0.00000,0
39.774,0.0,0.0,1.60,-0.390,0.150,-9.540,0.00000,0
39.784,0.0,0.0,1.60,-0.390,0.150,-9.540,0.00000,0
39.794,0.0,0.0,1.60,-0.390,0.150,-9.540,0.00000,0
39.804,0.0,0.0,1.60,-0.390,0.150,-9.540,0.00000,0
39.814,0.0,0.0,1.60,-0.390,0.130,-9.490,0.00000,0
39.825,0.0,0.0,1.60,-0.390,0.130,-9.490,0.00000,0
39.835,0.0,0.0,1.60,-0.390,0.130,-9.490,0.00000,0
39.845,0.0,0.0,1.60,-0.390,0.130,-9.490,0.00000,0
39.855,0.0,0.0,1.60,-0.390,0.130,-9.490,0.00000,0
39.865,0.0,0.0,1.60,-0.390,0.140,-9.460,0.00000,0
39.875,0.0,0.0,1.60,-0.390,0.140,-9.460,0.00000,0
39.885,0.0,0.0,1.60,-0.390,0.140,-9.460,0.00000,0
39.896,0.0,0.0,1.60,-0.390,0.140,-9.460,0.00000,0
39.906,0.0,0.0,1.60,-0.390,0.140,-9.460,0.00000,0
39.916,0.0,0.0,1.60,-0.430,0.100,-9.480,0.00000,0
39.926,0.0,0.0,1.60,-0.430,0.100,-9.480,0.00000,0
39.936,0.0,0.0,1.60,-0.430,0.100,-9.480,0.00000,0
39.946,0.0,0.0,1.60,-0.430,0.100,-9.480,0.00000,0
39.956,0.0,0.0,1.60,-0.410,0.150,-9.500,0.00000,0
39.966,0.0,0.0,1.60,-0.410,0.150,-9.500,0.00000,0
39.977,0.0,0.0,1.60,-0.410,0.150,-9.500,0.00000,0
39.987,0.0,0.0,1.60,-0.410,0.150,-9.500,0.00000,0
39.997,0.0,0.0,1.60,-0.410,0.150,-9.500,0.00000,0
40.007,0.0,0.0,1.60,-0.410,0.120,-9.450,0.00000,0
40.017,0.0,0.0,1.60,-0.410,0.120,-9.450,0.00000,0
40.027,0.0,0.0,1.60,-0.410,0.120,-9.450,0.00000,0
40.037,0.0,0.0,1.60,-0.410,0.120,-9.450,0.00000,0
40.047,0.0,0.0,1.60,-0.410,0.120,-9.450,0.00000,0
40.058,0.0,0.0,1.60,-0.420,0.130,-9.530,0.00000,0
40.068,0.0,0.0,1.60,-0.420,0.130,-9.530,0.00000,0
40.078,0.0,0.0,1.60,-0.420,0.130,-9.530,0.00000,0
40.088,0.0,0.0,1.60,-0.420,0.130,-9.530,0.00000,0
40.098,0.0,0.0,1.60,-0.420,0.130,-9.530,0.00000,0
40.108,0.0,0.0,1.60,-0.410,0.130,-9.480,0.00000,0
40.118,0.0,0.0,1.60,-0.410,0.130,-9.480,0.00000,0
40.128,0.0,0.0,1.60,-0.410,0.130,-9.480,0.00000,0
40.139,0.0,0.0,1.60,-0.410,0.130,-9.480,0.00000,0
40.149,0.0,0.0,1.60,-0.410,0.130,-9.480,0.00000,0
40.159,0.0,0.0,1.60,-0.410,0.130,-9.480,0.00000,0
40.169,0.0,0.0,1.60,-0.400,0.120,-9.500,0.00000,0
40.179,0.0,0.0,1.60,-0.400,0.120,-9.500,0.00000,0
40.189,0.0,0.0,1.60,-0.400,0.120,-9.500,0.00000,0
40.199,0.0,0.0,1.60,-0.400,0.120,-9.500,0.00000,0
40.210,0.0,0.0,1.60,-0.400,0.140,-9.470,0.00000,0
40.220,0.0,0.0,1.60,-0.400,0.140,-9.470,0.00000,0
40.230,0.0,0.0,1.60,-0.400,0.140,-9.470,0.00000,0
40.240,0.0,0.0,1.60,-0.400,0.140,-9.470,0.00000,0
40.250,0.0,0.0,1.60,-0.400,0.140,-9.470,0.00000,0
40.260,0.0,0.0,1.60,-0.420,0.100,-9.500,0.00000,0
40.270,0.0,0.0,1.60,-0.420,0.100,-9.500,0.00000,0
40.281,0.0,0.0,1.60,-0.420,0.100,-9.500,0.00000,0
40.291,0.0,0.0,1.60,-0.420,0.100,-9.500,0.00000,0
40.301,0.0,0.0,1.60,-0.420,0.100,-9.500,0.00000,0
40.311,0.0,0.0,1.60,-0.350,0.110,-9.430,0.00000,0
40.321,0.0,0.0,1.60,-0.350,0.110,-9.430,0.00000,0
40.331,0.0,0.0,1.60,-0.350,0.110,-9.430,0.00000,0
40.341,0.0,0.0,1.60,-0.350,0.110,-9.430,0.00000,0
40.351,0.0,0.0,1.60,-0.350,0.110,-9.430,0.00000,0
40.362,0.0,0.0,1.60,-0.410,0.110,-9.520,0.00000,0
40.372,0.0,0.0,1.60,-0.410,0.110,-9.520,0.00000,0
40.382,0.0,0.0,1.60,-0.410,0.110,-9.520,0.00000,0
40.392,0.0,0.0,1.60,-0.410,0.110,-9.520,0.00000,0
40.402,0.0,0.0,1.60,-0.410,0.110,-9.520,0.00000,0
40.412,0.0,0.0,1.60,-0.390,0.120,-9.390,0.00000,0
40.422,0.0,0.0,1.60,-0.390,0.120,-9.390,0.00000,0
40.433,0.0,0.0,1.60,-0.390,0.120,-9.390,0.00000,0
40.443,0.0,0.0,1.60,-0.390,0.120,-9.390,0.00000,0
40.453,0.0,0.0,1.60,-0.390,0.130,-9.500,0.00000,0
40.463,0.0,0.0,1.60,-0.390,0.130,-9.500,0.00000,0
40.473,0.0,0.0,1.60,-0.390,0.130,-9.500,0.00000,0
40.483,0.0,0.0,1.60,-0.390,0.130,-9.500,0.00000,0
40.493,0.0,0.0,1.60,-0.390,0.130,-9.500,0.00000,0
40.504,0.0,0.0,1.60,-0.390,0.130,-9.500,0.00000,0
40.514,0.0,0.0,1.60,-0.390,0.110,-9.480,0.00000,0
40.524,0.0,0.0,1.60,-0.390,0.110,-9.480,0.00000,0
40.534,0.0,0.0,1.60,-0.390,0.110,-9.480,0.00000,0
40.544,0.0,0.0,1.60,-0.390,0.110,-9.480,0.00000,0
40.554,0.0,0.0,1.60,-0.390,0.110,-9.480,0.00000,0
40.564,0.0,0.0,1.60,-0.420,0.080,-9.490,0.00000,0
40.574,0.0,0.0,1.60,-0.420,0.080,-9.490,0.00000,0
40.585,0.0,0.0,1.60,-0.420,0.080,-9.490,0.00000,0
40.595,0.0,0.0,1.60,-0.420,0.080,-9.490,0.00000,0
40.605,0.0,0.0,1.60,-0.420,0.080,-9.490,0.00000,0
40.615,0.0,0.0,1.60,-0.450,0.100,-9.440,0.00000,0
40.625,0.0,0.0,1.60,-0.450,0.100,-9.440,0.00000,0
40.635,0.0,0.0,1.60,-0.450,0.100,-9.440,0.00000,0
40.645,0.0,0.0,1.60,-0.450,0.100,-9.440,0.00000,0
40.655,0.0,0.0,1.60,-0.450,0.100,-9.440,0.00000,0
40.666,0.0,0.0,1.60,-0.430,0.140,-9.440,0.00000,0
40.676,0.0,0.0,1.60,-0.430,0.140,-9.440,0.00000,0
40.686,0.0,0.0,1.60,-0.430,0.140,-9.440,0.00000,0
40.696,0.0,0.0,1.60,-0.430,0.140,-9.440,0.00000,0
40.706,0.0,0.0,1.60,-0.400,0.150,-9.520,0.00000,0
40.716,0.0,0.0,1.60,-0.400,0.150,-9.520,0.00000,0
40.726,0.0,0.0,1.60,-0.400,0.150,-9.520,0.00000,0
40.737,0.0,0.0,1.60,-0.400,0.150,-9.520,0.00000,0
40.747,0.0,0.0,1.60,-0.400,0.150,-9.520,0.00000,0
40.757,0.0,0.0,1.60,-0.390,0.110,-9.520,0.00000,0
40.767,0.0,0.0,1.60,-0.390,0.110,-9.520,0.00000,0
40.777,0.0,0.0,1.60,-0.390,0.110,-9.520,0.00000,0
40.787,0.0,0.0,1.60,-0.390,0.110,-9.520,0.00000,0
40.797,0.0,0.0,1.60,-0.390,0.110,-9.520,0.00000,0
40.807,0.0,0.0,1.60,-0.390,0.120,-9.480,0.00000,0
40.818,0.0,0.0,1.60,-0.390,0.120,-9.480,0.00000,0
40.828,0.0,0.0,1.60,-0.390,0.120,-9.480,0.00000,0
40.838,0.0,0.0,1.60,-0.390,0.120,-9.480,0.00000,0
40.848,0.0,0.0,1.60,-0.390,0.120,-9.480,0.00000,0
40.858,0.0,0.0,1.60,-0.420,0.170,-9.520,0.00000,0
40.868,0.0,0.0,1.60,-0.420,0.170,-9.520,0.00000,0
40.878,0.0,0.0,1.60,-0.420,0.170,-9.520,0.00000,0
40.889,0.0,0.0,1.60,-0.420,0.170,-9.520,0.00000,0
40.899,0.0,0.0,1.60,-0.420,0.170,-9.520,0.00000,0
40.909,0.0,0.0,1.60,-0.420,0.170,-9.520,0.00000,0
40.919,0.0,0.0,1.60,-0.390,0.120,-9.530,0.00000,0
40.929,0.0,0.0,1.60,-0.390,0.120,-9.530,0.00000,0
40.939,0.0,0.0,1.60,-0.390,0.120,-9.530,0.00000,0
40.949,0.0,0.0,1.60,-0.390,0.120,-9.530,0.00000,0
40.960,0.0,0.0,1.60,-0.400,0.130,-9.540,0.00000,0
40.970,0.0,0.0,1.60,-0.400,0.130,-9.540,0.00000,0
40.980,0.0,0.0,1.60,-0.400,0.130,-9.540,0.00000,0
40.990,0.0,0.0,1.60,-0.400,0.130,-9.540,0.00000,0
41.000,0.0,0.0,1.60,-0.400,0.130,-9.540,0.00000,0
41.010,0.0,0.0,1.60,-0.400,0.100,-9.520,0.00000,0
41.021,0.0,0.0,1.60,-0.400,0.100,-9.520,0.00000,0
41.031,0.0,0.0,1.60,-0.400,0.100,-9.520,0.00000,0
41.041,0.0,0.0,1.60,-0.400,0.100,-9.520,0.00000,0
41.051,0.0,0.0,1.60,-0.400,0.100,-9.520,0.00000,0
41.061,0.0,0.0,1.60,-0.420,0.130,-9.540,0.00000,0
41.071,0.0,0.0,1.60,-0.420,0.130,-9.540,0.00000,0
41.081,0.0,0.0,1.60,-0.420,0.130,-9.540,0.00000,0
41.092,0.0,0.0,1.60,-0.420,0.130,-9.540,0.00000,0
41.102,0.0,0.0,1.60,-0.420,0.130,-9.540,0.00000,0
41.112,0.0,0.0,1.60,-0.460,0.130,-9.430,0.00000,0
41.122,0.0,0.0,1.60,-0.460,0.130,-9.430,0.00000,0
41.132,0.0,0.0,1.60,-0.460,0.130,-9.430,0.00000,0
41.142,0.0,0.0,1.60,-0.460,0.130,-9.430,0.00000,0
41.153,0.0,0.0,1.60,-0.460,0.130,-9.430,0.00000,0
41.163,0.0,0.0,1.60,-0.400,0.160,-9.470,0.00000,0
41.173,0.0,0.0,1.60,-0.400,0.160,-9.470,0.00000,0
41.183,0.0,0.0,1.60,-0.400,0.160,-9.470,0.00000,0
41.193,0.0,0.0,1.60,-0.400,0.160,-9.470,0.00000,0
41.203,0.0,0.0,1.60,-0.390,0.140,-9.440,0.00000,0
41.213,0.0,0.0,1.60,-0.390,0.140,-9.440,0.00000,0
41.224,0.0,0.0,1.60,-0.390,0.140,-9.440,0.00000,0
41.234,0.0,0.0,1.60,-0.390,0.140,-9.440,0.00000,0
41.244,0.0,0.0,1.60,-0.390,0.140,-9.440,0.00000,0
41.254,0.0,0.0,1.60,-0.390,0.110,-9.460,0.00000,0
41.264,0.0,0.0,1.60,-0.390,0.110,-9.460,0.00000,0
41.274,0.0,0.0,1.60,-0.390,0.110,-9.460,0.00000,0
41.284,0.0,0.0,1.60,-0.390,0.110,-9.460,0.00000,0
41.295,0.0,0.0,1.60,-0.390,0.110,-9.460,0.00000,0
41.305,0.0,0.0,1.60,-0.390,0.110,-9.460,0.00000,0
41.315,0.0,0.0,1.60,-0.400,0.130,-9.400,0.00000,0
41.325,0.0,0.0,1.60,-0.400,0.130,-9.400,0.00000,0
41.335,0.0,0.0,1.60,-0.400,0.130,-9.400,0.00000,0
41.345,0.0,0.0,1.60,-0.400,0.130,-9.400,0.00000,0
41.355,0.0,0.0,1.60,-0.400,0.130,-9.400,0.00000,0
41.366,0.0,0.0,1.60,-0.350,0.120,-9.440,0.00000,0
41.376,0.0,0.0,1.60,-0.350,0.120,-9.440,0.00000,0
41.386,0.0,0.0,1.60,-0.350,0.120,-9.440,0.00000,0
41.396,0.0,0.0,1.60,-0.350,0.120,-9.440,0.00000,0
41.406,0.0,0.0,1.60,-0.350,0.120,-9.440,0.00000,0
41.416,0.0,0.0,1.60,-0.390,0.120,-9.500,0.00000,0
41.426,0.0,0.0,1.60,-0.390,0.120,-9.500,0.00000,0
41.437,0.0,0.0,1.60,-0.390,0.120,-9.500,0.00000,0
41.447,0.0,0.0,1.60,-0.390,0.120,-9.500,0.00000,0
41.457,0.0,0.0,1.60,-0.410,0.120,-9.530,0.00000,0
41.467,0.0,0.0,1.60,-0.410,0.120,-9.530,0.00000,0
41.477,0.0,0.0,1.60,-0.410,0.120,-9.530,0.00000,0
41.487,0.0,0.0,1.60,-0.410,0.120,-9.530,0.00000,0
41.497,0.0,0.0,1.60,-0.410,0.120,-9.530,0.00000,0
41.507,0.0,0.0,1.60,-0.390,0.150,-9.510,0.00000,0
41.517,0.0,0.0,1.60,-0.390,0.150,-9.510,0.00000,0
41.528,0.0,0.0,1.60,-0.390,0.150,-9.510,0.00000,0
41.538,0.0,0.0,1.60,-0.390,0.150,-9.510,0.00000,0
41.548,0.0,0.0,1.60,-0.390,0.150,-9.510,0.00000,0
41.558,0.0,0.0,1.60,-0.380,0.140,-9.490,0.00000,0
41.568,0.0,0.0,1.60,-0.380,0.140,-9.490,0.00000,0
41.578,0.0,0.0,1.60,-0.380,0.140,-9.490,0.00000,0
41.589,0.0,0.0,1.60,-0.380,0.140,-9.490,0.00000,0
41.599,0.0,0.0,1.60,-0.380,0.140,-9.490,0.00000,0
41.609,0.0,0.0,1.60,-0.380,0.140,-9.490,0.00000,0
41.619,0.0,0.0,1.60,-0.420,0.120,-9.520,0.00000,0
41.629,0.0,0.0,1.60,-0.420,0.120,-9.520,0.00000,0
41.639,0.0,0.0,1.60,-0.420,0.120,-9.520,0.00000,0
41.649,0.0,0.0,1.60,-0.420,0.120,-9.520,0.00000,0
41.659,0.0,0.0,1.60,-0.420,0.120,-9.520,0.00000,0
41.670,0.0,0.0,1.60,-0.410,0.150,-9.370,0.00000,0
41.680,0.0,0.0,1.60,-0.410,0.150,-9.370,0.00000,0
41.690,0.0,0.0,1.60,-0.410,0.150,-9.370,0.00000,0
41.700,0.0,0.0,1.60,-0.410,0.150,-9.370,0.00000,0
41.710,0.0,0.0,1.60,-0.350,0.120,-9.430,0.00000,0
41.720,0.0,0.0,1.60,-0.350,0.120,-9.430,0.00000,0
41.730,0.0,0.0,1.60,-0.350,0.120,-9.430,0.00000,0
41.740,0.0,0.0,1.60,-0.350,0.120,-9.430,0.00000,0
41.751,0.0,0.0,1.60,-0.350,0.120,-9.430,0.00000,0
41.761,0.0,0.0,1.60,-0.420,0.150,-9.480,0.00000,0
41.771,0.0,0.0,1.60,-0.420,0.150,-9.480,0.00000,0
41.781,0.0,0.0,1.60,-0.420,0.150,-9.480,0.00000,0
41.791,0.0,0.0,1.60,-0.420,0.150,-9.480,0.00000,0
41.801,0.0,0.0,1.60,-0.420,0.150,-9.480,0.00000,0
41.811,0.0,0.0,1.60,-0.400,0.110,-9.540,0.00000,0
41.821,0.0,0.0,1.60,-0.400,0.110,-9.540,0.00000,0
41.832,0.0,0.0,1.60,-0.400,0.110,-9.540,0.00000,0
41.842,0.0,0.0,1.60,-0.400,0.110,-9.540,0.00000,0
41.852,0.0,0.0,1.60,-0.400,0.110,-9.540,0.00000,0
41.862,0.0,0.0,1.60,-0.410,0.130,-9.470,0.00000,0
41.872,0.0,0.0,1.60,-0.410,0.130,-9.470,0.00000,0
41.882,0.0,0.0,1.60,-0.410,0.130,-9.470,0.00000,0
41.892,0.0,0.0,1.60,-0.410,0.130,-9.470,0.00000,0
41.903,0.0,0.0,1.60,-0.410,0.130,-9.470,0.00000,0
41.913,0.0,0.0,1.60,-0.410,0.140,-9.550,0.00000,0
41.923,0.0,0.0,1.60,-0.410,0.140,-9.550,0.00000,0
41.933,0.0,0.0,1.60,-0.410,0.140,-9.550,0.00000,0
41.944,0.0,0.0,1.60,-0.410,0.140,-9.550,0.00000,0
41.954,0.0,0.0,1.60,-0.410,0.130,-9.480,0.00000,0
41.964,0.0,0.0,1.60,-0.410,0.130,-9.480,0.00000,0
41.974,0.0,0.0,1.60,-0.410,0.130,-9.480,0.00000,0
41.984,0.0,0.0,1.60,-0.410,0.130,-9.480,0.00000,0
41.994,0.0,0.0,1.60,-0.410,0.130,-9.480,0.00000,0
42.004,0.0,0.0,1.60,-0.460,0.130,-9.510,0.00000,0
42.015,0.0,0.0,1.60,-0.460,0.130,-9.510,0.00000,0
42.025,0.0,0.0,1.60,-0.460,0.130,-9.510,0.00000,0
42.035,0.0,0.0,1.60,-0.460,0.130,-9.510,0.00000,0
42.045,0.0,0.0,1.60,-0.460,0.130,-9.510,0.00000,0
42.055,0.0,0.0,1.60,-0.460,0.130,-9.510,0.00000,0
42.065,0.0,0.0,1.60,-0.420,0.120,-9.520,0.00000,0
42.075,0.0,0.0,1.60,-0.420,0.120,-9.520,0.00000,0
42.086,0.0,0.0,1.60,-0.420,0.120,-9.520,0.00000,0
42.096,0.0,0.0,1.60,-0.420,0.120,-9.520,0.00000,0
42.106,0.0,0.0,1.60,-0.420,0.120,-9.520,0.00000,0
42.116,0.0,0.0,1.60,-0.420,0.160,-9.510,0.00000,0
42.126,0.0,0.0,1.60,-0.420,0.160,-9.510,0.00000,0
42.136,0.0,0.0,1.60,-0.420,0.160,-9.510,0.00000,0
42.146,0.0,0.0,1.60,-0.420,0.160,-9.510,0.00000,0
42.157,0.0,0.0,1.60,-0.420,0.160,-9.510,0.00000,0
42.167,0.0,0.0,1.60,-0.410,0.130,-9.500,0.00000,0
42.177,0.0,0.0,1.60,-0.410,0.130,-9.500,0.00000,0
42.187,0.0,0.0,1.60,-0.410,0.130,-9.500,0.00000,0
42.197,0.0,0.0,1.60,-0.410,0.130,-9.500,0.00000,0
42.207,0.0,0.0,1.60,-0.420,0.140,-9.440,0.00000,0
42.217,0.0,0.0,1.60,-0.420,0.140,-9.440,0.00000,0
42.228,0.0,0.0,1.60,-0.420,0.140,-9.440,0.00000,0
42.238,0.0,0.0,1.60,-0.420,0.140,-9.440,0.00000,0
42.248,0.0,0.0,1.60,-0.420,0.140,-9.440,0.00000,0
42.258,0.0,0.0,1.60,-0.380,0.150,-9.470,0.00000,0
42.268,0.0,0.0,1.60,-0.380,0.150,-9.470,0.00000,0
42.278,0.0,0.0,1.60,-0.380,0.150,-9.470,0.00000,0
42.289,0.0,0.0,1.60,-0.380,0.150,-9.470,0.00000,0
42.299,0.0,0.0,1.60,-0.380,0.150,-9.470,0.00000,0
42.309,0.0,0.0,1.60,-0.370,0.110,-9.510,0.00000,0
42.319,0.0,0.0,1.60,-0.370,0.110,-9.510,0.00000,0
42.329,0.0,0.0,1.60,-0.370,0.110,-9.510,0.00000,0
42.339,0.0,0.0,1.60,-0.370,0.110,-9.510,0.00000,0
42.349,0.0,0.0,1.60,-0.370,0.110,-9.510,0.00000,0
42.359,0.0,0.0,1.60,-0.440,0.120,-9.470,0.00000,0
42.370,0.0,0.0,1.60,-0.440,0.120,-9.470,0.00000,0
42.380,0.0,0.0,1.60,-0.440,0.120,-9.470,0.00000,0
42.390,0.0,0.0,1.60,-0.440,0.120,-9.470,0.00000,0
42.400,0.0,0.0,1.60,-0.440,0.120,-9.470,0.00000,0
42.410,0.0,0.0,1.60,-0.350,0.140,-9.450,0.00000,0
42.420,0.0,0.0,1.60,-0.350,0.140,-9.450,0.00000,0
42.430,0.0,0.0,1.60,-0.350,0.140,-9.450,0.00000,0
42.441,0.0,0.0,1.60,-0.350,0.140,-9.450,0.00000,0
42.451,0.0,0.0,1.60,-0.350,0.140,-9.450,0.00000,0
42.461,0.0,0.0,1.60,-0.410,0.110,-9.520,0.00000,0
42.471,0.0,0.0,1.60,-0.410,0.110,-9.520,0.00000,0
42.481,0.0,0.0,1.60,-0.410,0.110,-9.520,0.00000,0
42.491,0.0,0.0,1.60,-0.410,0.110,-9.520,0.00000,0
42.501,0.0,0.0,1.60,-0.410,0.110,-9.520,0.00000,0
42.511,0.0,0.0,1.60,-0.410,0.150,-9.540,0.00000,0
42.522,0.0,0.0,1.60,-0.410,0.150,-9.540,0.00000,0
42.532,0.0,0.0,1.60,-0.410,0.150,-9.540,0.00000,0
42.542,0.0,0.0,1.60,-0.410,0.150,-9.540,0.00000,0
42.552,0.0,0.0,1.60,-0.410,0.150,-9.540,0.00000,0
42.562,0.0,0.0,1.60,-0.380,0.140,-9.470,0.00000,0
42.572,0.0,0.0,1.60,-0.380,0.140,-9.470,0.00000,0
42.583,0.0,0.0,1.60,-0.380,0.140,-9.470,0.00000,0
42.593,0.0,0.0,1.60,-0.380,0.140,-9.470,0.00000,0
42.603,0.0,0.0,1.60,-0.380,0.140,-9.470,0.00000,0
42.613,0.0,0.0,1.60,-0.370,0.130,-9.500,0.00000,0
42.623,0.0,0.0,1.60,-0.370,0.130,-9.500,0.00000,0
42.633,0.0,0.0,1.60,-0.370,0.130,-9.500,0.00000,0
42.643,0.0,0.0,1.60,-0.370,0.130,-9.500,0.00000,0
42.654,0.0,0.0,1.60,-0.370,0.130,-9.500,0.00000,0
42.664,0.0,0.0,1.60,-0.320,0.140,-9.540,0.00000,0
42.674,0.0,0.0,1.60,-0.320,0.140,-9.540,0.00000,0
42.684,0.0,0.0,1.60,-0.320,0.140,-9.540,0.00000,0
42.694,0.0,0.0,1.60,-0.320,0.140,-9.540,0.00000,0
42.704,0.0,0.0,1.60,-0.320,0.120,-9.560,0.00000,0
42.714,0.0,0.0,1.60,-0.320,0.120,-9.560,0.00000,0
42.724,0.0,0.0,1.60,-0.320,0.120,-9.560,0.00000,0
42.735,0.0,0.0,1.60,-0.320,0.120,-9.560,0.00000,0
42.745,0.0,0.0,1.60,-0.320,0.120,-9.560,0.00000,0
42.755,0.0,0.0,1.60,-0.610,0.130,-10.410,0.00000,0
42.765,0.0,0.0,1.60,-0.610,0.130,-10.410,0.00000,0
42.775,0.0,0.0,1.60,-0.610,0.130,-10.410,0.00000,0
42.785,0.0,0.0,1.60,-0.610,0.130,-10.410,0.00000,0
42.795,0.0,0.0,1.60,-0.610,0.130,-10.410,0.00000,0
42.806,0.0,0.0,1.60,-0.610,0.130,-10.410,0.00000,0
42.816,0.0,0.0,1.60,-0.510,0.140,-9.060,0.00000,0
42.826,0.0,0.0,1.60,-0.510,0.140,-9.060,0.00000,0
42.836,0.0,0.0,1.60,-0.510,0.140,-9.060,0.00000,0
42.846,0.0,0.0,1.60,-0.510,0.140,-9.060,0.00000,0
42.856,0.0,0.0,1.60,-0.510,0.140,-9.060,0.00000,0
42.866,0.0,0.0,1.60,-0.410,0.140,-9.370,0.00000,0
42.876,0.0,0.0,1.60,-0.410,0.140,-9.370,0.00000,0
42.887,0.0,0.0,1.60,-0.410,0.140,-9.370,0.00000,0
42.897,0.0,0.0,1.60,-0.410,0.140,-9.370,0.00000,0
42.907,0.0,0.0,1.60,-0.410,0.140,-9.370,0.00000,0
42.917,0.0,0.0,1.60,-0.230,0.010,-9.630,0.00000,0
42.927,0.0,0.0,1.60,-0.230,0.010,-9.630,0.00000,0
42.937,0.0,0.0,1.60,-0.230,0.010,-9.630,0.00000,0
42.947,0.0,0.0,1.60,-0.230,0.010,-9.630,0.00000,0
42.958,0.0,0.0,1.60,-0.360,0.210,-9.460,0.00000,0
42.968,0.0,0.0,1.60,-0.360,0.210,-9.460,0.00000,0
42.978,0.0,0.0,1.60,-0.360,0.210,-9.460,0.00000,0
42.988,0.0,0.0,1.60,-0.360,0.210,-9.460,0.00000,0
42.998,0.0,0.0,1.60,-0.360,0.210,-9.460,0.00000,0
43.008,0.0,0.0,1.60,-0.490,0.090,-9.630,0.00000,0
43.018,0.0,0.0,1.60,-0.490,0.090,-9.630,0.00000,0
43.029,0.0,0.0,1.60,-0.490,0.090,-9.630,0.00000,0
43.039,0.0,0.0,1.60,-0.490,0.090,-9.630,0.00000,0
43.049,0.0,0.0,1.60,-0.490,0.090,-9.630,0.00000,0
43.059,0.0,0.0,1.60,-0.470,0.200,-9.500,0.00000,0
43.069,0.0,0.0,1.60,-0.470,0.200,-9.500,0.00000,0
43.079,0.0,0.0,1.60,-0.470,0.200,-9.500,0.00000,0
43.089,0.0,0.0,1.60,-0.470,0.200,-9.500,0.00000,0
43.100,0.0,0.0,1.60,-0.470,0.200,-9.500,0.00000,0
43.110,0.0,0.0,1.60,-0.340,0.090,-9.510,0.00000,0
43.120,0.0,0.0,1.60,-0.340,0.090,-9.510,0.00000,0
43.130,0.0,0.0,1.60,-0.340,0.090,-9.510,0.00000,0
43.140,0.0,0.0,1.60,-0.340,0.090,-9.510,0.00000,0
43.150,0.0,0.0,1.60,-0.340,0.090,-9.510,0.00000,0
43.160,0.0,0.0,1.60,-0.370,0.160,-9.440,0.00000,0
43.170,0.0,0.0,1.60,-0.370,0.160,-9.440,0.00000,0
43.181,0.0,0.0,1.60,-0.370,0.160,-9.440,0.00000,0
43.191,0.0,0.0,1.60,-0.370,0.160,-9.440,0.00000,0
43.201,0.0,0.0,1.60,-0.370,0.160,-9.440,0.00000,0
43.211,0.0,0.0,1.60,-0.450,0.120,-9.510,0.00000,0
43.221,0.0,0.0,1.60,-0.450,0.120,-9.510,0.00000,0
43.231,0.0,0.0,1.60,-0.450,0.120,-9.510,0.00000,0
43.241,0.0,0.0,1.60,-0.450,0.120,-9.510,0.00000,0
43.252,0.0,0.0,1.60,-0.450,0.120,-9.510,0.00000,0
43.262,0.0,0.0,1.60,-0.400,0.090,-9.490,0.00000,0
43.272,0.0,0.0,1.60,-0.400,0.090,-9.490,0.00000,0
43.282,0.0,0.0,1.60,-0.400,0.090,-9.490,0.00000,0
43.292,0.0,0.0,1.60,-0.400,0.090,-9.490,0.00000,0
43.302,0.0,0.0,1.60,-0.400,0.090,-9.490,0.00000,0
43.312,0.0,0.0,1.60,-0.370,0.140,-9.470,0.00000,0
43.323,0.0,0.0,1.60,-0.370,0.140,-9.470,0.00000,0
43.333,0.0,0.0,1.60,-0.370,0.140,-9.470,0.00000,0
43.343,0.0,0.0,1.60,-0.370,0.140,-9.470,0.00000,0
43.353,0.0,0.0,1.60,-0.370,0.140,-9.470,0.00000,0
43.363,0.0,0.0,1.60,-0.370,0.130,-9.510,0.00000,0
43.373,0.0,0.0,1.60,-0.370,0.130,-9.510,0.00000,0
43.383,0.0,0.0,1.60,-0.370,0.130,-9.510,0.00000,0
43.394,0.0,0.0,1.60,-0.370,0.130,-9.510,0.00000,0
43.404,0.0,0.0,1.60,-0.370,0.130,-9.510,0.00000,0
43.414,0.0,0.0,1.60,-0.420,0.170,-9.520,0.00000,0
43.424,0.0,0.0,1.60,-0.420,0.170,-9.520,0.00000,0
43.434,0.0,0.0,1.60,-0.420,0.170,-9.520,0.00000,0
43.444,0.0,0.0,1.60,-0.420,0.170,-9.520,0.00000,0
43.454,0.0,0.0,1.60,-0.380,0.080,-9.510,0.00000,0
43.464,0.0,0.0,1.60,-0.380,0.080,-9.510,0.00000,0
43.475,0.0,0.0,1.60,-0.380,0.080,-9.510,0.00000,0
43.485,0.0,0.0,1.60,-0.380,0.080,-9.510,0.00000,0
43.495,0.0,0.0,1.60,-0.380,0.080,-9.510,0.00000,0
43.505,0.0,0.0,1.60,-0.390,0.130,-9.500,0.00000,0
43.515,0.0,0.0,1.60,-0.390,0.130,-9.500,0.00000,0
43.525,0.0,0.0,1.60,-0.390,0.130,-9.500,0.00000,0
43.535,0.0,0.0,1.60,-0.390,0.130,-9.500,0.00000,0
43.546,0.0,0.0,1.60,-0.390,0.130,-9.500,0.00000,0
43.556,0.0,0.0,1.60,-0.390,0.130,-9.500,0.00000,0
43.566,0.0,0.0,1.60,-0.430,0.140,-9.490,0.00000,0
43.576,0.0,0.0,1.60,-0.430,0.140,-9.490,0.00000,0
43.586,0.0,0.0,1.60,-0.430,0.140,-9.490,0.00000,0
43.596,0.0,0.0,1.60,-0.430,0.140,-9.490,0.00000,0
43.607,0.0,0.0,1.60,-0.430,0.140,-9.490,0.00000,0
43.617,0.0,0.0,1.60,-0.400,0.150,-9.520,0.00000,0
43.627,0.0,0.0,1.60,-0.400,0.150,-9.520,0.00000,0
43.637,0.0,0.0,1.60,-0.400,0.150,-9.520,0.00000,0
43.647,0.0,0.0,1.60,-0.400,0.150,-9.520,0.00000,0
43.657,0.0,0.0,1.60,-0.400,0.150,-9.520,0.00000,0
43.668,0.0,0.0,1.60,-0.440,0.120,-9.440,0.00000,0
43.678,0.0,0.0,1.60,-0.440,0.120,-9.440,0.00000,0
43.688,0.0,0.0,1.60,-0.440,0.120,-9.440,0.00000,0
43.698,0.0,0.0,1.60,-0.440,0.120,-9.440,0.00000,0
43.708,0.0,0.0,1.60,-0.380,0.150,-9.420,0.00000,0
43.718,0.0,0.0,1.60,-0.380,0.150,-9.420,0.00000,0
43.728,0.0,0.0,1.60,-0.380,0.150,-9.420,0.00000,0
43.739,0.0,0.0,1.60,-0.380,0.150,-9.420,0.00000,0
43.749,0.0,0.0,1.60,-0.380,0.150,-9.420,0.00000,0
43.759,0.0,0.0,1.60,-0.390,0.150,-9.480,0.00000,0
43.769,0.0,0.0,1.60,-0.390,0.150,-9.480,0.00000,0
43.779,0.0,0.0,1.60,-0.390,0.150,-9.480,0.00000,0
43.789,0.0,0.0,1.60,-0.390,0.150,-9.480,0.00000,0
43.799,0.0,0.0,1.60,-0.390,0.150,-9.480,0.00000,0
43.810,0.0,0.0,1.60,-0.380,0.140,-9.400,0.00000,0
43.820,0.0,0.0,1.60,-0.380,0.140,-9.400,0.00000,0
43.830,0.0,0.0,1.60,-0.380,0.140,-9.400,0.00000,0
43.840,0.0,0.0,1.60,-0.380,0.140,-9.400,0.00000,0
43.850,0.0,0.0,1.60,-0.380,0.140,-9.400,0.00000,0
43.860,0.0,0.0,1.60,-0.390,0.110,-9.470,0.00000,0
43.870,0.0,0.0,1.60,-0.390,0.110,-9.470,0.00000,0
43.880,0.0,0.0,1.60,-0.390,0.110,-9.470,0.00000,0
43.891,0.0,0.0,1.60,-0.390,0.110,-9.470,0.00000,0
43.901,0.0,0.0,1.60,-0.390,0.110,-9.470,0.00000,0
43.911,0.0,0.0,1.60,-0.390,0.180,-9.520,0.00000,0
43.921,0.0,0.0,1.60,-0.390,0.180,-9.520,0.00000,0
43.931,0.0,0.0,1.60,-0.390,0.180,-9.520,0.00000,0
43.941,0.0,0.0,1.60,-0.390,0.180,-9.520,0.00000,0
43.952,0.0,0.0,1.60,-0.390,0.180,-9.520,0.00000,0
43.962,0.0,0.0,1.60,-0.390,0.150,-9.590,0.00000,0
43.972,0.0,0.0,1.60,-0.390,0.150,-9.590,0.00000,0
43.982,0.0,0.0,1.60,-0.390,0.150,-9.590,0.00000,0
43.992,0.0,0.0,1.60,-0.390,0.150,-9.590,0.00000,0
44.002,0.0,0.0,1.60,-0.390,0.150,-9.590,0.00000,0
44.012,0.0,0.0,1.60,-0.410,0.130,-9.470,0.00000,0
44.023,0.0,0.0,1.60,-0.410,0.130,-9.470,0.00000,0
44.033,0.0,0.0,1.60,-0.410,0.130,-9.470,0.00000,0
44.043,0.0,0.0,1.60,-0.410,0.130,-9.470,0.00000,0
44.053,0.0,0.0,1.60,-0.410,0.130,-9.470,0.00000,0
44.063,0.0,0.0,1.60,-0.400,0.090,-9.480,0.00000,0
44.073,0.0,0.0,1.60,-0.400,0.090,-9.480,0.00000,0
44.083,0.0,0.0,1.60,-0.400,0.090,-9.480,0.00000,0
44.094,0.0,0.0,1.60,-0.400,0.090,-9.480,0.00000,0
44.104,0.0,0.0,1.60,-0.400,0.090,-9.480,0.00000,0
44.114,0.0,0.0,1.60,-0.380,0.110,-9.490,0.00000,0
44.124,0.0,0.0,1.60,-0.380,0.110,-9.490,0.00000,0
44.134,0.0,0.0,1.60,-0.380,0.110,-9.490,0.00000,0
44.144,0.0,0.0,1.60,-0.380,0.110,-9.490,0.00000,0
44.154,0.0,0.0,1.60,-0.380,0.110,-9.490,0.00000,0
44.164,0.0,0.0,1.60,-0.380,0.110,-9.490,0.00000,0
44.175,0.0,0.0,1.60,-0.410,0.090,-9.480,0.00000,0
44.185,0.0,0.0,1.60,-0.410,0.090,-9.480,0.00000,0
44.195,0.0,0.0,1.60,-0.410,0.090,-9.480,0.00000,0
44.205,0.0,0.0,1.60,-0.410,0.130,-9.500,0.00000,0
44.215,0.0,0.0,1.60,-0.410,0.130,-9.500,0.00000,0
44.225,0.0,0.0,1.60,-0.410,0.130,-9.500,0.00000,0
44.235,0.0,0.0,1.60,-0.410,0.130,-9.500,0.00000,0
44.246,0.0,0.0,1.60,-0.410,0.130,-9.500,0.00000,0
44.256,0.0,0.0,1.60,-0.440,0.110,-9.560,0.00000,0
44.266,0.0,0.0,1.60,-0.440,0.110,-9.560,0.00000,0
44.276,0.0,0.0,1.60,-0.440,0.110,-9.560,0.00000,0
44.286,0.0,0.0,1.60,-0.440,0.110,-9.560,0.00000,0
44.296,0.0,0.0,1.60,-0.440,0.110,-9.560,0.00000,0
44.307,0.0,0.0,1.60,-0.420,0.140,-9.480,0.00000,0
44.317,0.0,0.0,1.60,-0.420,0.140,-9.480,0.00000,0
44.327,0.0,0.0,1.60,-0.420,0.140,-9.480,0.00000,0
44.338,0.0,0.0,1.60,-0.420,0.140,-9.480,0.00000,0
44.348,0.0,0.0,1.60,-0.420,0.140,-9.480,0.00000,0
44.358,0.0,0.0,1.60,-0.390,0.130,-9.450,0.00000,0
44.368,0.0,0.0,1.60,-0.390,0.130,-9.450,0.00000,0
44.378,0.0,0.0,1.60,-0.390,0.130,-9.450,0.00000,0
44.388,0.0,0.0,1.60,-0.390,0.130,-9.450,0.00000,0
44.399,0.0,0.0,1.60,-0.390,0.130,-9.450,0.00000,0
44.409,0.0,0.0,1.60,-0.390,0.130,-9.450,0.00000,0
44.419,0.0,0.0,1.60,-0.390,0.130,-9.500,0.00000,0
44.429,0.0,0.0,1.60,-0.390,0.130,-9.500,0.00000,0
44.439,0.0,0.0,1.60,-0.390,0.130,-9.500,0.00000,0
44.449,0.0,0.0,1.60,-0.390,0.130,-9.500,0.00000,0
44.459,0.0,0.0,1.60,-0.450,0.150,-9.490,0.00000,0
44.469,0.0,0.0,1.60,-0.450,0.150,-9.490,0.00000,0
44.480,0.0,0.0,1.60,-0.450,0.150,-9.490,0.00000,0
44.490,0.0,0.0,1.60,-0.450,0.150,-9.490,0.00000,0
44.500,0.0,0.0,1.60,-0.450,0.150,-9.490,0.00000,0
44.510,0.0,0.0,1.60,-0.390,0.120,-9.500,0.00000,0
44.520,0.0,0.0,1.60,-0.390,0.120,-9.500,0.00000,0
44.530,0.0,0.0,1.60,-0.390,0.120,-9.500,0.00000,0
44.540,0.0,0.0,1.60,-0.390,0.120,-9.500,0.00000,0
44.550,0.0,0.0,1.60,-0.390,0.120,-9.500,0.00000,0
44.561,0.0,0.0,1.60,-0.400,0.160,-9.480,0.00000,0
44.571,0.0,0.0,1.60,-0.400,0.160,-9.480,0.00000,0
44.581,0.0,0.0,1.60,-0.400,0.160,-9.480,0.00000,0
44.591,0.0,0.0,1.60,-0.400,0.160,-9.480,0.00000,0
44.601,0.0,0.0,1.60,-0.400,0.160,-9.480,0.00000,0
44.611,0.0,0.0,1.60,-0.450,0.140,-9.440,0.00000,0
44.621,0.0,0.0,1.60,-0.450,0.140,-9.440,0.00000,0
44.632,0.0,0.0,1.60,-0.450,0.140,-9.440,0.00000,0
44.642,0.0,0.0,1.60,-0.450,0.140,-9.440,0.00000,0
44.652,0.0,0.0,1.60,-0.450,0.140,-9.440,0.00000,0
44.662,0.0,0.0,1.60,-0.400,0.120,-9.460,0.00000,0
44.672,0.0,0.0,1.60,-0.400,0.120,-9.460,0.00000,0
44.682,0.0,0.0,1.60,-0.400,0.120,-9.460,0.00000,0
44.692,0.0,0.0,1.60,-0.400,0.120,-9.460,0.00000,0
44.703,0.0,0.0,1.60,-0.420,0.140,-9.470,0.00000,0
44.713,0.0,0.0,1.60,-0.420,0.140,-9.470,0.00000,0
44.723,0.0,0.0,1.60,-0.420,0.140,-9.470,0.00000,0
44.733,0.0,0.0,1.60,-0.420,0.140,-9.470,0.00000,0
44.743,0.0,0.0,1.60,-0.420,0.140,-9.470,0.00000,0
44.753,0.0,0.0,1.60,-0.420,0.140,-9.470,0.00000,0
44.763,0.0,0.0,1.60,-0.410,0.150,-9.490,0.00000,0
44.773,0.0,0.0,1.60,-0.410,0.150,-9.490,0.00000,0
44.784,0.0,0.0,1.60,-0.410,0.150,-9.490,0.00000,0
44.794,0.0,0.0,1.60,-0.410,0.150,-9.490,0.00000,0
44.804,0.0,0.0,1.60,-0.410,0.150,-9.490,0.00000,0
44.814,0.0,0.0,1.60,-0.450,0.140,-9.430,0.00000,0
44.824,0.0,0.0,1.60,-0.450,0.140,-9.430,0.00000,0
44.834,0.0,0.0,1.60,-0.450,0.140,-9.430,0.00000,0
44.844,0.0,0.0,1.60,-0.450,0.140,-9.430,0.00000,0
44.854,0.0,0.0,1.60,-0.450,0.140,-9.430,0.00000,0
44.865,0.0,0.0,1.60,-0.390,0.110,-9.480,0.00000,0
44.875,0.0,0.0,1.60,-0.390,0.110,-9.480,0.00000,0
44.885,0.0,0.0,1.60,-0.390,0.110,-9.480,0.00000,0
44.895,0.0,0.0,1.60,-0.390,0.110,-9.480,0.00000,0
44.905,0.0,0.0,1.60,-0.390,0.110,-9.480,0.00000,0
44.915,0.0,0.0,1.60,-0.370,0.130,-9.480,0.00000,0
44.925,0.0,0.0,1.60,-0.370,0.130,-9.480,0.00000,0
44.935,0.0,0.0,1.60,-0.370,0.130,-9.480,0.00000,0
44.946,0.0,0.0,1.60,-0.370,0.130,-9.480,0.00000,0
44.956,0.0,0.0,1.60,-0.440,0.120,-9.480,0.00000,0
44.966,0.0,0.0,1.60,-0.440,0.120,-9.480,0.00000,0
44.976,0.0,0.0,1.60,-0.440,0.120,-9.480,0.00000,0
44.986,0.0,0.0,1.60,-0.440,0.120,-9.480,0.00000,0
44.996,0.0,0.0,1.60,-0.440,0.120,-9.480,0.00000,0
45.006,0.0,0.0,1.60,-0.390,0.130,-9.500,0.00000,0
45.016,0.0,0.0,1.60,-0.390,0.130,-9.500,0.00000,0
45.027,0.0,0.0,1.60,-0.390,0.130,-9.500,0.00000,0
45.037,0.0,0.0,1.60,-0.390,0.130,-9.500,0.00000,0
45.047,0.0,0.0,1.60,-0.390,0.130,-9.500,0.00000,0
45.057,0.0,0.0,1.60,-0.400,0.130,-9.500,0.00000,0
45.067,0.0,0.0,1.60,-0.400,0.130,-9.500,0.00000,0
45.077,0.0,0.0,1.60,-0.400,0.130,-9.500,0.00000,0
45.087,0.0,0.0,1.60,-0.400,0.130,-9.500,0.00000,0
45.098,0.0,0.0,1.60,-0.400,0.130,-9.500,0.00000,0
45.108,0.0,0.0,1.60,-0.400,0.130,-9.500,0.00000,0
45.118,0.0,0.0,1.60,-0.390,0.110,-9.490,0.00000,0
45.128,0.0,0.0,1.60,-0.390,0.110,-9.490,0.00000,0
45.138,0.0,0.0,1.60,-0.390,0.110,-9.490,0.00000,0
45.148,0.0,0.0,1.60,-0.390,0.110,-9.490,0.00000,0
45.159,0.0,0.0,1.60,-0.390,0.110,-9.490,0.00000,0
45.169,0.0,0.0,1.60,-0.350,0.110,-9.430,0.00000,0
45.179,0.0,0.0,1.60,-0.350,0.110,-9.430,0.00000,0
45.189,0.0,0.0,1.60,-0.350,0.110,-9.430,0.00000,0
45.199,0.0,0.0,1.60,-0.350,0.110,-9.430,0.00000,0
45.209,0.0,0.0,1.60,-0.390,0.110,-9.490,0.00000,0
45.219,0.0,0.0,1.60,-0.390,0.110,-9.490,0.00000,0
45.229,0.0,0.0,1.60,-0.390,0.110,-9.490,0.00000,0
45.240,0.0,0.0,1.60,-0.390,0.110,-9.490,0.00000,0
45.250,0.0,0.0,1.60,-0.390,0.110,-9.490,0.00000,0
45.260,0.0,0.0,1.60,-0.400,0.110,-9.470,0.00000,0
45.270,0.0,0.0,1.60,-0.400,0.110,-9.470,0.00000,0
45.280,0.0,0.0,1.60,-0.400,0.110,-9.470,0.00000,0
45.290,0.0,0.0,1.60,-0.400,0.110,-9.470,0.00000,0
45.300,0.0,0.0,1.60,-0.400,0.110,-9.470,0.00000,0
45.311,0.0,0.0,1.60,-0.380,0.150,-9.510,0.00000,0
45.321,0.0,0.0,1.60,-0.380,0.150,-9.510,0.00000,0
45.331,0.0,0.0,1.60,-0.380,0.150,-9.510,0.00000,0
45.341,0.0,0.0,1.60,-0.380,0.150,-9.510,0.00000,0
45.351,0.0,0.0,1.60,-0.380,0.150,-9.510,0.00000,0
45.361,0.0,0.0,1.60,-0.380,0.100,-9.480,0.00000,0
45.371,0.0,0.0,1.60,-0.380,0.100,-9.480,0.00000,0
45.381,0.0,0.0,1.60,-0.380,0.100,-9.480,0.00000,0
45.392,0.0,0.0,1.60,-0.380,0.100,-9.480,0.00000,0
45.402,0.0,0.0,1.60,-0.380,0.100,-9.480,0.00000,0
45.412,0.0,0.0,1.60,-0.430,0.180,-9.530,0.00000,0
45.422,0.0,0.0,1.60,-0.430,0.180,-9.530,0.00000,0
45.432,0.0,0.0,1.60,-0.430,0.180,-9.530,0.00000,0
45.442,0.0,0.0,1.60,-0.430,0.180,-9.530,0.00000,0
45.452,0.0,0.0,1.60,-0.430,0.130,-9.430,0.00000,0
45.463,0.0,0.0,1.60,-0.430,0.130,-9.430,0.00000,0
45.473,0.0,0.0,1.60,-0.430,0.130,-9.430,0.00000,0
45.483,0.0,0.0,1.60,-0.430,0.130,-9.430,0.00000,0
45.493,0.0,0.0,1.60,-0.430,0.130,-9.430,0.00000,0
45.503,0.0,0.0,1.60,-0.430,0.130,-9.430,0.00000,0
45.513,0.0,0.0,1.60,-0.410,0.110,-9.520,0.00000,0
45.523,0.0,0.0,1.60,-0.410,0.110,-9.520,0.00000,0
45.534,0.0,0.0,1.60,-0.410,0.110,-9.520,0.00000,0
45.544,0.0,0.0,1.60,-0.410,0.110,-9.520,0.00000,0
45.554,0.0,0.0,1.60,-0.410,0.110,-9.520,0.00000,0
45.564,0.0,0.0,1.60,-0.380,0.150,-9.450,0.00000,0
45.574,0.0,0.0,1.60,-0.380,0.150,-9.450,0.00000,0
45.584,0.0,0.0,1.60,-0.380,0.150,-9.450,0.00000,0
45.594,0.0,0.0,1.60,-0.380,0.150,-9.450,0.00000,0
45.605,0.0,0.0,1.60,-0.380,0.150,-9.450,0.00000,0
45.615,0.0,0.0,1.60,-0.400,0.150,-9.540,0.00000,0
45.625,0.0,0.0,1.60,-0.400,0.150,-9.540,0.00000,0
45.635,0.0,0.0,1.60,-0.400,0.150,-9.540,0.00000,0
45.645,0.0,0.0,1.60,-0.400,0.150,-9.540,0.00000,0
45.655,0.0,0.0,1.60,-0.400,0.150,-9.540,0.00000,0
45.666,0.0,0.0,1.60,-0.380,0.120,-9.480,0.00000,0
45.676,0.0,0.0,1.60,-0.380,0.120,-9.480,0.00000,0
45.686,0.0,0.0,1.60,-0.380,0.120,-9.480,0.00000,0
45.696,0.0,0.0,1.60,-0.380,0.120,-9.480,0.00000,0
45.706,0.0,0.0,1.60,-0.380,0.110,-9.490,0.00000,0
45.716,0.0,0.0,1.60,-0.380,0.110,-9.490,0.00000,0
45.726,0.0,0.0,1.60,-0.380,0.110,-9.490,0.00000,0
45.736,0.0,0.0,1.60,-0.380,0.110,-9.490,0.00000,0
45.747,0.0,0.0,1.60,-0.380,0.110,-9.490,0.00000,0
45.757,0.0,0.0,1.60,-0.410,0.110,-9.510,0.00000,0
45.767,0.0,0.0,1.60,-0.410,0.110,-9.510,0.00000,0
45.777,0.0,0.0,1.60,-0.410,0.110,-9.510,0.00000,0
45.787,0.0,0.0,1.60,-0.410,0.110,-9.510,0.00000,0
45.797,0.0,0.0,1.60,-0.410,0.110,-9.510,0.00000,0
45.807,0.0,0.0,1.60,-0.380,0.140,-9.510,0.00000,0
45.817,0.0,0.0,1.60,-0.380,0.140,-9.510,0.00000,0
45.827,0.0,0.0,1.60,-0.380,0.140,-9.510,0.00000,0
45.838,0.0,0.0,1.60,-0.380,0.140,-9.510,0.00000,0
45.848,0.0,0.0,1.60,-0.380,0.140,-9.510,0.00000,0
45.858,0.0,0.0,1.60,-0.380,0.140,-9.510,0.00000,0
45.868,0.0,0.0,1.60,-0.400,0.110,-9.520,0.00000,0
45.878,0.0,0.0,1.60,-0.400,0.110,-9.520,0.00000,0
45.888,0.0,0.0,1.60,-0.400,0.110,-9.520,0.00000,0
45.899,0.0,0.0,1.60,-0.400,0.110,-9.520,0.00000,0
45.909,0.0,0.0,1.60,-0.400,0.110,-9.520,0.00000,0
45.919,0.0,0.0,1.60,-0.430,0.110,-9.400,0.00000,0
45.929,0.0,0.0,1.60,-0.430,0.110,-9.400,0.00000,0
45.939,0.0,0.0,1.60,-0.430,0.110,-9.400,0.00000,0
45.949,0.0,0.0,1.60,-0.430,0.110,-9.400,0.00000,0
45.960,0.0,0.0,1.60,-0.400,0.100,-9.490,0.00000,0
45.970,0.0,0.0,1.60,-0.400,0.100,-9.490,0.00000,0
45.980,0.0,0.0,1.60,-0.400,0.100,-9.490,0.00000,0
45.990,0.0,0.0,1.60,-0.400,0.100,-9.490,0.00000,0
46.000,0.0,0.0,1.60,-0.400,0.100,-9.490,0.00000,0
46.010,0.0,0.0,1.60,-0.410,0.120,-9.430,0.00000,0
46.020,0.0,0.0,1.60,-0.410,0.120,-9.430,0.00000,0
46.030,0.0,0.0,1.60,-0.410,0.120,-9.430,0.00000,0
46.041,0.0,0.0,1.60,-0.410,0.120,-9.430,0.00000,0
46.051,0.0,0.0,1.60,-0.410,0.120,-9.430,0.00000,0
46.061,0.0,0.0,1.60,-0.400,0.090,-9.410,0.00000,0
46.071,0.0,0.0,1.60,-0.400,0.090,-9.410,0.00000,0
46.081,0.0,0.0,1.60,-0.400,0.090,-9.410,0.00000,0
46.091,0.0,0.0,1.60,-0.400,0.090,-9.410,0.00000,0
46.102,0.0,0.0,1.60,-0.400,0.090,-9.410,0.00000,0
46.112,0.0,0.0,1.60,-0.410,0.110,-9.520,0.00000,0
46.122,0.0,0.0,1.60,-0.410,0.110,-9.520,0.00000,0
46.132,0.0,0.0,1.60,-0.410,0.110,-9.520,0.00000,0
46.142,0.0,0.0,1.60,-0.410,0.110,-9.520,0.00000,0
46.152,0.0,0.0,1.60,-0.410,0.110,-9.520,0.00000,0
46.162,0.0,0.0,1.60,-0.390,0.110,-9.500,0.00000,0
46.173,0.0,0.0,1.60,-0.390,0.110,-9.500,0.00000,0
46.183,0.0,0.0,1.60,-0.390,0.110,-9.500,0.00000,0
46.193,0.0,0.0,1.60,-0.390,0.110,-9.500,0.00000,0
46.203,0.0,0.0,1.60,-0.410,0.140,-9.490,0.00000,0
46.213,0.0,0.0,1.60,-0.410,0.140,-9.490,0.00000,0
46.223,0.0,0.0,1.60,-0.410,0.140,-9.490,0.00000,0
46.234,0.0,0.0,1.60,-0.410,0.140,-9.490,0.00000,0
46.244,0.0,0.0,1.60,-0.410,0.140,-9.490,0.00000,0
46.254,0.0,0.0,1.60,-0.410,0.140,-9.490,0.00000,0
46.264,0.0,0.0,1.60,-0.390,0.110,-9.480,0.00000,0
46.274,0.0,0.0,1.60,-0.390,0.110,-9.480,0.00000,0
46.284,0.0,0.0,1.60,-0.390,0.110,-9.480,0.00000,0
46.294,0.0,0.0,1.60,-0.390,0.110,-9.480,0.00000,0
46.305,0.0,0.0,1.60,-0.390,0.110,-9.480,0.00000,0
46.315,0.0,0.0,1.60,-0.410,0.140,-9.540,0.00000,0
46.325,0.0,0.0,1.60,-0.410,0.140,-9.540,0.00000,0
46.335,0.0,0.0,1.60,-0.410,0.140,-9.540,0.00000,0
46.345,0.0,0.0,1.60,-0.410,0.140,-9.540,0.00000,0
46.355,0.0,0.0,1.60,-0.410,0.140,-9.540,0.00000,0
46.365,0.0,0.0,1.60,-0.400,0.110,-9.480,0.00000,0
46.376,0.0,0.0,1.60,-0.400,0.110,-9.480,0.00000,0
46.386,0.0,0.0,1.60,-0.400,0.110,-9.480,0.00000,0
46.396,0.0,0.0,1.60,-0.400,0.110,-9.480,0.00000,0
46.406,0.0,0.0,1.60,-0.400,0.110,-9.480,0.00000,0
46.416,0.0,0.0,1.60,-0.390,0.110,-9.410,0.00000,0
46.426,0.0,0.0,1.60,-0.390,0.110,-9.410,0.00000,0
46.436,0.0,0.0,1.60,-0.390,0.110,-9.410,0.00000,0
46.446,0.0,0.0,1.60,-0.390,0.110,-9.410,0.00000,0
46.457,0.0,0.0,1.60,-0.410,0.120,-9.500,0.00000,0
46.467,0.0,0.0,1.60,-0.410,0.120,-9.500,0.00000,0
46.477,0.0,0.0,1.60,-0.410,0.120,-9.500,0.00000,0
46.487,0.0,0.0,1.60,-0.410,0.120,-9.500,0.00000,0
46.497,0.0,0.0,1.60,-0.410,0.120,-9.500,0.00000,0
46.507,0.0,0.0,1.60,-0.450,0.140,-9.480,0.00000,0
46.517,0.0,0.0,1.60,-0.450,0.140,-9.480,0.00000,0
46.528,0.0,0.0,1.60,-0.450,0.140,-9.480,0.00000,0
46.538,0.0,0.0,1.60,-0.450,0.140,-9.480,0.00000,0
46.548,0.0,0.0,1.60,-0.450,0.140,-9.480,0.00000,0
46.558,0.0,0.0,1.60,-0.420,0.130,-9.450,0.00000,0
46.568,0.0,0.0,1.60,-0.420,0.130,-9.450,0.00000,0
46.578,0.0,0.0,1.60,-0.420,0.130,-9.450,0.00000,0
46.588,0.0,0.0,1.60,-0.420,0.130,-9.450,0.00000,0
46.598,0.0,0.0,1.60,-0.420,0.130,-9.450,0.00000,0
46.609,0.0,0.0,1.60,-0.410,0.090,-9.490,0.00000,0
46.619,0.0,0.0,1.60,-0.410,0.090,-9.490,0.00000,0
46.629,0.0,0.0,1.60,-0.410,0.090,-9.490,0.00000,0
46.639,0.0,0.0,1.60,-0.410,0.090,-9.490,0.00000,0
46.649,0.0,0.0,1.60,-0.410,0.090,-9.490,0.00000,0
46.659,0.0,0.0,1.60,-0.410,0.090,-9.490,0.00000,0
46.669,0.0,0.0,1.60,-0.390,0.130,-9.400,0.00000,0
46.680,0.0,0.0,1.60,-0.390,0.130,-9.400,0.00000,0
46.690,0.0,0.0,1.60,-0.390,0.130,-9.400,0.00000,0
46.700,0.0,0.0,1.60,-0.390,0.130,-9.400,0.00000,0
46.710,0.0,0.0,1.60,-0.390,0.130,-9.400,0.00000,0
46.720,0.0,0.0,1.60,-0.380,0.120,-9.490,0.00000,0
46.730,0.0,0.0,1.60,-0.380,0.120,-9.490,0.00000,0
46.740,0.0,0.0,1.60,-0.380,0.120,-9.490,0.00000,0
46.750,0.0,0.0,1.60,-0.380,0.120,-9.490,0.00000,0
46.761,0.0,0.0,1.60,-0.370,0.100,-9.440,0.00000,0
46.771,0.0,0.0,1.60,-0.370,0.100,-9.440,0.00000,0
46.782,0.0,0.0,1.60,-0.370,0.100,-9.440,0.00000,0
46.792,0.0,0.0,1.60,-0.370,0.100,-9.440,0.00000,0
46.802,0.0,0.0,1.60,-0.370,0.100,-9.440,0.00000,0
46.812,0.0,0.0,1.60,-0.440,0.090,-9.450,0.00000,0
46.822,0.0,0.0,1.60,-0.440,0.090,-9.450,0.00000,0
46.832,0.0,0.0,1.60,-0.440,0.090,-9.450,0.00000,0
46.842,0.0,0.0,1.60,-0.440,0.090,-9.450,0.00000,0
46.853,0.0,0.0,1.60,-0.440,0.090,-9.450,0.00000,0
46.863,0.0,0.0,1.60,-0.400,0.120,-9.450,0.00000,0
46.873,0.0,0.0,1.60,-0.400,0.120,-9.450,0.00000,0
46.883,0.0,0.0,1.60,-0.400,0.120,-9.450,0.00000,0
46.893,0.0,0.0,1.60,-0.400,0.120,-9.450,0.00000,0
46.903,0.0,0.0,1.60,-0.400,0.120,-9.450,0.00000,0
46.913,0.0,0.0,1.60,-0.390,0.150,-9.520,0.00000,0
46.923,0.0,0.0,1.60,-0.390,0.150,-9.520,0.00000,0
46.934,0.0,0.0,1.60,-0.390,0.150,-9.520,0.00000,0
46.944,0.0,0.0,1.60,-0.390,0.150,-9.520,0.00000,0
46.954,0.0,0.0,1.60,-0.410,0.110,-9.520,0.00000,0
46.964,0.0,0.0,1.60,-0.410,0.110,-9.520,0.00000,0
46.974,0.0,0.0,1.60,-0.410,0.110,-9.520,0.00000,0
46.984,0.0,0.0,1.60,-0.410,0.110,-9.520,0.00000,0
46.994,0.0,0.0,1.60,-0.410,0.110,-9.520,0.00000,0
47.005,0.0,0.0,1.60,-0.430,0.120,-9.540,0.00000,0
47.015,0.0,0.0,1.60,-0.430,0.120,-9.540,0.00000,0
47.025,0.0,0.0,1.60,-0.430,0.120,-9.540,0.00000,0
47.035,0.0,0.0,1.60,-0.430,0.120,-9.540,0.00000,0
47.045,0.0,0.0,1.60,-0.430,0.120,-9.540,0.00000,0
47.055,0.0,0.0,1.60,-0.430,0.120,-9.540,0.00000,0
47.065,0.0,0.0,1.60,-0.380,0.130,-9.430,0.00000,0
47.075,0.0,0.0,1.60,-0.380,0.130,-9.430,0.00000,0
47.086,0.0,0.0,1.60,-0.380,0.130,-9.430,0.00000,0
47.096,0.0,0.0,1.60,-0.380,0.130,-9.430,0.00000,0
47.106,0.0,0.0,1.60,-0.380,0.130,-9.430,0.00000,0
47.116,0.0,0.0,1.60,-0.440,0.150,-9.440,0.00000,0
47.126,0.0,0.0,1.60,-0.440,0.150,-9.440,0.00000,0
47.136,0.0,0.0,1.60,-0.440,0.150,-9.440,0.00000,0
47.146,0.0,0.0,1.60,-0.440,0.150,-9.440,0.00000,0
47.157,0.0,0.0,1.60,-0.440,0.150,-9.440,0.00000,0
47.167,0.0,0.0,1.60,-0.410,0.140,-9.420,0.00000,0
47.177,0.0,0.0,1.60,-0.410,0.140,-9.420,0.00000,0
47.187,0.0,0.0,1.60,-0.410,0.140,-9.420,0.00000,0
47.197,0.0,0.0,1.60,-0.410,0.140,-9.420,0.00000,0
47.207,0.0,0.0,1.60,-0.380,0.130,-9.480,0.00000,0
47.217,0.0,0.0,1.60,-0.380,0.130,-9.480,0.00000,0
47.228,0.0,0.0,1.60,-0.380,0.130,-9.480,0.00000,0
47.238,0.0,0.0,1.60,-0.380,0.130,-9.480,0.00000,0
47.248,0.0,0.0,1.60,-0.380,0.130,-9.480,0.00000,0
47.258,0.0,0.0,1.60,-0.420,0.130,-9.520,0.00000,0
47.268,0.0,0.0,1.60,-0.420,0.130,-9.520,0.00000,0
47.278,0.0,0.0,1.60,-0.420,0.130,-9.520,0.00000,0
47.288,0.0,0.0,1.60,-0.420,0.130,-9.520,0.00000,0
47.299,0.0,0.0,1.60,-0.420,0.130,-9.520,0.00000,0
47.309,0.0,0.0,1.60,-0.410,0.140,-9.450,0.00000,0
47.319,0.0,0.0,1.60,-0.410,0.140,-9.450,0.00000,0
47.329,0.0,0.0,1.60,-0.410,0.140,-9.450,0.00000,0
47.339,0.0,0.0,1.60,-0.410,0.140,-9.450,0.00000,0
47.349,0.0,0.0,1.60,-0.410,0.140,-9.450,0.00000,0
47.359,0.0,0.0,1.60,-0.410,0.130,-9.400,0.00000,0
47.369,0.0,0.0,1.60,-0.410,0.130,-9.400,0.00000,0
47.380,0.0,0.0,1.60,-0.410,0.130,-9.400,0.00000,0
47.390,0.0,0.0,1.60,-0.410,0.130,-9.400,0.00000,0
47.400,0.0,0.0,1.60,-0.410,0.130,-9.400,0.00000,0
47.410,0.0,0.0,1.60,-0.400,0.110,-9.420,0.00000,0
47.420,0.0,0.0,1.60,-0.400,0.110,-9.420,0.00000,0
47.430,0.0,0.0,1.60,-0.400,0.110,-9.420,0.00000,0
47.440,0.0,0.0,1.60,-0.400,0.110,-9.420,0.00000,0
47.451,0.0,0.0,1.60,-0.400,0.110,-9.420,0.00000,0
47.461,0.0,0.0,1.60,-0.380,0.140,-9.490,0.00000,0
47.471,0.0,0.0,1.60,-0.380,0.140,-9.490,0.00000,0
47.481,0.0,0.0,1.60,-0.380,0.140,-9.490,0.00000,0
47.491,0.0,0.0,1.60,-0.380,0.140,-9.490,0.00000,0
47.501,0.0,0.0,1.60,-0.380,0.140,-9.490,0.00000,0
47.511,0.0,0.0,1.60,-0.410,0.150,-9.460,0.00000,0
47.521,0.0,0.0,1.60,-0.410,0.150,-9.460,0.00000,0
47.531,0.0,0.0,1.60,-0.410,0.150,-9.460,0.00000,0
47.542,0.0,0.0,1.60,-0.410,0.150,-9.460,0.00000,0
47.552,0.0,0.0,1.60,-0.410,0.150,-9.460,0.00000,0
47.562,0.0,0.0,1.60,-0.450,0.130,-9.520,0.00000,0
47.572,0.0,0.0,1.60,-0.450,0.130,-9.520,0.00000,0
47.582,0.0,0.0,1.60,-0.450,0.130,-9.520,0.00000,0
47.592,0.0,0.0,1.60,-0.450,0.130,-9.520,0.00000,0
47.603,0.0,0.0,1.60,-0.450,0.130,-9.520,0.00000,0
47.613,0.0,0.0,1.60,-0.390,0.100,-9.500,0.00000,0
47.623,0.0,0.0,1.60,-0.390,0.100,-9.500,0.00000,0
47.633,0.0,0.0,1.60,-0.390,0.100,-9.500,0.00000,0
47.643,0.0,0.0,1.60,-0.390,0.100,-9.500,0.00000,0
47.653,0.0,0.0,1.60,-0.390,0.100,-9.500,0.00000,0
47.663,0.0,0.0,1.60,-0.410,0.140,-9.460,0.00000,0
47.674,0.0,0.0,1.60,-0.410,0.140,-9.460,0.00000,0
47.684,0.0,0.0,1.60,-0.410,0.140,-9.460,0.00000,0
47.694,0.0,0.0,1.60,-0.410,0.140,-9.460,0.00000,0
47.704,0.0,0.0,1.60,-0.410,0.100,-9.480,0.00000,0
47.714,0.0,0.0,1.60,-0.410,0.100,-9.480,0.00000,0
47.724,0.0,0.0,1.60,-0.410,0.100,-9.480,0.00000,0
47.734,0.0,0.0,1.60,-0.410,0.100,-9.480,0.00000,0
47.744,0.0,0.0,1.60,-0.410,0.100,-9.480,0.00000,0
47.755,0.0,0.0,1.60,-0.360,0.110,-9.480,0.00000,0
47.765,0.0,0.0,1.60,-0.360,0.110,-9.480,0.00000,0
47.775,0.0,0.0,1.60,-0.360,0.110,-9.480,0.00000,0
47.785,0.0,0.0,1.60,-0.360,0.110,-9.480,0.00000,0
47.795,0.0,0.0,1.60,-0.360,0.110,-9.480,0.00000,0
47.805,0.0,0.0,1.60,-0.360,0.110,-9.480,0.00000,0
47.815,0.0,0.0,1.60,-0.390,0.150,-9.450,0.00000,0
47.826,0.0,0.0,1.60,-0.390,0.150,-9.450,0.00000,0
47.836,0.0,0.0,1.60,-0.390,0.150,-9.450,0.00000,0
47.846,0.0,0.0,1.60,-0.390,0.150,-9.450,0.00000,0
47.856,0.0,0.0,1.60,-0.390,0.150,-9.450,0.00000,0
47.866,0.0,0.0,1.60,-0.400,0.120,-9.510,0.00000,0
47.876,0.0,0.0,1.60,-0.400,0.120,-9.510,0.00000,0
47.886,0.0,0.0,1.60,-0.400,0.120,-9.510,0.00000,0
47.897,0.0,0.0,1.60,-0.400,0.120,-9.510,0.00000,0
47.907,0.0,0.0,1.60,-0.400,0.120,-9.510,0.00000,0
47.917,0.0,0.0,1.60,-0.390,0.100,-9.560,0.00000,0
47.927,0.0,0.0,1.60,-0.390,0.100,-9.560,0.00000,0
47.937,0.0,0.0,1.60,-0.390,0.100,-9.560,0.00000,0
47.947,0.0,0.0,1.60,-0.390,0.100,-9.560,0.00000,0
47.957,0.0,0.0,1.60,-0.380,0.110,-9.500,0.00000,0
47.967,0.0,0.0,1.60,-0.380,0.110,-9.500,0.00000,0
47.978,0.0,0.0,1.60,-0.380,0.110,-9.500,0.00000,0
47.988,0.0,0.0,1.60,-0.380,0.110,-9.500,0.00000,0
47.998,0.0,0.0,1.60,-0.380,0.110,-9.500,0.00000,0
48.008,0.0,0.0,1.60,-0.380,0.110,-9.490,0.00000,0
48.018,0.0,0.0,1.60,-0.380,0.110,-9.490,0.00000,0
48.028,0.0,0.0,1.60,-0.380,0.110,-9.490,0.00000,0
48.038,0.0,0.0,1.60,-0.380,0.110,-9.490,0.00000,0
48.049,0.0,0.0,1.60,-0.380,0.110,-9.490,0.00000,0
48.059,0.0,0.0,1.60,-0.390,0.120,-9.550,0.00000,0
48.069,0.0,0.0,1.60,-0.390,0.120,-9.550,0.00000,0
48.079,0.0,0.0,1.60,-0.390,0.120,-9.550,0.00000,0
48.089,0.0,0.0,1.60,-0.390,0.120,-9.550,0.00000,0
48.099,0.0,0.0,1.60,-0.390,0.120,-9.550,0.00000,0
48.109,0.0,0.0,1.60,-0.410,0.080,-9.490,0.00000,0
48.120,0.0,0.0,1.60,-0.410,0.080,-9.490,0.00000,0
48.130,0.0,0.0,1.60,-0.410,0.080,-9.490,0.00000,0
48.140,0.0,0.0,1.60,-0.410,0.080,-9.490,0.00000,0
48.150,0.0,0.0,1.60,-0.410,0.080,-9.490,0.00000,0
48.160,0.0,0.0,1.60,-0.420,0.130,-9.520,0.00000,0
48.170,0.0,0.0,1.60,-0.420,0.130,-9.520,0.00000,0
48.180,0.0,0.0,1.60,-0.420,0.130,-9.520,0.00000,0
48.190,0.0,0.0,1.60,-0.420,0.130,-9.520,0.00000,0
48.201,0.0,0.0,1.60,-0.420,0.130,-9.520,0.00000,0
48.211,0.0,0.0,1.60,-0.380,0.100,-9.490,0.00000,0
48.221,0.0,0.0,1.60,-0.380,0.100,-9.490,0.00000,0
48.231,0.0,0.0,1.60,-0.380,0.100,-9.490,0.00000,0
48.241,0.0,0.0,1.60,-0.380,0.100,-9.490,0.00000,0
48.251,0.0,0.0,1.60,-0.380,0.100,-9.490,0.00000,0
48.261,0.0,0.0,1.60,-0.420,0.140,-9.540,0.00000,0
48.271,0.0,0.0,1.60,-0.420,0.140,-9.540,0.00000,0
48.282,0.0,0.0,1.60,-0.420,0.140,-9.540,0.00000,0
48.292,0.0,0.0,1.60,-0.420,0.140,-9.540,0.00000,0
48.302,0.0,0.0,1.60,-0.420,0.140,-9.540,0.00000,0
48.312,0.0,0.0,1.60,-0.410,0.120,-9.450,0.00000,0
48.322,0.0,0.0,1.60,-0.410,0.120,-9.450,0.00000,0
48.332,0.0,0.0,1.60,-0.410,0.120,-9.450,0.00000,0
48.343,0.0,0.0,1.60,-0.410,0.120,-9.450,0.00000,0
48.353,0.0,0.0,1.60,-0.410,0.120,-9.450,0.00000,0
48.363,0.0,0.0,1.60,-0.400,0.140,-9.500,0.00000,0
48.373,0.0,0.0,1.60,-0.400,0.140,-9.500,0.00000,0
48.384,0.0,0.0,1.60,-0.400,0.140,-9.500,0.00000,0
48.394,0.0,0.0,1.60,-0.400,0.140,-9.500,0.00000,0
48.405,0.0,0.0,1.60,-0.400,0.140,-9.500,0.00000,0
48.415,0.0,0.0,1.60,-0.420,0.110,-9.520,0.00000,0
48.425,0.0,0.0,1.60,-0.420,0.110,-9.520,0.00000,0
48.435,0.0,0.0,1.60,-0.420,0.110,-9.520,0.00000,0
48.445,0.0,0.0,1.60,-0.420,0.110,-9.520,0.00000,0
48.455,0.0,0.0,1.60,-0.450,0.110,-9.460,0.00000,0
48.465,0.0,0.0,1.60,-0.450,0.110,-9.460,0.00000,0
48.475,0.0,0.0,1.60,-0.450,0.110,-9.460,0.00000,0
48.486,0.0,0.0,1.60,-0.450,0.110,-9.460,0.00000,0
48.496,0.0,0.0,1.60,-0.450,0.110,-9.460,0.00000,0
48.506,0.0,0.0,1.60,-0.410,0.110,-9.520,0.00000,0
48.516,0.0,0.0,1.60,-0.410,0.110,-9.520,0.00000,0
48.526,0.0,0.0,1.60,-0.410,0.110,-9.520,0.00000,0
48.536,0.0,0.0,1.60,-0.410,0.110,-9.520,0.00000,0
48.546,0.0,0.0,1.60,-0.410,0.110,-9.520,0.00000,0
48.557,0.0,0.0,1.60,-0.420,0.080,-9.520,0.00000,0
48.567,0.0,0.0,1.60,-0.420,0.080,-9.520,0.00000,0
48.577,0.0,0.0,1.60,-0.420,0.080,-9.520,0.00000,0
48.587,0.0,0.0,1.60,-0.420,0.080,-9.520,0.00000,0
48.597,0.0,0.0,1.60,-0.420,0.080,-9.520,0.00000,0
48.607,0.0,0.0,1.60,-0.420,0.080,-9.520,0.00000,0
48.617,0.0,0.0,1.60,-0.370,0.080,-9.500,0.00000,0
48.627,0.0,0.0,1.60,-0.370,0.080,-9.500,0.00000,0
48.637,0.0,0.0,1.60,-0.370,0.080,-9.500,0.00000,0
48.648,0.0,0.0,1.60,-0.370,0.080,-9.500,0.00000,0
48.658,0.0,0.0,1.60,-0.370,0.080,-9.500,0.00000,0
48.668,0.0,0.0,1.60,-0.370,0.130,-9.510,0.00000,0
48.678,0.0,0.0,1.60,-0.370,0.130,-9.510,0.00000,0
48.688,0.0,0.0,1.60,-0.370,0.130,-9.510,0.00000,0
48.698,0.0,0.0,1.60,-0.370,0.130,-9.510,0.00000,0
48.708,0.0,0.0,1.60,-0.390,0.100,-9.420,0.00000,0
48.719,0.0,0.0,1.60,-0.390,0.100,-9.420,0.00000,0
48.729,0.0,0.0,1.60,-0.390,0.100,-9.420,0.00000,0
48.739,0.0,0.0,1.60,-0.390,0.100,-9.420,0.00000,0
48.749,0.0,0.0,1.60,-0.390,0.100,-9.420,0.00000,0
48.759,0.0,0.0,1.60,-0.410,0.110,-9.480,0.00000,0
48.769,0.0,0.0,1.60,-0.410,0.110,-9.480,0.00000,0
48.779,0.0,0.0,1.60,-0.410,0.110,-9.480,0.00000,0
48.789,0.0,0.0,1.60,-0.410,0.110,-9.480,0.00000,0
48.800,0.0,0.0,1.60,-0.410,0.110,-9.480,0.00000,0
48.810,0.0,0.0,1.60,-0.380,0.120,-9.500,0.00000,0
48.820,0.0,0.0,1.60,-0.380,0.120,-9.500,0.00000,0
48.830,0.0,0.0,1.60,-0.380,0.120,-9.500,0.00000,0
48.840,0.0,0.0,1.60,-0.380,0.120,-9.500,0.00000,0
48.850,0.0,0.0,1.60,-0.380,0.120,-9.500,0.00000,0
48.860,0.0,0.0,1.60,-0.400,0.130,-9.400,0.00000,0
48.870,0.0,0.0,1.60,-0.400,0.130,-9.400,0.00000,0
48.881,0.0,0.0,1.60,-0.400,0.130,-9.400,0.00000,0
48.891,0.0,0.0,1.60,-0.400,0.130,-9.400,0.00000,0
48.901,0.0,0.0,1.60,-0.400,0.130,-9.400,0.00000,0
48.911,0.0,0.0,1.60,-0.410,0.140,-9.460,0.00000,0
48.921,0.0,0.0,1.60,-0.410,0.140,-9.460,0.00000,0
48.931,0.0,0.0,1.60,-0.410,0.140,-9.460,0.00000,0
48.941,0.0,0.0,1.60,-0.410,0.140,-9.460,0.00000,0
48.951,0.0,0.0,1.60,-0.410,0.140,-9.460,0.00000,0
48.962,0.0,0.0,1.60,-0.390,0.130,-9.430,0.00000,0
48.972,0.0,0.0,1.60,-0.390,0.130,-9.430,0.00000,0
48.982,0.0,0.0,1.60,-0.390,0.130,-9.430,0.00000,0
48.992,0.0,0.0,1.60,-0.390,0.130,-9.430,0.00000,0
49.002,0.0,0.0,1.60,-0.390,0.130,-9.430,0.00000,0
49.012,0.0,0.0,1.60,-0.400,0.100,-9.470,0.00000,0
49.022,0.0,0.0,1.60,-0.400,0.100,-9.470,0.00000,0
49.032,0.0,0.0,1.60,-0.400,0.100,-9.470,0.00000,0
49.043,0.0,0.0,1.60,-0.400,0.100,-9.470,0.00000,0
49.053,0.0,0.0,1.60,-0.400,0.100,-9.470,0.00000,0
49.063,0.0,0.0,1.60,-0.410,0.100,-9.520,0.00000,0
49.073,0.0,0.0,1.60,-0.410,0.100,-9.520,0.00000,0
49.083,0.0,0.0,1.60,-0.410,0.100,-9.520,0.00000,0
49.093,0.0,0.0,1.60,-0.410,0.100,-9.520,0.00000,0
49.103,0.0,0.0,1.60,-0.410,0.100,-9.520,0.00000,0
49.113,0.0,0.0,1.60,-0.400,0.080,-9.430,0.00000,0
49.124,0.0,0.0,1.60,-0.400,0.080,-9.430,0.00000,0
49.134,0.0,0.0,1.60,-0.400,0.080,-9.430,0.00000,0
49.144,0.0,0.0,1.60,-0.400,0.080,-9.430,0.00000,0
49.154,0.0,0.0,1.60,-0.400,0.080,-9.430,0.00000,0
49.164,0.0,0.0,1.60,-0.370,0.150,-9.420,0.00000,0
49.174,0.0,0.0,1.60,-0.370,0.150,-9.420,0.00000,0
49.184,0.0,0.0,1.60,-0.370,0.150,-9.420,0.00000,0
49.194,0.0,0.0,1.60,-0.370,0.150,-9.420,0.00000,0
49.205,0.0,0.0,1.60,-0.390,0.110,-9.450,0.00000,0
49.215,0.0,0.0,1.60,-0.390,0.110,-9.450,0.00000,0
49.225,0.0,0.0,1.60,-0.390,0.110,-9.450,0.00000,0
49.235,0.0,0.0,1.60,-0.390,0.110,-9.450,0.00000,0
49.245,0.0,0.0,1.60,-0.390,0.110,-9.450,0.00000,0
49.255,0.0,0.0,1.60,-0.390,0.110,-9.450,0.00000,0
49.265,0.0,0.0,1.60,-0.400,0.150,-9.500,0.00000,0
49.276,0.0,0.0,1.60,-0.400,0.150,-9.500,0.00000,0
49.286,0.0,0.0,1.60,-0.400,0.150,-9.500,0.00000,0
49.296,0.0,0.0,1.60,-0.400,0.150,-9.500,0.00000,0
49.306,0.0,0.0,1.60,-0.430,0.110,-9.520,0.00000,0
49.316,0.0,0.0,1.60,-0.430,0.110,-9.520,0.00000,0
49.326,0.0,0.0,1.60,-0.430,0.110,-9.520,0.00000,0
49.336,0.0,0.0,1.60,-0.430,0.110,-9.520,0.00000,0
49.347,0.0,0.0,1.60,-0.430,0.110,-9.520,0.00000,0
49.357,0.0,0.0,1.60,-0.430,0.110,-9.520,0.00000,0
49.367,0.0,0.0,1.60,-0.380,0.130,-9.520,0.00000,0
49.377,0.0,0.0,1.60,-0.380,0.130,-9.520,0.00000,0
49.387,0.0,0.0,1.60,-0.380,0.130,-9.520,0.00000,0
49.397,0.0,0.0,1.60,-0.380,0.130,-9.520,0.00000,0
49.408,0.0,0.0,1.60,-0.380,0.130,-9.520,0.00000,0
49.418,0.0,0.0,1.60,-0.430,0.170,-9.430,0.00000,0
49.428,0.0,0.0,1.60,-0.430,0.170,-9.430,0.00000,0
49.438,0.0,0.0,1.60,-0.430,0.170,-9.430,0.00000,0
49.448,0.0,0.0,1.60,-0.430,0.170,-9.430,0.00000,0
49.458,0.0,0.0,1.60,-0.390,0.120,-9.510,0.00000,0
49.468,0.0,0.0,1.60,-0.390,0.120,-9.510,0.00000,0
49.478,0.0,0.0,1.60,-0.390,0.120,-9.510,0.00000,0
49.489,0.0,0.0,1.60,-0.390,0.120,-9.510,0.00000,0
49.499,0.0,0.0,1.60,-0.390,0.120,-9.510,0.00000,0
49.509,0.0,0.0,1.60,-0.430,0.110,-9.450,0.00000,0
49.519,0.0,0.0,1.60,-0.430,0.110,-9.450,0.00000,0
49.529,0.0,0.0,1.60,-0.430,0.110,-9.450,0.00000,0
49.539,0.0,0.0,1.60,-0.430,0.110,-9.450,0.00000,0
49.549,0.0,0.0,1.60,-0.430,0.110,-9.450,0.00000,0
49.560,0.0,0.0,1.60,-0.400,0.120,-9.570,0.00000,0
49.570,0.0,0.0,1.60,-0.400,0.120,-9.570,0.00000,0
49.580,0.0,0.0,1.60,-0.400,0.120,-9.570,0.00000,0
49.590,0.0,0.0,1.60,-0.400,0.120,-9.570,0.00000,0
49.600,0.0,0.0,1.60,-0.400,0.120,-9.570,0.00000,0
49.610,0.0,0.0,1.60,-0.410,0.140,-9.520,0.00000,0
49.620,0.0,0.0,1.60,-0.410,0.140,-9.520,0.00000,0
49.630,0.0,0.0,1.60,-0.410,0.140,-9.520,0.00000,0
49.641,0.0,0.0,1.60,-0.410,0.140,-9.520,0.00000,0
49.651,0.0,0.0,1.60,-0.410,0.140,-9.520,0.00000,0
49.661,0.0,0.0,1.60,-0.410,0.140,-9.460,0.00000,0
49.671,0.0,0.0,1.60,-0.410,0.140,-9.460,0.00000,0
49.681,0.0,0.0,1.60,-0.410,0.140,-9.460,0.00000,0
49.691,0.0,0.0,1.60,-0.410,0.140,-9.460,0.00000,0
49.701,0.0,0.0,1.60,-0.410,0.140,-9.460,0.00000,0
49.712,0.0,0.0,1.60,-0.410,0.140,-9.460,0.00000,0
49.722,0.0,0.0,1.60,-0.390,0.130,-9.450,0.00000,0
49.732,0.0,0.0,1.60,-0.390,0.130,-9.450,0.00000,0
49.742,0.0,0.0,1.60,-0.390,0.130,-9.450,0.00000,0
49.752,0.0,0.0,1.60,-0.390,0.130,-9.450,0.00000,0
49.762,0.0,0.0,1.60,-0.400,0.110,-9.480,0.00000,0
49.772,0.0,0.0,1.60,-0.400,0.110,-9.480,0.00000,0
49.782,0.0,0.0,1.60,-0.400,0.110,-9.480,0.00000,0
49.793,0.0,0.0,1.60,-0.400,0.110,-9.480,0.00000,0
49.803,0.0,0.0,1.60,-0.400,0.110,-9.480,0.00000,0
49.813,0.0,0.0,1.60,-0.410,0.110,-9.420,0.00000,0
49.823,0.0,0.0,1.60,-0.410,0.110,-9.420,0.00000,0
49.833,0.0,0.0,1.60,-0.410,0.110,-9.420,0.00000,0
49.843,0.0,0.0,1.60,-0.410,0.110,-9.420,0.00000,0
49.853,0.0,0.0,1.60,-0.410,0.110,-9.420,0.00000,0
49.864,0.0,0.0,1.60,-0.420,0.150,-9.470,0.00000,0
49.874,0.0,0.0,1.60,-0.420,0.150,-9.470,0.00000,0
49.884,0.0,0.0,1.60,-0.420,0.150,-9.470,0.00000,0
49.894,0.0,0.0,1.60,-0.420,0.150,-9.470,0.00000,0
49.904,0.0,0.0,1.60,-0.420,0.150,-9.470,0.00000,0
49.914,0.0,0.0,1.60,-0.390,0.150,-9.470,0.00000,0
49.924,0.0,0.0,1.60,-0.390,0.150,-9.470,0.00000,0
49.934,0.0,0.0,1.60,-0.390,0.150,-9.470,0.00000,0
49.945,0.0,0.0,1.60,-0.390,0.150,-9.470,0.00000,0
49.955,0.0,0.0,1.60,-0.390,0.150,-9.470,0.00000,0
49.965,0.0,0.0,1.60,-0.420,0.110,-9.450,0.00000,0
49.975,0.0,0.0,1.60,-0.420,0.110,-9.450,0.00000,0
49.985,0.0,0.0,1.60,-0.420,0.110,-9.450,0.00000,0
49.995,0.0,0.0,1.60,-0.420,0.110,-9.450,0.00000,0
50.005,0.0,0.0,1.60,-0.430,0.150,-9.520,0.00000,0
50.015,0.0,0.0,1.60,-0.430,0.150,-9.520,0.00000,0
50.026,0.0,0.0,1.60,-0.430,0.150,-9.520,0.00000,0
50.037,0.0,0.0,1.60,-0.430,0.150,-9.520,0.00000,0
50.047,0.0,0.0,1.60,-0.430,0.150,-9.520,0.00000,0
50.057,0.0,0.0,1.60,-0.400,0.110,-9.510,0.00000,0
50.068,0.0,0.0,1.60,-0.400,0.110,-9.510,0.00000,0
50.078,0.0,0.0,1.60,-0.400,0.110,-9.510,0.00000,0
50.088,0.0,0.0,1.60,-0.400,0.110,-9.510,0.00000,0
50.098,0.0,0.0,1.60,-0.400,0.110,-9.510,0.00000,0
50.108,0.0,0.0,1.60,-0.390,0.090,-9.500,0.00000,0
50.118,0.0,0.0,1.60,-0.390,0.090,-9.500,0.00000,0
50.128,0.0,0.0,1.60,-0.390,0.090,-9.500,0.00000,0
50.138,0.0,0.0,1.60,-0.390,0.090,-9.500,0.00000,0
50.149,0.0,0.0,1.60,-0.390,0.090,-9.500,0.00000,0
50.159,0.0,0.0,1.60,-0.390,0.090,-9.500,0.00000,0
50.169,0.0,0.0,1.60,-0.370,0.060,-9.520,0.00000,0
50.179,0.0,0.0,1.60,-0.370,0.060,-9.520,0.00000,0
50.189,0.0,0.0,1.60,-0.370,0.060,-9.520,0.00000,0
50.199,0.0,0.0,1.60,-0.370,0.060,-9.520,0.00000,0
50.209,0.0,0.0,1.60,-0.370,0.060,-9.520,0.00000,0
50.220,0.0,0.0,1.60,-0.400,0.180,-9.510,0.00000,0
50.230,0.0,0.0,1.60,-0.400,0.180,-9.510,0.00000,0
50.240,0.0,0.0,1.60,-0.400,0.180,-9.510,0.00000,0
50.250,0.0,0.0,1.60,-0.400,0.180,-9.510,0.00000,0
50.260,0.0,0.0,1.60,-0.430,0.150,-9.380,0.00000,0
50.270,0.0,0.0,1.60,-0.430,0.150,-9.380,0.00000,0
50.280,0.0,0.0,1.60,-0.430,0.150,-9.380,0.00000,0
50.291,0.0,0.0,1.60,-0.430,0.150,-9.380,0.00000,0
50.301,0.0,0.0,1.60,-0.430,0.150,-9.380,0.00000,0
50.311,0.0,0.0,1.60,-0.400,0.120,-9.510,0.00000,0
50.321,0.0,0.0,1.60,-0.400,0.120,-9.510,0.00000,0
50.331,0.0,0.0,1.60,-0.400,0.120,-9.510,0.00000,0
50.341,0.0,0.0,1.60,-0.400,0.120,-9.510,0.00000,0
50.351,0.0,0.0,1.60,-0.400,0.120,-9.510,0.00000,0
50.362,0.0,0.0,1.60,-0.430,0.120,-9.450,0.00000,0
50.372,0.0,0.0,1.60,-0.430,0.120,-9.450,0.00000,0
50.382,0.0,0.0,1.60,-0.430,0.120,-9.450,0.00000,0
50.392,0.0,0.0,1.60,-0.430,0.120,-9.450,0.00000,0
50.402,0.0,0.0,1.60,-0.430,0.120,-9.450,0.00000,0
50.412,0.0,0.0,1.60,-0.410,0.110,-9.490,0.00000,0
50.422,0.0,0.0,1.60,-0.410,0.110,-9.490,0.00000,0
50.432,0.0,0.0,1.60,-0.410,0.110,-9.490,0.00000,0
50.443,0.0,0.0,1.60,-0.410,0.110,-9.490,0.00000,0
50.453,0.0,0.0,1.60,-0.410,0.110,-9.490,0.00000,0
50.463,0.0,0.0,1.60,-0.390,0.130,-9.460,0.00000,0
50.473,0.0,0.0,1.60,-0.390,0.130,-9.460,0.00000,0
50.483,0.0,0.0,1.60,-0.390,0.130,-9.460,0.00000,0
50.493,0.0,0.0,1.60,-0.390,0.130,-9.460,0.00000,0
50.504,0.0,0.0,1.60,-0.390,0.130,-9.460,0.00000,0
50.514,0.0,0.0,1.60,-0.360,0.100,-9.500,0.00000,0
50.524,0.0,0.0,1.60,-0.360,0.100,-9.500,0.00000,0
50.534,0.0,0.0,1.60,-0.360,0.100,-9.500,0.00000,0
50.544,0.0,0.0,1.60,-0.360,0.100,-9.500,0.00000,0
50.554,0.0,0.0,1.60,-0.360,0.100,-9.500,0.00000,0
50.564,0.0,0.0,1.60,-0.390,0.110,-9.500,0.00000,0
50.574,0.0,0.0,1.60,-0.390,0.110,-9.500,0.00000,0
50.584,0.0,0.0,1.60,-0.390,0.110,-9.500,0.00000,0
50.595,0.0,0.0,1.60,-0.390,0.110,-9.500,0.00000,0
50.605,0.0,0.0,1.60,-0.390,0.110,-9.500,0.00000,0
50.615,0.0,0.0,1.60,-0.380,0.160,-9.480,0.00000,0
50.625,0.0,0.0,1.60,-0.380,0.160,-9.480,0.00000,0
50.635,0.0,0.0,1.60,-0.380,0.160,-9.480,0.00000,0
50.645,0.0,0.0,1.60,-0.380,0.160,-9.480,0.00000,0
50.655,0.0,0.0,1.60,-0.380,0.160,-9.480,0.00000,0
50.666,0.0,0.0,1.60,-0.370,0.060,-9.450,0.00000,0
50.676,0.0,0.0,1.60,-0.370,0.060,-9.450,0.00000,0
50.686,0.0,0.0,1.60,-0.370,0.060,-9.450,0.00000,0
50.696,0.0,0.0,1.60,-0.370,0.060,-9.450,0.00000,0
50.706,0.0,0.0,1.60,-0.370,0.060,-9.450,0.00000,0
50.716,0.0,0.0,1.60,-0.390,0.090,-9.490,0.00000,0
50.726,0.0,0.0,1.60,-0.390,0.090,-9.490,0.00000,0
50.737,0.0,0.0,1.60,-0.390,0.090,-9.490,0.00000,0
50.747,0.0,0.0,1.60,-0.390,0.090,-9.490,0.00000,0
50.757,0.0,0.0,1.60,-0.400,0.120,-9.520,0.00000,0
50.767,0.0,0.0,1.60,-0.400,0.120,-9.520,0.00000,0
50.777,0.0,0.0,1.60,-0.400,0.120,-9.520,0.00000,0
50.787,0.0,0.0,1.60,-0.400,0.120,-9.520,0.00000,0
50.797,0.0,0.0,1.60,-0.400,0.120,-9.520,0.00000,0
50.808,0.0,0.0,1.60,-0.410,0.110,-9.460,0.00000,0
50.818,0.0,0.0,1.60,-0.410,0.110,-9.460,0.00000,0
50.828,0.0,0.0,1.60,-0.410,0.110,-9.460,0.00000,0
50.838,0.0,0.0,1.60,-0.410,0.110,-9.460,0.00000,0
50.849,0.0,0.0,1.60,-0.410,0.110,-9.460,0.00000,0
50.859,0.0,0.0,1.60,-0.370,0.100,-9.410,0.00000,0
50.869,0.0,0.0,1.60,-0.370,0.100,-9.410,0.00000,0
50.879,0.0,0.0,1.60,-0.370,0.100,-9.410,0.00000,0
50.889,0.0,0.0,1.60,-0.370,0.100,-9.410,0.00000,0
50.899,0.0,0.0,1.60,-0.370,0.100,-9.410,0.00000,0
50.910,0.0,0.0,1.60,-0.370,0.100,-9.410,0.00000,0
50.920,0.0,0.0,1.60,-0.440,0.120,-9.570,0.00000,0
50.930,0.0,0.0,1.60,-0.440,0.120,-9.570,0.00000,0
50.940,0.0,0.0,1.60,-0.440,0.120,-9.570,0.00000,0
50.950,0.0,0.0,1.60,-0.440,0.120,-9.570,0.00000,0
50.960,0.0,0.0,1.60,-0.440,0.120,-9.570,0.00000,0
50.970,0.0,0.0,1.60,-0.390,0.110,-9.540,0.00000,0
50.981,0.0,0.0,1.60,-0.390,0.110,-9.540,0.00000,0
50.991,0.0,0.0,1.60,-0.390,0.110,-9.540,0.00000,0
51.001,0.0,0.0,1.60,-0.390,0.110,-9.540,0.00000,0
51.011,0.0,0.0,1.60,-0.400,0.100,-9.560,0.00000,0
51.021,0.0,0.0,1.60,-0.400,0.100,-9.560,0.00000,0
51.031,0.0,0.0,1.60,-0.400,0.100,-9.560,0.00000,0
51.041,0.0,0.0,1.60,-0.400,0.100,-9.560,0.00000,0
51.052,0.0,0.0,1.60,-0.400,0.100,-9.560,0.00000,0
51.062,0.0,0.0,1.60,-0.440,0.110,-9.520,0.00000,0
51.072,0.0,0.0,1.60,-0.440,0.110,-9.520,0.00000,0
51.082,0.0,0.0,1.60,-0.440,0.110,-9.520,0.00000,0
51.092,0.0,0.0,1.60,-0.440,0.110,-9.520,0.00000,0
51.102,0.0,0.0,1.60,-0.440,0.110,-9.520,0.00000,0
51.112,0.0,0.0,1.60,-0.410,0.110,-9.480,0.00000,0
51.123,0.0,0.0,1.60,-0.410,0.110,-9.480,0.00000,0
51.133,0.0,0.0,1.60,-0.410,0.110,-9.480,0.00000,0
51.143,0.0,0.0,1.60,-0.410,0.110,-9.480,0.00000,0
51.153,0.0,0.0,1.60,-0.410,0.110,-9.480,0.00000,0
51.163,0.0,0.0,1.60,-0.400,0.100,-9.390,0.00000,0
51.173,0.0,0.0,1.60,-0.400,0.100,-9.390,0.00000,0
51.183,0.0,0.0,1.60,-0.400,0.100,-9.390,0.00000,0
51.193,0.0,0.0,1.60,-0.400,0.100,-9.390,0.00000,0
51.204,0.0,0.0,1.60,-0.400,0.100,-9.390,0.00000,0
51.214,0.0,0.0,1.60,-0.410,0.110,-9.410,0.00000,0
51.224,0.0,0.0,1.60,-0.410,0.110,-9.410,0.00000,0
51.234,0.0,0.0,1.60,-0.410,0.110,-9.410,0.00000,0
51.244,0.0,0.0,1.60,-0.410,0.110,-9.410,0.00000,0
51.254,0.0,0.0,1.60,-0.380,0.150,-9.400,0.00000,0
51.265,0.0,0.0,1.60,-0.380,0.150,-9.400,0.00000,0
51.275,0.0,0.0,1.60,-0.380,0.150,-9.400,0.00000,0
51.285,0.0,0.0,1.60,-0.380,0.150,-9.400,0.00000,0
51.295,0.0,0.0,1.60,-0.380,0.150,-9.400,0.00000,0
51.305,0.0,0.0,1.60,-0.380,0.150,-9.400,0.00000,0
51.315,0.0,0.0,1.60,-0.400,0.150,-9.450,0.00000,0
51.325,0.0,0.0,1.60,-0.400,0.150,-9.450,0.00000,0
51.335,0.0,0.0,1.60,-0.400,0.150,-9.450,0.00000,0
51.346,0.0,0.0,1.60,-0.400,0.150,-9.450,0.00000,0
51.356,0.0,0.0,1.60,-0.400,0.150,-9.450,0.00000,0
51.366,0.0,0.0,1.60,-0.410,0.120,-9.440,0.00000,0
51.376,0.0,0.0,1.60,-0.410,0.120,-9.440,0.00000,0
51.386,0.0,0.0,1.60,-0.410,0.120,-9.440,0.00000,0
51.396,0.0,0.0,1.60,-0.410,0.120,-9.440,0.00000,0
51.406,0.0,0.0,1.60,-0.410,0.120,-9.440,0.00000,0
51.417,0.0,0.0,1.60,-0.410,0.110,-9.400,0.00000,0
51.427,0.0,0.0,1.60,-0.410,0.110,-9.400,0.00000,0
51.437,0.0,0.0,1.60,-0.410,0.110,-9.400,0.00000,0
51.447,0.0,0.0,1.60,-0.410,0.110,-9.400,0.00000,0
51.457,0.0,0.0,1.60,-0.410,0.110,-9.400,0.00000,0
51.467,0.0,0.0,1.60,-0.400,0.120,-9.470,0.00000,0
51.477,0.0,0.0,1.60,-0.400,0.120,-9.470,0.00000,0
51.487,0.0,0.0,1.60,-0.400,0.120,-9.470,0.00000,0
51.498,0.0,0.0,1.60,-0.400,0.120,-9.470,0.00000,0
51.508,0.0,0.0,1.60,-0.440,0.140,-9.530,0.00000,0
51.518,0.0,0.0,1.60,-0.440,0.140,-9.530,0.00000,0
51.528,0.0,0.0,1.60,-0.440,0.140,-9.530,0.00000,0
51.538,0.0,0.0,1.60,-0.440,0.140,-9.530,0.00000,0
51.548,0.0,0.0,1.60,-0.440,0.140,-9.530,0.00000,0
51.558,0.0,0.0,1.60,-0.420,0.090,-9.540,0.00000,0
51.569,0.0,0.0,1.60,-0.420,0.090,-9.540,0.00000,0
51.579,0.0,0.0,1.60,-0.420,0.090,-9.540,0.00000,0
51.590,0.0,0.0,1.60,-0.420,0.090,-9.540,0.00000,0
51.600,0.0,0.0,1.60,-0.420,0.090,-9.540,0.00000,0
51.610,0.0,0.0,1.60,-0.390,0.110,-9.520,0.00000,0
51.620,0.0,0.0,1.60,-0.390,0.110,-9.520,0.00000,0
51.630,0.0,0.0,1.60,-0.390,0.110,-9.520,0.00000,0
51.640,0.0,0.0,1.60,-0.390,0.110,-9.520,0.00000,0
51.651,0.0,0.0,1.60,-0.390,0.110,-9.520,0.00000,0
51.661,0.0,0.0,1.60,-0.410,0.080,-9.490,0.00000,0
51.671,0.0,0.0,1.60,-0.410,0.080,-9.490,0.00000,0
51.681,0.0,0.0,1.60,-0.410,0.080,-9.490,0.00000,0
51.691,0.0,0.0,1.60,-0.410,0.080,-9.490,0.00000,0
51.701,0.0,0.0,1.60,-0.410,0.080,-9.490,0.00000,0
51.711,0.0,0.0,1.60,-0.410,0.080,-9.490,0.00000,0
51.722,0.0,0.0,1.60,-0.370,0.160,-9.520,0.00000,0
51.732,0.0,0.0,1.60,-0.370,0.160,-9.520,0.00000,0
51.742,0.0,0.0,1.60,-0.370,0.160,-9.520,0.00000,0
51.752,0.0,0.0,1.60,-0.370,0.160,-9.520,0.00000,0
51.762,0.0,0.0,1.60,-0.380,0.130,-9.470,0.00000,0
51.772,0.0,0.0,1.60,-0.380,0.130,-9.470,0.00000,0
51.782,0.0,0.0,1.60,-0.380,0.130,-9.470,0.00000,0
51.793,0.0,0.0,1.60,-0.380,0.130,-9.470,0.00000,0
51.803,0.0,0.0,1.60,-0.380,0.130,-9.470,0.00000,0
51.813,0.0,0.0,1.60,-0.380,0.130,-9.470,0.00000,0
51.823,0.0,0.0,1.60,-0.370,0.140,-9.400,0.00000,0
51.833,0.0,0.0,1.60,-0.370,0.140,-9.400,0.00000,0
51.843,0.0,0.0,1.60,-0.370,0.140,-9.400,0.00000,0
51.853,0.0,0.0,1.60,-0.370,0.140,-9.400,0.00000,0
51.864,0.0,0.0,1.60,-0.430,0.080,-9.450,0.00000,0
51.874,0.0,0.0,1.60,-0.430,0.080,-9.450,0.00000,0
51.884,0.0,0.0,1.60,-0.430,0.080,-9.450,0.00000,0
51.894,0.0,0.0,1.60,-0.430,0.080,-9.450,0.00000,0
51.904,0.0,0.0,1.60,-0.430,0.080,-9.450,0.00000,0
51.914,0.0,0.0,1.60,-0.430,0.150,-9.450,0.00000,0
51.924,0.0,0.0,1.60,-0.430,0.150,-9.450,0.00000,0
51.934,0.0,0.0,1.60,-0.430,0.150,-9.450,0.00000,0
51.945,0.0,0.0,1.60,-0.430,0.150,-9.450,0.00000,0
51.955,0.0,0.0,1.60,-0.430,0.150,-9.450,0.00000,0
51.965,0.0,0.0,1.60,-0.410,0.120,-9.480,0.00000,0
51.975,0.0,0.0,1.60,-0.410,0.120,-9.480,0.00000,0
51.985,0.0,0.0,1.60,-0.410,0.120,-9.480,0.00000,0
51.995,0.0,0.0,1.60,-0.410,0.120,-9.480,0.00000,0
52.006,0.0,0.0,1.60,-0.430,0.140,-9.490,0.00000,0
52.016,0.0,0.0,1.60,-0.430,0.140,-9.490,0.00000,0
52.026,0.0,0.0,1.60,-0.430,0.140,-9.490,0.00000,0
52.036,0.0,0.0,1.60,-0.430,0.140,-9.490,0.00000,0
52.046,0.0,0.0,1.60,-0.430,0.140,-9.490,0.00000,0
52.056,0.0,0.0,1.60,-0.410,0.110,-9.450,0.00000,0
52.066,0.0,0.0,1.60,-0.410,0.110,-9.450,0.00000,0
52.076,0.0,0.0,1.60,-0.410,0.110,-9.450,0.00000,0
52.087,0.0,0.0,1.60,-0.410,0.110,-9.450,0.00000,0
52.097,0.0,0.0,1.60,-0.410,0.110,-9.450,0.00000,0
52.107,0.0,0.0,1.60,-0.410,0.110,-9.450,0.00000,0
52.117,0.0,0.0,1.60,-0.350,0.130,-9.520,0.00000,0
52.127,0.0,0.0,1.60,-0.350,0.130,-9.520,0.00000,0
52.137,0.0,0.0,1.60,-0.350,0.130,-9.520,0.00000,0
52.147,0.0,0.0,1.60,-0.350,0.130,-9.520,0.00000,0
52.158,0.0,0.0,1.60,-0.350,0.130,-9.520,0.00000,0
52.168,0.0,0.0,1.60,-0.420,0.140,-9.560,0.00000,0
52.178,0.0,0.0,1.60,-0.420,0.140,-9.560,0.00000,0
52.188,0.0,0.0,1.60,-0.420,0.140,-9.560,0.00000,0
52.198,0.0,0.0,1.60,-0.420,0.140,-9.560,0.00000,0
52.208,0.0,0.0,1.60,-0.420,0.140,-9.560,0.00000,0
52.218,0.0,0.0,1.60,-0.400,0.150,-9.510,0.00000,0
52.228,0.0,0.0,1.60,-0.400,0.150,-9.510,0.00000,0
52.239,0.0,0.0,1.60,-0.400,0.150,-9.510,0.00000,0
52.249,0.0,0.0,1.60,-0.400,0.150,-9.510,0.00000,0
52.259,0.0,0.0,1.60,-0.440,0.130,-9.520,0.00000,0
52.269,0.0,0.0,1.60,-0.440,0.130,-9.520,0.00000,0
52.279,0.0,0.0,1.60,-0.440,0.130,-9.520,0.00000,0
52.289,0.0,0.0,1.60,-0.440,0.130,-9.520,0.00000,0
52.299,0.0,0.0,1.60,-0.440,0.130,-9.520,0.00000,0
52.310,0.0,0.0,1.60,-0.390,0.140,-9.440,0.00000,0
52.320,0.0,0.0,1.60,-0.390,0.140,-9.440,0.00000,0
52.330,0.0,0.0,1.60,-0.390,0.140,-9.440,0.00000,0
52.340,0.0,0.0,1.60,-0.390,0.140,-9.440,0.00000,0
52.350,0.0,0.0,1.60,-0.390,0.140,-9.440,0.00000,0
52.360,0.0,0.0,1.60,-0.420,0.120,-9.440,0.00000,0
52.370,0.0,0.0,1.60,-0.420,0.120,-9.440,0.00000,0
52.380,0.0,0.0,1.60,-0.420,0.120,-9.440,0.00000,0
52.391,0.0,0.0,1.60,-0.420,0.120,-9.440,0.00000,0
52.401,0.0,0.0,1.60,-0.420,0.120,-9.440,0.00000,0
52.411,0.0,0.0,1.60,-0.350,0.130,-9.450,0.00000,0
52.421,0.0,0.0,1.60,-0.350,0.130,-9.450,0.00000,0
52.431,0.0,0.0,1.60,-0.350,0.130,-9.450,0.00000,0
52.441,0.0,0.0,1.60,-0.350,0.130,-9.450,0.00000,0
52.451,0.0,0.0,1.60,-0.350,0.130,-9.450,0.00000,0
52.462,0.0,0.0,1.60,-0.350,0.130,-9.450,0.00000,0
52.472,0.0,0.0,1.60,-0.390,0.120,-9.430,0.00000,0
52.482,0.0,0.0,1.60,-0.390,0.120,-9.430,0.00000,0
52.492,0.0,0.0,1.60,-0.390,0.120,-9.430,0.00000,0
52.502,0.0,0.0,1.60,-0.390,0.120,-9.430,0.00000,0
52.512,0.0,0.0,1.60,-0.400,0.160,-9.530,0.00000,0
52.522,0.0,0.0,1.60,-0.400,0.160,-9.530,0.00000,0
52.532,0.0,0.0,1.60,-0.400,0.160,-9.530,0.00000,0
52.543,0.0,0.0,1.60,-0.400,0.160,-9.530,0.00000,0
52.553,0.0,0.0,1.60,-0.400,0.160,-9.530,0.00000,0
52.563,0.0,0.0,1.60,-0.400,0.160,-9.480,0.00000,0
52.573,0.0,0.0,1.60,-0.400,0.160,-9.480,0.00000,0
52.583,0.0,0.0,1.60,-0.400,0.160,-9.480,0.00000,0
52.593,0.0,0.0,1.60,-0.400,0.160,-9.480,0.00000,0
52.603,0.0,0.0,1.60,-0.400,0.160,-9.480,0.00000,0
52.614,0.0,0.0,1.60,-0.360,0.120,-9.480,0.00000,0
52.624,0.0,0.0,1.60,-0.360,0.120,-9.480,0.00000,0
52.634,0.0,0.0,1.60,-0.360,0.120,-9.480,0.00000,0
52.644,0.0,0.0,1.60,-0.360,0.120,-9.480,0.00000,0
52.654,0.0,0.0,1.60,-0.360,0.120,-9.480,0.00000,0
52.664,0.0,0.0,1.60,-0.390,0.110,-9.510,0.00000,0
52.674,0.0,0.0,1.60,-0.390,0.110,-9.510,0.00000,0
52.685,0.0,0.0,1.60,-0.390,0.110,-9.510,0.00000,0
52.695,0.0,0.0,1.60,-0.390,0.110,-9.510,0.00000,0
52.705,0.0,0.0,1.60,-0.390,0.110,-9.510,0.00000,0
52.715,0.0,0.0,1.60,-0.400,0.140,-9.460,0.00000,0
52.725,0.0,0.0,1.60,-0.400,0.140,-9.460,0.00000,0
52.735,0.0,0.0,1.60,-0.400,0.140,-9.460,0.00000,0
52.745,0.0,0.0,1.60,-0.400,0.140,-9.460,0.00000,0
52.756,0.0,0.0,1.60,-0.410,0.110,-9.460,0.00000,0
52.766,0.0,0.0,1.60,-0.410,0.110,-9.460,0.00000,0
52.776,0.0,0.0,1.60,-0.410,0.110,-9.460,0.00000,0
52.786,0.0,0.0,1.60,-0.410,0.110,-9.460,0.00000,0
52.796,0.0,0.0,1.60,-0.410,0.110,-9.460,0.00000,0
52.806,0.0,0.0,1.60,-0.400,0.120,-9.510,0.00000,0
52.817,0.0,0.0,1.60,-0.400,0.120,-9.510,0.00000,0
52.827,0.0,0.0,1.60,-0.400,0.120,-9.510,0.00000,0
52.837,0.0,0.0,1.60,-0.400,0.120,-9.510,0.00000,0
52.847,0.0,0.0,1.60,-0.400,0.120,-9.510,0.00000,0
52.857,0.0,0.0,1.60,-0.400,0.120,-9.510,0.00000,0
52.867,0.0,0.0,1.60,-0.390,0.130,-9.520,0.00000,0
52.877,0.0,0.0,1.60,-0.390,0.130,-9.520,0.00000,0
52.887,0.0,0.0,1.60,-0.390,0.130,-9.520,0.00000,0
52.898,0.0,0.0,1.60,-0.390,0.130,-9.520,0.00000,0
52.908,0.0,0.0,1.60,-0.390,0.130,-9.520,0.00000,0
52.918,0.0,0.0,1.60,-0.380,0.150,-9.520,0.00000,0
52.928,0.0,0.0,1.60,-0.380,0.150,-9.520,0.00000,0
52.938,0.0,0.0,1.60,-0.380,0.150,-9.520,0.00000,0
52.948,0.0,0.0,1.60,-0.380,0.150,-9.520,0.00000,0
52.958,0.0,0.0,1.60,-0.380,0.150,-9.520,0.00000,0
52.969,0.0,0.0,1.60,-0.450,0.150,-9.430,0.00000,0
52.979,0.0,0.0,1.60,-0.450,0.150,-9.430,0.00000,0
52.989,0.0,0.0,1.60,-0.450,0.150,-9.430,0.00000,0
52.999,0.0,0.0,1.60,-0.450,0.150,-9.430,0.00000,0
53.009,0.0,0.0,1.60,-0.370,0.180,-9.440,0.00000,0
53.019,0.0,0.0,1.60,-0.370,0.180,-9.440,0.00000,0
53.029,0.0,0.0,1.60,-0.370,0.180,-9.440,0.00000,0
53.039,0.0,0.0,1.60,-0.370,0.180,-9.440,0.00000,0
53.050,0.0,0.0,1.60,-0.370,0.180,-9.440,0.00000,0
53.060,0.0,0.0,1.60,-0.400,0.130,-9.480,0.00000,0
53.070,0.0,0.0,1.60,-0.400,0.130,-9.480,0.00000,0
53.080,0.0,0.0,1.60,-0.400,0.130,-9.480,0.00000,0
53.090,0.0,0.0,1.60,-0.400,0.130,-9.480,0.00000,0
53.100,0.0,0.0,1.60,-0.400,0.130,-9.480,0.00000,0
53.110,0.0,0.0,1.60,-0.390,0.120,-9.460,0.00000,0
53.121,0.0,0.0,1.60,-0.390,0.120,-9.460,0.00000,0
53.131,0.0,0.0,1.60,-0.390,0.120,-9.460,0.00000,0
53.141,0.0,0.0,1.60,-0.390,0.120,-9.460,0.00000,0
53.151,0.0,0.0,1.60,-0.390,0.120,-9.460,0.00000,0
53.161,0.0,0.0,1.60,-0.410,0.150,-9.440,0.00000,0
53.171,0.0,0.0,1.60,-0.410,0.150,-9.440,0.00000,0
53.181,0.0,0.0,1.60,-0.410,0.150,-9.440,0.00000,0
53.192,0.0,0.0,1.60,-0.410,0.150,-9.440,0.00000,0
53.202,0.0,0.0,1.60,-0.410,0.150,-9.440,0.00000,0
53.212,0.0,0.0,1.60,-0.380,0.120,-9.440,0.00000,0
53.223,0.0,0.0,1.60,-0.380,0.120,-9.440,0.00000,0
53.233,0.0,0.0,1.60,-0.380,0.120,-9.440,0.00000,0
53.243,0.0,0.0,1.60,-0.380,0.120,-9.440,0.00000,0
53.253,0.0,0.0,1.60,-0.380,0.120,-9.440,0.00000,0
53.263,0.0,0.0,1.60,-0.410,0.080,-9.560,0.00000,0
53.273,0.0,0.0,1.60,-0.410,0.080,-9.560,0.00000,0
53.283,0.0,0.0,1.60,-0.410,0.080,-9.560,0.00000,0
53.293,0.0,0.0,1.60,-0.410,0.080,-9.560,0.00000,0
53.304,0.0,0.0,1.60,-0.410,0.080,-9.560,0.00000,0
53.314,0.0,0.0,1.60,-0.400,0.130,-9.440,0.00000,0
53.324,0.0,0.0,1.60,-0.400,0.130,-9.440,0.00000,0
53.334,0.0,0.0,1.60,-0.400,0.130,-9.440,0.00000,0
53.344,0.0,0.0,1.60,-0.400,0.130,-9.440,0.00000,0
53.354,0.0,0.0,1.60,-0.400,0.130,-9.440,0.00000,0
53.364,0.0,0.0,1.60,-0.390,0.120,-9.440,0.00000,0
53.374,0.0,0.0,1.60,-0.390,0.120,-9.440,0.00000,0
53.385,0.0,0.0,1.60,-0.390,0.120,-9.440,0.00000,0
53.395,0.0,0.0,1.60,-0.390,0.120,-9.440,0.00000,0
53.405,0.0,0.0,1.60,-0.390,0.120,-9.440,0.00000,0
53.415,0.0,0.0,1.60,-0.420,0.150,-9.520,0.00000,0
53.425,0.0,0.0,1.60,-0.420,0.150,-9.520,0.00000,0
53.435,0.0,0.0,1.60,-0.420,0.150,-9.520,0.00000,0
53.445,0.0,0.0,1.60,-0.420,0.150,-9.520,0.00000,0
53.456,0.0,0.0,1.60,-0.420,0.150,-9.520,0.00000,0
53.466,0.0,0.0,1.60,-0.400,0.120,-9.430,0.00000,0
53.476,0.0,0.0,1.60,-0.400,0.120,-9.430,0.00000,0
53.486,0.0,0.0,1.60,-0.400,0.120,-9.430,0.00000,0
53.496,0.0,0.0,1.60,-0.400,0.120,-9.430,0.00000,0
53.506,0.0,0.0,1.60,-0.390,0.140,-9.460,0.00000,0
53.516,0.0,0.0,1.60,-0.390,0.140,-9.460,0.00000,0
53.527,0.0,0.0,1.60,-0.390,0.140,-9.460,0.00000,0
53.537,0.0,0.0,1.60,-0.390,0.140,-9.460,0.00000,0
53.547,0.0,0.0,1.60,-0.390,0.140,-9.460,0.00000,0
53.557,0.0,0.0,1.60,-0.390,0.130,-9.510,0.00000,0
53.567,0.0,0.0,1.60,-0.390,0.130,-9.510,0.00000,0
53.577,0.0,0.0,1.60,-0.390,0.130,-9.510,0.00000,0
53.587,0.0,0.0,1.60,-0.390,0.130,-9.510,0.00000,0
53.597,0.0,0.0,1.60,-0.390,0.130,-9.510,0.00000,0
53.608,0.0,0.0,1.60,-0.390,0.130,-9.510,0.00000,0
53.618,0.0,0.0,1.60,-0.370,0.150,-9.470,0.00000,0
53.628,0.0,0.0,1.60,-0.370,0.150,-9.470,0.00000,0
53.638,0.0,0.0,1.60,-0.370,0.150,-9.470,0.00000,0
53.648,0.0,0.0,1.60,-0.370,0.150,-9.470,0.00000,0
53.658,0.0,0.0,1.60,-0.370,0.150,-9.470,0.00000,0
53.668,0.0,0.0,1.60,-0.380,0.130,-9.500,0.00000,0
53.679,0.0,0.0,1.60,-0.380,0.130,-9.500,0.00000,0
53.689,0.0,0.0,1.60,-0.380,0.130,-9.500,0.00000,0
53.699,0.0,0.0,1.60,-0.380,0.130,-9.500,0.00000,0
53.709,0.0,0.0,1.60,-0.380,0.130,-9.500,0.00000,0
53.719,0.0,0.0,1.60,-0.370,0.120,-9.410,0.00000,0
53.729,0.0,0.0,1.60,-0.370,0.120,-9.410,0.00000,0
53.739,0.0,0.0,1.60,-0.370,0.120,-9.410,0.00000,0
53.750,0.0,0.0,1.60,-0.370,0.120,-9.410,0.00000,0
53.760,0.0,0.0,1.60,-0.380,0.130,-9.520,0.00000,0
53.770,0.0,0.0,1.60,-0.380,0.130,-9.520,0.00000,0
53.780,0.0,0.0,1.60,-0.380,0.130,-9.520,0.00000,0
53.790,0.0,0.0,1.60,-0.380,0.130,-9.520,0.00000,0
53.800,0.0,0.0,1.60,-0.380,0.130,-9.520,0.00000,0
53.810,0.0,0.0,1.60,-0.370,0.140,-9.450,0.00000,0
53.821,0.0,0.0,1.60,-0.370,0.140,-9.450,0.00000,0
53.831,0.0,0.0,1.60,-0.370,0.140,-9.450,0.00000,0
53.841,0.0,0.0,1.60,-0.370,0.140,-9.450,0.00000,0
53.851,0.0,0.0,1.60,-0.370,0.140,-9.450,0.00000,0
53.861,0.0,0.0,1.60,-0.380,0.150,-9.500,0.00000,0
53.871,0.0,0.0,1.60,-0.380,0.150,-9.500,0.00000,0
53.881,0.0,0.0,1.60,-0.380,0.150,-9.500,0.00000,0
53.891,0.0,0.0,1.60,-0.380,0.150,-9.500,0.00000,0
53.902,0.0,0.0,1.60,-0.380,0.150,-9.500,0.00000,0
53.912,0.0,0.0,1.60,-0.380,0.110,-9.470,0.00000,0
53.922,0.0,0.0,1.60,-0.380,0.110,-9.470,0.00000,0
53.932,0.0,0.0,1.60,-0.380,0.110,-9.470,0.00000,0
53.942,0.0,0.0,1.60,-0.380,0.110,-9.470,0.00000,0
53.952,0.0,0.0,1.60,-0.380,0.110,-9.470,0.00000,0
53.962,0.0,0.0,1.60,-0.370,0.120,-9.530,0.00000,0
53.972,0.0,0.0,1.60,-0.370,0.120,-9.530,0.00000,0
53.983,0.0,0.0,1.60,-0.370,0.120,-9.530,0.00000,0
53.993,0.0,0.0,1.60,-0.370,0.120,-9.530,0.00000,0
54.003,0.0,0.0,1.60,-0.370,0.120,-9.530,0.00000,0
54.013,0.0,0.0,1.60,-0.440,0.100,-9.520,0.00000,0
54.023,0.0,0.0,1.60,-0.440,0.100,-9.520,0.00000,0
54.033,0.0,0.0,1.60,-0.440,0.100,-9.520,0.00000,0
54.044,0.0,0.0,1.60,-0.440,0.100,-9.520,0.00000,0
54.054,0.0,0.0,1.60,-0.440,0.100,-9.520,0.00000,0
54.064,0.0,0.0,1.60,-0.420,0.110,-9.420,0.00000,0
54.074,0.0,0.0,1.60,-0.420,0.110,-9.420,0.00000,0
54.084,0.0,0.0,1.60,-0.420,0.110,-9.420,0.00000,0
54.094,0.0,0.0,1.60,-0.420,0.110,-9.420,0.00000,0
54.105,0.0,0.0,1.60,-0.420,0.110,-9.420,0.00000,0
54.115,0.0,0.0,1.60,-0.390,0.140,-9.490,0.00000,0
54.125,0.0,0.0,1.60,-0.390,0.140,-9.490,0.00000,0
54.135,0.0,0.0,1.60,-0.390,0.140,-9.490,0.00000,0
54.145,0.0,0.0,1.60,-0.390,0.140,-9.490,0.00000,0
54.155,0.0,0.0,1.60,-0.390,0.140,-9.490,0.00000,0
54.165,0.0,0.0,1.60,-0.410,0.150,-9.460,0.00000,0
54.176,0.0,0.0,1.60,-0.410,0.150,-9.460,0.00000,0
54.186,0.0,0.0,1.60,-0.410,0.150,-9.460,0.00000,0
54.196,0.0,0.0,1.60,-0.410,0.150,-9.460,0.00000,0
54.206,0.0,0.0,1.60,-0.410,0.150,-9.460,0.00000,0
54.216,0.0,0.0,1.60,-0.440,0.120,-9.470,0.00000,0
54.226,0.0,0.0,1.60,-0.440,0.120,-9.470,0.00000,0
54.236,0.0,0.0,1.60,-0.440,0.120,-9.470,0.00000,0
54.246,0.0,0.0,1.60,-0.440,0.120,-9.470,0.00000,0
54.257,0.0,0.0,1.60,-0.400,0.130,-9.490,0.00000,0
54.267,0.0,0.0,1.60,-0.400,0.130,-9.490,0.00000,0
54.277,0.0,0.0,1.60,-0.400,0.130,-9.490,0.00000,0
54.287,0.0,0.0,1.60,-0.400,0.130,-9.490,0.00000,0
54.297,0.0,0.0,1.60,-0.400,0.130,-9.490,0.00000,0
54.307,0.0,0.0,1.60,-0.430,0.110,-9.470,0.00000,0
54.317,0.0,0.0,1.60,-0.430,0.110,-9.470,0.00000,0
54.328,0.0,0.0,1.60,-0.430,0.110,-9.470,0.00000,0
54.338,0.0,0.0,1.60,-0.430,0.110,-9.470,0.00000,0
54.348,0.0,0.0,1.60,-0.430,0.110,-9.470,0.00000,0
54.358,0.0,0.0,1.60,-0.430,0.110,-9.470,0.00000,0
54.368,0.0,0.0,1.60,-0.420,0.090,-9.490,0.00000,0
54.378,0.0,0.0,1.60,-0.420,0.090,-9.490,0.00000,0
54.388,0.0,0.0,1.60,-0.420,0.090,-9.490,0.00000,0
54.399,0.0,0.0,1.60,-0.420,0.090,-9.490,0.00000,0
54.409,0.0,0.0,1.60,-0.420,0.090,-9.490,0.00000,0
54.419,0.0,0.0,1.60,-0.360,0.110,-9.450,0.00000,0
54.429,0.0,0.0,1.60,-0.360,0.110,-9.450,0.00000,0
54.439,0.0,0.0,1.60,-0.360,0.110,-9.450,0.00000,0
54.449,0.0,0.0,1.60,-0.360,0.110,-9.450,0.00000,0
54.459,0.0,0.0,1.60,-0.360,0.110,-9.450,0.00000,0
54.470,0.0,0.0,1.60,-0.370,0.150,-9.530,0.00000,0
54.480,0.0,0.0,1.60,-0.370,0.150,-9.530,0.00000,0
54.490,0.0,0.0,1.60,-0.370,0.150,-9.530,0.00000,0
54.500,0.0,0.0,1.60,-0.370,0.150,-9.530,0.00000,0
54.510,0.0,0.0,1.60,-0.360,0.150,-9.480,0.00000,0
54.520,0.0,0.0,1.60,-0.360,0.150,-9.480,0.00000,0
54.530,0.0,0.0,1.60,-0.360,0.150,-9.480,0.00000,0
54.540,0.0,0.0,1.60,-0.360,0.150,-9.480,0.00000,0
54.551,0.0,0.0,1.60,-0.360,0.150,-9.480,0.00000,0
54.561,0.0,0.0,1.60,-0.420,0.110,-9.520,0.00000,0
54.571,0.0,0.0,1.60,-0.420,0.110,-9.520,0.00000,0
54.581,0.0,0.0,1.60,-0.420,0.110,-9.520,0.00000,0
54.591,0.0,0.0,1.60,-0.420,0.110,-9.520,0.00000,0
54.601,0.0,0.0,1.60,-0.420,0.110,-9.520,0.00000,0
54.611,0.0,0.0,1.60,-0.450,0.110,-9.470,0.00000,0
54.622,0.0,0.0,1.60,-0.450,0.110,-9.470,0.00000,0
54.632,0.0,0.0,1.60,-0.450,0.110,-9.470,0.00000,0
54.642,0.0,0.0,1.60,-0.450,0.110,-9.470,0.00000,0
54.652,0.0,0.0,1.60,-0.450,0.110,-9.470,0.00000,0
54.662,0.0,0.0,1.60,-0.400,0.150,-9.470,0.00000,0
54.672,0.0,0.0,1.60,-0.400,0.150,-9.470,0.00000,0
54.682,0.0,0.0,1.60,-0.400,0.150,-9.470,0.00000,0
54.692,0.0,0.0,1.60,-0.400,0.150,-9.470,0.00000,0
54.703,0.0,0.0,1.60,-0.400,0.150,-9.470,0.00000,0
54.713,0.0,0.0,1.60,-0.360,0.150,-9.420,0.00000,0
54.723,0.0,0.0,1.60,-0.360,0.150,-9.420,0.00000,0
54.733,0.0,0.0,1.60,-0.360,0.150,-9.420,0.00000,0
54.743,0.0,0.0,1.60,-0.360,0.150,-9.420,0.00000,0
54.753,0.0,0.0,1.60,-0.360,0.150,-9.420,0.00000,0
54.763,0.0,0.0,1.60,-0.430,0.140,-9.550,0.00000,0
54.774,0.0,0.0,1.60,-0.430,0.140,-9.550,0.00000,0
54.784,0.0,0.0,1.60,-0.430,0.140,-9.550,0.00000,0
54.794,0.0,0.0,1.60,-0.430,0.140,-9.550,0.00000,0
54.804,0.0,0.0,1.60,-0.430,0.140,-9.550,0.00000,0
54.814,0.0,0.0,1.60,-0.360,0.160,-9.490,0.00000,0
54.824,0.0,0.0,1.60,-0.360,0.160,-9.490,0.00000,0
54.834,0.0,0.0,1.60,-0.360,0.160,-9.490,0.00000,0
54.845,0.0,0.0,1.60,-0.360,0.160,-9.490,0.00000,0
54.856,0.0,0.0,1.60,-0.360,0.160,-9.490,0.00000,0
54.866,0.0,0.0,1.60,-0.360,0.140,-9.440,0.00000,0
54.876,0.0,0.0,1.60,-0.360,0.140,-9.440,0.00000,0
54.886,0.0,0.0,1.60,-0.360,0.140,-9.440,0.00000,0
54.896,0.0,0.0,1.60,-0.360,0.140,-9.440,0.00000,0
54.906,0.0,0.0,1.60,-0.360,0.140,-9.440,0.00000,0
54.916,0.0,0.0,1.60,-0.410,0.130,-9.460,0.00000,0
54.926,0.0,0.0,1.60,-0.410,0.130,-9.460,0.00000,0
54.937,0.0,0.0,1.60,-0.410,0.130,-9.460,0.00000,0
54.947,0.0,0.0,1.60,-0.410,0.130,-9.460,0.00000,0
54.957,0.0,0.0,1.60,-0.410,0.130,-9.460,0.00000,0
54.967,0.0,0.0,1.60,-0.440,0.130,-9.500,0.00000,0
54.977,0.0,0.0,1.60,-0.440,0.130,-9.500,0.00000,0
54.987,0.0,0.0,1.60,-0.440,0.130,-9.500,0.00000,0
54.997,0.0,0.0,1.60,-0.440,0.130,-9.500,0.00000,0
55.008,0.0,0.0,1.60,-0.420,0.130,-9.570,0.00000,0
55.018,0.0,0.0,1.60,-0.420,0.130,-9.570,0.00000,0
55.028,0.0,0.0,1.60,-0.420,0.130,-9.570,0.00000,0
55.038,0.0,0.0,1.60,-0.420,0.130,-9.570,0.00000,0
55.048,0.0,0.0,1.60,-0.420,0.130,-9.570,0.00000,0
55.058,0.0,0.0,1.60,-0.360,0.120,-9.540,0.00000,0
55.068,0.0,0.0,1.60,-0.360,0.120,-9.540,0.00000,0
55.079,0.0,0.0,1.60,-0.360,0.120,-9.540,0.00000,0
55.089,0.0,0.0,1.60,-0.360,0.120,-9.540,0.00000,0
55.099,0.0,0.0,1.60,-0.360,0.120,-9.540,0.00000,0
55.109,0.0,0.0,1.60,-0.390,0.110,-9.460,0.00000,0
55.119,0.0,0.0,1.60,-0.390,0.110,-9.460,0.00000,0
55.129,0.0,0.0,1.60,-0.390,0.110,-9.460,0.00000,0
55.139,0.0,0.0,1.60,-0.390,0.110,-9.460,0.00000,0
55.149,0.0,0.0,1.60,-0.390,0.110,-9.460,0.00000,0
55.160,0.0,0.0,1.60,-0.390,0.110,-9.460,0.00000,0
55.170,0.0,0.0,1.60,-0.440,0.130,-9.480,0.00000,0
55.180,0.0,0.0,1.60,-0.440,0.130,-9.480,0.00000,0
55.190,0.0,0.0,1.60,-0.440,0.130,-9.480,0.00000,0
55.200,0.0,0.0,1.60,-0.440,0.130,-9.480,0.00000,0
55.210,0.0,0.0,1.60,-0.440,0.130,-9.480,0.00000,0
55.220,0.0,0.0,1.60,-0.370,0.110,-9.510,0.00000,0
55.230,0.0,0.0,1.60,-0.370,0.110,-9.510,0.00000,0
55.241,0.0,0.0,1.60,-0.370,0.110,-9.510,0.00000,0
55.251,0.0,0.0,1.60,-0.370,0.110,-9.510,0.00000,0
55.261,0.0,0.0,1.60,-0.440,0.150,-9.390,0.00000,0
55.271,0.0,0.0,1.60,-0.440,0.150,-9.390,0.00000,0
55.281,0.0,0.0,1.60,-0.440,0.150,-9.390,0.00000,0
55.291,0.0,0.0,1.60,-0.440,0.150,-9.390,0.00000,0
55.301,0.0,0.0,1.60,-0.440,0.150,-9.390,0.00000,0
55.312,0.0,0.0,1.60,-0.440,0.120,-9.490,0.00000,0
55.322,0.0,0.0,1.60,-0.440,0.120,-9.490,0.00000,0
55.332,0.0,0.0,1.60,-0.440,0.120,-9.490,0.00000,0
55.342,0.0,0.0,1.60,-0.440,0.120,-9.490,0.00000,0
55.352,0.0,0.0,1.60,-0.440,0.120,-9.490,0.00000,0
55.362,0.0,0.0,1.60,-0.430,0.140,-9.520,0.00000,0
55.372,0.0,0.0,1.60,-0.430,0.140,-9.520,0.00000,0
55.383,0.0,0.0,1.60,-0.430,0.140,-9.520,0.00000,0
55.393,0.0,0.0,1.60,-0.430,0.140,-9.520,0.00000,0
55.403,0.0,0.0,1.60,-0.430,0.140,-9.520,0.00000,0
55.413,0.0,0.0,1.60,-0.340,0.100,-9.510,0.00000,0
55.423,0.0,0.0,1.60,-0.340,0.100,-9.510,0.00000,0
55.433,0.0,0.0,1.60,-0.340,0.100,-9.510,0.00000,0
55.443,0.0,0.0,1.60,-0.340,0.100,-9.510,0.00000,0
55.453,0.0,0.0,1.60,-0.340,0.100,-9.510,0.00000,0
55.464,0.0,0.0,1.60,-0.380,0.110,-9.480,0.00000,0
55.474,0.0,0.0,1.60,-0.380,0.110,-9.480,0.00000,0
55.484,0.0,0.0,1.60,-0.380,0.110,-9.480,0.00000,0
55.494,0.0,0.0,1.60,-0.380,0.110,-9.480,0.00000,0
55.504,0.0,0.0,1.60,-0.380,0.110,-9.480,0.00000,0
55.514,0.0,0.0,1.60,-0.400,0.090,-9.500,0.00000,0
55.524,0.0,0.0,1.60,-0.400,0.090,-9.500,0.00000,0
55.534,0.0,0.0,1.60,-0.400,0.090,-9.500,0.00000,0
55.544,0.0,0.0,1.60,-0.400,0.090,-9.500,0.00000,0
55.555,0.0,0.0,1.60,-0.400,0.090,-9.500,0.00000,0
55.565,0.0,0.0,1.60,-0.350,0.140,-9.520,0.00000,0
55.575,0.0,0.0,1.60,-0.350,0.140,-9.520,0.00000,0
55.585,0.0,0.0,1.60,-0.350,0.140,-9.520,0.00000,0
55.595,0.0,0.0,1.60,-0.350,0.140,-9.520,0.00000,0
55.605,0.0,0.0,1.60,-0.350,0.140,-9.520,0.00000,0
55.615,0.0,0.0,1.60,-0.380,0.140,-9.440,0.00000,0
55.626,0.0,0.0,1.60,-0.380,0.140,-9.440,0.00000,0
55.636,0.0,0.0,1.60,-0.380,0.140,-9.440,0.00000,0
55.647,0.0,0.0,1.60,-0.380,0.140,-9.440,0.00000,0
55.657,0.0,0.0,1.60,-0.380,0.140,-9.440,0.00000,0
55.667,0.0,0.0,1.60,-0.430,0.140,-9.430,0.00000,0
55.677,0.0,0.0,1.60,-0.430,0.140,-9.430,0.00000,0
55.687,0.0,0.0,1.60,-0.430,0.140,-9.430,0.00000,0
55.697,0.0,0.0,1.60,-0.430,0.140,-9.430,0.00000,0
55.707,0.0,0.0,1.60,-0.430,0.140,-9.430,0.00000,0
55.718,0.0,0.0,1.60,-0.400,0.170,-9.430,0.00000,0
55.728,0.0,0.0,1.60,-0.400,0.170,-9.430,0.00000,0
55.738,0.0,0.0,1.60,-0.400,0.170,-9.430,0.00000,0
55.748,0.0,0.0,1.60,-0.400,0.170,-9.430,0.00000,0
55.758,0.0,0.0,1.60,-0.400,0.150,-9.400,0.00000,0
55.768,0.0,0.0,1.60,-0.400,0.150,-9.400,0.00000,0
55.778,0.0,0.0,1.60,-0.400,0.150,-9.400,0.00000,0
55.788,0.0,0.0,1.60,-0.400,0.150,-9.400,0.00000,0
55.799,0.0,0.0,1.60,-0.400,0.150,-9.400,0.00000,0
55.809,0.0,0.0,1.60,-0.410,0.160,-9.470,0.00000,0
55.819,0.0,0.0,1.60,-0.410,0.160,-9.470,0.00000,0
55.829,0.0,0.0,1.60,-0.410,0.160,-9.470,0.00000,0
55.839,0.0,0.0,1.60,-0.410,0.160,-9.470,0.00000,0
55.849,0.0,0.0,1.60,-0.410,0.160,-9.470,0.00000,0
55.859,0.0,0.0,1.60,-0.400,0.110,-9.430,0.00000,0
55.869,0.0,0.0,1.60,-0.400,0.110,-9.430,0.00000,0
55.880,0.0,0.0,1.60,-0.400,0.110,-9.430,0.00000,0
55.890,0.0,0.0,1.60,-0.400,0.110,-9.430,0.00000,0
55.900,0.0,0.0,1.60,-0.400,0.110,-9.430,0.00000,0
55.910,0.0,0.0,1.60,-0.400,0.110,-9.430,0.00000,0
55.920,0.0,0.0,1.60,-0.360,0.140,-9.490,0.00000,0
55.930,0.0,0.0,1.60,-0.360,0.140,-9.490,0.00000,0
55.940,0.0,0.0,1.60,-0.360,0.140,-9.490,0.00000,0
55.950,0.0,0.0,1.60,-0.360,0.140,-9.490,0.00000,0
55.961,0.0,0.0,1.60,-0.360,0.140,-9.490,0.00000,0
55.971,0.0,0.0,1.60,-0.420,0.130,-9.510,0.00000,0
55.981,0.0,0.0,1.60,-0.420,0.130,-9.510,0.00000,0
55.991,0.0,0.0,1.60,-0.420,0.130,-9.510,0.00000,0
56.001,0.0,0.0,1.60,-0.420,0.130,-9.510,0.00000,0
56.011,0.0,0.0,1.60,-0.370,0.120,-9.500,0.00000,0
56.021,0.0,0.0,1.60,-0.370,0.120,-9.500,0.00000,0
56.032,0.0,0.0,1.60,-0.370,0.120,-9.500,0.00000,0
56.042,0.0,0.0,1.60,-0.370,0.120,-9.500,0.00000,0
56.052,0.0,0.0,1.60,-0.370,0.120,-9.500,0.00000,0
56.062,0.0,0.0,1.60,-0.380,0.130,-9.480,0.00000,0
56.072,0.0,0.0,1.60,-0.380,0.130,-9.480,0.00000,0
56.082,0.0,0.0,1.60,-0.380,0.130,-9.480,0.00000,0
56.092,0.0,0.0,1.60,-0.380,0.130,-9.480,0.00000,0
56.103,0.0,0.0,1.60,-0.380,0.130,-9.480,0.00000,0
56.113,0.0,0.0,1.60,-0.400,0.150,-9.460,0.00000,0
56.123,0.0,0.0,1.60,-0.400,0.150,-9.460,0.00000,0
56.133,0.0,0.0,1.60,-0.400,0.150,-9.460,0.00000,0
56.143,0.0,0.0,1.60,-0.400,0.150,-9.460,0.00000,0
56.153,0.0,0.0,1.60,-0.400,0.150,-9.460,0.00000,0
56.163,0.0,0.0,1.60,-0.400,0.100,-9.500,0.00000,0
56.174,0.0,0.0,1.60,-0.400,0.100,-9.500,0.00000,0
56.184,0.0,0.0,1.60,-0.400,0.100,-9.500,0.00000,0
56.194,0.0,0.0,1.60,-0.400,0.100,-9.500,0.00000,0
56.204,0.0,0.0,1.60,-0.400,0.100,-9.500,0.00000,0
56.214,0.0,0.0,1.60,-0.390,0.130,-9.560,0.00000,0
56.224,0.0,0.0,1.60,-0.390,0.130,-9.560,0.00000,0
56.234,0.0,0.0,1.60,-0.390,0.130,-9.560,0.00000,0
56.244,0.0,0.0,1.60,-0.390,0.130,-9.560,0.00000,0
56.255,0.0,0.0,1.60,-0.400,0.150,-9.560,0.00000,0
56.265,0.0,0.0,1.60,-0.400,0.150,-9.560,0.00000,0
56.275,0.0,0.0,1.60,-0.400,0.150,-9.560,0.00000,0
56.285,0.0,0.0,1.60,-0.400,0.150,-9.560,0.00000,0
56.295,0.0,0.0,1.60,-0.400,0.150,-9.560,0.00000,0
56.305,0.0,0.0,1.60,-0.400,0.150,-9.560,0.00000,0
56.315,0.0,0.0,1.60,-0.390,0.110,-9.510,0.00000,0
56.326,0.0,0.0,1.60,-0.390,0.110,-9.510,0.00000,0
56.336,0.0,0.0,1.60,-0.390,0.110,-9.510,0.00000,0
56.346,0.0,0.0,1.60,-0.390,0.110,-9.510,0.00000,0
56.356,0.0,0.0,1.60,-0.390,0.110,-9.510,0.00000,0
56.366,0.0,0.0,1.60,-0.400,0.100,-9.470,0.00000,0
56.376,0.0,0.0,1.60,-0.400,0.100,-9.470,0.00000,0
56.386,0.0,0.0,1.60,-0.400,0.100,-9.470,0.00000,0
56.396,0.0,0.0,1.60,-0.400,0.100,-9.470,0.00000,0
56.407,0.0,0.0,1.60,-0.400,0.100,-9.470,0.00000,0
56.417,0.0,0.0,1.60,-0.440,0.150,-9.550,0.00000,0
56.427,0.0,0.0,1.60,-0.440,0.150,-9.550,0.00000,0
56.437,0.0,0.0,1.60,-0.440,0.150,-9.550,0.00000,0
56.447,0.0,0.0,1.60,-0.440,0.150,-9.550,0.00000,0
56.457,0.0,0.0,1.60,-0.440,0.150,-9.550,0.00000,0
56.468,0.0,0.0,1.60,-0.360,0.120,-9.460,0.00000,0
56.478,0.0,0.0,1.60,-0.360,0.120,-9.460,0.00000,0
56.488,0.0,0.0,1.60,-0.360,0.120,-9.460,0.00000,0
56.498,0.0,0.0,1.60,-0.360,0.120,-9.460,0.00000,0
56.508,0.0,0.0,1.60,-0.430,0.150,-9.450,0.00000,0
56.518,0.0,0.0,1.60,-0.430,0.150,-9.450,0.00000,0
56.529,0.0,0.0,1.60,-0.430,0.150,-9.450,0.00000,0
56.539,0.0,0.0,1.60,-0.430,0.150,-9.450,0.00000,0
56.549,0.0,0.0,1.60,-0.430,0.150,-9.450,0.00000,0
56.559,0.0,0.0,1.60,-0.430,0.100,-9.490,0.00000,0
56.569,0.0,0.0,1.60,-0.430,0.100,-9.490,0.00000,0
56.579,0.0,0.0,1.60,-0.430,0.100,-9.490,0.00000,0
56.589,0.0,0.0,1.60,-0.430,0.100,-9.490,0.00000,0
56.599,0.0,0.0,1.60,-0.430,0.100,-9.490,0.00000,0
56.610,0.0,0.0,1.60,-0.410,0.160,-9.470,0.00000,0
56.620,0.0,0.0,1.60,-0.410,0.160,-9.470,0.00000,0
56.630,0.0,0.0,1.60,-0.410,0.160,-9.470,0.00000,0
56.640,0.0,0.0,1.60,-0.410,0.160,-9.470,0.00000,0
56.650,0.0,0.0,1.60,-0.410,0.160,-9.470,0.00000,0
56.660,0.0,0.0,1.60,-0.380,0.120,-9.440,0.00000,0
56.670,0.0,0.0,1.60,-0.380,0.120,-9.440,0.00000,0
56.681,0.0,0.0,1.60,-0.380,0.120,-9.440,0.00000,0
56.691,0.0,0.0,1.60,-0.380,0.120,-9.440,0.00000,0
56.701,0.0,0.0,1.60,-0.380,0.120,-9.440,0.00000,0
56.711,0.0,0.0,1.60,-0.380,0.120,-9.440,0.00000,0
56.721,0.0,0.0,1.60,-0.400,0.100,-9.510,0.00000,0
56.731,0.0,0.0,1.60,-0.400,0.100,-9.510,0.00000,0
56.741,0.0,0.0,1.60,-0.400,0.100,-9.510,0.00000,0
56.752,0.0,0.0,1.60,-0.400,0.100,-9.510,0.00000,0
56.762,0.0,0.0,1.60,-0.370,0.120,-9.490,0.00000,0
56.772,0.0,0.0,1.60,-0.370,0.120,-9.490,0.00000,0
56.782,0.0,0.0,1.60,-0.370,0.120,-9.490,0.00000,0
56.792,0.0,0.0,1.60,-0.370,0.120,-9.490,0.00000,0
56.802,0.0,0.0,1.60,-0.370,0.120,-9.490,0.00000,0
56.812,0.0,0.0,1.60,-0.380,0.110,-9.490,0.00000,0
56.823,0.0,0.0,1.60,-0.380,0.110,-9.490,0.00000,0
56.833,0.0,0.0,1.60,-0.380,0.110,-9.490,0.00000,0
56.843,0.0,0.0,1.60,-0.380,0.110,-9.490,0.00000,0
56.853,0.0,0.0,1.60,-0.380,0.110,-9.490,0.00000,0
56.863,0.0,0.0,1.60,-0.400,0.110,-9.510,0.00000,0
56.873,0.0,0.0,1.60,-0.400,0.110,-9.510,0.00000,0
56.883,0.0,0.0,1.60,-0.400,0.110,-9.510,0.00000,0
56.893,0.0,0.0,1.60,-0.400,0.110,-9.510,0.00000,0
56.904,0.0,0.0,1.60,-0.400,0.110,-9.510,0.00000,0
56.914,0.0,0.0,1.60,-0.400,0.110,-9.510,0.00000,0
56.924,0.0,0.0,1.60,-0.380,0.110,-9.500,0.00000,0
56.934,0.0,0.0,1.60,-0.380,0.110,-9.500,0.00000,0
56.944,0.0,0.0,1.60,-0.380,0.110,-9.500,0.00000,0
56.954,0.0,0.0,1.60,-0.380,0.110,-9.500,0.00000,0
56.964,0.0,0.0,1.60,-0.370,0.110,-9.410,0.00000,0
56.975,0.0,0.0,1.60,-0.370,0.110,-9.410,0.00000,0
56.985,0.0,0.0,1.60,-0.370,0.110,-9.410,0.00000,0
56.995,0.0,0.0,1.60,-0.370,0.110,-9.410,0.00000,0
57.005,0.0,0.0,1.60,-0.380,0.160,-9.540,0.00000,0
57.015,0.0,0.0,1.60,-0.380,0.160,-9.540,0.00000,0
57.025,0.0,0.0,1.60,-0.380,0.160,-9.540,0.00000,0
57.035,0.0,0.0,1.60,-0.380,0.160,-9.540,0.00000,0
57.045,0.0,0.0,1.60,-0.380,0.160,-9.540,0.00000,0
57.056,0.0,0.0,1.60,-0.380,0.160,-9.540,0.00000,0
57.066,0.0,0.0,1.60,-0.400,0.110,-9.460,0.00000,0
57.076,0.0,0.0,1.60,-0.400,0.110,-9.460,0.00000,0
57.086,0.0,0.0,1.60,-0.400,0.110,-9.460,0.00000,0
57.096,0.0,0.0,1.60,-0.400,0.110,-9.460,0.00000,0
57.106,0.0,0.0,1.60,-0.400,0.110,-9.460,0.00000,0
57.117,0.0,0.0,1.60,-0.380,0.110,-9.500,0.00000,0
57.127,0.0,0.0,1.60,-0.380,0.110,-9.500,0.00000,0
57.137,0.0,0.0,1.60,-0.380,0.110,-9.500,0.00000,0
57.147,0.0,0.0,1.60,-0.380,0.110,-9.500,0.00000,0
57.157,0.0,0.0,1.60,-0.380,0.110,-9.500,0.00000,0
57.167,0.0,0.0,1.60,-0.360,0.120,-9.510,0.00000,0
57.177,0.0,0.0,1.60,-0.360,0.120,-9.510,0.00000,0
57.187,0.0,0.0,1.60,-0.360,0.120,-9.510,0.00000,0
57.198,0.0,0.0,1.60,-0.360,0.120,-9.510,0.00000,0
57.208,0.0,0.0,1.60,-0.360,0.120,-9.510,0.00000,0
57.218,0.0,0.0,1.60,-0.380,0.160,-9.450,0.00000,0
57.228,0.0,0.0,1.60,-0.380,0.160,-9.450,0.00000,0
57.238,0.0,0.0,1.60,-0.380,0.160,-9.450,0.00000,0
57.248,0.0,0.0,1.60,-0.380,0.160,-9.450,0.00000,0
57.258,0.0,0.0,1.60,-0.400,0.110,-9.490,0.00000,0
57.269,0.0,0.0,1.60,-0.400,0.110,-9.490,0.00000,0
57.279,0.0,0.0,1.60,-0.400,0.110,-9.490,0.00000,0
57.289,0.0,0.0,1.60,-0.400,0.110,-9.490,0.00000,0
57.299,0.0,0.0,1.60,-0.400,0.110,-9.490,0.00000,0
57.310,0.0,0.0,1.60,-0.420,0.150,-9.510,0.00000,0
57.320,0.0,0.0,1.60,-0.420,0.150,-9.510,0.00000,0
57.330,0.0,0.0,1.60,-0.420,0.150,-9.510,0.00000,0
57.340,0.0,0.0,1.60,-0.420,0.150,-9.510,0.00000,0
57.350,0.0,0.0,1.60,-0.420,0.150,-9.510,0.00000,0
57.360,0.0,0.0,1.60,-0.410,0.130,-9.520,0.00000,0
57.370,0.0,0.0,1.60,-0.410,0.130,-9.520,0.00000,0
57.380,0.0,0.0,1.60,-0.410,0.130,-9.520,0.00000,0
57.390,0.0,0.0,1.60,-0.410,0.130,-9.520,0.00000,0
57.401,0.0,0.0,1.60,-0.410,0.130,-9.520,0.00000,0
57.411,0.0,0.0,1.60,-0.430,0.140,-9.520,0.00000,0
57.421,0.0,0.0,1.60,-0.430,0.140,-9.520,0.00000,0
57.431,0.0,0.0,1.60,-0.430,0.140,-9.520,0.00000,0
57.441,0.0,0.0,1.60,-0.430,0.140,-9.520,0.00000,0
57.451,0.0,0.0,1.60,-0.430,0.140,-9.520,0.00000,0
57.461,0.0,0.0,1.60,-0.430,0.140,-9.520,0.00000,0
57.471,0.0,0.0,1.60,-0.360,0.120,-9.500,0.00000,0
57.482,0.0,0.0,1.60,-0.360,0.120,-9.500,0.00000,0
57.492,0.0,0.0,1.60,-0.360,0.120,-9.500,0.00000,0
57.502,0.0,0.0,1.60,-0.360,0.120,-9.500,0.00000,0
57.512,0.0,0.0,1.60,-0.400,0.140,-9.450,0.00000,0
57.522,0.0,0.0,1.60,-0.400,0.140,-9.450,0.00000,0
57.532,0.0,0.0,1.60,-0.400,0.140,-9.450,0.00000,0
57.542,0.0,0.0,1.60,-0.400,0.140,-9.450,0.00000,0
57.553,0.0,0.0,1.60,-0.400,0.140,-9.450,0.00000,0
57.563,0.0,0.0,1.60,-0.400,0.120,-9.460,0.00000,0
57.573,0.0,0.0,1.60,-0.400,0.120,-9.460,0.00000,0
57.583,0.0,0.0,1.60,-0.400,0.120,-9.460,0.00000,0
57.593,0.0,0.0,1.60,-0.400,0.120,-9.460,0.00000,0
57.603,0.0,0.0,1.60,-0.400,0.120,-9.460,0.00000,0
57.613,0.0,0.0,1.60,-0.390,0.100,-9.520,0.00000,0
57.624,0.0,0.0,1.60,-0.390,0.100,-9.520,0.00000,0
57.634,0.0,0.0,1.60,-0.390,0.100,-9.520,0.00000,0
57.644,0.0,0.0,1.60,-0.390,0.100,-9.520,0.00000,0
57.654,0.0,0.0,1.60,-0.390,0.100,-9.520,0.00000,0
57.664,0.0,0.0,1.60,-0.440,0.110,-9.450,0.00000,0
57.674,0.0,0.0,1.60,-0.440,0.110,-9.450,0.00000,0
57.684,0.0,0.0,1.60,-0.440,0.110,-9.450,0.00000,0
57.694,0.0,0.0,1.60,-0.440,0.110,-9.450,0.00000,0
57.705,0.0,0.0,1.60,-0.440,0.110,-9.450,0.00000,0
57.715,0.0,0.0,1.60,-0.400,0.120,-9.520,0.00000,0
57.725,0.0,0.0,1.60,-0.400,0.120,-9.520,0.00000,0
57.735,0.0,0.0,1.60,-0.400,0.120,-9.520,0.00000,0
57.745,0.0,0.0,1.60,-0.400,0.120,-9.520,0.00000,0
57.755,0.0,0.0,1.60,-0.420,0.110,-9.500,0.00000,0
57.765,0.0,0.0,1.60,-0.420,0.110,-9.500,0.00000,0
57.776,0.0,0.0,1.60,-0.420,0.110,-9.500,0.00000,0
57.786,0.0,0.0,1.60,-0.420,0.110,-9.500,0.00000,0
57.796,0.0,0.0,1.60,-0.420,0.110,-9.500,0.00000,0
57.806,0.0,0.0,1.60,-0.420,0.110,-9.500,0.00000,0
57.816,0.0,0.0,1.60,-0.390,0.120,-9.550,0.00000,0
57.826,0.0,0.0,1.60,-0.390,0.120,-9.550,0.00000,0
57.836,0.0,0.0,1.60,-0.390,0.120,-9.550,0.00000,0
57.846,0.0,0.0,1.60,-0.390,0.120,-9.550,0.00000,0
57.857,0.0,0.0,1.60,-0.390,0.120,-9.550,0.00000,0
57.867,0.0,0.0,1.60,-0.380,0.120,-9.480,0.00000,0
57.877,0.0,0.0,1.60,-0.380,0.120,-9.480,0.00000,0
57.887,0.0,0.0,1.60,-0.380,0.120,-9.480,0.00000,0
57.897,0.0,0.0,1.60,-0.380,0.120,-9.480,0.00000,0
57.907,0.0,0.0,1.60,-0.380,0.120,-9.480,0.00000,0
57.917,0.0,0.0,1.60,-0.390,0.110,-9.470,0.00000,0
57.928,0.0,0.0,1.60,-0.390,0.110,-9.470,0.00000,0
57.938,0.0,0.0,1.60,-0.390,0.110,-9.470,0.00000,0
57.948,0.0,0.0,1.60,-0.390,0.110,-9.470,0.00000,0
57.958,0.0,0.0,1.60,-0.390,0.110,-9.470,0.00000,0
57.968,0.0,0.0,1.60,-0.390,0.140,-9.480,0.00000,0
57.978,0.0,0.0,1.60,-0.390,0.140,-9.480,0.00000,0
57.988,0.0,0.0,1.60,-0.390,0.140,-9.480,0.00000,0
57.998,0.0,0.0,1.60,-0.390,0.140,-9.480,0.00000,0
58.008,0.0,0.0,1.60,-0.390,0.140,-9.530,0.00000,0
58.019,0.0,0.0,1.60,-0.390,0.140,-9.530,0.00000,0
58.029,0.0,0.0,1.60,-0.390,0.140,-9.530,0.00000,0
58.039,0.0,0.0,1.60,-0.390,0.140,-9.530,0.00000,0
58.049,0.0,0.0,1.60,-0.390,0.140,-9.530,0.00000,0
58.059,0.0,0.0,1.60,-0.370,0.110,-9.450,0.00000,0
58.069,0.0,0.0,1.60,-0.370,0.110,-9.450,0.00000,0
58.079,0.0,0.0,1.60,-0.370,0.110,-9.450,0.00000,0
58.090,0.0,0.0,1.60,-0.370,0.110,-9.450,0.00000,0
58.101,0.0,0.0,1.60,-0.370,0.110,-9.450,0.00000,0
58.111,0.0,0.0,1.60,-0.400,0.130,-9.480,0.00000,0
58.121,0.0,0.0,1.60,-0.400,0.130,-9.480,0.00000,0
58.131,0.0,0.0,1.60,-0.400,0.130,-9.480,0.00000,0
58.141,0.0,0.0,1.60,-0.400,0.130,-9.480,0.00000,0
58.151,0.0,0.0,1.60,-0.400,0.130,-9.480,0.00000,0
58.161,0.0,0.0,1.60,-0.390,0.120,-9.520,0.00000,0
58.172,0.0,0.0,1.60,-0.390,0.120,-9.520,0.00000,0
58.182,0.0,0.0,1.60,-0.390,0.120,-9.520,0.00000,0
58.192,0.0,0.0,1.60,-0.390,0.120,-9.520,0.00000,0
58.202,0.0,0.0,1.60,-0.390,0.120,-9.520,0.00000,0
58.212,0.0,0.0,1.60,-0.390,0.120,-9.520,0.00000,0
58.222,0.0,0.0,1.60,-0.420,0.130,-9.500,0.00000,0
58.232,0.0,0.0,1.60,-0.420,0.130,-9.500,0.00000,0
58.242,0.0,0.0,1.60,-0.420,0.130,-9.500,0.00000,0
58.253,0.0,0.0,1.60,-0.420,0.130,-9.500,0.00000,0
58.263,0.0,0.0,1.60,-0.410,0.140,-9.450,0.00000,0
58.273,0.0,0.0,1.60,-0.410,0.140,-9.450,0.00000,0
58.283,0.0,0.0,1.60,-0.410,0.140,-9.450,0.00000,0
58.293,0.0,0.0,1.60,-0.410,0.140,-9.450,0.00000,0
58.303,0.0,0.0,1.60,-0.410,0.140,-9.450,0.00000,0
58.313,0.0,0.0,1.60,-0.420,0.140,-9.500,0.00000,0
58.323,0.0,0.0,1.60,-0.420,0.140,-9.500,0.00000,0
58.334,0.0,0.0,1.60,-0.420,0.140,-9.500,0.00000,0
58.344,0.0,0.0,1.60,-0.420,0.140,-9.500,0.00000,0
58.354,0.0,0.0,1.60,-0.420,0.140,-9.500,0.00000,0
58.364,0.0,0.0,1.60,-0.390,0.110,-9.490,0.00000,0
58.374,0.0,0.0,1.60,-0.390,0.110,-9.490,0.00000,0
58.384,0.0,0.0,1.60,-0.390,0.110,-9.490,0.00000,0
58.394,0.0,0.0,1.60,-0.390,0.110,-9.490,0.00000,0
58.404,0.0,0.0,1.60,-0.390,0.110,-9.490,0.00000,0
58.415,0.0,0.0,1.60,-0.390,0.130,-9.530,0.00000,0
58.425,0.0,0.0,1.60,-0.390,0.130,-9.530,0.00000,0
58.435,0.0,0.0,1.60,-0.390,0.130,-9.530,0.00000,0
58.445,0.0,0.0,1.60,-0.390,0.130,-9.530,0.00000,0
58.455,0.0,0.0,1.60,-0.390,0.130,-9.530,0.00000,0
58.465,0.0,0.0,1.60,-0.370,0.100,-9.420,0.00000,0
58.475,0.0,0.0,1.60,-0.370,0.100,-9.420,0.00000,0
58.485,0.0,0.0,1.60,-0.370,0.100,-9.420,0.00000,0
58.495,0.0,0.0,1.60,-0.370,0.100,-9.420,0.00000,0
58.506,0.0,0.0,1.60,-0.390,0.120,-9.450,0.00000,0
58.516,0.0,0.0,1.60,-0.390,0.120,-9.450,0.00000,0
58.526,0.0,0.0,1.60,-0.390,0.120,-9.450,0.00000,0
58.536,0.0,0.0,1.60,-0.390,0.120,-9.450,0.00000,0
58.546,0.0,0.0,1.60,-0.390,0.120,-9.450,0.00000,0
58.556,0.0,0.0,1.60,-0.410,0.090,-9.480,0.00000,0
58.566,0.0,0.0,1.60,-0.410,0.090,-9.480,0.00000,0
58.577,0.0,0.0,1.60,-0.410,0.090,-9.480,0.00000,0
58.587,0.0,0.0,1.60,-0.410,0.090,-9.480,0.00000,0
58.597,0.0,0.0,1.60,-0.410,0.090,-9.480,0.00000,0
58.607,0.0,0.0,1.60,-0.410,0.090,-9.480,0.00000,0
58.617,0.0,0.0,1.60,-0.440,0.150,-9.480,0.00000,0
58.627,0.0,0.0,1.60,-0.440,0.150,-9.480,0.00000,0
58.637,0.0,0.0,1.60,-0.440,0.150,-9.480,0.00000,0
58.647,0.0,0.0,1.60,-0.440,0.150,-9.480,0.00000,0
58.658,0.0,0.0,1.60,-0.440,0.150,-9.480,0.00000,0
58.668,0.0,0.0,1.60,-0.380,0.130,-9.460,0.00000,0
58.678,0.0,0.0,1.60,-0.380,0.130,-9.460,0.00000,0
58.688,0.0,0.0,1.60,-0.380,0.130,-9.460,0.00000,0
58.698,0.0,0.0,1.60,-0.380,0.130,-9.460,0.00000,0
58.708,0.0,0.0,1.60,-0.380,0.130,-9.460,0.00000,0
58.718,0.0,0.0,1.60,-0.400,0.130,-9.500,0.00000,0
58.729,0.0,0.0,1.60,-0.400,0.130,-9.500,0.00000,0
58.739,0.0,0.0,1.60,-0.400,0.130,-9.500,0.00000,0
58.749,0.0,0.0,1.60,-0.400,0.130,-9.500,0.00000,0
58.759,0.0,0.0,1.60,-0.380,0.130,-9.510,0.00000,0
58.769,0.0,0.0,1.60,-0.380,0.130,-9.510,0.00000,0
58.779,0.0,0.0,1.60,-0.380,0.130,-9.510,0.00000,0
58.789,0.0,0.0,1.60,-0.380,0.130,-9.510,0.00000,0
58.800,0.0,0.0,1.60,-0.380,0.130,-9.510,0.00000,0
58.810,0.0,0.0,1.60,-0.390,0.120,-9.520,0.00000,0
58.820,0.0,0.0,1.60,-0.390,0.120,-9.520,0.00000,0
58.830,0.0,0.0,1.60,-0.390,0.120,-9.520,0.00000,0
58.840,0.0,0.0,1.60,-0.390,0.120,-9.520,0.00000,0
58.850,0.0,0.0,1.60,-0.390,0.120,-9.520,0.00000,0
58.861,0.0,0.0,1.60,-0.410,0.100,-9.520,0.00000,0
58.871,0.0,0.0,1.60,-0.410,0.100,-9.520,0.00000,0
58.881,0.0,0.0,1.60,-0.410,0.100,-9.520,0.00000,0
58.891,0.0,0.0,1.60,-0.410,0.100,-9.520,0.00000,0
58.902,0.0,0.0,1.60,-0.410,0.100,-9.520,0.00000,0
58.912,0.0,0.0,1.60,-0.420,0.130,-9.470,0.00000,0
58.922,0.0,0.0,1.60,-0.420,0.130,-9.470,0.00000,0
58.933,0.0,0.0,1.60,-0.420,0.130,-9.470,0.00000,0
58.943,0.0,0.0,1.60,-0.420,0.130,-9.470,0.00000,0
58.953,0.0,0.0,1.60,-0.420,0.130,-9.470,0.00000,0
58.963,0.0,0.0,1.60,-0.410,0.150,-9.390,0.00000,0
58.973,0.0,0.0,1.60,-0.410,0.150,-9.390,0.00000,0
58.983,0.0,0.0,1.60,-0.410,0.150,-9.390,0.00000,0
58.993,0.0,0.0,1.60,-0.410,0.150,-9.390,0.00000,0
59.003,0.0,0.0,1.60,-0.410,0.150,-9.390,0.00000,0
59.014,0.0,0.0,1.60,-0.420,0.100,-9.490,0.00000,0
59.024,0.0,0.0,1.60,-0.420,0.100,-9.490,0.00000,0
59.034,0.0,0.0,1.60,-0.420,0.100,-9.490,0.00000,0
59.044,0.0,0.0,1.60,-0.420,0.100,-9.490,0.00000,0
59.054,0.0,0.0,1.60,-0.420,0.100,-9.490,0.00000,0
59.064,0.0,0.0,1.60,-0.430,0.130,-9.490,0.00000,0
59.074,0.0,0.0,1.60,-0.430,0.130,-9.490,0.00000,0
59.085,0.0,0.0,1.60,-0.430,0.130,-9.490,0.00000,0
59.095,0.0,0.0,1.60,-0.430,0.130,-9.490,0.00000,0
59.105,0.0,0.0,1.60,-0.430,0.130,-9.490,0.00000,0
59.115,0.0,0.0,1.60,-0.400,0.140,-9.460,0.00000,0
59.125,0.0,0.0,1.60,-0.400,0.140,-9.460,0.00000,0
59.135,0.0,0.0,1.60,-0.400,0.140,-9.460,0.00000,0
59.145,0.0,0.0,1.60,-0.400,0.140,-9.460,0.00000,0
59.156,0.0,0.0,1.60,-0.400,0.140,-9.460,0.00000,0
59.166,0.0,0.0,1.60,-0.400,0.130,-9.540,0.00000,0
59.176,0.0,0.0,1.60,-0.400,0.130,-9.540,0.00000,0
59.186,0.0,0.0,1.60,-0.400,0.130,-9.540,0.00000,0
59.196,0.0,0.0,1.60,-0.400,0.130,-9.540,0.00000,0
59.206,0.0,0.0,1.60,-0.400,0.130,-9.540,0.00000,0
59.216,0.0,0.0,1.60,-0.380,0.140,-9.400,0.00000,0
59.227,0.0,0.0,1.60,-0.380,0.140,-9.400,0.00000,0
59.237,0.0,0.0,1.60,-0.380,0.140,-9.400,0.00000,0
59.247,0.0,0.0,1.60,-0.380,0.140,-9.400,0.00000,0
59.257,0.0,0.0,1.60,-0.450,0.140,-9.530,0.00000,0
59.267,0.0,0.0,1.60,-0.450,0.140,-9.530,0.00000,0
59.277,0.0,0.0,1.60,-0.450,0.140,-9.530,0.00000,0
59.287,0.0,0.0,1.60,-0.450,0.140,-9.530,0.00000,0
59.297,0.0,0.0,1.60,-0.450,0.140,-9.530,0.00000,0
59.308,0.0,0.0,1.60,-0.400,0.110,-9.510,0.00000,0
59.318,0.0,0.0,1.60,-0.400,0.110,-9.510,0.00000,0
59.328,0.0,0.0,1.60,-0.400,0.110,-9.510,0.00000,0
59.338,0.0,0.0,1.60,-0.400,0.110,-9.510,0.00000,0
59.348,0.0,0.0,1.60,-0.400,0.110,-9.510,0.00000,0
59.358,0.0,0.0,1.60,-0.360,0.100,-9.470,0.00000,0
59.368,0.0,0.0,1.60,-0.360,0.100,-9.470,0.00000,0
59.379,0.0,0.0,1.60,-0.360,0.100,-9.470,0.00000,0
59.389,0.0,0.0,1.60,-0.360,0.100,-9.470,0.00000,0
59.399,0.0,0.0,1.60,-0.360,0.100,-9.470,0.00000,0
59.409,0.0,0.0,1.60,-0.360,0.100,-9.470,0.00000,0
59.419,0.0,0.0,1.60,-0.390,0.140,-9.510,0.00000,0
59.429,0.0,0.0,1.60,-0.390,0.140,-9.510,0.00000,0
59.439,0.0,0.0,1.60,-0.390,0.140,-9.510,0.00000,0
59.449,0.0,0.0,1.60,-0.390,0.140,-9.510,0.00000,0
59.460,0.0,0.0,1.60,-0.390,0.140,-9.510,0.00000,0
59.470,0.0,0.0,1.60,-0.390,0.140,-9.510,0.00000,0
59.480,0.0,0.0,1.60,-0.420,0.150,-9.440,0.00000,0
59.490,0.0,0.0,1.60,-0.420,0.150,-9.440,0.00000,0
59.500,0.0,0.0,1.60,-0.420,0.150,-9.440,0.00000,0
59.510,0.0,0.0,1.60,-0.370,0.120,-9.460,0.00000,0
59.520,0.0,0.0,1.60,-0.370,0.120,-9.460,0.00000,0
59.531,0.0,0.0,1.60,-0.370,0.120,-9.460,0.00000,0
59.541,0.0,0.0,1.60,-0.370,0.120,-9.460,0.00000,0
59.551,0.0,0.0,1.60,-0.370,0.120,-9.460,0.00000,0
59.561,0.0,0.0,1.60,-0.410,0.090,-9.460,0.00000,0
59.571,0.0,0.0,1.60,-0.410,0.090,-9.460,0.00000,0
59.581,0.0,0.0,1.60,-0.410,0.090,-9.460,0.00000,0
59.591,0.0,0.0,1.60,-0.410,0.090,-9.460,0.00000,0
59.601,0.0,0.0,1.60,-0.410,0.090,-9.460,0.00000,0
59.611,0.0,0.0,1.60,-0.420,0.110,-9.470,0.00000,0
59.622,0.0,0.0,1.60,-0.420,0.110,-9.470,0.00000,0
59.632,0.0,0.0,1.60,-0.420,0.110,-9.470,0.00000,0
59.642,0.0,0.0,1.60,-0.420,0.110,-9.470,0.00000,0
59.652,0.0,0.0,1.60,-0.420,0.110,-9.470,0.00000,0
59.662,0.0,0.0,1.60,-0.410,0.150,-9.480,0.00000,0
59.672,0.0,0.0,1.60,-0.410,0.150,-9.480,0.00000,0
59.683,0.0,0.0,1.60,-0.410,0.150,-9.480,0.00000,0
59.693,0.0,0.0,1.60,-0.410,0.150,-9.480,0.00000,0
59.703,0.0,0.0,1.60,-0.410,0.150,-9.480,0.00000,0
59.713,0.0,0.0,1.60,-0.450,0.110,-9.480,0.00000,0
59.723,0.0,0.0,1.60,-0.450,0.110,-9.480,0.00000,0
59.733,0.0,0.0,1.60,-0.450,0.110,-9.480,0.00000,0
59.743,0.0,0.0,1.60,-0.450,0.110,-9.480,0.00000,0
59.753,0.0,0.0,1.60,-0.450,0.110,-9.480,0.00000,0
59.764,0.0,0.0,1.60,-0.390,0.120,-9.460,0.00000,0
59.774,0.0,0.0,1.60,-0.390,0.120,-9.460,0.00000,0
59.784,0.0,0.0,1.60,-0.390,0.120,-9.460,0.00000,0
59.794,0.0,0.0,1.60,-0.390,0.120,-9.460,0.00000,0
59.804,0.0,0.0,1.60,-0.390,0.120,-9.460,0.00000,0
59.814,0.0,0.0,1.60,-0.410,0.110,-9.470,0.00000,0
59.824,0.0,0.0,1.60,-0.410,0.110,-9.470,0.00000,0
59.835,0.0,0.0,1.60,-0.410,0.110,-9.470,0.00000,0
59.845,0.0,0.0,1.60,-0.410,0.110,-9.470,0.00000,0
59.855,0.0,0.0,1.60,-0.410,0.110,-9.470,0.00000,0
59.865,0.0,0.0,1.60,-0.440,0.140,-9.400,0.00000,0
59.875,0.0,0.0,1.60,-0.440,0.140,-9.400,0.00000,0
59.886,0.0,0.0,1.60,-0.440,0.140,-9.400,0.00000,0
59.896,0.0,0.0,1.60,-0.440,0.140,-9.400,0.00000,0
59.906,0.0,0.0,1.60,-0.440,0.140,-9.400,0.00000,0
59.916,0.0,0.0,1.60,-0.400,0.090,-9.430,0.00000,0
59.926,0.0,0.0,1.60,-0.400,0.090,-9.430,0.00000,0
59.936,0.0,0.0,1.60,-0.400,0.090,-9.430,0.00000,0
59.946,0.0,0.0,1.60,-0.400,0.090,-9.430,0.00000,0
59.956,0.0,0.0,1.60,-0.400,0.090,-9.430,0.00000,0
59.967,0.0,0.0,1.60,-0.390,0.110,-9.460,0.00000,0
59.977,0.0,0.0,1.60,-0.390,0.110,-9.460,0.00000,0
59.987,0.0,0.0,1.60,-0.390,0.110,-9.460,0.00000,0
59.997,0.0,0.0,1.60,-0.390,0.110,-9.460,0.00000,0
60.007,0.0,0.0,1.60,-0.420,0.120,-9.470,0.00000,0
60.017,0.0,0.0,1.60,-0.420,0.120,-9.470,0.00000,0
60.027,0.0,0.0,1.60,-0.420,0.120,-9.470,0.00000,0
60.038,0.0,0.0,1.60,-0.420,0.120,-9.470,0.00000,0
60.048,0.0,0.0,1.60,-0.420,0.120,-9.470,0.00000,0
60.058,0.0,0.0,1.60,-0.410,0.110,-9.500,0.00000,0
60.068,0.0,0.0,1.60,-0.410,0.110,-9.500,0.00000,0
60.078,0.0,0.0,1.60,-0.410,0.110,-9.500,0.00000,0
60.088,0.0,0.0,1.60,-0.410,0.110,-9.500,0.00000,0
60.098,0.0,0.0,1.60,-0.410,0.110,-9.500,0.00000,0
60.108,0.0,0.0,1.60,-0.430,0.120,-9.490,0.00000,0
60.119,0.0,0.0,1.60,-0.430,0.120,-9.490,0.00000,0
60.129,0.0,0.0,1.60,-0.430,0.120,-9.490,0.00000,0
60.139,0.0,0.0,1.60,-0.430,0.120,-9.490,0.00000,0
60.149,0.0,0.0,1.60,-0.430,0.120,-9.490,0.00000,0
60.159,0.0,0.0,1.60,-0.430,0.120,-9.490,0.00000,0
60.169,0.0,0.0,1.60,-0.420,0.120,-9.460,0.00000,0
60.179,0.0,0.0,1.60,-0.420,0.120,-9.460,0.00000,0
60.189,0.0,0.0,1.60,-0.420,0.120,-9.460,0.00000,0
60.200,0.0,0.0,1.60,-0.420,0.120,-9.460,0.00000,0
60.210,0.0,0.0,1.60,-0.420,0.120,-9.460,0.00000,0
60.220,0.0,0.0,1.60,-0.400,0.140,-9.450,0.00000,0
60.230,0.0,0.0,1.60,-0.400,0.140,-9.450,0.00000,0
60.240,0.0,0.0,1.60,-0.400,0.140,-9.450,0.00000,0
60.250,0.0,0.0,1.60,-0.400,0.140,-9.450,0.00000,0
60.260,0.0,0.0,1.60,-0.400,0.130,-9.390,0.00000,0
60.271,0.0,0.0,1.60,-0.400,0.130,-9.390,0.00000,0
60.281,0.0,0.0,1.60,-0.400,0.130,-9.390,0.00000,0
60.291,0.0,0.0,1.60,-0.400,0.130,-9.390,0.00000,0
60.301,0.0,0.0,1.60,-0.400,0.130,-9.390,0.00000,0
60.311,0.0,0.0,1.60,-0.390,0.120,-9.400,0.00000,0
60.321,0.0,0.0,1.60,-0.390,0.120,-9.400,0.00000,0
60.331,0.0,0.0,1.60,-0.390,0.120,-9.400,0.00000,0
60.341,0.0,0.0,1.60,-0.390,0.120,-9.400,0.00000,0
60.352,0.0,0.0,1.60,-0.390,0.120,-9.400,0.00000,0
60.362,0.0,0.0,1.60,-0.380,0.100,-9.440,0.00000,0
60.372,0.0,0.0,1.60,-0.380,0.100,-9.440,0.00000,0
60.382,0.0,0.0,1.60,-0.380,0.100,-9.440,0.00000,0
60.392,0.0,0.0,1.60,-0.380,0.100,-9.440,0.00000,0
60.402,0.0,0.0,1.60,-0.380,0.100,-9.440,0.00000,0
60.412,0.0,0.0,1.60,-0.410,0.130,-9.440,0.00000,0
60.422,0.0,0.0,1.60,-0.410,0.130,-9.440,0.00000,0
60.433,0.0,0.0,1.60,-0.410,0.130,-9.440,0.00000,0
60.443,0.0,0.0,1.60,-0.410,0.130,-9.440,0.00000,0
60.453,0.0,0.0,1.60,-0.410,0.130,-9.440,0.00000,0
60.463,0.0,0.0,1.60,-0.410,0.130,-9.440,0.00000,0
60.473,0.0,0.0,1.60,-0.400,0.120,-9.500,0.00000,0
60.483,0.0,0.0,1.60,-0.400,0.120,-9.500,0.00000,0
60.493,0.0,0.0,1.60,-0.400,0.120,-9.500,0.00000,0
60.504,0.0,0.0,1.60,-0.400,0.120,-9.500,0.00000,0
60.514,0.0,0.0,1.60,-0.360,0.100,-9.500,0.00000,0
60.524,0.0,0.0,1.60,-0.360,0.100,-9.500,0.00000,0
60.534,0.0,0.0,1.60,-0.360,0.100,-9.500,0.00000,0
60.544,0.0,0.0,1.60,-0.360,0.100,-9.500,0.00000,0
60.555,0.0,0.0,1.60,-0.360,0.100,-9.500,0.00000,0
60.565,0.0,0.0,1.60,-0.420,0.170,-9.520,0.00000,0
60.575,0.0,0.0,1.60,-0.420,0.170,-9.520,0.00000,0
60.585,0.0,0.0,1.60,-0.420,0.170,-9.520,0.00000,0
60.595,0.0,0.0,1.60,-0.420,0.170,-9.520,0.00000,0
60.606,0.0,0.0,1.60,-0.420,0.170,-9.520,0.00000,0
60.616,0.0,0.0,1.60,-0.420,0.110,-9.490,0.00000,0
60.626,0.0,0.0,1.60,-0.420,0.110,-9.490,0.00000,0
60.636,0.0,0.0,1.60,-0.420,0.110,-9.490,0.00000,0
60.646,0.0,0.0,1.60,-0.420,0.110,-9.490,0.00000,0
60.656,0.0,0.0,1.60,-0.420,0.110,-9.490,0.00000,0
60.666,0.0,0.0,1.60,-0.400,0.120,-9.520,0.00000,0
60.677,0.0,0.0,1.60,-0.400,0.120,-9.520,0.00000,0
60.687,0.0,0.0,1.60,-0.400,0.120,-9.520,0.00000,0
60.697,0.0,0.0,1.60,-0.400,0.120,-9.520,0.00000,0
60.707,0.0,0.0,1.60,-0.420,0.150,-9.530,0.00000,0
60.717,0.0,0.0,1.60,-0.420,0.150,-9.530,0.00000,0
60.727,0.0,0.0,1.60,-0.420,0.150,-9.530,0.00000,0
60.737,0.0,0.0,1.60,-0.420,0.150,-9.530,0.00000,0
60.748,0.0,0.0,1.60,-0.420,0.150,-9.530,0.00000,0
60.758,0.0,0.0,1.60,-0.360,0.130,-9.420,0.00000,0
60.768,0.0,0.0,1.60,-0.360,0.130,-9.420,0.00000,0
60.778,0.0,0.0,1.60,-0.360,0.130,-9.420,0.00000,0
60.788,0.0,0.0,1.60,-0.360,0.130,-9.420,0.00000,0
60.798,0.0,0.0,1.60,-0.360,0.130,-9.420,0.00000,0
60.808,0.0,0.0,1.60,-0.390,0.090,-9.490,0.00000,0
60.819,0.0,0.0,1.60,-0.390,0.090,-9.490,0.00000,0
60.829,0.0,0.0,1.60,-0.390,0.090,-9.490,0.00000,0
60.839,0.0,0.0,1.60,-0.390,0.090,-9.490,0.00000,0
60.849,0.0,0.0,1.60,-0.390,0.090,-9.490,0.00000,0
60.859,0.0,0.0,1.60,-0.390,0.090,-9.490,0.00000,0
60.869,0.0,0.0,1.60,-0.390,0.110,-9.500,0.00000,0
60.879,0.0,0.0,1.60,-0.390,0.110,-9.500,0.00000,0
60.890,0.0,0.0,1.60,-0.390,0.110,-9.500,0.00000,0
60.900,0.0,0.0,1.60,-0.390,0.110,-9.500,0.00000,0
60.910,0.0,0.0,1.60,-0.390,0.110,-9.500,0.00000,0
60.920,0.0,0.0,1.60,-0.390,0.100,-9.500,0.00000,0
60.930,0.0,0.0,1.60,-0.390,0.100,-9.500,0.00000,0
60.940,0.0,0.0,1.60,-0.390,0.100,-9.500,0.00000,0
60.951,0.0,0.0,1.60,-0.390,0.100,-9.500,0.00000,0
60.961,0.0,0.0,1.60,-0.380,0.150,-9.490,0.00000,0
60.971,0.0,0.0,1.60,-0.380,0.150,-9.490,0.00000,0
60.981,0.0,0.0,1.60,-0.380,0.150,-9.490,0.00000,0
60.991,0.0,0.0,1.60,-0.380,0.150,-9.490,0.00000,0
61.001,0.0,0.0,1.60,-0.380,0.150,-9.490,0.00000,0
61.011,0.0,0.0,1.60,-0.390,0.150,-9.490,0.00000,0
61.022,0.0,0.0,1.60,-0.390,0.150,-9.490,0.00000,0
61.032,0.0,0.0,1.60,-0.390,0.150,-9.490,0.00000,0
61.042,0.0,0.0,1.60,-0.390,0.150,-9.490,0.00000,0
61.052,0.0,0.0,1.60,-0.390,0.150,-9.490,0.00000,0
61.062,0.0,0.0,1.60,-0.400,0.150,-9.540,0.00000,0
61.072,0.0,0.0,1.60,-0.400,0.150,-9.540,0.00000,0
61.082,0.0,0.0,1.60,-0.400,0.150,-9.540,0.00000,0
61.092,0.0,0.0,1.60,-0.400,0.150,-9.540,0.00000,0
61.102,0.0,0.0,1.60,-0.400,0.150,-9.540,0.00000,0
61.113,0.0,0.0,1.60,-0.410,0.120,-9.460,0.00000,0
61.123,0.0,0.0,1.60,-0.410,0.120,-9.460,0.00000,0
61.133,0.0,0.0,1.60,-0.410,0.120,-9.460,0.00000,0
61.143,0.0,0.0,1.60,-0.410,0.120,-9.460,0.00000,0
61.153,0.0,0.0,1.60,-0.410,0.120,-9.460,0.00000,0
61.163,0.0,0.0,1.60,-0.380,0.150,-9.480,0.00000,0
61.173,0.0,0.0,1.60,-0.380,0.150,-9.480,0.00000,0
61.183,0.0,0.0,1.60,-0.380,0.150,-9.480,0.00000,0
61.194,0.0,0.0,1.60,-0.380,0.150,-9.480,0.00000,0
61.204,0.0,0.0,1.60,-0.380,0.150,-9.480,0.00000,0
61.214,0.0,0.0,1.60,-0.420,0.080,-9.500,0.00000,0
61.224,0.0,0.0,1.60,-0.420,0.080,-9.500,0.00000,0
61.234,0.0,0.0,1.60,-0.420,0.080,-9.500,0.00000,0
61.244,0.0,0.0,1.60,-0.420,0.080,-9.500,0.00000,0
61.254,0.0,0.0,1.60,-0.420,0.080,-9.500,0.00000,0
61.264,0.0,0.0,1.60,-0.410,0.100,-9.490,0.00000,0
61.275,0.0,0.0,1.60,-0.410,0.100,-9.490,0.00000,0
61.285,0.0,0.0,1.60,-0.410,0.100,-9.490,0.00000,0
61.295,0.0,0.0,1.60,-0.410,0.100,-9.490,0.00000,0
61.306,0.0,0.0,1.60,-0.410,0.100,-9.490,0.00000,0
61.316,0.0,0.0,1.60,-0.390,0.120,-9.500,0.00000,0
61.326,0.0,0.0,1.60,-0.390,0.120,-9.500,0.00000,0
61.337,0.0,0.0,1.60,-0.390,0.120,-9.500,0.00000,0
61.347,0.0,0.0,1.60,-0.390,0.120,-9.500,0.00000,0
61.357,0.0,0.0,1.60,-0.390,0.120,-9.500,0.00000,0
61.367,0.0,0.0,1.60,-0.380,0.110,-9.450,0.00000,0
61.377,0.0,0.0,1.60,-0.380,0.110,-9.450,0.00000,0
61.387,0.0,0.0,1.60,-0.380,0.110,-9.450,0.00000,0
61.397,0.0,0.0,1.60,-0.380,0.110,-9.450,0.00000,0
61.407,0.0,0.0,1.60,-0.380,0.110,-9.450,0.00000,0
61.418,0.0,0.0,1.60,-0.390,0.140,-9.520,0.00000,0
61.428,0.0,0.0,1.60,-0.390,0.140,-9.520,0.00000,0
61.438,0.0,0.0,1.60,-0.390,0.140,-9.520,0.00000,0
61.448,0.0,0.0,1.60,-0.390,0.140,-9.520,0.00000,0
61.458,0.0,0.0,1.60,-0.410,0.110,-9.480,0.00000,0
61.468,0.0,0.0,1.60,-0.410,0.110,-9.480,0.00000,0
61.478,0.0,0.0,1.60,-0.410,0.110,-9.480,0.00000,0
61.488,0.0,0.0,1.60,-0.410,0.110,-9.480,0.00000,0
61.498,0.0,0.0,1.60,-0.410,0.110,-9.480,0.00000,0
61.509,0.0,0.0,1.60,-0.420,0.110,-9.490,0.00000,0
61.519,0.0,0.0,1.60,-0.420,0.110,-9.490,0.00000,0
61.529,0.0,0.0,1.60,-0.420,0.110,-9.490,0.00000,0
61.539,0.0,0.0,1.60,-0.420,0.110,-9.490,0.00000,0
61.549,0.0,0.0,1.60,-0.420,0.110,-9.490,0.00000,0
61.559,0.0,0.0,1.60,-0.460,0.140,-9.510,0.00000,0
61.569,0.0,0.0,1.60,-0.460,0.140,-9.510,0.00000,0
61.580,0.0,0.0,1.60,-0.460,0.140,-9.510,0.00000,0
61.590,0.0,0.0,1.60,-0.460,0.140,-9.510,0.00000,0
61.600,0.0,0.0,1.60,-0.460,0.140,-9.510,0.00000,0
61.610,0.0,0.0,1.60,-0.460,0.140,-9.510,0.00000,0
61.620,0.0,0.0,1.60,-0.380,0.120,-9.520,0.00000,0
61.630,0.0,0.0,1.60,-0.380,0.120,-9.520,0.00000,0
61.640,0.0,0.0,1.60,-0.380,0.120,-9.520,0.00000,0
61.650,0.0,0.0,1.60,-0.380,0.120,-9.520,0.00000,0
61.661,0.0,0.0,1.60,-0.380,0.120,-9.520,0.00000,0
61.671,0.0,0.0,1.60,-0.380,0.110,-9.440,0.00000,0
61.681,0.0,0.0,1.60,-0.380,0.110,-9.440,0.00000,0
61.691,0.0,0.0,1.60,-0.380,0.110,-9.440,0.00000,0
61.701,0.0,0.0,1.60,-0.380,0.110,-9.440,0.00000,0
61.711,0.0,0.0,1.60,-0.400,0.110,-9.450,0.00000,0
61.721,0.0,0.0,1.60,-0.400,0.110,-9.450,0.00000,0
61.731,0.0,0.0,1.60,-0.400,0.110,-9.450,0.00000,0
61.742,0.0,0.0,1.60,-0.400,0.110,-9.450,0.00000,0
61.752,0.0,0.0,1.60,-0.400,0.110,-9.450,0.00000,0
61.762,0.0,0.0,1.60,-0.360,0.120,-9.570,0.00000,0
61.772,0.0,0.0,1.60,-0.360,0.120,-9.570,0.00000,0
61.782,0.0,0.0,1.60,-0.360,0.120,-9.570,0.00000,0
61.792,0.0,0.0,1.60,-0.360,0.120,-9.570,0.00000,0
61.802,0.0,0.0,1.60,-0.360,0.120,-9.570,0.00000,0
61.812,0.0,0.0,1.60,-0.390,0.120,-9.430,0.00000,0
61.823,0.0,0.0,1.60,-0.390,0.120,-9.430,0.00000,0
61.833,0.0,0.0,1.60,-0.390,0.120,-9.430,0.00000,0
61.843,0.0,0.0,1.60,-0.390,0.120,-9.430,0.00000,0
61.853,0.0,0.0,1.60,-0.390,0.120,-9.430,0.00000,0
61.863,0.0,0.0,1.60,-0.390,0.120,-9.500,0.00000,0
61.873,0.0,0.0,1.60,-0.390,0.120,-9.500,0.00000,0
61.884,0.0,0.0,1.60,-0.390,0.120,-9.500,0.00000,0
61.894,0.0,0.0,1.60,-0.390,0.120,-9.500,0.00000,0
61.904,0.0,0.0,1.60,-0.390,0.120,-9.500,0.00000,0
61.914,0.0,0.0,1.60,-0.390,0.080,-9.490,0.00000,0
61.924,0.0,0.0,1.60,-0.390,0.080,-9.490,0.00000,0
61.934,0.0,0.0,1.60,-0.390,0.080,-9.490,0.00000,0
61.944,0.0,0.0,1.60,-0.390,0.080,-9.490,0.00000,0
61.954,0.0,0.0,1.60,-0.390,0.080,-9.490,0.00000,0
61.965,0.0,0.0,1.60,-0.400,0.100,-9.500,0.00000,0
61.975,0.0,0.0,1.60,-0.400,0.100,-9.500,0.00000,0
61.985,0.0,0.0,1.60,-0.400,0.100,-9.500,0.00000,0
61.995,0.0,0.0,1.60,-0.400,0.100,-9.500,0.00000,0
62.005,0.0,0.0,1.60,-0.400,0.100,-9.500,0.00000,0
62.015,0.0,0.0,1.60,-0.400,0.100,-9.500,0.00000,0
62.026,0.0,0.0,1.60,-0.410,0.110,-9.440,0.00000,0
62.036,0.0,0.0,1.60,-0.410,0.110,-9.440,0.00000,0
62.046,0.0,0.0,1.60,-0.410,0.110,-9.440,0.00000,0
62.056,0.0,0.0,1.60,-0.410,0.110,-9.440,0.00000,0
62.066,0.0,0.0,1.60,-0.420,0.110,-9.520,0.00000,0
62.076,0.0,0.0,1.60,-0.420,0.110,-9.520,0.00000,0
62.086,0.0,0.0,1.60,-0.420,0.110,-9.520,0.00000,0
62.096,0.0,0.0,1.60,-0.420,0.110,-9.520,0.00000,0
62.107,0.0,0.0,1.60,-0.420,0.110,-9.520,0.00000,0
62.117,0.0,0.0,1.60,-0.430,0.130,-9.460,0.00000,0
62.127,0.0,0.0,1.60,-0.430,0.130,-9.460,0.00000,0
62.137,0.0,0.0,1.60,-0.430,0.130,-9.460,0.00000,0
62.147,0.0,0.0,1.60,-0.430,0.130,-9.460,0.00000,0
62.157,0.0,0.0,1.60,-0.430,0.130,-9.460,0.00000,0
62.167,0.0,0.0,1.60,-0.420,0.150,-9.530,0.00000,0
62.178,0.0,0.0,1.60,-0.420,0.150,-9.530,0.00000,0
62.188,0.0,0.0,1.60,-0.420,0.150,-9.530,0.00000,0
62.198,0.0,0.0,1.60,-0.420,0.150,-9.530,0.00000,0
62.208,0.0,0.0,1.60,-0.400,0.090,-9.530,0.00000,0
62.218,0.0,0.0,1.60,-0.400,0.090,-9.530,0.00000,0
62.228,0.0,0.0,1.60,-0.400,0.090,-9.530,0.00000,0
62.238,0.0,0.0,1.60,-0.400,0.090,-9.530,0.00000,0
62.248,0.0,0.0,1.60,-0.400,0.090,-9.530,0.00000,0
62.259,0.0,0.0,1.60,-0.420,0.130,-9.540,0.00000,0
62.269,0.0,0.0,1.60,-0.420,0.130,-9.540,0.00000,0
62.279,0.0,0.0,1.60,-0.420,0.130,-9.540,0.00000,0
62.289,0.0,0.0,1.60,-0.420,0.130,-9.540,0.00000,0
62.299,0.0,0.0,1.60,-0.420,0.130,-9.540,0.00000,0
62.309,0.0,0.0,1.60,-0.410,0.110,-9.470,0.00000,0
62.320,0.0,0.0,1.60,-0.410,0.110,-9.470,0.00000,0
62.330,0.0,0.0,1.60,-0.410,0.110,-9.470,0.00000,0
62.340,0.0,0.0,1.60,-0.410,0.110,-9.470,0.00000,0
62.350,0.0,0.0,1.60,-0.410,0.110,-9.470,0.00000,0
62.360,0.0,0.0,1.60,-0.410,0.110,-9.470,0.00000,0
62.370,0.0,0.0,1.60,-0.390,0.150,-9.480,0.00000,0
62.380,0.0,0.0,1.60,-0.390,0.150,-9.480,0.00000,0
62.390,0.0,0.0,1.60,-0.390,0.150,-9.480,0.00000,0
62.401,0.0,0.0,1.60,-0.390,0.150,-9.480,0.00000,0
62.411,0.0,0.0,1.60,-0.390,0.150,-9.480,0.00000,0
62.421,0.0,0.0,1.60,-0.400,0.140,-9.470,0.00000,0
62.431,0.0,0.0,1.60,-0.400,0.140,-9.470,0.00000,0
62.441,0.0,0.0,1.60,-0.400,0.140,-9.470,0.00000,0
62.451,0.0,0.0,1.60,-0.400,0.140,-9.470,0.00000,0
62.461,0.0,0.0,1.60,-0.340,0.140,-9.590,0.00000,0
62.472,0.0,0.0,1.60,-0.340,0.140,-9.590,0.00000,0
62.482,0.0,0.0,1.60,-0.340,0.140,-9.590,0.00000,0
62.492,0.0,0.0,1.60,-0.340,0.140,-9.590,0.00000,0
62.502,0.0,0.0,1.60,-0.340,0.140,-9.590,0.00000,0
62.512,0.0,0.0,1.60,-0.370,0.170,-9.390,0.00000,0
62.522,0.0,0.0,1.60,-0.370,0.170,-9.390,0.00000,0
62.532,0.0,0.0,1.60,-0.370,0.170,-9.390,0.00000,0
62.542,0.0,0.0,1.60,-0.370,0.170,-9.390,0.00000,0
62.553,0.0,0.0,1.60,-0.370,0.170,-9.390,0.00000,0
62.563,0.0,0.0,1.60,-0.410,0.160,-9.370,0.00000,0
62.573,0.0,0.0,1.60,-0.410,0.160,-9.370,0.00000,0
62.583,0.0,0.0,1.60,-0.410,0.160,-9.370,0.00000,0
62.593,0.0,0.0,1.60,-0.410,0.160,-9.370,0.00000,0
62.603,0.0,0.0,1.60,-0.410,0.160,-9.370,0.00000,0
62.613,0.0,0.0,1.60,-0.450,0.150,-9.430,0.00000,0
62.624,0.0,0.0,1.60,-0.450,0.150,-9.430,0.00000,0
62.634,0.0,0.0,1.60,-0.450,0.150,-9.430,0.00000,0
62.644,0.0,0.0,1.60,-0.450,0.150,-9.430,0.00000,0
62.654,0.0,0.0,1.60,-0.450,0.150,-9.430,0.00000,0
62.664,0.0,0.0,1.60,-0.350,0.150,-9.500,0.00000,0
62.674,0.0,0.0,1.60,-0.350,0.150,-9.500,0.00000,0
62.684,0.0,0.0,1.60,-0.350,0.150,-9.500,0.00000,0
62.695,0.0,0.0,1.60,-0.350,0.150,-9.500,0.00000,0
62.705,0.0,0.0,1.60,-0.350,0.150,-9.500,0.00000,0
62.715,0.0,0.0,1.60,-0.430,0.120,-9.500,0.00000,0
62.725,0.0,0.0,1.60,-0.430,0.120,-9.500,0.00000,0
62.735,0.0,0.0,1.60,-0.430,0.120,-9.500,0.00000,0
62.745,0.0,0.0,1.60,-0.430,0.120,-9.500,0.00000,0
62.755,0.0,0.0,1.60,-0.430,0.120,-9.500,0.00000,0
62.765,0.0,0.0,1.60,-0.410,0.140,-9.440,0.00000,0
62.776,0.0,0.0,1.60,-0.410,0.140,-9.440,0.00000,0
62.786,0.0,0.0,1.60,-0.410,0.140,-9.440,0.00000,0
62.796,0.0,0.0,1.60,-0.410,0.140,-9.440,0.00000,0
62.806,0.0,0.0,1.60,-0.410,0.140,-9.440,0.00000,0
62.816,0.0,0.0,1.60,-0.380,0.130,-9.480,0.00000,0
62.826,0.0,0.0,1.60,-0.380,0.130,-9.480,0.00000,0
62.836,0.0,0.0,1.60,-0.380,0.130,-9.480,0.00000,0
62.847,0.0,0.0,1.60,-0.380,0.130,-9.480,0.00000,0
62.857,0.0,0.0,1.60,-0.380,0.130,-9.480,0.00000,0
62.867,0.0,0.0,1.60,-0.420,0.110,-9.440,0.00000,0
62.877,0.0,0.0,1.60,-0.420,0.110,-9.440,0.00000,0
62.887,0.0,0.0,1.60,-0.420,0.110,-9.440,0.00000,0
62.897,0.0,0.0,1.60,-0.420,0.110,-9.440,0.00000,0
62.907,0.0,0.0,1.60,-0.420,0.110,-9.440,0.00000,0
62.918,0.0,0.0,1.60,-0.400,0.140,-9.500,0.00000,0
62.928,0.0,0.0,1.60,-0.400,0.140,-9.500,0.00000,0
62.938,0.0,0.0,1.60,-0.400,0.140,-9.500,0.00000,0
62.948,0.0,0.0,1.60,-0.400,0.140,-9.500,0.00000,0
62.959,0.0,0.0,1.60,-0.390,0.110,-9.540,0.00000,0
62.969,0.0,0.0,1.60,-0.390,0.110,-9.540,0.00000,0
62.979,0.0,0.0,1.60,-0.390,0.110,-9.540,0.00000,0
62.989,0.0,0.0,1.60,-0.390,0.110,-9.540,0.00000,0
62.999,0.0,0.0,1.60,-0.390,0.110,-9.540,0.00000,0
63.010,0.0,0.0,1.60,-0.390,0.110,-9.540,0.00000,0
63.020,0.0,0.0,1.60,-0.390,0.110,-9.540,0.00000,0
63.030,0.0,0.0,1.60,-0.390,0.110,-9.540,0.00000,0
63.040,0.0,0.0,1.60,-0.390,0.110,-9.540,0.00000,0
63.050,0.0,0.0,1.60,-0.390,0.110,-9.540,0.00000,0
63.061,0.0,0.0,1.60,-0.400,0.090,-9.500,0.00000,0
63.071,0.0,0.0,1.60,-0.400,0.090,-9.500,0.00000,0
63.081,0.0,0.0,1.60,-0.400,0.090,-9.500,0.00000,0
63.091,0.0,0.0,1.60,-0.400,0.090,-9.500,0.00000,0
63.101,0.0,0.0,1.60,-0.400,0.090,-9.500,0.00000,0
63.112,0.0,0.0,1.60,-0.400,0.090,-9.500,0.00000,0
63.122,0.0,0.0,1.60,-0.400,0.130,-9.480,0.00000,0
63.132,0.0,0.0,1.60,-0.400,0.130,-9.480,0.00000,0
63.142,0.0,0.0,1.60,-0.400,0.130,-9.480,0.00000,0
63.152,0.0,0.0,1.60,-0.400,0.130,-9.480,0.00000,0
63.162,0.0,0.0,1.60,-0.400,0.130,-9.480,0.00000,0
63.172,0.0,0.0,1.60,-0.410,0.110,-9.490,0.00000,0
63.183,0.0,0.0,1.60,-0.410,0.110,-9.490,0.00000,0
63.193,0.0,0.0,1.60,-0.410,0.110,-9.490,0.00000,0
63.203,0.0,0.0,1.60,-0.410,0.110,-9.490,0.00000,0
63.213,0.0,0.0,1.60,-0.410,0.140,-9.470,0.00000,0
63.223,0.0,0.0,1.60,-0.410,0.140,-9.470,0.00000,0
63.233,0.0,0.0,1.60,-0.410,0.140,-9.470,0.00000,0
63.243,0.0,0.0,1.60,-0.410,0.140,-9.470,0.00000,0
63.253,0.0,0.0,1.60,-0.410,0.140,-9.470,0.00000,0
63.264,0.0,0.0,1.60,-0.410,0.100,-9.520,0.00000,0
63.274,0.0,0.0,1.60,-0.410,0.100,-9.520,0.00000,0
63.284,0.0,0.0,1.60,-0.410,0.100,-9.520,0.00000,0
63.294,0.0,0.0,1.60,-0.410,0.100,-9.520,0.00000,0
63.304,0.0,0.0,1.60,-0.410,0.100,-9.520,0.00000,0
63.315,0.0,0.0,1.60,-0.420,0.120,-9.520,0.00000,0
63.325,0.0,0.0,1.60,-0.420,0.120,-9.520,0.00000,0
63.335,0.0,0.0,1.60,-0.420,0.120,-9.520,0.00000,0
63.345,0.0,0.0,1.60,-0.420,0.120,-9.520,0.00000,0
63.355,0.0,0.0,1.60,-0.420,0.120,-9.520,0.00000,0
63.365,0.0,0.0,1.60,-0.400,0.140,-9.460,0.00000,0
63.375,0.0,0.0,1.60,-0.400,0.140,-9.460,0.00000,0
63.386,0.0,0.0,1.60,-0.400,0.140,-9.460,0.00000,0
63.396,0.0,0.0,1.60,-0.400,0.140,-9.460,0.00000,0
63.406,0.0,0.0,1.60,-0.400,0.140,-9.460,0.00000,0
63.416,0.0,0.0,1.60,-0.420,0.110,-9.490,0.00000,0
63.426,0.0,0.0,1.60,-0.420,0.110,-9.490,0.00000,0
63.436,0.0,0.0,1.60,-0.420,0.110,-9.490,0.00000,0
63.446,0.0,0.0,1.60,-0.420,0.110,-9.490,0.00000,0
63.456,0.0,0.0,1.60,-0.420,0.110,-9.490,0.00000,0
63.467,0.0,0.0,1.60,-0.390,0.140,-9.470,0.00000,0
63.477,0.0,0.0,1.60,-0.390,0.140,-9.470,0.00000,0
63.487,0.0,0.0,1.60,-0.390,0.140,-9.470,0.00000,0
63.497,0.0,0.0,1.60,-0.390,0.140,-9.470,0.00000,0
63.507,0.0,0.0,1.60,-0.390,0.140,-9.470,0.00000,0
63.517,0.0,0.0,1.60,-0.380,0.140,-9.450,0.00000,0
63.527,0.0,0.0,1.60,-0.380,0.140,-9.450,0.00000,0
63.538,0.0,0.0,1.60,-0.380,0.140,-9.450,0.00000,0
63.548,0.0,0.0,1.60,-0.380,0.140,-9.450,0.00000,0
63.558,0.0,0.0,1.60,-0.380,0.140,-9.450,0.00000,0
63.568,0.0,0.0,1.60,-0.400,0.110,-9.510,0.00000,0
63.578,0.0,0.0,1.60,-0.400,0.110,-9.510,0.00000,0
63.588,0.0,0.0,1.60,-0.400,0.110,-9.510,0.00000,0
63.598,0.0,0.0,1.60,-0.400,0.110,-9.510,0.00000,0
63.608,0.0,0.0,1.60,-0.420,0.110,-9.490,0.00000,0
63.619,0.0,0.0,1.60,-0.420,0.110,-9.490,0.00000,0
63.629,0.0,0.0,1.60,-0.420,0.110,-9.490,0.00000,0
63.639,0.0,0.0,1.60,-0.420,0.110,-9.490,0.00000,0
63.649,0.0,0.0,1.60,-0.420,0.110,-9.490,0.00000,0
63.660,0.0,0.0,1.60,-0.400,0.150,-9.450,0.00000,0
63.671,0.0,0.0,1.60,-0.400,0.150,-9.450,0.00000,0
63.681,0.0,0.0,1.60,-0.400,0.150,-9.450,0.00000,0
63.691,0.0,0.0,1.60,-0.400,0.150,-9.450,0.00000,0
63.701,0.0,0.0,1.60,-0.400,0.150,-9.450,0.00000,0
63.711,0.0,0.0,1.60,-0.350,0.130,-9.480,0.00000,0
63.721,0.0,0.0,1.60,-0.350,0.130,-9.480,0.00000,0
63.731,0.0,0.0,1.60,-0.350,0.130,-9.480,0.00000,0
63.741,0.0,0.0,1.60,-0.350,0.130,-9.480,0.00000,0
63.752,0.0,0.0,1.60,-0.350,0.130,-9.480,0.00000,0
63.762,0.0,0.0,1.60,-0.400,0.130,-9.440,0.00000,0
63.772,0.0,0.0,1.60,-0.400,0.130,-9.440,0.00000,0
63.782,0.0,0.0,1.60,-0.400,0.130,-9.440,0.00000,0
63.792,0.0,0.0,1.60,-0.400,0.130,-9.440,0.00000,0
63.802,0.0,0.0,1.60,-0.400,0.130,-9.440,0.00000,0
63.812,0.0,0.0,1.60,-0.400,0.130,-9.440,0.00000,0
63.822,0.0,0.0,1.60,-0.410,0.090,-9.460,0.00000,0
63.833,0.0,0.0,1.60,-0.410,0.090,-9.460,0.00000,0
63.843,0.0,0.0,1.60,-0.410,0.090,-9.460,0.00000,0
63.853,0.0,0.0,1.60,-0.410,0.090,-9.460,0.00000,0
63.863,0.0,0.0,1.60,-0.380,0.120,-9.410,0.00000,0
63.873,0.0,0.0,1.60,-0.380,0.120,-9.410,0.00000,0
63.883,0.0,0.0,1.60,-0.380,0.120,-9.410,0.00000,0
63.893,0.0,0.0,1.60,-0.380,0.120,-9.410,0.00000,0
63.903,0.0,0.0,1.60,-0.380,0.120,-9.410,0.00000,0
63.913,0.0,0.0,1.60,-0.390,0.170,-9.480,0.00000,0
63.924,0.0,0.0,1.60,-0.390,0.170,-9.480,0.00000,0
63.934,0.0,0.0,1.60,-0.390,0.170,-9.480,0.00000,0
63.944,0.0,0.0,1.60,-0.390,0.170,-9.480,0.00000,0
63.954,0.0,0.0,1.60,-0.390,0.170,-9.480,0.00000,0
63.964,0.0,0.0,1.60,-0.400,0.100,-9.450,0.00000,0
63.974,0.0,0.0,1.60,-0.400,0.100,-9.450,0.00000,0
63.984,0.0,0.0,1.60,-0.400,0.100,-9.450,0.00000,0
63.994,0.0,0.0,1.60,-0.400,0.100,-9.450,0.00000,0
64.005,0.0,0.0,1.60,-0.400,0.100,-9.450,0.00000,0
64.015,0.0,0.0,1.60,-0.400,0.130,-9.470,0.00000,0
64.025,0.0,0.0,1.60,-0.400,0.130,-9.470,0.00000,0
64.035,0.0,0.0,1.60,-0.400,0.130,-9.470,0.00000,0
64.045,0.0,0.0,1.60,-0.400,0.130,-9.470,0.00000,0
64.055,0.0,0.0,1.60,-0.400,0.130,-9.470,0.00000,0
64.065,0.0,0.0,1.60,-0.380,0.150,-9.480,0.00000,0
64.075,0.0,0.0,1.60,-0.380,0.150,-9.480,0.00000,0
64.086,0.0,0.0,1.60,-0.380,0.150,-9.480,0.00000,0
64.096,0.0,0.0,1.60,-0.380,0.150,-9.480,0.00000,0
64.106,0.0,0.0,1.60,-0.410,0.120,-9.530,0.00000,0
64.116,0.0,0.0,1.60,-0.410,0.120,-9.530,0.00000,0
64.126,0.0,0.0,1.60,-0.410,0.120,-9.530,0.00000,0
64.136,0.0,0.0,1.60,-0.410,0.120,-9.530,0.00000,0
64.147,0.0,0.0,1.60,-0.410,0.120,-9.530,0.00000,0
64.157,0.0,0.0,1.60,-0.410,0.120,-9.530,0.00000,0
64.167,0.0,0.0,1.60,-0.360,0.110,-9.520,0.00000,0
64.177,0.0,0.0,1.60,-0.360,0.110,-9.520,0.00000,0
64.187,0.0,0.0,1.60,-0.360,0.110,-9.520,0.00000,0
64.197,0.0,0.0,1.60,-0.360,0.110,-9.520,0.00000,0
64.207,0.0,0.0,1.60,-0.360,0.110,-9.520,0.00000,0
64.217,0.0,0.0,1.60,-0.390,0.170,-9.490,0.00000,0
64.228,0.0,0.0,1.60,-0.390,0.170,-9.490,0.00000,0
64.238,0.0,0.0,1.60,-0.390,0.170,-9.490,0.00000,0
64.248,0.0,0.0,1.60,-0.390,0.170,-9.490,0.00000,0
64.258,0.0,0.0,1.60,-0.390,0.170,-9.490,0.00000,0
64.268,0.0,0.0,1.60,-0.400,0.140,-9.450,0.00000,0
64.278,0.0,0.0,1.60,-0.400,0.140,-9.450,0.00000,0
64.288,0.0,0.0,1.60,-0.400,0.140,-9.450,0.00000,0
64.299,0.0,0.0,1.60,-0.400,0.140,-9.450,0.00000,0
64.309,0.0,0.0,1.60,-0.400,0.140,-9.450,0.00000,0
64.319,0.0,0.0,1.60,-0.380,0.130,-9.500,0.00000,0
64.329,0.0,0.0,1.60,-0.380,0.130,-9.500,0.00000,0
64.339,0.0,0.0,1.60,-0.380,0.130,-9.500,0.00000,0
64.349,0.0,0.0,1.60,-0.380,0.130,-9.500,0.00000,0
64.359,0.0,0.0,1.60,-0.400,0.110,-9.550,0.00000,0
64.370,0.0,0.0,1.60,-0.400,0.110,-9.550,0.00000,0
64.380,0.0,0.0,1.60,-0.400,0.110,-9.550,0.00000,0
64.390,0.0,0.0,1.60,-0.400,0.110,-9.550,0.00000,0
64.400,0.0,0.0,1.60,-0.400,0.110,-9.550,0.00000,0
64.412,0.0,0.0,1.60,-0.420,0.150,-9.550,0.00000,0
64.422,0.0,0.0,1.60,-0.420,0.150,-9.550,0.00000,0
64.432,0.0,0.0,1.60,-0.420,0.150,-9.550,0.00000,0
64.442,0.0,0.0,1.60,-0.420,0.150,-9.550,0.00000,0
64.452,0.0,0.0,1.60,-0.420,0.150,-9.550,0.00000,0
64.462,0.0,0.0,1.60,-0.390,0.110,-9.560,0.00000,0
64.473,0.0,0.0,1.60,-0.390,0.110,-9.560,0.00000,0
64.483,0.0,0.0,1.60,-0.390,0.110,-9.560,0.00000,0
64.493,0.0,0.0,1.60,-0.390,0.110,-9.560,0.00000,0
64.503,0.0,0.0,1.60,-0.390,0.110,-9.560,0.00000,0
64.513,0.0,0.0,1.60,-0.400,0.110,-9.490,0.00000,0
64.523,0.0,0.0,1.60,-0.400,0.110,-9.490,0.00000,0
64.533,0.0,0.0,1.60,-0.400,0.110,-9.490,0.00000,0
64.544,0.0,0.0,1.60,-0.400,0.110,-9.490,0.00000,0
64.554,0.0,0.0,1.60,-0.400,0.110,-9.490,0.00000,0
64.564,0.0,0.0,1.60,-0.400,0.110,-9.490,0.00000,0
64.574,0.0,0.0,1.60,-0.390,0.120,-9.540,0.00000,0
64.584,0.0,0.0,1.60,-0.390,0.120,-9.540,0.00000,0
64.594,0.0,0.0,1.60,-0.390,0.120,-9.540,0.00000,0
64.604,0.0,0.0,1.60,-0.390,0.120,-9.540,0.00000,0
64.615,0.0,0.0,1.60,-0.430,0.130,-9.490,0.00000,0
64.625,0.0,0.0,1.60,-0.430,0.130,-9.490,0.00000,0
64.635,0.0,0.0,1.60,-0.430,0.130,-9.490,0.00000,0
64.645,0.0,0.0,1.60,-0.430,0.130,-9.490,0.00000,0
64.655,0.0,0.0,1.60,-0.430,0.130,-9.490,0.00000,0
64.665,0.0,0.0,1.60,-0.410,0.110,-9.440,0.00000,0
64.675,0.0,0.0,1.60,-0.410,0.110,-9.440,0.00000,0
64.686,0.0,0.0,1.60,-0.410,0.110,-9.440,0.00000,0
64.696,0.0,0.0,1.60,-0.410,0.110,-9.440,0.00000,0
64.706,0.0,0.0,1.60,-0.410,0.110,-9.440,0.00000,0
64.716,0.0,0.0,1.60,-0.400,0.140,-9.550,0.00000,0
64.726,0.0,0.0,1.60,-0.400,0.140,-9.550,0.00000,0
64.736,0.0,0.0,1.60,-0.400,0.140,-9.550,0.00000,0
64.746,0.0,0.0,1.60,-0.400,0.140,-9.550,0.00000,0
64.756,0.0,0.0,1.60,-0.400,0.140,-9.550,0.00000,0
64.767,0.0,0.0,1.60,-0.380,0.140,-9.450,0.00000,0
64.777,0.0,0.0,1.60,-0.380,0.140,-9.450,0.00000,0
64.787,0.0,0.0,1.60,-0.380,0.140,-9.450,0.00000,0
64.797,0.0,0.0,1.60,-0.380,0.140,-9.450,0.00000,0
64.807,0.0,0.0,1.60,-0.380,0.140,-9.450,0.00000,0
64.817,0.0,0.0,1.60,-0.410,0.140,-9.530,0.00000,0
64.827,0.0,0.0,1.60,-0.410,0.140,-9.530,0.00000,0
64.838,0.0,0.0,1.60,-0.410,0.140,-9.530,0.00000,0
64.848,0.0,0.0,1.60,-0.410,0.140,-9.530,0.00000,0
64.858,0.0,0.0,1.60,-0.380,0.160,-9.460,0.00000,0
64.868,0.0,0.0,1.60,-0.380,0.160,-9.460,0.00000,0
64.878,0.0,0.0,1.60,-0.380,0.160,-9.460,0.00000,0
64.888,0.0,0.0,1.60,-0.380,0.160,-9.460,0.00000,0
64.898,0.0,0.0,1.60,-0.380,0.160,-9.460,0.00000,0
64.908,0.0,0.0,1.60,-0.410,0.110,-9.520,0.00000,0
64.919,0.0,0.0,1.60,-0.410,0.110,-9.520,0.00000,0
64.929,0.0,0.0,1.60,-0.410,0.110,-9.520,0.00000,0
64.939,0.0,0.0,1.60,-0.410,0.110,-9.520,0.00000,0
64.949,0.0,0.0,1.60,-0.410,0.110,-9.520,0.00000,0
64.959,0.0,0.0,1.60,-0.410,0.110,-9.520,0.00000,0
64.969,0.0,0.0,1.60,-0.420,0.130,-9.570,0.00000,0
64.979,0.0,0.0,1.60,-0.420,0.130,-9.570,0.00000,0
64.990,0.0,0.0,1.60,-0.420,0.130,-9.570,0.00000,0
65.000,0.0,0.0,1.60,-0.420,0.130,-9.570,0.00000,0
65.010,0.0,0.0,1.60,-0.420,0.130,-9.570,0.00000,0
65.020,0.0,0.0,1.60,-0.370,0.130,-9.530,0.00000,0
65.030,0.0,0.0,1.60,-0.370,0.130,-9.530,0.00000,0
65.040,0.0,0.0,1.60,-0.370,0.130,-9.530,0.00000,0
65.050,0.0,0.0,1.60,-0.370,0.130,-9.530,0.00000,0
65.060,0.0,0.0,1.60,-0.370,0.130,-9.530,0.00000,0
65.071,0.0,0.0,1.60,-0.400,0.130,-9.490,0.00000,0
65.081,0.0,0.0,1.60,-0.400,0.130,-9.490,0.00000,0
65.091,0.0,0.0,1.60,-0.400,0.130,-9.490,0.00000,0
65.101,0.0,0.0,1.60,-0.400,0.130,-9.490,0.00000,0
65.111,0.0,0.0,1.60,-0.370,0.150,-9.500,0.00000,0
65.121,0.0,0.0,1.60,-0.370,0.150,-9.500,0.00000,0
65.132,0.0,0.0,1.60,-0.370,0.150,-9.500,0.00000,0
65.142,0.0,0.0,1.60,-0.370,0.150,-9.500,0.00000,0
65.152,0.0,0.0,1.60,-0.370,0.150,-9.500,0.00000,0
65.163,0.0,0.0,1.60,-0.370,0.110,-9.460,0.00000,0
65.173,0.0,0.0,1.60,-0.370,0.110,-9.460,0.00000,0
65.183,0.0,0.0,1.60,-0.370,0.110,-9.460,0.00000,0
65.193,0.0,0.0,1.60,-0.370,0.110,-9.460,0.00000,0
65.203,0.0,0.0,1.60,-0.370,0.110,-9.460,0.00000,0
65.213,0.0,0.0,1.60,-0.410,0.100,-9.520,0.00000,0
65.223,0.0,0.0,1.60,-0.410,0.100,-9.520,0.00000,0
65.234,0.0,0.0,1.60,-0.410,0.100,-9.520,0.00000,0
65.244,0.0,0.0,1.60,-0.410,0.100,-9.520,0.00000,0
65.254,0.0,0.0,1.60,-0.410,0.100,-9.520,0.00000,0
65.264,0.0,0.0,1.60,-0.410,0.090,-9.460,0.00000,0
65.274,0.0,0.0,1.60,-0.410,0.090,-9.460,0.00000,0
65.284,0.0,0.0,1.60,-0.410,0.090,-9.460,0.00000,0
65.294,0.0,0.0,1.60,-0.410,0.090,-9.460,0.00000,0
65.304,0.0,0.0,1.60,-0.410,0.090,-9.460,0.00000,0
65.315,0.0,0.0,1.60,-0.410,0.140,-9.480,0.00000,0
65.325,0.0,0.0,1.60,-0.410,0.140,-9.480,0.00000,0
65.335,0.0,0.0,1.60,-0.410,0.140,-9.480,0.00000,0
65.345,0.0,0.0,1.60,-0.410,0.140,-9.480,0.00000,0
65.355,0.0,0.0,1.60,-0.410,0.140,-9.480,0.00000,0
65.365,0.0,0.0,1.60,-0.380,0.140,-9.470,0.00000,0
65.375,0.0,0.0,1.60,-0.380,0.140,-9.470,0.00000,0
65.385,0.0,0.0,1.60,-0.380,0.140,-9.470,0.00000,0
65.396,0.0,0.0,1.60,-0.380,0.140,-9.470,0.00000,0
65.406,0.0,0.0,1.60,-0.380,0.140,-9.470,0.00000,0
65.416,0.0,0.0,1.60,-0.440,0.100,-9.510,0.00000,0
65.426,0.0,0.0,1.60,-0.440,0.100,-9.510,0.00000,0
65.436,0.0,0.0,1.60,-0.440,0.100,-9.510,0.00000,0
65.446,0.0,0.0,1.60,-0.440,0.100,-9.510,0.00000,0
65.456,0.0,0.0,1.60,-0.440,0.100,-9.510,0.00000,0
65.466,0.0,0.0,1.60,-0.400,0.110,-9.470,0.00000,0
65.476,0.0,0.0,1.60,-0.400,0.110,-9.470,0.00000,0
65.487,0.0,0.0,1.60,-0.400,0.110,-9.470,0.00000,0
65.497,0.0,0.0,1.60,-0.400,0.110,-9.470,0.00000,0
65.507,0.0,0.0,1.60,-0.400,0.110,-9.470,0.00000,0
65.517,0.0,0.0,1.60,-0.400,0.140,-9.480,0.00000,0
65.527,0.0,0.0,1.60,-0.400,0.140,-9.480,0.00000,0
65.537,0.0,0.0,1.60,-0.400,0.140,-9.480,0.00000,0
65.547,0.0,0.0,1.60,-0.400,0.140,-9.480,0.00000,0
65.557,0.0,0.0,1.60,-0.400,0.140,-9.480,0.00000,0
65.568,0.0,0.0,1.60,-0.430,0.140,-9.440,0.00000,0
65.578,0.0,0.0,1.60,-0.430,0.140,-9.440,0.00000,0
65.588,0.0,0.0,1.60,-0.430,0.140,-9.440,0.00000,0
65.598,0.0,0.0,1.60,-0.430,0.140,-9.440,0.00000,0
65.608,0.0,0.0,1.60,-0.400,0.150,-9.480,0.00000,0
65.618,0.0,0.0,1.60,-0.400,0.150,-9.480,0.00000,0
65.628,0.0,0.0,1.60,-0.400,0.150,-9.480,0.00000,0
65.639,0.0,0.0,1.60,-0.400,0.150,-9.480,0.00000,0
65.649,0.0,0.0,1.60,-0.400,0.150,-9.480,0.00000,0
65.659,0.0,0.0,1.60,-0.410,0.140,-9.560,0.00000,0
65.669,0.0,0.0,1.60,-0.410,0.140,-9.560,0.00000,0
65.679,0.0,0.0,1.60,-0.410,0.140,-9.560,0.00000,0
65.689,0.0,0.0,1.60,-0.410,0.140,-9.560,0.00000,0
65.699,0.0,0.0,1.60,-0.410,0.140,-9.560,0.00000,0
65.709,0.0,0.0,1.60,-0.410,0.140,-9.560,0.00000,0
65.720,0.0,0.0,1.60,-0.370,0.150,-9.520,0.00000,0
65.730,0.0,0.0,1.60,-0.370,0.150,-9.520,0.00000,0
65.740,0.0,0.0,1.60,-0.370,0.150,-9.520,0.00000,0
65.750,0.0,0.0,1.60,-0.370,0.150,-9.520,0.00000,0
65.760,0.0,0.0,1.60,-0.370,0.150,-9.520,0.00000,0
65.770,0.0,0.0,1.60,-0.380,0.150,-9.500,0.00000,0
65.780,0.0,0.0,1.60,-0.380,0.150,-9.500,0.00000,0
65.790,0.0,0.0,1.60,-0.380,0.150,-9.500,0.00000,0
65.801,0.0,0.0,1.60,-0.380,0.150,-9.500,0.00000,0
65.811,0.0,0.0,1.60,-0.380,0.150,-9.500,0.00000,0
65.821,0.0,0.0,1.60,-0.390,0.110,-9.460,0.00000,0
65.831,0.0,0.0,1.60,-0.390,0.110,-9.460,0.00000,0
65.841,0.0,0.0,1.60,-0.390,0.110,-9.460,0.00000,0
65.851,0.0,0.0,1.60,-0.390,0.110,-9.460,0.00000,0
65.861,0.0,0.0,1.60,-0.400,0.150,-9.500,0.00000,0
65.871,0.0,0.0,1.60,-0.400,0.150,-9.500,0.00000,0
65.882,0.0,0.0,1.60,-0.400,0.150,-9.500,0.00000,0
65.892,0.0,0.0,1.60,-0.400,0.150,-9.500,0.00000,0
65.902,0.0,0.0,1.60,-0.400,0.150,-9.500,0.00000,0
65.912,0.0,0.0,1.60,-0.410,0.140,-9.460,0.00000,0
65.922,0.0,0.0,1.60,-0.410,0.140,-9.460,0.00000,0
65.932,0.0,0.0,1.60,-0.410,0.140,-9.460,0.00000,0
65.943,0.0,0.0,1.60,-0.410,0.140,-9.460,0.00000,0
65.953,0.0,0.0,1.60,-0.410,0.140,-9.460,0.00000,0
65.964,0.0,0.0,1.60,-0.450,0.130,-9.410,0.00000,0
65.974,0.0,0.0,1.60,-0.450,0.130,-9.410,0.00000,0
65.984,0.0,0.0,1.60,-0.450,0.130,-9.410,0.00000,0
65.994,0.0,0.0,1.60,-0.450,0.130,-9.410,0.00000,0
66.004,0.0,0.0,1.60,-0.450,0.130,-9.410,0.00000,0
66.015,0.0,0.0,1.60,-0.440,0.100,-9.450,0.00000,0
66.025,0.0,0.0,1.60,-0.440,0.100,-9.450,0.00000,0
66.035,0.0,0.0,1.60,-0.440,0.100,-9.450,0.00000,0
66.045,0.0,0.0,1.60,-0.440,0.100,-9.450,0.00000,0
66.055,0.0,0.0,1.60,-0.440,0.100,-9.450,0.00000,0
66.065,0.0,0.0,1.60,-0.400,0.130,-9.430,0.00000,0
66.075,0.0,0.0,1.60,-0.400,0.130,-9.430,0.00000,0
66.086,0.0,0.0,1.60,-0.400,0.130,-9.430,0.00000,0
66.096,0.0,0.0,1.60,-0.400,0.130,-9.430,0.00000,0
66.106,0.0,0.0,1.60,-0.400,0.130,-9.430,0.00000,0
66.116,0.0,0.0,1.60,-0.430,0.120,-9.500,0.00000,0
66.126,0.0,0.0,1.60,-0.430,0.120,-9.500,0.00000,0
66.136,0.0,0.0,1.60,-0.430,0.120,-9.500,0.00000,0
66.146,0.0,0.0,1.60,-0.430,0.120,-9.500,0.00000,0
66.156,0.0,0.0,1.60,-0.430,0.120,-9.500,0.00000,0
66.167,0.0,0.0,1.60,-0.430,0.080,-9.520,0.00000,0
66.177,0.0,0.0,1.60,-0.430,0.080,-9.520,0.00000,0
66.187,0.0,0.0,1.60,-0.430,0.080,-9.520,0.00000,0
66.197,0.0,0.0,1.60,-0.430,0.080,-9.520,0.00000,0
66.207,0.0,0.0,1.60,-0.430,0.080,-9.520,0.00000,0
66.217,0.0,0.0,1.60,-0.400,0.150,-9.540,0.00000,0
66.227,0.0,0.0,1.60,-0.400,0.150,-9.540,0.00000,0
66.238,0.0,0.0,1.60,-0.400,0.150,-9.540,0.00000,0
66.248,0.0,0.0,1.60,-0.400,0.150,-9.540,0.00000,0
66.258,0.0,0.0,1.60,-0.400,0.150,-9.540,0.00000,0
66.268,0.0,0.0,1.60,-0.420,0.100,-9.480,0.00000,0
66.278,0.0,0.0,1.60,-0.420,0.100,-9.480,0.00000,0
66.288,0.0,0.0,1.60,-0.420,0.100,-9.480,0.00000,0
66.298,0.0,0.0,1.60,-0.420,0.100,-9.480,0.00000,0
66.309,0.0,0.0,1.60,-0.420,0.100,-9.480,0.00000,0
66.319,0.0,0.0,1.60,-0.420,0.110,-9.500,0.00000,0
66.329,0.0,0.0,1.60,-0.420,0.110,-9.500,0.00000,0
66.339,0.0,0.0,1.60,-0.420,0.110,-9.500,0.00000,0
66.349,0.0,0.0,1.60,-0.420,0.110,-9.500,0.00000,0
66.359,0.0,0.0,1.60,-0.400,0.130,-9.430,0.00000,0
66.369,0.0,0.0,1.60,-0.400,0.130,-9.430,0.00000,0
66.380,0.0,0.0,1.60,-0.400,0.130,-9.430,0.00000,0
66.390,0.0,0.0,1.60,-0.400,0.130,-9.430,0.00000,0
66.400,0.0,0.0,1.60,-0.400,0.130,-9.430,0.00000,0
66.410,0.0,0.0,1.60,-0.450,0.120,-9.450,0.00000,0
66.420,0.0,0.0,1.60,-0.450,0.120,-9.450,0.00000,0
66.430,0.0,0.0,1.60,-0.450,0.120,-9.450,0.00000,0
66.441,0.0,0.0,1.60,-0.450,0.120,-9.450,0.00000,0
66.451,0.0,0.0,1.60,-0.450,0.120,-9.450,0.00000,0
66.461,0.0,0.0,1.60,-0.390,0.100,-9.450,0.00000,0
66.471,0.0,0.0,1.60,-0.390,0.100,-9.450,0.00000,0
66.481,0.0,0.0,1.60,-0.390,0.100,-9.450,0.00000,0
66.491,0.0,0.0,1.60,-0.390,0.100,-9.450,0.00000,0
66.501,0.0,0.0,1.60,-0.390,0.100,-9.450,0.00000,0
66.511,0.0,0.0,1.60,-0.390,0.100,-9.450,0.00000,0
66.521,0.0,0.0,1.60,-0.410,0.140,-9.460,0.00000,0
66.532,0.0,0.0,1.60,-0.410,0.140,-9.460,0.00000,0
66.542,0.0,0.0,1.60,-0.410,0.140,-9.460,0.00000,0
66.552,0.0,0.0,1.60,-0.410,0.140,-9.460,0.00000,0
66.562,0.0,0.0,1.60,-0.410,0.140,-9.460,0.00000,0
66.572,0.0,0.0,1.60,-0.410,0.120,-9.500,0.00000,0
66.582,0.0,0.0,1.60,-0.410,0.120,-9.500,0.00000,0
66.593,0.0,0.0,1.60,-0.410,0.120,-9.500,0.00000,0
66.603,0.0,0.0,1.60,-0.410,0.120,-9.500,0.00000,0
66.613,0.0,0.0,1.60,-0.400,0.110,-9.430,0.00000,0
66.623,0.0,0.0,1.60,-0.400,0.110,-9.430,0.00000,0
66.633,0.0,0.0,1.60,-0.400,0.110,-9.430,0.00000,0
66.643,0.0,0.0,1.60,-0.400,0.110,-9.430,0.00000,0
66.653,0.0,0.0,1.60,-0.400,0.110,-9.430,0.00000,0
66.663,0.0,0.0,1.60,-0.400,0.140,-9.470,0.00000,0
66.673,0.0,0.0,1.60,-0.400,0.140,-9.470,0.00000,0
66.684,0.0,0.0,1.60,-0.400,0.140,-9.470,0.00000,0
66.694,0.0,0.0,1.60,-0.400,0.140,-9.470,0.00000,0
66.704,0.0,0.0,1.60,-0.400,0.140,-9.470,0.00000,0
66.714,0.0,0.0,1.60,-0.390,0.130,-9.470,0.00000,0
66.724,0.0,0.0,1.60,-0.390,0.130,-9.470,0.00000,0
66.734,0.0,0.0,1.60,-0.390,0.130,-9.470,0.00000,0
66.745,0.0,0.0,1.60,-0.390,0.130,-9.470,0.00000,0
66.755,0.0,0.0,1.60,-0.390,0.130,-9.470,0.00000,0
66.765,0.0,0.0,1.60,-0.400,0.120,-9.420,0.00000,0
66.775,0.0,0.0,1.60,-0.400,0.120,-9.420,0.00000,0
66.786,0.0,0.0,1.60,-0.400,0.120,-9.420,0.00000,0
66.796,0.0,0.0,1.60,-0.400,0.120,-9.420,0.00000,0
66.806,0.0,0.0,1.60,-0.400,0.120,-9.420,0.00000,0
66.816,0.0,0.0,1.60,-0.410,0.090,-9.460,0.00000,0
66.826,0.0,0.0,1.60,-0.410,0.090,-9.460,0.00000,0
66.836,0.0,0.0,1.60,-0.410,0.090,-9.460,0.00000,0
66.846,0.0,0.0,1.60,-0.410,0.090,-9.460,0.00000,0
66.856,0.0,0.0,1.60,-0.420,0.150,-9.490,0.00000,0
66.867,0.0,0.0,1.60,-0.420,0.150,-9.490,0.00000,0
66.877,0.0,0.0,1.60,-0.420,0.150,-9.490,0.00000,0
66.887,0.0,0.0,1.60,-0.420,0.150,-9.490,0.00000,0
66.897,0.0,0.0,1.60,-0.420,0.150,-9.490,0.00000,0
66.907,0.0,0.0,1.60,-0.420,0.150,-9.490,0.00000,0
66.917,0.0,0.0,1.60,-0.410,0.130,-9.470,0.00000,0
66.927,0.0,0.0,1.60,-0.410,0.130,-9.470,0.00000,0
66.938,0.0,0.0,1.60,-0.410,0.130,-9.470,0.00000,0
66.948,0.0,0.0,1.60,-0.410,0.130,-9.470,0.00000,0
66.958,0.0,0.0,1.60,-0.410,0.130,-9.470,0.00000,0
66.968,0.0,0.0,1.60,-0.410,0.150,-9.420,0.00000,0
66.978,0.0,0.0,1.60,-0.410,0.150,-9.420,0.00000,0
66.989,0.0,0.0,1.60,-0.410,0.150,-9.420,0.00000,0
66.999,0.0,0.0,1.60,-0.410,0.150,-9.420,0.00000,0
67.009,0.0,0.0,1.60,-0.410,0.150,-9.420,0.00000,0
67.019,0.0,0.0,1.60,-0.430,0.160,-9.500,0.00000,0
67.029,0.0,0.0,1.60,-0.430,0.160,-9.500,0.00000,0
67.039,0.0,0.0,1.60,-0.430,0.160,-9.500,0.00000,0
67.049,0.0,0.0,1.60,-0.430,0.160,-9.500,0.00000,0
67.059,0.0,0.0,1.60,-0.430,0.160,-9.500,0.00000,0
67.070,0.0,0.0,1.60,-0.400,0.100,-9.410,0.00000,0
67.080,0.0,0.0,1.60,-0.400,0.100,-9.410,0.00000,0
67.090,0.0,0.0,1.60,-0.400,0.100,-9.410,0.00000,0
67.100,0.0,0.0,1.60,-0.400,0.100,-9.410,0.00000,0
67.110,0.0,0.0,1.60,-0.400,0.100,-9.410,0.00000,0
67.120,0.0,0.0,1.60,-0.410,0.110,-9.470,0.00000,0
67.130,0.0,0.0,1.60,-0.410,0.110,-9.470,0.00000,0
67.141,0.0,0.0,1.60,-0.410,0.110,-9.470,0.00000,0
67.151,0.0,0.0,1.60,-0.410,0.110,-9.470,0.00000,0
67.161,0.0,0.0,1.60,-0.430,0.120,-9.490,0.00000,0
67.171,0.0,0.0,1.60,-0.430,0.120,-9.490,0.00000,0
67.181,0.0,0.0,1.60,-0.430,0.120,-9.490,0.00000,0
67.191,0.0,0.0,1.60,-0.430,0.120,-9.490,0.00000,0
67.201,0.0,0.0,1.60,-0.430,0.120,-9.490,0.00000,0
67.211,0.0,0.0,1.60,-0.390,0.090,-9.490,0.00000,0
67.221,0.0,0.0,1.60,-0.390,0.090,-9.490,0.00000,0
67.232,0.0,0.0,1.60,-0.390,0.090,-9.490,0.00000,0
67.242,0.0,0.0,1.60,-0.390,0.090,-9.490,0.00000,0
67.252,0.0,0.0,1.60,-0.390,0.090,-9.490,0.00000,0
67.262,0.0,0.0,1.60,-0.390,0.090,-9.490,0.00000,0
67.272,0.0,0.0,1.60,-0.420,0.090,-9.460,0.00000,0
67.282,0.0,0.0,1.60,-0.420,0.090,-9.460,0.00000,0
67.292,0.0,0.0,1.60,-0.420,0.090,-9.460,0.00000,0
67.303,0.0,0.0,1.60,-0.420,0.090,-9.460,0.00000,0
67.313,0.0,0.0,1.60,-0.420,0.090,-9.460,0.00000,0
67.323,0.0,0.0,1.60,-0.390,0.140,-9.520,0.00000,0
67.333,0.0,0.0,1.60,-0.390,0.140,-9.520,0.00000,0
67.343,0.0,0.0,1.60,-0.390,0.140,-9.520,0.00000,0
67.353,0.0,0.0,1.60,-0.390,0.140,-9.520,0.00000,0
67.363,0.0,0.0,1.60,-0.430,0.100,-9.470,0.00000,0
67.373,0.0,0.0,1.60,-0.430,0.100,-9.470,0.00000,0
67.384,0.0,0.0,1.60,-0.430,0.100,-9.470,0.00000,0
67.394,0.0,0.0,1.60,-0.430,0.100,-9.470,0.00000,0
67.404,0.0,0.0,1.60,-0.430,0.100,-9.470,0.00000,0
67.414,0.0,0.0,1.60,-0.400,0.140,-9.480,0.00000,0
67.424,0.0,0.0,1.60,-0.400,0.140,-9.480,0.00000,0
67.434,0.0,0.0,1.60,-0.400,0.140,-9.480,0.00000,0
67.444,0.0,0.0,1.60,-0.400,0.140,-9.480,0.00000,0
67.454,0.0,0.0,1.60,-0.400,0.140,-9.480,0.00000,0
67.465,0.0,0.0,1.60,-0.400,0.110,-9.380,0.00000,0
67.475,0.0,0.0,1.60,-0.400,0.110,-9.380,0.00000,0
67.485,0.0,0.0,1.60,-0.400,0.110,-9.380,0.00000,0
67.495,0.0,0.0,1.60,-0.400,0.110,-9.380,0.00000,0
67.505,0.0,0.0,1.60,-0.400,0.110,-9.380,0.00000,0
67.515,0.0,0.0,1.60,-0.360,0.150,-9.460,0.00000,0
67.525,0.0,0.0,1.60,-0.360,0.150,-9.460,0.00000,0
67.536,0.0,0.0,1.60,-0.360,0.150,-9.460,0.00000,0
67.546,0.0,0.0,1.60,-0.360,0.150,-9.460,0.00000,0
67.556,0.0,0.0,1.60,-0.360,0.150,-9.460,0.00000,0
67.566,0.0,0.0,1.60,-0.430,0.140,-9.520,0.00000,0
67.576,0.0,0.0,1.60,-0.430,0.140,-9.520,0.00000,0
67.586,0.0,0.0,1.60,-0.430,0.140,-9.520,0.00000,0
67.596,0.0,0.0,1.60,-0.430,0.140,-9.520,0.00000,0
67.606,0.0,0.0,1.60,-0.420,0.100,-9.470,0.00000,0
67.617,0.0,0.0,1.60,-0.420,0.100,-9.470,0.00000,0
67.627,0.0,0.0,1.60,-0.420,0.100,-9.470,0.00000,0
67.637,0.0,0.0,1.60,-0.420,0.100,-9.470,0.00000,0
67.647,0.0,0.0,1.60,-0.420,0.100,-9.470,0.00000,0
67.657,0.0,0.0,1.60,-0.420,0.100,-9.470,0.00000,0
67.667,0.0,0.0,1.60,-0.380,0.110,-9.470,0.00000,0
67.677,0.0,0.0,1.60,-0.380,0.110,-9.470,0.00000,0
67.688,0.0,0.0,1.60,-0.380,0.110,-9.470,0.00000,0
67.698,0.0,0.0,1.60,-0.380,0.110,-9.470,0.00000,0
67.708,0.0,0.0,1.60,-0.380,0.110,-9.470,0.00000,0
67.718,0.0,0.0,1.60,-0.450,0.110,-9.490,0.00000,0
67.728,0.0,0.0,1.60,-0.450,0.110,-9.490,0.00000,0
67.738,0.0,0.0,1.60,-0.450,0.110,-9.490,0.00000,0
67.748,0.0,0.0,1.60,-0.450,0.110,-9.490,0.00000,0
67.759,0.0,0.0,1.60,-0.450,0.110,-9.490,0.00000,0
67.769,0.0,0.0,1.60,-0.400,0.120,-9.430,0.00000,0
67.779,0.0,0.0,1.60,-0.400,0.120,-9.430,0.00000,0
67.789,0.0,0.0,1.60,-0.400,0.120,-9.430,0.00000,0
67.799,0.0,0.0,1.60,-0.400,0.120,-9.430,0.00000,0
67.809,0.0,0.0,1.60,-0.400,0.120,-9.430,0.00000,0
67.819,0.0,0.0,1.60,-0.370,0.130,-9.430,0.00000,0
67.830,0.0,0.0,1.60,-0.370,0.130,-9.430,0.00000,0
67.840,0.0,0.0,1.60,-0.370,0.130,-9.430,0.00000,0
67.850,0.0,0.0,1.60,-0.370,0.130,-9.430,0.00000,0
67.860,0.0,0.0,1.60,-0.420,0.150,-9.550,0.00000,0
67.870,0.0,0.0,1.60,-0.420,0.150,-9.550,0.00000,0
67.880,0.0,0.0,1.60,-0.420,0.150,-9.550,0.00000,0
67.890,0.0,0.0,1.60,-0.420,0.150,-9.550,0.00000,0
67.900,0.0,0.0,1.60,-0.420,0.150,-9.550,0.00000,0
67.911,0.0,0.0,1.60,-0.410,0.120,-9.480,0.00000,0
67.921,0.0,0.0,1.60,-0.410,0.120,-9.480,0.00000,0
67.931,0.0,0.0,1.60,-0.410,0.120,-9.480,0.00000,0
67.941,0.0,0.0,1.60,-0.410,0.120,-9.480,0.00000,0
67.951,0.0,0.0,1.60,-0.410,0.120,-9.480,0.00000,0
67.961,0.0,0.0,1.60,-0.400,0.160,-9.400,0.00000,0
67.972,0.0,0.0,1.60,-0.400,0.160,-9.400,0.00000,0
67.982,0.0,0.0,1.60,-0.400,0.160,-9.400,0.00000,0
67.992,0.0,0.0,1.60,-0.400,0.160,-9.400,0.00000,0
68.002,0.0,0.0,1.60,-0.400,0.160,-9.400,0.00000,0
68.012,0.0,0.0,1.60,-0.400,0.160,-9.400,0.00000,0
68.022,0.0,0.0,1.60,-0.390,0.120,-9.420,0.00000,0
68.033,0.0,0.0,1.60,-0.390,0.120,-9.420,0.00000,0
68.043,0.0,0.0,1.60,-0.390,0.120,-9.420,0.00000,0
68.053,0.0,0.0,1.60,-0.390,0.120,-9.420,0.00000,0
68.063,0.0,0.0,1.60,-0.390,0.120,-9.420,0.00000,0
68.073,0.0,0.0,1.60,-0.410,0.110,-9.440,0.00000,0
68.083,0.0,0.0,1.60,-0.410,0.110,-9.440,0.00000,0
68.093,0.0,0.0,1.60,-0.410,0.110,-9.440,0.00000,0
68.103,0.0,0.0,1.60,-0.410,0.110,-9.440,0.00000,0
68.114,0.0,0.0,1.60,-0.370,0.140,-9.410,0.00000,0
68.124,0.0,0.0,1.60,-0.370,0.140,-9.410,0.00000,0
68.134,0.0,0.0,1.60,-0.370,0.140,-9.410,0.00000,0
68.144,0.0,0.0,1.60,-0.370,0.140,-9.410,0.00000,0
68.154,0.0,0.0,1.60,-0.370,0.140,-9.410,0.00000,0
68.164,0.0,0.0,1.60,-0.440,0.120,-9.460,0.00000,0
68.174,0.0,0.0,1.60,-0.440,0.120,-9.460,0.00000,0
68.185,0.0,0.0,1.60,-0.440,0.120,-9.460,0.00000,0
68.195,0.0,0.0,1.60,-0.440,0.120,-9.460,0.00000,0
68.205,0.0,0.0,1.60,-0.440,0.120,-9.460,0.00000,0
68.215,0.0,0.0,1.60,-0.360,0.140,-9.520,0.00000,0
68.225,0.0,0.0,1.60,-0.360,0.140,-9.520,0.00000,0
68.235,0.0,0.0,1.60,-0.360,0.140,-9.520,0.00000,0
68.245,0.0,0.0,1.60,-0.360,0.140,-9.520,0.00000,0
68.255,0.0,0.0,1.60,-0.360,0.140,-9.520,0.00000,0
68.266,0.0,0.0,1.60,-0.400,0.130,-9.490,0.00000,0
68.276,0.0,0.0,1.60,-0.400,0.130,-9.490,0.00000,0
68.286,0.0,0.0,1.60,-0.400,0.130,-9.490,0.00000,0
68.296,0.0,0.0,1.60,-0.400,0.130,-9.490,0.00000,0
68.306,0.0,0.0,1.60,-0.400,0.130,-9.490,0.00000,0
68.316,0.0,0.0,1.60,-0.430,0.130,-9.480,0.00000,0
68.327,0.0,0.0,1.60,-0.430,0.130,-9.480,0.00000,0
68.337,0.0,0.0,1.60,-0.430,0.130,-9.480,0.00000,0
68.347,0.0,0.0,1.60,-0.430,0.130,-9.480,0.00000,0
68.357,0.0,0.0,1.60,-0.400,0.110,-9.490,0.00000,0
68.368,0.0,0.0,1.60,-0.400,0.110,-9.490,0.00000,0
68.378,0.0,0.0,1.60,-0.400,0.110,-9.490,0.00000,0
68.388,0.0,0.0,1.60,-0.400,0.110,-9.490,0.00000,0
68.399,0.0,0.0,1.60,-0.400,0.110,-9.490,0.00000,0
68.409,0.0,0.0,1.60,-0.430,0.150,-9.480,0.00000,0
68.419,0.0,0.0,1.60,-0.430,0.150,-9.480,0.00000,0
68.429,0.0,0.0,1.60,-0.430,0.150,-9.480,0.00000,0
68.439,0.0,0.0,1.60,-0.430,0.150,-9.480,0.00000,0
68.449,0.0,0.0,1.60,-0.430,0.150,-9.480,0.00000,0
68.459,0.0,0.0,1.60,-0.430,0.150,-9.480,0.00000,0
68.470,0.0,0.0,1.60,-0.390,0.100,-9.440,0.00000,0
68.480,0.0,0.0,1.60,-0.390,0.100,-9.440,0.00000,0
68.490,0.0,0.0,1.60,-0.390,0.100,-9.440,0.00000,0
68.500,0.0,0.0,1.60,-0.390,0.100,-9.440,0.00000,0
68.510,0.0,0.0,1.60,-0.390,0.100,-9.440,0.00000,0
68.520,0.0,0.0,1.60,-0.420,0.090,-9.490,0.00000,0
68.530,0.0,0.0,1.60,-0.420,0.090,-9.490,0.00000,0
68.540,0.0,0.0,1.60,-0.420,0.090,-9.490,0.00000,0
68.551,0.0,0.0,1.60,-0.420,0.090,-9.490,0.00000,0
68.561,0.0,0.0,1.60,-0.420,0.090,-9.490,0.00000,0
68.571,0.0,0.0,1.60,-0.390,0.140,-9.460,0.00000,0
68.581,0.0,0.0,1.60,-0.390,0.140,-9.460,0.00000,0
68.591,0.0,0.0,1.60,-0.390,0.140,-9.460,0.00000,0
68.601,0.0,0.0,1.60,-0.390,0.140,-9.460,0.00000,0
68.611,0.0,0.0,1.60,-0.430,0.130,-9.500,0.00000,0
68.622,0.0,0.0,1.60,-0.430,0.130,-9.500,0.00000,0
68.632,0.0,0.0,1.60,-0.430,0.130,-9.500,0.00000,0
68.642,0.0,0.0,1.60,-0.430,0.130,-9.500,0.00000,0
68.652,0.0,0.0,1.60,-0.430,0.130,-9.500,0.00000,0
68.662,0.0,0.0,1.60,-0.450,0.140,-9.460,0.00000,0
68.672,0.0,0.0,1.60,-0.450,0.140,-9.460,0.00000,0
68.682,0.0,0.0,1.60,-0.450,0.140,-9.460,0.00000,0
68.693,0.0,0.0,1.60,-0.450,0.140,-9.460,0.00000,0
68.703,0.0,0.0,1.60,-0.450,0.140,-9.460,0.00000,0
68.713,0.0,0.0,1.60,-0.430,0.130,-9.490,0.00000,0
68.723,0.0,0.0,1.60,-0.430,0.130,-9.490,0.00000,0
68.733,0.0,0.0,1.60,-0.430,0.130,-9.490,0.00000,0
68.743,0.0,0.0,1.60,-0.430,0.130,-9.490,0.00000,0
68.753,0.0,0.0,1.60,-0.430,0.130,-9.490,0.00000,0
68.763,0.0,0.0,1.60,-0.360,0.110,-9.520,0.00000,0
68.774,0.0,0.0,1.60,-0.360,0.110,-9.520,0.00000,0
68.784,0.0,0.0,1.60,-0.360,0.110,-9.520,0.00000,0
68.794,0.0,0.0,1.60,-0.360,0.110,-9.520,0.00000,0
68.804,0.0,0.0,1.60,-0.360,0.110,-9.520,0.00000,0
68.814,0.0,0.0,1.60,-0.360,0.110,-9.520,0.00000,0
68.824,0.0,0.0,1.60,-0.410,0.140,-9.450,0.00000,0
68.834,0.0,0.0,1.60,-0.410,0.140,-9.450,0.00000,0
68.845,0.0,0.0,1.60,-0.410,0.140,-9.450,0.00000,0
68.855,0.0,0.0,1.60,-0.410,0.140,-9.450,0.00000,0
68.865,0.0,0.0,1.60,-0.410,0.110,-9.460,0.00000,0
68.875,0.0,0.0,1.60,-0.410,0.110,-9.460,0.00000,0
68.885,0.0,0.0,1.60,-0.410,0.110,-9.460,0.00000,0
68.895,0.0,0.0,1.60,-0.410,0.110,-9.460,0.00000,0
68.905,0.0,0.0,1.60,-0.410,0.110,-9.460,0.00000,0
68.915,0.0,0.0,1.60,-0.400,0.110,-9.450,0.00000,0
68.926,0.0,0.0,1.60,-0.400,0.110,-9.450,0.00000,0
68.936,0.0,0.0,1.60,-0.400,0.110,-9.450,0.00000,0
68.946,0.0,0.0,1.60,-0.400,0.110,-9.450,0.00000,0
68.956,0.0,0.0,1.60,-0.400,0.110,-9.450,0.00000,0
68.966,0.0,0.0,1.60,-0.390,0.140,-9.460,0.00000,0
68.976,0.0,0.0,1.60,-0.390,0.140,-9.460,0.00000,0
68.986,0.0,0.0,1.60,-0.390,0.140,-9.460,0.00000,0
68.997,0.0,0.0,1.60,-0.390,0.140,-9.460,0.00000,0
69.007,0.0,0.0,1.60,-0.390,0.140,-9.460,0.00000,0
69.017,0.0,0.0,1.60,-0.400,0.150,-9.400,0.00000,0
69.027,0.0,0.0,1.60,-0.400,0.150,-9.400,0.00000,0
69.037,0.0,0.0,1.60,-0.400,0.150,-9.400,0.00000,0
69.047,0.0,0.0,1.60,-0.400,0.150,-9.400,0.00000,0
69.057,0.0,0.0,1.60,-0.400,0.150,-9.400,0.00000,0
69.067,0.0,0.0,1.60,-0.430,0.110,-9.470,0.00000,0
69.078,0.0,0.0,1.60,-0.430,0.110,-9.470,0.00000,0
69.088,0.0,0.0,1.60,-0.430,0.110,-9.470,0.00000,0
69.098,0.0,0.0,1.60,-0.430,0.110,-9.470,0.00000,0
69.108,0.0,0.0,1.60,-0.370,0.100,-9.410,0.00000,0
69.119,0.0,0.0,1.60,-0.370,0.100,-9.410,0.00000,0
69.130,0.0,0.0,1.60,-0.370,0.100,-9.410,0.00000,0
69.140,0.0,0.0,1.60,-0.370,0.100,-9.410,0.00000,0
69.150,0.0,0.0,1.60,-0.370,0.100,-9.410,0.00000,0
69.160,0.0,0.0,1.60,-0.390,0.120,-9.440,0.00000,0
69.170,0.0,0.0,1.60,-0.390,0.120,-9.440,0.00000,0
69.180,0.0,0.0,1.60,-0.390,0.120,-9.440,0.00000,0
69.190,0.0,0.0,1.60,-0.390,0.120,-9.440,0.00000,0
69.200,0.0,0.0,1.60,-0.390,0.120,-9.440,0.00000,0
69.211,0.0,0.0,1.60,-0.380,0.170,-9.460,0.00000,0
69.221,0.0,0.0,1.60,-0.380,0.170,-9.460,0.00000,0
69.231,0.0,0.0,1.60,-0.380,0.170,-9.460,0.00000,0
69.241,0.0,0.0,1.60,-0.380,0.170,-9.460,0.00000,0
69.251,0.0,0.0,1.60,-0.380,0.170,-9.460,0.00000,0
69.261,0.0,0.0,1.60,-0.380,0.170,-9.460,0.00000,0
69.271,0.0,0.0,1.60,-0.380,0.110,-9.480,0.00000,0
69.281,0.0,0.0,1.60,-0.380,0.110,-9.480,0.00000,0
69.292,0.0,0.0,1.60,-0.380,0.110,-9.480,0.00000,0
69.302,0.0,0.0,1.60,-0.380,0.110,-9.480,0.00000,0
69.312,0.0,0.0,1.60,-0.380,0.110,-9.480,0.00000,0
69.322,0.0,0.0,1.60,-0.400,0.140,-9.520,0.00000,0
69.332,0.0,0.0,1.60,-0.400,0.140,-9.520,0.00000,0
69.342,0.0,0.0,1.60,-0.400,0.140,-9.520,0.00000,0
69.352,0.0,0.0,1.60,-0.400,0.140,-9.520,0.00000,0
69.362,0.0,0.0,1.60,-0.410,0.130,-9.520,0.00000,0
69.373,0.0,0.0,1.60,-0.410,0.130,-9.520,0.00000,0
69.383,0.0,0.0,1.60,-0.410,0.130,-9.520,0.00000,0
69.393,0.0,0.0,1.60,-0.410,0.130,-9.520,0.00000,0
69.403,0.0,0.0,1.60,-0.410,0.130,-9.520,0.00000,0
69.413,0.0,0.0,1.60,-0.400,0.120,-9.490,0.00000,0
69.423,0.0,0.0,1.60,-0.400,0.120,-9.490,0.00000,0
69.433,0.0,0.0,1.60,-0.400,0.120,-9.490,0.00000,0
69.443,0.0,0.0,1.60,-0.400,0.120,-9.490,0.00000,0
69.454,0.0,0.0,1.60,-0.400,0.120,-9.490,0.00000,0
69.464,0.0,0.0,1.60,-0.370,0.100,-9.460,0.00000,0
69.474,0.0,0.0,1.60,-0.370,0.100,-9.460,0.00000,0
69.484,0.0,0.0,1.60,-0.370,0.100,-9.460,0.00000,0
69.494,0.0,0.0,1.60,-0.370,0.100,-9.460,0.00000,0
69.504,0.0,0.0,1.60,-0.370,0.100,-9.460,0.00000,0
69.514,0.0,0.0,1.60,-0.390,0.090,-9.550,0.00000,0
69.524,0.0,0.0,1.60,-0.390,0.090,-9.550,0.00000,0
69.535,0.0,0.0,1.60,-0.390,0.090,-9.550,0.00000,0
69.545,0.0,0.0,1.60,-0.390,0.090,-9.550,0.00000,0
69.555,0.0,0.0,1.60,-0.390,0.090,-9.550,0.00000,0
69.565,0.0,0.0,1.60,-0.410,0.140,-9.470,0.00000,0
69.575,0.0,0.0,1.60,-0.410,0.140,-9.470,0.00000,0
69.585,0.0,0.0,1.60,-0.410,0.140,-9.470,0.00000,0
69.595,0.0,0.0,1.60,-0.410,0.140,-9.470,0.00000,0
69.606,0.0,0.0,1.60,-0.410,0.140,-9.470,0.00000,0
69.616,0.0,0.0,1.60,-0.410,0.150,-9.500,0.00000,0
69.626,0.0,0.0,1.60,-0.410,0.150,-9.500,0.00000,0
69.636,0.0,0.0,1.60,-0.410,0.150,-9.500,0.00000,0
69.646,0.0,0.0,1.60,-0.410,0.150,-9.500,0.00000,0
69.656,0.0,0.0,1.60,-0.410,0.150,-9.500,0.00000,0
69.666,0.0,0.0,1.60,-0.410,0.150,-9.500,0.00000,0
69.676,0.0,0.0,1.60,-0.370,0.110,-9.470,0.00000,0
69.687,0.0,0.0,1.60,-0.370,0.110,-9.470,0.00000,0
69.697,0.0,0.0,1.60,-0.370,0.110,-9.470,0.00000,0
69.707,0.0,0.0,1.60,-0.370,0.110,-9.470,0.00000,0
69.717,0.0,0.0,1.60,-0.400,0.130,-9.520,0.00000,0
69.727,0.0,0.0,1.60,-0.400,0.130,-9.520,0.00000,0
69.737,0.0,0.0,1.60,-0.400,0.130,-9.520,0.00000,0
69.747,0.0,0.0,1.60,-0.400,0.130,-9.520,0.00000,0
69.758,0.0,0.0,1.60,-0.400,0.130,-9.520,0.00000,0
69.768,0.0,0.0,1.60,-0.400,0.120,-9.420,0.00000,0
69.778,0.0,0.0,1.60,-0.400,0.120,-9.420,0.00000,0
69.788,0.0,0.0,1.60,-0.400,0.120,-9.420,0.00000,0
69.798,0.0,0.0,1.60,-0.400,0.120,-9.420,0.00000,0
69.808,0.0,0.0,1.60,-0.400,0.120,-9.420,0.00000,0
69.818,0.0,0.0,1.60,-0.430,0.140,-9.460,0.00000,0
69.828,0.0,0.0,1.60,-0.430,0.140,-9.460,0.00000,0
69.839,0.0,0.0,1.60,-0.430,0.140,-9.460,0.00000,0
69.849,0.0,0.0,1.60,-0.430,0.140,-9.460,0.00000,0
69.859,0.0,0.0,1.60,-0.410,0.080,-9.410,0.00000,0
69.869,0.0,0.0,1.60,-0.410,0.080,-9.410,0.00000,0
69.879,0.0,0.0,1.60,-0.410,0.080,-9.410,0.00000,0
69.889,0.0,0.0,1.60,-0.410,0.080,-9.410,0.00000,0
69.899,0.0,0.0,1.60,-0.410,0.080,-9.410,0.00000,0
69.909,0.0,0.0,1.60,-0.440,0.140,-9.530,0.00000,0
69.920,0.0,0.0,1.60,-0.440,0.140,-9.530,0.00000,0
69.931,0.0,0.0,1.60,-0.440,0.140,-9.530,0.00000,0
69.941,0.0,0.0,1.60,-0.440,0.140,-9.530,0.00000,0
69.951,0.0,0.0,1.60,-0.440,0.140,-9.530,0.00000,0
69.961,0.0,0.0,1.60,-0.380,0.120,-9.430,0.00000,0
69.971,0.0,0.0,1.60,-0.380,0.120,-9.430,0.00000,0
69.981,0.0,0.0,1.60,-0.380,0.120,-9.430,0.00000,0
69.992,0.0,0.0,1.60,-0.380,0.120,-9.430,0.00000,0
70.002,0.0,0.0,1.60,-0.380,0.120,-9.430,0.00000,0
70.012,0.0,0.0,1.60,-0.380,0.120,-9.430,0.00000,0
70.022,0.0,0.0,1.60,-0.410,0.110,-9.520,0.00000,0
70.032,0.0,0.0,1.60,-0.410,0.110,-9.520,0.00000,0
70.042,0.0,0.0,1.60,-0.410,0.110,-9.520,0.00000,0
70.052,0.0,0.0,1.60,-0.410,0.110,-9.520,0.00000,0
70.063,0.0,0.0,1.60,-0.410,0.110,-9.520,0.00000,0
70.073,0.0,0.0,1.60,-0.400,0.120,-9.450,0.00000,0
70.083,0.0,0.0,1.60,-0.400,0.120,-9.450,0.00000,0
70.093,0.0,0.0,1.60,-0.400,0.120,-9.450,0.00000,0
70.103,0.0,0.0,1.60,-0.400,0.120,-9.450,0.00000,0
70.113,0.0,0.0,1.60,-0.390,0.140,-9.460,0.00000,0
70.123,0.0,0.0,1.60,-0.390,0.140,-9.460,0.00000,0
70.133,0.0,0.0,1.60,-0.390,0.140,-9.460,0.00000,0
70.144,0.0,0.0,1.60,-0.390,0.140,-9.460,0.00000,0
70.154,0.0,0.0,1.60,-0.390,0.140,-9.460,0.00000,0
70.164,0.0,0.0,1.60,-0.410,0.110,-9.500,0.00000,0
70.174,0.0,0.0,1.60,-0.410,0.110,-9.500,0.00000,0
70.184,0.0,0.0,1.60,-0.410,0.110,-9.500,0.00000,0
70.194,0.0,0.0,1.60,-0.410,0.110,-9.500,0.00000,0
70.204,0.0,0.0,1.60,-0.410,0.110,-9.500,0.00000,0
70.214,0.0,0.0,1.60,-0.400,0.140,-9.490,0.00000,0
70.225,0.0,0.0,1.60,-0.400,0.140,-9.490,0.00000,0
70.235,0.0,0.0,1.60,-0.400,0.140,-9.490,0.00000,0
70.245,0.0,0.0,1.60,-0.400,0.140,-9.490,0.00000,0
70.255,0.0,0.0,1.60,-0.400,0.140,-9.490,0.00000,0
70.265,0.0,0.0,1.60,-0.410,0.130,-9.480,0.00000,0
70.275,0.0,0.0,1.60,-0.410,0.130,-9.480,0.00000,0
70.285,0.0,0.0,1.60,-0.410,0.130,-9.480,0.00000,0
70.295,0.0,0.0,1.60,-0.410,0.130,-9.480,0.00000,0
70.305,0.0,0.0,1.60,-0.410,0.130,-9.480,0.00000,0
70.316,0.0,0.0,1.60,-0.390,0.100,-9.470,0.00000,0
70.326,0.0,0.0,1.60,-0.390,0.100,-9.470,0.00000,0
70.336,0.0,0.0,1.60,-0.390,0.100,-9.470,0.00000,0
70.346,0.0,0.0,1.60,-0.390,0.100,-9.470,0.00000,0
70.356,0.0,0.0,1.60,-0.390,0.100,-9.470,0.00000,0
70.366,0.0,0.0,1.60,-0.380,0.140,-9.530,0.00000,0
70.376,0.0,0.0,1.60,-0.380,0.140,-9.530,0.00000,0
70.386,0.0,0.0,1.60,-0.380,0.140,-9.530,0.00000,0
70.397,0.0,0.0,1.60,-0.380,0.140,-9.530,0.00000,0
70.407,0.0,0.0,1.60,-0.380,0.140,-9.530,0.00000,0
70.417,0.0,0.0,1.60,-0.400,0.150,-9.490,0.00000,0
70.427,0.0,0.0,1.60,-0.400,0.150,-9.490,0.00000,0
70.437,0.0,0.0,1.60,-0.400,0.150,-9.490,0.00000,0
70.447,0.0,0.0,1.60,-0.400,0.150,-9.490,0.00000,0
70.457,0.0,0.0,1.60,-0.400,0.150,-9.490,0.00000,0
70.467,0.0,0.0,1.60,-0.410,0.120,-9.450,0.00000,0
70.478,0.0,0.0,1.60,-0.410,0.120,-9.450,0.00000,0
70.488,0.0,0.0,1.60,-0.410,0.120,-9.450,0.00000,0
70.498,0.0,0.0,1.60,-0.410,0.120,-9.450,0.00000,0
70.508,0.0,0.0,1.60,-0.410,0.120,-9.450,0.00000,0
70.518,0.0,0.0,1.60,-0.370,0.150,-9.470,0.00000,0
70.528,0.0,0.0,1.60,-0.370,0.150,-9.470,0.00000,0
70.538,0.0,0.0,1.60,-0.370,0.150,-9.470,0.00000,0
70.548,0.0,0.0,1.60,-0.370,0.150,-9.470,0.00000,0
70.559,0.0,0.0,1.60,-0.370,0.150,-9.470,0.00000,0
70.569,0.0,0.0,1.60,-0.420,0.110,-9.460,0.00000,0
70.579,0.0,0.0,1.60,-0.420,0.110,-9.460,0.00000,0
70.589,0.0,0.0,1.60,-0.420,0.110,-9.460,0.00000,0
70.599,0.0,0.0,1.60,-0.420,0.110,-9.460,0.00000,0
70.609,0.0,0.0,1.60,-0.430,0.090,-9.460,0.00000,0
70.619,0.0,0.0,1.60,-0.430,0.090,-9.460,0.00000,0
70.629,0.0,0.0,1.60,-0.430,0.090,-9.460,0.00000,0
70.640,0.0,0.0,1.60,-0.430,0.090,-9.460,0.00000,0
70.650,0.0,0.0,1.60,-0.430,0.090,-9.460,0.00000,0
70.660,0.0,0.0,1.60,-0.430,0.110,-9.450,0.00000,0
70.670,0.0,0.0,1.60,-0.430,0.110,-9.450,0.00000,0
70.680,0.0,0.0,1.60,-0.430,0.110,-9.450,0.00000,0
70.690,0.0,0.0,1.60,-0.430,0.110,-9.450,0.00000,0
70.700,0.0,0.0,1.60,-0.430,0.110,-9.450,0.00000,0
70.710,0.0,0.0,1.60,-0.370,0.120,-9.460,0.00000,0
70.720,0.0,0.0,1.60,-0.370,0.120,-9.460,0.00000,0
70.731,0.0,0.0,1.60,-0.370,0.120,-9.460,0.00000,0
70.741,0.0,0.0,1.60,-0.370,0.120,-9.460,0.00000,0
70.751,0.0,0.0,1.60,-0.370,0.120,-9.460,0.00000,0
70.761,0.0,0.0,1.60,-0.370,0.120,-9.460,0.00000,0
70.771,0.0,0.0,1.60,-0.400,0.150,-9.440,0.00000,0
70.781,0.0,0.0,1.60,-0.400,0.150,-9.440,0.00000,0
70.791,0.0,0.0,1.60,-0.400,0.150,-9.440,0.00000,0
70.802,0.0,0.0,1.60,-0.400,0.150,-9.440,0.00000,0
70.812,0.0,0.0,1.60,-0.400,0.150,-9.440,0.00000,0
70.822,0.0,0.0,1.60,-0.420,0.140,-9.500,0.00000,0
70.832,0.0,0.0,1.60,-0.420,0.140,-9.500,0.00000,0
70.843,0.0,0.0,1.60,-0.420,0.140,-9.500,0.00000,0
70.853,0.0,0.0,1.60,-0.420,0.140,-9.500,0.00000,0
70.863,0.0,0.0,1.60,-0.380,0.120,-9.490,0.00000,0
70.873,0.0,0.0,1.60,-0.380,0.120,-9.490,0.00000,0
70.883,0.0,0.0,1.60,-0.380,0.120,-9.490,0.00000,0
70.893,0.0,0.0,1.60,-0.380,0.120,-9.490,0.00000,0
70.903,0.0,0.0,1.60,-0.380,0.120,-9.490,0.00000,0
70.913,0.0,0.0,1.60,-0.400,0.140,-9.500,0.00000,0
70.924,0.0,0.0,1.60,-0.400,0.140,-9.500,0.00000,0
70.934,0.0,0.0,1.60,-0.400,0.140,-9.500,0.00000,0
70.944,0.0,0.0,1.60,-0.400,0.140,-9.500,0.00000,0
70.954,0.0,0.0,1.60,-0.400,0.140,-9.500,0.00000,0
70.964,0.0,0.0,1.60,-0.390,0.140,-9.460,0.00000,0
70.974,0.0,0.0,1.60,-0.390,0.140,-9.460,0.00000,0
70.984,0.0,0.0,1.60,-0.390,0.140,-9.460,0.00000,0
70.995,0.0,0.0,1.60,-0.390,0.140,-9.460,0.00000,0
71.005,0.0,0.0,1.60,-0.390,0.140,-9.460,0.00000,0
71.015,0.0,0.0,1.60,-0.410,0.120,-9.440,0.00000,0
71.025,0.0,0.0,1.60,-0.410,0.120,-9.440,0.00000,0
71.035,0.0,0.0,1.60,-0.410,0.120,-9.440,0.00000,0
71.045,0.0,0.0,1.60,-0.410,0.120,-9.440,0.00000,0
71.056,0.0,0.0,1.60,-0.410,0.120,-9.440,0.00000,0
71.066,0.0,0.0,1.60,-0.360,0.150,-9.510,0.00000,0
71.076,0.0,0.0,1.60,-0.360,0.150,-9.510,0.00000,0
71.086,0.0,0.0,1.60,-0.360,0.150,-9.510,0.00000,0
71.096,0.0,0.0,1.60,-0.360,0.150,-9.510,0.00000,0
71.106,0.0,0.0,1.60,-0.360,0.150,-9.510,0.00000,0
71.116,0.0,0.0,1.60,-0.380,0.130,-9.480,0.00000,0
71.126,0.0,0.0,1.60,-0.380,0.130,-9.480,0.00000,0
71.137,0.0,0.0,1.60,-0.380,0.130,-9.480,0.00000,0
71.147,0.0,0.0,1.60,-0.380,0.130,-9.480,0.00000,0
71.157,0.0,0.0,1.60,-0.380,0.130,-9.480,0.00000,0
71.167,0.0,0.0,1.60,-0.380,0.120,-9.490,0.00000,0
71.177,0.0,0.0,1.60,-0.380,0.120,-9.490,0.00000,0
71.187,0.0,0.0,1.60,-0.380,0.120,-9.490,0.00000,0
71.197,0.0,0.0,1.60,-0.380,0.120,-9.490,0.00000,0
71.208,0.0,0.0,1.60,-0.380,0.120,-9.490,0.00000,0
71.218,0.0,0.0,1.60,-0.390,0.120,-9.530,0.00000,0
71.228,0.0,0.0,1.60,-0.390,0.120,-9.530,0.00000,0
71.238,0.0,0.0,1.60,-0.390,0.120,-9.530,0.00000,0
71.248,0.0,0.0,1.60,-0.390,0.120,-9.530,0.00000,0
71.258,0.0,0.0,1.60,-0.390,0.120,-9.530,0.00000,0
71.268,0.0,0.0,1.60,-0.420,0.110,-9.490,0.00000,0
71.278,0.0,0.0,1.60,-0.420,0.110,-9.490,0.00000,0
71.289,0.0,0.0,1.60,-0.420,0.110,-9.490,0.00000,0
71.299,0.0,0.0,1.60,-0.420,0.110,-9.490,0.00000,0
71.309,0.0,0.0,1.60,-0.420,0.110,-9.490,0.00000,0
71.319,0.0,0.0,1.60,-0.360,0.090,-9.530,0.00000,0
71.329,0.0,0.0,1.60,-0.360,0.090,-9.530,0.00000,0
71.339,0.0,0.0,1.60,-0.360,0.090,-9.530,0.00000,0
71.349,0.0,0.0,1.60,-0.360,0.090,-9.530,0.00000,0
71.360,0.0,0.0,1.60,-0.410,0.130,-9.490,0.00000,0
71.370,0.0,0.0,1.60,-0.410,0.130,-9.490,0.00000,0
71.380,0.0,0.0,1.60,-0.410,0.130,-9.490,0.00000,0
71.390,0.0,0.0,1.60,-0.410,0.130,-9.490,0.00000,0
71.400,0.0,0.0,1.60,-0.410,0.130,-9.490,0.00000,0
71.410,0.0,0.0,1.60,-0.400,0.110,-9.440,0.00000,0
71.420,0.0,0.0,1.60,-0.400,0.110,-9.440,0.00000,0
71.430,0.0,0.0,1.60,-0.400,0.110,-9.440,0.00000,0
71.441,0.0,0.0,1.60,-0.400,0.110,-9.440,0.00000,0
71.451,0.0,0.0,1.60,-0.400,0.110,-9.440,0.00000,0
71.461,0.0,0.0,1.60,-0.410,0.090,-9.500,0.00000,0
71.471,0.0,0.0,1.60,-0.410,0.090,-9.500,0.00000,0
71.481,0.0,0.0,1.60,-0.410,0.090,-9.500,0.00000,0
71.491,0.0,0.0,1.60,-0.410,0.090,-9.500,0.00000,0
71.501,0.0,0.0,1.60,-0.410,0.090,-9.500,0.00000,0
71.511,0.0,0.0,1.60,-0.410,0.090,-9.500,0.00000,0
71.522,0.0,0.0,1.60,-0.400,0.120,-9.470,0.00000,0
71.532,0.0,0.0,1.60,-0.400,0.120,-9.470,0.00000,0
71.542,0.0,0.0,1.60,-0.400,0.120,-9.470,0.00000,0
71.552,0.0,0.0,1.60,-0.400,0.120,-9.470,0.00000,0
71.562,0.0,0.0,1.60,-0.400,0.120,-9.470,0.00000,0
71.572,0.0,0.0,1.60,-0.420,0.110,-9.440,0.00000,0
71.582,0.0,0.0,1.60,-0.420,0.110,-9.440,0.00000,0
71.593,0.0,0.0,1.60,-0.420,0.110,-9.440,0.00000,0
71.603,0.0,0.0,1.60,-0.420,0.110,-9.440,0.00000,0
71.613,0.0,0.0,1.60,-0.420,0.160,-9.490,0.00000,0
71.624,0.0,0.0,1.60,-0.420,0.160,-9.490,0.00000,0
71.634,0.0,0.0,1.60,-0.420,0.160,-9.490,0.00000,0
71.644,0.0,0.0,1.60,-0.420,0.160,-9.490,0.00000,0
71.654,0.0,0.0,1.60,-0.420,0.160,-9.490,0.00000,0
71.664,0.0,0.0,1.60,-0.410,0.130,-9.440,0.00000,0
71.674,0.0,0.0,1.60,-0.410,0.130,-9.440,0.00000,0
71.684,0.0,0.0,1.60,-0.410,0.130,-9.440,0.00000,0
71.695,0.0,0.0,1.60,-0.410,0.130,-9.440,0.00000,0
71.705,0.0,0.0,1.60,-0.410,0.130,-9.440,0.00000,0
71.715,0.0,0.0,1.60,-0.430,0.130,-9.400,0.00000,0
71.725,0.0,0.0,1.60,-0.430,0.130,-9.400,0.00000,0
71.735,0.0,0.0,1.60,-0.430,0.130,-9.400,0.00000,0
71.745,0.0,0.0,1.60,-0.430,0.130,-9.400,0.00000,0
71.755,0.0,0.0,1.60,-0.430,0.130,-9.400,0.00000,0
71.765,0.0,0.0,1.60,-0.440,0.120,-9.460,0.00000,0
71.776,0.0,0.0,1.60,-0.440,0.120,-9.460,0.00000,0
71.786,0.0,0.0,1.60,-0.440,0.120,-9.460,0.00000,0
71.796,0.0,0.0,1.60,-0.440,0.120,-9.460,0.00000,0
71.806,0.0,0.0,1.60,-0.440,0.120,-9.460,0.00000,0
71.816,0.0,0.0,1.60,-0.460,0.120,-9.460,0.00000,0
71.826,0.0,0.0,1.60,-0.460,0.120,-9.460,0.00000,0
71.836,0.0,0.0,1.60,-0.460,0.120,-9.460,0.00000,0
71.847,0.0,0.0,1.60,-0.460,0.120,-9.460,0.00000,0
71.857,0.0,0.0,1.60,-0.390,0.110,-9.430,0.00000,0
71.867,0.0,0.0,1.60,-0.390,0.110,-9.430,0.00000,0
71.877,0.0,0.0,1.60,-0.390,0.110,-9.430,0.00000,0
71.887,0.0,0.0,1.60,-0.390,0.110,-9.430,0.00000,0
71.897,0.0,0.0,1.60,-0.390,0.110,-9.430,0.00000,0
71.907,0.0,0.0,1.60,-0.390,0.110,-9.430,0.00000,0
71.917,0.0,0.0,1.60,-0.400,0.110,-9.560,0.00000,0
71.928,0.0,0.0,1.60,-0.400,0.110,-9.560,0.00000,0
71.938,0.0,0.0,1.60,-0.400,0.110,-9.560,0.00000,0
71.948,0.0,0.0,1.60,-0.400,0.110,-9.560,0.00000,0
71.958,0.0,0.0,1.60,-0.400,0.110,-9.560,0.00000,0
71.968,0.0,0.0,1.60,-0.410,0.160,-9.450,0.00000,0
71.978,0.0,0.0,1.60,-0.410,0.160,-9.450,0.00000,0
71.989,0.0,0.0,1.60,-0.410,0.160,-9.450,0.00000,0
71.999,0.0,0.0,1.60,-0.410,0.160,-9.450,0.00000,0
72.009,0.0,0.0,1.60,-0.410,0.160,-9.450,0.00000,0
72.019,0.0,0.0,1.60,-0.350,0.160,-9.500,0.00000,0
72.029,0.0,0.0,1.60,-0.350,0.160,-9.500,0.00000,0
72.039,0.0,0.0,1.60,-0.350,0.160,-9.500,0.00000,0
72.050,0.0,0.0,1.60,-0.350,0.160,-9.500,0.00000,0
72.060,0.0,0.0,1.60,-0.350,0.160,-9.500,0.00000,0
72.070,0.0,0.0,1.60,-0.370,0.150,-9.500,0.00000,0
72.080,0.0,0.0,1.60,-0.370,0.150,-9.500,0.00000,0
72.090,0.0,0.0,1.60,-0.370,0.150,-9.500,0.00000,0
72.100,0.0,0.0,1.60,-0.370,0.150,-9.500,0.00000,0
72.110,0.0,0.0,1.60,-0.370,0.170,-9.470,0.00000,0
72.120,0.0,0.0,1.60,-0.370,0.170,-9.470,0.00000,0
72.131,0.0,0.0,1.60,-0.370,0.170,-9.470,0.00000,0
72.141,0.0,0.0,1.60,-0.370,0.170,-9.470,0.00000,0
72.151,0.0,0.0,1.60,-0.370,0.170,-9.470,0.00000,0
72.161,0.0,0.0,1.60,-0.420,0.120,-9.510,0.00000,0
72.171,0.0,0.0,1.60,-0.420,0.120,-9.510,0.00000,0
72.181,0.0,0.0,1.60,-0.420,0.120,-9.510,0.00000,0
72.191,0.0,0.0,1.60,-0.420,0.120,-9.510,0.00000,0
72.201,0.0,0.0,1.60,-0.420,0.120,-9.510,0.00000,0
72.212,0.0,0.0,1.60,-0.420,0.120,-9.510,0.00000,0
72.222,0.0,0.0,1.60,-0.430,0.120,-9.480,0.00000,0
72.232,0.0,0.0,1.60,-0.430,0.120,-9.480,0.00000,0
72.242,0.0,0.0,1.60,-0.430,0.120,-9.480,0.00000,0
72.252,0.0,0.0,1.60,-0.430,0.120,-9.480,0.00000,0
72.262,0.0,0.0,1.60,-0.430,0.120,-9.480,0.00000,0
72.272,0.0,0.0,1.60,-0.460,0.120,-9.490,0.00000,0
72.282,0.0,0.0,1.60,-0.460,0.120,-9.490,0.00000,0
72.293,0.0,0.0,1.60,-0.460,0.120,-9.490,0.00000,0
72.303,0.0,0.0,1.60,-0.460,0.120,-9.490,0.00000,0
72.313,0.0,0.0,1.60,-0.460,0.120,-9.490,0.00000,0
72.323,0.0,0.0,1.60,-0.390,0.130,-9.480,0.00000,0
72.333,0.0,0.0,1.60,-0.390,0.130,-9.480,0.00000,0
72.343,0.0,0.0,1.60,-0.390,0.130,-9.480,0.00000,0
72.353,0.0,0.0,1.60,-0.390,0.130,-9.480,0.00000,0
72.363,0.0,0.0,1.60,-0.410,0.110,-9.500,0.00000,0
72.374,0.0,0.0,1.60,-0.410,0.110,-9.500,0.00000,0
72.384,0.0,0.0,1.60,-0.410,0.110,-9.500,0.00000,0
72.394,0.0,0.0,1.60,-0.410,0.110,-9.500,0.00000,0
72.404,0.0,0.0,1.60,-0.410,0.110,-9.500,0.00000,0
72.414,0.0,0.0,1.60,-0.410,0.130,-9.510,0.00000,0
72.425,0.0,0.0,1.60,-0.410,0.130,-9.510,0.00000,0
72.435,0.0,0.0,1.60,-0.410,0.130,-9.510,0.00000,0
72.445,0.0,0.0,1.60,-0.410,0.130,-9.510,0.00000,0
72.455,0.0,0.0,1.60,-0.410,0.130,-9.510,0.00000,0
72.465,0.0,0.0,1.60,-0.420,0.110,-9.460,0.00000,0
72.476,0.0,0.0,1.60,-0.420,0.110,-9.460,0.00000,0
72.486,0.0,0.0,1.60,-0.420,0.110,-9.460,0.00000,0
72.496,0.0,0.0,1.60,-0.420,0.110,-9.460,0.00000,0
72.506,0.0,0.0,1.60,-0.420,0.110,-9.460,0.00000,0
72.516,0.0,0.0,1.60,-0.400,0.150,-9.490,0.00000,0
72.526,0.0,0.0,1.60,-0.400,0.150,-9.490,0.00000,0
72.536,0.0,0.0,1.60,-0.400,0.150,-9.490,0.00000,0
72.546,0.0,0.0,1.60,-0.400,0.150,-9.490,0.00000,0
72.557,0.0,0.0,1.60,-0.400,0.150,-9.490,0.00000,0
72.567,0.0,0.0,1.60,-0.380,0.110,-9.530,0.00000,0
72.577,0.0,0.0,1.60,-0.380,0.110,-9.530,0.00000,0
72.587,0.0,0.0,1.60,-0.380,0.110,-9.530,0.00000,0
72.597,0.0,0.0,1.60,-0.380,0.110,-9.530,0.00000,0
72.607,0.0,0.0,1.60,-0.390,0.150,-9.520,0.00000,0
72.617,0.0,0.0,1.60,-0.390,0.150,-9.520,0.00000,0
72.627,0.0,0.0,1.60,-0.390,0.150,-9.520,0.00000,0
72.638,0.0,0.0,1.60,-0.390,0.150,-9.520,0.00000,0
72.648,0.0,0.0,1.60,-0.390,0.150,-9.520,0.00000,0
72.658,0.0,0.0,1.60,-0.390,0.150,-9.520,0.00000,0
72.668,0.0,0.0,1.60,-0.420,0.120,-9.500,0.00000,0
72.678,0.0,0.0,1.60,-0.420,0.120,-9.500,0.00000,0
72.688,0.0,0.0,1.60,-0.420,0.120,-9.500,0.00000,0
72.698,0.0,0.0,1.60,-0.420,0.120,-9.500,0.00000,0
72.708,0.0,0.0,1.60,-0.420,0.120,-9.500,0.00000,0
72.719,0.0,0.0,1.60,-0.380,0.140,-9.520,0.00000,0
72.729,0.0,0.0,1.60,-0.380,0.140,-9.520,0.00000,0
72.739,0.0,0.0,1.60,-0.380,0.140,-9.520,0.00000,0
72.749,0.0,0.0,1.60,-0.380,0.140,-9.520,0.00000,0
72.759,0.0,0.0,1.60,-0.380,0.140,-9.520,0.00000,0
72.769,0.0,0.0,1.60,-0.420,0.170,-9.450,0.00000,0
72.779,0.0,0.0,1.60,-0.420,0.170,-9.450,0.00000,0
72.789,0.0,0.0,1.60,-0.420,0.170,-9.450,0.00000,0
72.800,0.0,0.0,1.60,-0.420,0.170,-9.450,0.00000,0
72.810,0.0,0.0,1.60,-0.420,0.170,-9.450,0.00000,0
72.820,0.0,0.0,1.60,-0.430,0.120,-9.450,0.00000,0
72.830,0.0,0.0,1.60,-0.430,0.120,-9.450,0.00000,0
72.840,0.0,0.0,1.60,-0.430,0.120,-9.450,0.00000,0
72.850,0.0,0.0,1.60,-0.430,0.120,-9.450,0.00000,0
72.860,0.0,0.0,1.60,-0.400,0.110,-9.470,0.00000,0
72.871,0.0,0.0,1.60,-0.400,0.110,-9.470,0.00000,0
72.881,0.0,0.0,1.60,-0.400,0.110,-9.470,0.00000,0
72.891,0.0,0.0,1.60,-0.400,0.110,-9.470,0.00000,0
72.901,0.0,0.0,1.60,-0.400,0.110,-9.470,0.00000,0
72.911,0.0,0.0,1.60,-0.440,0.100,-9.520,0.00000,0
72.921,0.0,0.0,1.60,-0.440,0.100,-9.520,0.00000,0
72.931,0.0,0.0,1.60,-0.440,0.100,-9.520,0.00000,0
72.941,0.0,0.0,1.60,-0.440,0.100,-9.520,0.00000,0
72.952,0.0,0.0,1.60,-0.440,0.100,-9.520,0.00000,0
72.962,0.0,0.0,1.60,-0.430,0.160,-9.430,0.00000,0
72.972,0.0,0.0,1.60,-0.430,0.160,-9.430,0.00000,0
72.982,0.0,0.0,1.60,-0.430,0.160,-9.430,0.00000,0
72.992,0.0,0.0,1.60,-0.430,0.160,-9.430,0.00000,0
73.002,0.0,0.0,1.60,-0.430,0.160,-9.430,0.00000,0
73.012,0.0,0.0,1.60,-0.430,0.160,-9.430,0.00000,0
73.022,0.0,0.0,1.60,-0.370,0.130,-9.420,0.00000,0
73.033,0.0,0.0,1.60,-0.370,0.130,-9.420,0.00000,0
73.043,0.0,0.0,1.60,-0.370,0.130,-9.420,0.00000,0
73.053,0.0,0.0,1.60,-0.370,0.130,-9.420,0.00000,0
73.063,0.0,0.0,1.60,-0.370,0.130,-9.420,0.00000,0
73.073,0.0,0.0,1.60,-0.400,0.100,-9.480,0.00000,0
73.083,0.0,0.0,1.60,-0.400,0.100,-9.480,0.00000,0
73.093,0.0,0.0,1.60,-0.400,0.100,-9.480,0.00000,0
73.104,0.0,0.0,1.60,-0.400,0.100,-9.480,0.00000,0
73.114,0.0,0.0,1.60,-0.420,0.130,-9.510,0.00000,0
73.124,0.0,0.0,1.60,-0.420,0.130,-9.510,0.00000,0
73.134,0.0,0.0,1.60,-0.420,0.130,-9.510,0.00000,0
73.144,0.0,0.0,1.60,-0.420,0.130,-9.510,0.00000,0
73.154,0.0,0.0,1.60,-0.420,0.130,-9.510,0.00000,0
73.164,0.0,0.0,1.60,-0.430,0.120,-9.480,0.00000,0
73.174,0.0,0.0,1.60,-0.430,0.120,-9.480,0.00000,0
73.184,0.0,0.0,1.60,-0.430,0.120,-9.480,0.00000,0
73.195,0.0,0.0,1.60,-0.430,0.120,-9.480,0.00000,0
73.205,0.0,0.0,1.60,-0.430,0.120,-9.480,0.00000,0
73.215,0.0,0.0,1.60,-0.430,0.130,-9.450,0.00000,0
73.225,0.0,0.0,1.60,-0.430,0.130,-9.450,0.00000,0
73.235,0.0,0.0,1.60,-0.430,0.130,-9.450,0.00000,0
73.245,0.0,0.0,1.60,-0.430,0.130,-9.450,0.00000,0
73.255,0.0,0.0,1.60,-0.430,0.130,-9.450,0.00000,0
73.266,0.0,0.0,1.60,-0.380,0.140,-9.480,0.00000,0
73.276,0.0,0.0,1.60,-0.380,0.140,-9.480,0.00000,0
73.287,0.0,0.0,1.60,-0.380,0.140,-9.480,0.00000,0
73.297,0.0,0.0,1.60,-0.380,0.140,-9.480,0.00000,0
73.307,0.0,0.0,1.60,-0.380,0.140,-9.480,0.00000,0
73.317,0.0,0.0,1.60,-0.400,0.150,-9.430,0.00000,0
73.327,0.0,0.0,1.60,-0.400,0.150,-9.430,0.00000,0
73.337,0.0,0.0,1.60,-0.400,0.150,-9.430,0.00000,0
73.348,0.0,0.0,1.60,-0.400,0.150,-9.430,0.00000,0
73.358,0.0,0.0,1.60,-0.380,0.120,-9.480,0.00000,0
73.368,0.0,0.0,1.60,-0.380,0.120,-9.480,0.00000,0
73.378,0.0,0.0,1.60,-0.380,0.120,-9.480,0.00000,0
73.388,0.0,0.0,1.60,-0.380,0.120,-9.480,0.00000,0
73.398,0.0,0.0,1.60,-0.380,0.120,-9.480,0.00000,0
73.408,0.0,0.0,1.60,-0.380,0.120,-9.480,0.00000,0
73.418,0.0,0.0,1.60,-0.380,0.110,-9.460,0.00000,0
73.429,0.0,0.0,1.60,-0.380,0.110,-9.460,0.00000,0
73.439,0.0,0.0,1.60,-0.380,0.110,-9.460,0.00000,0
73.449,0.0,0.0,1.60,-0.380,0.110,-9.460,0.00000,0
73.459,0.0,0.0,1.60,-0.380,0.110,-9.460,0.00000,0
73.469,0.0,0.0,1.60,-0.420,0.130,-9.430,0.00000,0
73.479,0.0,0.0,1.60,-0.420,0.130,-9.430,0.00000,0
73.489,0.0,0.0,1.60,-0.420,0.130,-9.430,0.00000,0
73.500,0.0,0.0,1.60,-0.420,0.130,-9.430,0.00000,0
73.510,0.0,0.0,1.60,-0.420,0.130,-9.430,0.00000,0
73.520,0.0,0.0,1.60,-0.400,0.100,-9.470,0.00000,0
73.530,0.0,0.0,1.60,-0.400,0.100,-9.470,0.00000,0
73.540,0.0,0.0,1.60,-0.400,0.100,-9.470,0.00000,0
73.550,0.0,0.0,1.60,-0.400,0.100,-9.470,0.00000,0
73.560,0.0,0.0,1.60,-0.400,0.100,-9.470,0.00000,0
73.570,0.0,0.0,1.60,-0.420,0.110,-9.530,0.00000,0
73.581,0.0,0.0,1.60,-0.420,0.110,-9.530,0.00000,0
73.591,0.0,0.0,1.60,-0.420,0.110,-9.530,0.00000,0
73.601,0.0,0.0,1.60,-0.420,0.110,-9.530,0.00000,0
73.611,0.0,0.0,1.60,-0.390,0.080,-9.520,0.00000,0
73.621,0.0,0.0,1.60,-0.390,0.080,-9.520,0.00000,0
73.631,0.0,0.0,1.60,-0.390,0.080,-9.520,0.00000,0
73.641,0.0,0.0,1.60,-0.390,0.080,-9.520,0.00000,0
73.652,0.0,0.0,1.60,-0.390,0.080,-9.520,0.00000,0
73.662,0.0,0.0,1.60,-0.400,0.120,-9.470,0.00000,0
73.672,0.0,0.0,1.60,-0.400,0.120,-9.470,0.00000,0
73.682,0.0,0.0,1.60,-0.400,0.120,-9.470,0.00000,0
73.692,0.0,0.0,1.60,-0.400,0.120,-9.470,0.00000,0
73.702,0.0,0.0,1.60,-0.400,0.120,-9.470,0.00000,0
73.712,0.0,0.0,1.60,-0.420,0.140,-9.540,0.00000,0
73.722,0.0,0.0,1.60,-0.420,0.140,-9.540,0.00000,0
73.733,0.0,0.0,1.60,-0.420,0.140,-9.540,0.00000,0
73.743,0.0,0.0,1.60,-0.420,0.140,-9.540,0.00000,0
73.753,0.0,0.0,1.60,-0.420,0.140,-9.540,0.00000,0
73.763,0.0,0.0,1.60,-0.380,0.170,-9.490,0.00000,0
73.773,0.0,0.0,1.60,-0.380,0.170,-9.490,0.00000,0
73.783,0.0,0.0,1.60,-0.380,0.170,-9.490,0.00000,0
73.793,0.0,0.0,1.60,-0.380,0.170,-9.490,0.00000,0
73.803,0.0,0.0,1.60,-0.380,0.170,-9.490,0.00000,0
73.814,0.0,0.0,1.60,-0.380,0.170,-9.490,0.00000,0
73.824,0.0,0.0,1.60,-0.430,0.160,-9.470,0.00000,0
73.834,0.0,0.0,1.60,-0.430,0.160,-9.470,0.00000,0
73.844,0.0,0.0,1.60,-0.430,0.160,-9.470,0.00000,0
73.854,0.0,0.0,1.60,-0.430,0.160,-9.470,0.00000,0
73.864,0.0,0.0,1.60,-0.380,0.130,-9.420,0.00000,0
73.874,0.0,0.0,1.60,-0.380,0.130,-9.420,0.00000,0
73.884,0.0,0.0,1.60,-0.380,0.130,-9.420,0.00000,0
73.895,0.0,0.0,1.60,-0.380,0.130,-9.420,0.00000,0
73.905,0.0,0.0,1.60,-0.380,0.130,-9.420,0.00000,0
73.915,0.0,0.0,1.60,-0.400,0.110,-9.500,0.00000,0
73.925,0.0,0.0,1.60,-0.400,0.110,-9.500,0.00000,0
73.935,0.0,0.0,1.60,-0.400,0.110,-9.500,0.00000,0
73.945,0.0,0.0,1.60,-0.400,0.110,-9.500,0.00000,0
73.955,0.0,0.0,1.60,-0.400,0.110,-9.500,0.00000,0
73.965,0.0,0.0,1.60,-0.400,0.110,-9.550,0.00000,0
73.976,0.0,0.0,1.60,-0.400,0.110,-9.550,0.00000,0
73.986,0.0,0.0,1.60,-0.400,0.110,-9.550,0.00000,0
73.996,0.0,0.0,1.60,-0.400,0.110,-9.550,0.00000,0
74.006,0.0,0.0,1.60,-0.400,0.110,-9.550,0.00000,0
74.016,0.0,0.0,1.60,-0.410,0.110,-9.500,0.00000,0
74.028,0.0,0.0,1.60,-0.410,0.110,-9.500,0.00000,0
74.038,0.0,0.0,1.60,-0.410,0.110,-9.500,0.00000,0
74.048,0.0,0.0,1.60,-0.410,0.110,-9.500,0.00000,0
74.058,0.0,0.0,1.60,-0.410,0.110,-9.500,0.00000,0
74.068,0.0,0.0,1.60,-0.430,0.140,-9.420,0.00000,0
74.078,0.0,0.0,1.60,-0.430,0.140,-9.420,0.00000,0
74.088,0.0,0.0,1.60,-0.430,0.140,-9.420,0.00000,0
74.099,0.0,0.0,1.60,-0.430,0.140,-9.420,0.00000,0
74.109,0.0,0.0,1.60,-0.380,0.130,-9.480,0.00000,0
74.119,0.0,0.0,1.60,-0.380,0.130,-9.480,0.00000,0
74.129,0.0,0.0,1.60,-0.380,0.130,-9.480,0.00000,0
74.139,0.0,0.0,1.60,-0.380,0.130,-9.480,0.00000,0
74.149,0.0,0.0,1.60,-0.380,0.130,-9.480,0.00000,0
74.159,0.0,0.0,1.60,-0.430,0.120,-9.520,0.00000,0
74.169,0.0,0.0,1.60,-0.430,0.120,-9.520,0.00000,0
74.180,0.0,0.0,1.60,-0.430,0.120,-9.520,0.00000,0
74.190,0.0,0.0,1.60,-0.430,0.120,-9.520,0.00000,0
74.200,0.0,0.0,1.60,-0.430,0.120,-9.520,0.00000,0
74.210,0.0,0.0,1.60,-0.430,0.120,-9.520,0.00000,0
74.220,0.0,0.0,1.60,-0.430,0.100,-9.500,0.00000,0
74.230,0.0,0.0,1.60,-0.430,0.100,-9.500,0.00000,0
74.240,0.0,0.0,1.60,-0.430,0.100,-9.500,0.00000,0
74.250,0.0,0.0,1.60,-0.430,0.100,-9.500,0.00000,0
74.261,0.0,0.0,1.60,-0.430,0.100,-9.500,0.00000,0
74.271,0.0,0.0,1.60,-0.450,0.120,-9.570,0.00000,0
74.281,0.0,0.0,1.60,-0.450,0.120,-9.570,0.00000,0
74.291,0.0,0.0,1.60,-0.450,0.120,-9.570,0.00000,0
74.301,0.0,0.0,1.60,-0.450,0.120,-9.570,0.00000,0
74.311,0.0,0.0,1.60,-0.450,0.120,-9.570,0.00000,0
74.321,0.0,0.0,1.60,-0.380,0.100,-9.420,0.00000,0
74.331,0.0,0.0,1.60,-0.380,0.100,-9.420,0.00000,0
74.342,0.0,0.0,1.60,-0.380,0.100,-9.420,0.00000,0
74.352,0.0,0.0,1.60,-0.380,0.100,-9.420,0.00000,0
74.362,0.0,0.0,1.60,-0.440,0.130,-9.440,0.00000,0
74.372,0.0,0.0,1.60,-0.440,0.130,-9.440,0.00000,0
74.382,0.0,0.0,1.60,-0.440,0.130,-9.440,0.00000,0
74.392,0.0,0.0,1.60,-0.440,0.130,-9.440,0.00000,0
74.402,0.0,0.0,1.60,-0.440,0.130,-9.440,0.00000,0
74.412,0.0,0.0,1.60,-0.390,0.170,-9.490,0.00000,0
74.423,0.0,0.0,1.60,-0.390,0.170,-9.490,0.00000,0
74.433,0.0,0.0,1.60,-0.390,0.170,-9.490,0.00000,0
74.443,0.0,0.0,1.60,-0.390,0.170,-9.490,0.00000,0
74.453,0.0,0.0,1.60,-0.390,0.170,-9.490,0.00000,0
74.463,0.0,0.0,1.60,-0.380,0.140,-9.480,0.00000,0
74.473,0.0,0.0,1.60,-0.380,0.140,-9.480,0.00000,0
74.483,0.0,0.0,1.60,-0.380,0.140,-9.480,0.00000,0
74.493,0.0,0.0,1.60,-0.380,0.140,-9.480,0.00000,0
74.504,0.0,0.0,1.60,-0.380,0.140,-9.480,0.00000,0
74.514,0.0,0.0,1.60,-0.420,0.130,-9.440,0.00000,0
74.524,0.0,0.0,1.60,-0.420,0.130,-9.440,0.00000,0
74.534,0.0,0.0,1.60,-0.420,0.130,-9.440,0.00000,0
74.544,0.0,0.0,1.60,-0.420,0.130,-9.440,0.00000,0
74.554,0.0,0.0,1.60,-0.420,0.130,-9.440,0.00000,0
74.564,0.0,0.0,1.60,-0.420,0.130,-9.440,0.00000,0
74.574,0.0,0.0,1.60,-0.380,0.150,-9.480,0.00000,0
74.584,0.0,0.0,1.60,-0.380,0.150,-9.480,0.00000,0
74.595,0.0,0.0,1.60,-0.380,0.150,-9.480,0.00000,0
74.605,0.0,0.0,1.60,-0.380,0.150,-9.480,0.00000,0
74.615,0.0,0.0,1.60,-0.420,0.110,-9.520,0.00000,0
74.625,0.0,0.0,1.60,-0.420,0.110,-9.520,0.00000,0
74.635,0.0,0.0,1.60,-0.420,0.110,-9.520,0.00000,0
74.645,0.0,0.0,1.60,-0.420,0.110,-9.520,0.00000,0
74.655,0.0,0.0,1.60,-0.420,0.110,-9.520,0.00000,0
74.665,0.0,0.0,1.60,-0.450,0.120,-9.450,0.00000,0
74.675,0.0,0.0,1.60,-0.450,0.120,-9.450,0.00000,0
74.686,0.0,0.0,1.60,-0.450,0.120,-9.450,0.00000,0
74.696,0.0,0.0,1.60,-0.450,0.120,-9.450,0.00000,0
74.706,0.0,0.0,1.60,-0.450,0.120,-9.450,0.00000,0
74.716,0.0,0.0,1.60,-0.410,0.110,-9.490,0.00000,0
74.726,0.0,0.0,1.60,-0.410,0.110,-9.490,0.00000,0
74.736,0.0,0.0,1.60,-0.410,0.110,-9.490,0.00000,0
74.746,0.0,0.0,1.60,-0.410,0.110,-9.490,0.00000,0
74.756,0.0,0.0,1.60,-0.410,0.110,-9.490,0.00000,0
74.767,0.0,0.0,1.60,-0.410,0.110,-9.490,0.00000,0
74.777,0.0,0.0,1.60,-0.380,0.120,-9.430,0.00000,0
74.787,0.0,0.0,1.60,-0.380,0.120,-9.430,0.00000,0
74.797,0.0,0.0,1.60,-0.380,0.120,-9.430,0.00000,0
74.807,0.0,0.0,1.60,-0.380,0.120,-9.430,0.00000,0
74.817,0.0,0.0,1.60,-0.400,0.120,-9.450,0.00000,0
74.827,0.0,0.0,1.60,-0.400,0.120,-9.450,0.00000,0
74.838,0.0,0.0,1.60,-0.400,0.120,-9.450,0.00000,0
74.848,0.0,0.0,1.60,-0.400,0.120,-9.450,0.00000,0
74.858,0.0,0.0,1.60,-0.390,0.080,-9.450,0.00000,0
74.868,0.0,0.0,1.60,-0.390,0.080,-9.450,0.00000,0
74.879,0.0,0.0,1.60,-0.390,0.080,-9.450,0.00000,0
74.889,0.0,0.0,1.60,-0.390,0.080,-9.450,0.00000,0
74.899,0.0,0.0,1.60,-0.390,0.080,-9.450,0.00000,0
74.909,0.0,0.0,1.60,-0.420,0.100,-9.440,0.00000,0
74.919,0.0,0.0,1.60,-0.420,0.100,-9.440,0.00000,0
74.929,0.0,0.0,1.60,-0.420,0.100,-9.440,0.00000,0
74.940,0.0,0.0,1.60,-0.420,0.100,-9.440,0.00000,0
74.950,0.0,0.0,1.60,-0.420,0.100,-9.440,0.00000,0
74.960,0.0,0.0,1.60,-0.420,0.100,-9.440,0.00000,0
74.970,0.0,0.0,1.60,-0.430,0.140,-9.530,0.00000,0
74.980,0.0,0.0,1.60,-0.430,0.140,-9.530,0.00000,0
74.990,0.0,0.0,1.60,-0.430,0.140,-9.530,0.00000,0
75.000,0.0,0.0,1.60,-0.430,0.140,-9.530,0.00000,0
75.010,0.0,0.0,1.60,-0.430,0.140,-9.530,0.00000,0
75.021,0.0,0.0,1.60,-0.420,0.150,-9.510,0.00000,0
75.031,0.0,0.0,1.60,-0.420,0.150,-9.510,0.00000,0
75.041,0.0,0.0,1.60,-0.420,0.150,-9.510,0.00000,0
75.051,0.0,0.0,1.60,-0.420,0.150,-9.510,0.00000,0
75.061,0.0,0.0,1.60,-0.420,0.150,-9.510,0.00000,0
75.071,0.0,0.0,1.60,-0.420,0.110,-9.560,0.00000,0
75.081,0.0,0.0,1.60,-0.420,0.110,-9.560,0.00000,0
75.092,0.0,0.0,1.60,-0.420,0.110,-9.560,0.00000,0
75.102,0.0,0.0,1.60,-0.420,0.110,-9.560,0.00000,0
75.112,0.0,0.0,1.60,-0.420,0.090,-9.470,0.00000,0
75.122,0.0,0.0,1.60,-0.420,0.090,-9.470,0.00000,0
75.132,0.0,0.0,1.60,-0.420,0.090,-9.470,0.00000,0
75.142,0.0,0.0,1.60,-0.420,0.090,-9.470,0.00000,0
75.152,0.0,0.0,1.60,-0.420,0.090,-9.470,0.00000,0
75.162,0.0,0.0,1.60,-0.390,0.100,-9.430,0.00000,0
75.172,0.0,0.0,1.60,-0.390,0.100,-9.430,0.00000,0
75.183,0.0,0.0,1.60,-0.390,0.100,-9.430,0.00000,0
75.193,0.0,0.0,1.60,-0.390,0.100,-9.430,0.00000,0
75.203,0.0,0.0,1.60,-0.390,0.100,-9.430,0.00000,0
75.213,0.0,0.0,1.60,-0.380,0.140,-9.490,0.00000,0
75.223,0.0,0.0,1.60,-0.380,0.140,-9.490,0.00000,0
75.233,0.0,0.0,1.60,-0.380,0.140,-9.490,0.00000,0
75.243,0.0,0.0,1.60,-0.380,0.140,-9.490,0.00000,0
75.253,0.0,0.0,1.60,-0.380,0.140,-9.490,0.00000,0
75.264,0.0,0.0,1.60,-0.380,0.110,-9.430,0.00000,0
75.274,0.0,0.0,1.60,-0.380,0.110,-9.430,0.00000,0
75.284,0.0,0.0,1.60,-0.380,0.110,-9.430,0.00000,0
75.294,0.0,0.0,1.60,-0.380,0.110,-9.430,0.00000,0
75.304,0.0,0.0,1.60,-0.380,0.110,-9.430,0.00000,0
75.314,0.0,0.0,1.60,-0.380,0.110,-9.430,0.00000,0
75.324,0.0,0.0,1.60,-0.410,0.110,-9.480,0.00000,0
75.334,0.0,0.0,1.60,-0.410,0.110,-9.480,0.00000,0
75.345,0.0,0.0,1.60,-0.410,0.110,-9.480,0.00000,0
75.355,0.0,0.0,1.60,-0.410,0.110,-9.480,0.00000,0
75.365,0.0,0.0,1.60,-0.440,0.120,-9.420,0.00000,0
75.375,0.0,0.0,1.60,-0.440,0.120,-9.420,0.00000,0
75.385,0.0,0.0,1.60,-0.440,0.120,-9.420,0.00000,0
75.395,0.0,0.0,1.60,-0.440,0.120,-9.420,0.00000,0
75.405,0.0,0.0,1.60,-0.440,0.120,-9.420,0.00000,0
75.416,0.0,0.0,1.60,-0.410,0.110,-9.460,0.00000,0
75.426,0.0,0.0,1.60,-0.410,0.110,-9.460,0.00000,0
75.436,0.0,0.0,1.60,-0.410,0.110,-9.460,0.00000,0
75.446,0.0,0.0,1.60,-0.410,0.110,-9.460,0.00000,0
75.456,0.0,0.0,1.60,-0.410,0.110,-9.460,0.00000,0
75.466,0.0,0.0,1.60,-0.410,0.130,-9.440,0.00000,0
75.476,0.0,0.0,1.60,-0.410,0.130,-9.440,0.00000,0
75.486,0.0,0.0,1.60,-0.410,0.130,-9.440,0.00000,0
75.497,0.0,0.0,1.60,-0.410,0.130,-9.440,0.00000,0
75.507,0.0,0.0,1.60,-0.410,0.130,-9.440,0.00000,0
75.517,0.0,0.0,1.60,-0.430,0.130,-9.590,0.00000,0
75.527,0.0,0.0,1.60,-0.430,0.130,-9.590,0.00000,0
75.537,0.0,0.0,1.60,-0.430,0.130,-9.590,0.00000,0
75.547,0.0,0.0,1.60,-0.430,0.130,-9.590,0.00000,0
75.557,0.0,0.0,1.60,-0.430,0.130,-9.590,0.00000,0
75.567,0.0,0.0,1.60,-0.390,0.130,-9.510,0.00000,0
75.578,0.0,0.0,1.60,-0.390,0.130,-9.510,0.00000,0
75.588,0.0,0.0,1.60,-0.390,0.130,-9.510,0.00000,0
75.598,0.0,0.0,1.60,-0.390,0.130,-9.510,0.00000,0
75.608,0.0,0.0,1.60,-0.400,0.090,-9.490,0.00000,0
75.618,0.0,0.0,1.60,-0.400,0.090,-9.490,0.00000,0
75.628,0.0,0.0,1.60,-0.400,0.090,-9.490,0.00000,0
75.638,0.0,0.0,1.60,-0.400,0.090,-9.490,0.00000,0
75.649,0.0,0.0,1.60,-0.400,0.090,-9.490,0.00000,0
75.659,0.0,0.0,1.60,-0.380,0.130,-9.500,0.00000,0
75.669,0.0,0.0,1.60,-0.380,0.130,-9.500,0.00000,0
75.679,0.0,0.0,1.60,-0.380,0.130,-9.500,0.00000,0
75.689,0.0,0.0,1.60,-0.380,0.130,-9.500,0.00000,0
75.699,0.0,0.0,1.60,-0.380,0.130,-9.500,0.00000,0
75.709,0.0,0.0,1.60,-0.380,0.130,-9.500,0.00000,0
75.719,0.0,0.0,1.60,-0.370,0.130,-9.480,0.00000,0
75.731,0.0,0.0,1.60,-0.370,0.130,-9.480,0.00000,0
75.741,0.0,0.0,1.60,-0.370,0.130,-9.480,0.00000,0
75.751,0.0,0.0,1.60,-0.370,0.130,-9.480,0.00000,0
75.761,0.0,0.0,1.60,-0.370,0.130,-9.480,0.00000,0
75.771,0.0,0.0,1.60,-0.400,0.150,-9.420,0.00000,0
75.781,0.0,0.0,1.60,-0.400,0.150,-9.420,0.00000,0
75.791,0.0,0.0,1.60,-0.400,0.150,-9.420,0.00000,0
75.802,0.0,0.0,1.60,-0.400,0.150,-9.420,0.00000,0
75.812,0.0,0.0,1.60,-0.400,0.150,-9.420,0.00000,0
75.822,0.0,0.0,1.60,-0.370,0.090,-9.520,0.00000,0
75.832,0.0,0.0,1.60,-0.370,0.090,-9.520,0.00000,0
75.842,0.0,0.0,1.60,-0.370,0.090,-9.520,0.00000,0
75.852,0.0,0.0,1.60,-0.370,0.090,-9.520,0.00000,0
75.862,0.0,0.0,1.60,-0.400,0.120,-9.400,0.00000,0
75.872,0.0,0.0,1.60,-0.400,0.120,-9.400,0.00000,0
75.883,0.0,0.0,1.60,-0.400,0.120,-9.400,0.00000,0
75.893,0.0,0.0,1.60,-0.400,0.120,-9.400,0.00000,0
75.903,0.0,0.0,1.60,-0.400,0.120,-9.400,0.00000,0
75.913,0.0,0.0,1.60,-0.420,0.120,-9.540,0.00000,0
75.923,0.0,0.0,1.60,-0.420,0.120,-9.540,0.00000,0
75.933,0.0,0.0,1.60,-0.420,0.120,-9.540,0.00000,0
75.943,0.0,0.0,1.60,-0.420,0.120,-9.540,0.00000,0
75.953,0.0,0.0,1.60,-0.420,0.120,-9.540,0.00000,0
75.964,0.0,0.0,1.60,-0.400,0.140,-9.530,0.00000,0
75.974,0.0,0.0,1.60,-0.400,0.140,-9.530,0.00000,0
75.984,0.0,0.0,1.60,-0.400,0.140,-9.530,0.00000,0
75.994,0.0,0.0,1.60,-0.400,0.140,-9.530,0.00000,0
76.004,0.0,0.0,1.60,-0.400,0.140,-9.530,0.00000,0
76.014,0.0,0.0,1.60,-0.420,0.150,-9.530,0.00000,0
76.024,0.0,0.0,1.60,-0.420,0.150,-9.530,0.00000,0
76.035,0.0,0.0,1.60,-0.420,0.150,-9.530,0.00000,0
76.045,0.0,0.0,1.60,-0.420,0.150,-9.530,0.00000,0
76.055,0.0,0.0,1.60,-0.420,0.150,-9.530,0.00000,0
76.065,0.0,0.0,1.60,-0.420,0.130,-9.520,0.00000,0
76.075,0.0,0.0,1.60,-0.420,0.130,-9.520,0.00000,0
76.085,0.0,0.0,1.60,-0.420,0.130,-9.520,0.00000,0
76.096,0.0,0.0,1.60,-0.420,0.130,-9.520,0.00000,0
76.106,0.0,0.0,1.60,-0.420,0.130,-9.520,0.00000,0
76.116,0.0,0.0,1.60,-0.390,0.110,-9.530,0.00000,0
76.126,0.0,0.0,1.60,-0.390,0.110,-9.530,0.00000,0
76.136,0.0,0.0,1.60,-0.390,0.110,-9.530,0.00000,0
76.146,0.0,0.0,1.60,-0.390,0.110,-9.530,0.00000,0
76.156,0.0,0.0,1.60,-0.390,0.110,-9.530,0.00000,0
76.167,0.0,0.0,1.60,-0.420,0.110,-9.450,0.00000,0
76.177,0.0,0.0,1.60,-0.420,0.110,-9.450,0.00000,0
76.187,0.0,0.0,1.60,-0.420,0.110,-9.450,0.00000,0
76.197,0.0,0.0,1.60,-0.420,0.110,-9.450,0.00000,0
76.207,0.0,0.0,1.60,-0.420,0.110,-9.450,0.00000,0
76.217,0.0,0.0,1.60,-0.370,0.120,-9.520,0.00000,0
76.227,0.0,0.0,1.60,-0.370,0.120,-9.520,0.00000,0
76.238,0.0,0.0,1.60,-0.370,0.120,-9.520,0.00000,0
76.248,0.0,0.0,1.60,-0.370,0.120,-9.520,0.00000,0
76.258,0.0,0.0,1.60,-0.370,0.120,-9.520,0.00000,0
76.268,0.0,0.0,1.60,-0.410,0.130,-9.510,0.00000,0
76.278,0.0,0.0,1.60,-0.410,0.130,-9.510,0.00000,0
76.288,0.0,0.0,1.60,-0.410,0.130,-9.510,0.00000,0
76.298,0.0,0.0,1.60,-0.410,0.130,-9.510,0.00000,0
76.309,0.0,0.0,1.60,-0.410,0.130,-9.510,0.00000,0
76.319,0.0,0.0,1.60,-0.390,0.130,-9.470,0.00000,0
76.329,0.0,0.0,1.60,-0.390,0.130,-9.470,0.00000,0
76.339,0.0,0.0,1.60,-0.390,0.130,-9.470,0.00000,0
76.349,0.0,0.0,1.60,-0.390,0.130,-9.470,0.00000,0
76.359,0.0,0.0,1.60,-0.410,0.140,-9.520,0.00000,0
76.369,0.0,0.0,1.60,-0.410,0.140,-9.520,0.00000,0
76.379,0.0,0.0,1.60,-0.410,0.140,-9.520,0.00000,0
76.390,0.0,0.0,1.60,-0.410,0.140,-9.520,0.00000,0
76.400,0.0,0.0,1.60,-0.410,0.140,-9.520,0.00000,0
76.410,0.0,0.0,1.60,-0.390,0.150,-9.470,0.00000,0
76.420,0.0,0.0,1.60,-0.390,0.150,-9.470,0.00000,0
76.430,0.0,0.0,1.60,-0.390,0.150,-9.470,0.00000,0
76.440,0.0,0.0,1.60,-0.390,0.150,-9.470,0.00000,0
76.450,0.0,0.0,1.60,-0.390,0.150,-9.470,0.00000,0
76.461,0.0,0.0,1.60,-0.450,0.150,-9.440,0.00000,0
76.471,0.0,0.0,1.60,-0.450,0.150,-9.440,0.00000,0
76.482,0.0,0.0,1.60,-0.450,0.150,-9.440,0.00000,0
76.492,0.0,0.0,1.60,-0.450,0.150,-9.440,0.00000,0
76.502,0.0,0.0,1.60,-0.450,0.150,-9.440,0.00000,0
76.512,0.0,0.0,1.60,-0.450,0.150,-9.440,0.00000,0
76.522,0.0,0.0,1.60,-0.400,0.100,-9.450,0.00000,0
76.532,0.0,0.0,1.60,-0.400,0.100,-9.450,0.00000,0
76.543,0.0,0.0,1.60,-0.400,0.100,-9.450,0.00000,0
76.553,0.0,0.0,1.60,-0.400,0.100,-9.450,0.00000,0
76.563,0.0,0.0,1.60,-0.400,0.100,-9.450,0.00000,0
76.573,0.0,0.0,1.60,-0.410,0.140,-9.540,0.00000,0
76.583,0.0,0.0,1.60,-0.410,0.140,-9.540,0.00000,0
76.593,0.0,0.0,1.60,-0.410,0.140,-9.540,0.00000,0
76.603,0.0,0.0,1.60,-0.410,0.140,-9.540,0.00000,0
76.614,0.0,0.0,1.60,-0.440,0.130,-9.510,0.00000,0
76.624,0.0,0.0,1.60,-0.440,0.130,-9.510,0.00000,0
76.634,0.0,0.0,1.60,-0.440,0.130,-9.510,0.00000,0
76.644,0.0,0.0,1.60,-0.440,0.130,-9.510,0.00000,0
76.654,0.0,0.0,1.60,-0.440,0.130,-9.510,0.00000,0
76.664,0.0,0.0,1.60,-0.370,0.150,-9.440,0.00000,0
76.674,0.0,0.0,1.60,-0.370,0.150,-9.440,0.00000,0
76.684,0.0,0.0,1.60,-0.370,0.150,-9.440,0.00000,0
76.695,0.0,0.0,1.60,-0.370,0.150,-9.440,0.00000,0
76.705,0.0,0.0,1.60,-0.370,0.150,-9.440,0.00000,0
76.715,0.0,0.0,1.60,-0.380,0.110,-9.490,0.00000,0
76.725,0.0,0.0,1.60,-0.380,0.110,-9.490,0.00000,0
76.735,0.0,0.0,1.60,-0.380,0.110,-9.490,0.00000,0
76.745,0.0,0.0,1.60,-0.380,0.110,-9.490,0.00000,0
76.756,0.0,0.0,1.60,-0.380,0.110,-9.490,0.00000,0
76.766,0.0,0.0,1.60,-0.430,0.100,-9.460,0.00000,0
76.776,0.0,0.0,1.60,-0.430,0.100,-9.460,0.00000,0
76.786,0.0,0.0,1.60,-0.430,0.100,-9.460,0.00000,0
76.796,0.0,0.0,1.60,-0.430,0.100,-9.460,0.00000,0
76.806,0.0,0.0,1.60,-0.430,0.100,-9.460,0.00000,0
76.816,0.0,0.0,1.60,-0.350,0.150,-9.420,0.00000,0
76.826,0.0,0.0,1.60,-0.350,0.150,-9.420,0.00000,0
76.836,0.0,0.0,1.60,-0.350,0.150,-9.420,0.00000,0
76.847,0.0,0.0,1.60,-0.350,0.150,-9.420,0.00000,0
76.857,0.0,0.0,1.60,-0.390,0.130,-9.430,0.00000,0
76.867,0.0,0.0,1.60,-0.390,0.130,-9.430,0.00000,0
76.877,0.0,0.0,1.60,-0.390,0.130,-9.430,0.00000,0
76.887,0.0,0.0,1.60,-0.390,0.130,-9.430,0.00000,0
76.897,0.0,0.0,1.60,-0.390,0.130,-9.430,0.00000,0
76.908,0.0,0.0,1.60,-0.390,0.130,-9.430,0.00000,0
76.918,0.0,0.0,1.60,-0.430,0.100,-9.490,0.00000,0
76.928,0.0,0.0,1.60,-0.430,0.100,-9.490,0.00000,0
76.938,0.0,0.0,1.60,-0.430,0.100,-9.490,0.00000,0
76.948,0.0,0.0,1.60,-0.430,0.100,-9.490,0.00000,0
76.958,0.0,0.0,1.60,-0.430,0.100,-9.490,0.00000,0
76.968,0.0,0.0,1.60,-0.440,0.110,-9.480,0.00000,0
76.979,0.0,0.0,1.60,-0.440,0.110,-9.480,0.00000,0
76.989,0.0,0.0,1.60,-0.440,0.110,-9.480,0.00000,0
76.999,0.0,0.0,1.60,-0.440,0.110,-9.480,0.00000,0
77.009,0.0,0.0,1.60,-0.440,0.110,-9.480,0.00000,0
77.019,0.0,0.0,1.60,-0.400,0.130,-9.460,0.00000,0
77.029,0.0,0.0,1.60,-0.400,0.130,-9.460,0.00000,0
77.039,0.0,0.0,1.60,-0.400,0.130,-9.460,0.00000,0
77.049,0.0,0.0,1.60,-0.400,0.130,-9.460,0.00000,0
77.060,0.0,0.0,1.60,-0.400,0.130,-9.460,0.00000,0
77.070,0.0,0.0,1.60,-0.430,0.130,-9.560,0.00000,0
77.080,0.0,0.0,1.60,-0.430,0.130,-9.560,0.00000,0
77.090,0.0,0.0,1.60,-0.430,0.130,-9.560,0.00000,0
77.100,0.0,0.0,1.60,-0.430,0.130,-9.560,0.00000,0
77.110,0.0,0.0,1.60,-0.440,0.110,-9.490,0.00000,0
77.120,0.0,0.0,1.60,-0.440,0.110,-9.490,0.00000,0
77.130,0.0,0.0,1.60,-0.440,0.110,-9.490,0.00000,0
77.141,0.0,0.0,1.60,-0.440,0.110,-9.490,0.00000,0
77.151,0.0,0.0,1.60,-0.440,0.110,-9.490,0.00000,0
77.161,0.0,0.0,1.60,-0.360,0.090,-9.530,0.00000,0
77.171,0.0,0.0,1.60,-0.360,0.090,-9.530,0.00000,0
77.181,0.0,0.0,1.60,-0.360,0.090,-9.530,0.00000,0
77.191,0.0,0.0,1.60,-0.360,0.090,-9.530,0.00000,0
77.201,0.0,0.0,1.60,-0.360,0.090,-9.530,0.00000,0
77.212,0.0,0.0,1.60,-0.410,0.150,-9.520,0.00000,0
77.222,0.0,0.0,1.60,-0.410,0.150,-9.520,0.00000,0
77.232,0.0,0.0,1.60,-0.410,0.150,-9.520,0.00000,0
77.242,0.0,0.0,1.60,-0.410,0.150,-9.520,0.00000,0
77.252,0.0,0.0,1.60,-0.410,0.150,-9.520,0.00000,0
77.262,0.0,0.0,1.60,-0.410,0.150,-9.520,0.00000,0
77.273,0.0,0.0,1.60,-0.400,0.110,-9.490,0.00000,0
77.283,0.0,0.0,1.60,-0.400,0.110,-9.490,0.00000,0
77.293,0.0,0.0,1.60,-0.400,0.110,-9.490,0.00000,0
77.303,0.0,0.0,1.60,-0.400,0.110,-9.490,0.00000,0
77.313,0.0,0.0,1.60,-0.400,0.110,-9.490,0.00000,0
77.323,0.0,0.0,1.60,-0.400,0.110,-9.490,0.00000,0
77.333,0.0,0.0,1.60,-0.420,0.100,-9.430,0.00000,0
77.344,0.0,0.0,1.60,-0.420,0.100,-9.430,0.00000,0
77.354,0.0,0.0,1.60,-0.420,0.100,-9.430,0.00000,0
77.364,0.0,0.0,1.60,-0.420,0.100,-9.430,0.00000,0
77.374,0.0,0.0,1.60,-0.390,0.110,-9.400,0.00000,0
77.385,0.0,0.0,1.60,-0.390,0.110,-9.400,0.00000,0
77.395,0.0,0.0,1.60,-0.390,0.110,-9.400,0.00000,0
77.405,0.0,0.0,1.60,-0.390,0.110,-9.400,0.00000,0
77.415,0.0,0.0,1.60,-0.380,0.100,-9.540,0.00000,0
77.425,0.0,0.0,1.60,-0.380,0.100,-9.540,0.00000,0
77.435,0.0,0.0,1.60,-0.380,0.100,-9.540,0.00000,0
77.445,0.0,0.0,1.60,-0.380,0.100,-9.540,0.00000,0
77.456,0.0,0.0,1.60,-0.380,0.100,-9.540,0.00000,0
77.466,0.0,0.0,1.60,-0.420,0.070,-9.470,0.00000,0
77.476,0.0,0.0,1.60,-0.420,0.070,-9.470,0.00000,0
77.486,0.0,0.0,1.60,-0.420,0.070,-9.470,0.00000,0
77.496,0.0,0.0,1.60,-0.420,0.070,-9.470,0.00000,0
77.506,0.0,0.0,1.60,-0.420,0.070,-9.470,0.00000,0
77.516,0.0,0.0,1.60,-0.440,0.140,-9.450,0.00000,0
77.527,0.0,0.0,1.60,-0.440,0.140,-9.450,0.00000,0
77.537,0.0,0.0,1.60,-0.440,0.140,-9.450,0.00000,0
77.547,0.0,0.0,1.60,-0.440,0.140,-9.450,0.00000,0
77.557,0.0,0.0,1.60,-0.440,0.140,-9.450,0.00000,0
77.567,0.0,0.0,1.60,-0.410,0.120,-9.480,0.00000,0
77.577,0.0,0.0,1.60,-0.410,0.120,-9.480,0.00000,0
77.587,0.0,0.0,1.60,-0.410,0.120,-9.480,0.00000,0
77.598,0.0,0.0,1.60,-0.410,0.120,-9.480,0.00000,0
77.608,0.0,0.0,1.60,-0.410,0.120,-9.480,0.00000,0
77.618,0.0,0.0,1.60,-0.370,0.120,-9.530,0.00000,0
77.628,0.0,0.0,1.60,-0.370,0.120,-9.530,0.00000,0
77.638,0.0,0.0,1.60,-0.370,0.120,-9.530,0.00000,0
77.648,0.0,0.0,1.60,-0.370,0.120,-9.530,0.00000,0
77.658,0.0,0.0,1.60,-0.370,0.120,-9.530,0.00000,0
77.668,0.0,0.0,1.60,-0.390,0.100,-9.470,0.00000,0
77.679,0.0,0.0,1.60,-0.390,0.100,-9.470,0.00000,0
77.689,0.0,0.0,1.60,-0.390,0.100,-9.470,0.00000,0
77.699,0.0,0.0,1.60,-0.390,0.100,-9.470,0.00000,0
77.709,0.0,0.0,1.60,-0.390,0.100,-9.470,0.00000,0
77.719,0.0,0.0,1.60,-0.430,0.120,-9.500,0.00000,0
77.729,0.0,0.0,1.60,-0.430,0.120,-9.500,0.00000,0
77.739,0.0,0.0,1.60,-0.430,0.120,-9.500,0.00000,0
77.750,0.0,0.0,1.60,-0.430,0.120,-9.500,0.00000,0
77.760,0.0,0.0,1.60,-0.430,0.120,-9.500,0.00000,0
77.770,0.0,0.0,1.60,-0.430,0.120,-9.480,0.00000,0
77.780,0.0,0.0,1.60,-0.430,0.120,-9.480,0.00000,0
77.790,0.0,0.0,1.60,-0.430,0.120,-9.480,0.00000,0
77.800,0.0,0.0,1.60,-0.430,0.120,-9.480,0.00000,0
77.810,0.0,0.0,1.60,-0.430,0.120,-9.480,0.00000,0
77.820,0.0,0.0,1.60,-0.370,0.100,-9.450,0.00000,0
77.830,0.0,0.0,1.60,-0.370,0.100,-9.450,0.00000,0
77.841,0.0,0.0,1.60,-0.370,0.100,-9.450,0.00000,0
77.851,0.0,0.0,1.60,-0.370,0.100,-9.450,0.00000,0
77.861,0.0,0.0,1.60,-0.370,0.100,-9.450,0.00000,0
77.871,0.0,0.0,1.60,-0.430,0.110,-9.450,0.00000,0
77.881,0.0,0.0,1.60,-0.430,0.110,-9.450,0.00000,0
77.891,0.0,0.0,1.60,-0.430,0.110,-9.450,0.00000,0
77.901,0.0,0.0,1.60,-0.430,0.110,-9.450,0.00000,0
77.912,0.0,0.0,1.60,-0.420,0.120,-9.480,0.00000,0
77.922,0.0,0.0,1.60,-0.420,0.120,-9.480,0.00000,0
77.932,0.0,0.0,1.60,-0.420,0.120,-9.480,0.00000,0
77.942,0.0,0.0,1.60,-0.420,0.120,-9.480,0.00000,0
77.952,0.0,0.0,1.60,-0.420,0.120,-9.480,0.00000,0
77.962,0.0,0.0,1.60,-0.420,0.160,-9.490,0.00000,0
77.972,0.0,0.0,1.60,-0.420,0.160,-9.490,0.00000,0
77.982,0.0,0.0,1.60,-0.420,0.160,-9.490,0.00000,0
77.992,0.0,0.0,1.60,-0.420,0.160,-9.490,0.00000,0
78.003,0.0,0.0,1.60,-0.420,0.160,-9.490,0.00000,0
78.013,0.0,0.0,1.60,-0.370,0.130,-9.450,0.00000,0
78.023,0.0,0.0,1.60,-0.370,0.130,-9.450,0.00000,0
78.033,0.0,0.0,1.60,-0.370,0.130,-9.450,0.00000,0
78.043,0.0,0.0,1.60,-0.370,0.130,-9.450,0.00000,0
78.053,0.0,0.0,1.60,-0.370,0.130,-9.450,0.00000,0
78.063,0.0,0.0,1.60,-0.370,0.130,-9.450,0.00000,0
78.074,0.0,0.0,1.60,-0.430,0.130,-9.410,0.00000,0
78.084,0.0,0.0,1.60,-0.430,0.130,-9.410,0.00000,0
78.094,0.0,0.0,1.60,-0.430,0.130,-9.410,0.00000,0
78.105,0.0,0.0,1.60,-0.430,0.130,-9.410,0.00000,0
78.115,0.0,0.0,1.60,-0.430,0.130,-9.410,0.00000,0
78.125,0.0,0.0,1.60,-0.350,0.140,-9.460,0.00000,0
78.135,0.0,0.0,1.60,-0.350,0.140,-9.460,0.00000,0
78.145,0.0,0.0,1.60,-0.350,0.140,-9.460,0.00000,0
78.155,0.0,0.0,1.60,-0.350,0.140,-9.460,0.00000,0
78.165,0.0,0.0,1.60,-0.430,0.120,-9.450,0.00000,0
78.176,0.0,0.0,1.60,-0.430,0.120,-9.450,0.00000,0
78.186,0.0,0.0,1.60,-0.430,0.120,-9.450,0.00000,0
78.196,0.0,0.0,1.60,-0.430,0.120,-9.450,0.00000,0
78.206,0.0,0.0,1.60,-0.430,0.120,-9.450,0.00000,0
78.216,0.0,0.0,1.60,-0.400,0.110,-9.540,0.00000,0
78.226,0.0,0.0,1.60,-0.400,0.110,-9.540,0.00000,0
78.236,0.0,0.0,1.60,-0.400,0.110,-9.540,0.00000,0
78.246,0.0,0.0,1.60,-0.400,0.110,-9.540,0.00000,0
78.257,0.0,0.0,1.60,-0.400,0.110,-9.540,0.00000,0
78.267,0.0,0.0,1.60,-0.440,0.110,-9.500,0.00000,0
78.277,0.0,0.0,1.60,-0.440,0.110,-9.500,0.00000,0
78.287,0.0,0.0,1.60,-0.440,0.110,-9.500,0.00000,0
78.297,0.0,0.0,1.60,-0.440,0.110,-9.500,0.00000,0
78.307,0.0,0.0,1.60,-0.440,0.110,-9.500,0.00000,0
78.317,0.0,0.0,1.60,-0.400,0.150,-9.500,0.00000,0
78.328,0.0,0.0,1.60,-0.400,0.150,-9.500,0.00000,0
78.338,0.0,0.0,1.60,-0.400,0.150,-9.500,0.00000,0
78.348,0.0,0.0,1.60,-0.400,0.150,-9.500,0.00000,0
78.358,0.0,0.0,1.60,-0.400,0.150,-9.500,0.00000,0
78.368,0.0,0.0,1.60,-0.390,0.080,-9.520,0.00000,0
78.378,0.0,0.0,1.60,-0.390,0.080,-9.520,0.00000,0
78.388,0.0,0.0,1.60,-0.390,0.080,-9.520,0.00000,0
78.399,0.0,0.0,1.60,-0.390,0.080,-9.520,0.00000,0
78.409,0.0,0.0,1.60,-0.390,0.080,-9.520,0.00000,0
78.419,0.0,0.0,1.60,-0.380,0.110,-9.470,0.00000,0
78.429,0.0,0.0,1.60,-0.380,0.110,-9.470,0.00000,0
78.439,0.0,0.0,1.60,-0.380,0.110,-9.470,0.00000,0
78.449,0.0,0.0,1.60,-0.380,0.110,-9.470,0.00000,0
78.459,0.0,0.0,1.60,-0.380,0.110,-9.470,0.00000,0
78.469,0.0,0.0,1.60,-0.410,0.150,-9.430,0.00000,0
78.480,0.0,0.0,1.60,-0.410,0.150,-9.430,0.00000,0
78.490,0.0,0.0,1.60,-0.410,0.150,-9.430,0.00000,0
78.500,0.0,0.0,1.60,-0.410,0.150,-9.430,0.00000,0
78.510,0.0,0.0,1.60,-0.410,0.150,-9.430,0.00000,0
78.520,0.0,0.0,1.60,-0.390,0.120,-9.510,0.00000,0
78.530,0.0,0.0,1.60,-0.390,0.120,-9.510,0.00000,0
78.540,0.0,0.0,1.60,-0.390,0.120,-9.510,0.00000,0
78.551,0.0,0.0,1.60,-0.390,0.120,-9.510,0.00000,0
78.561,0.0,0.0,1.60,-0.390,0.120,-9.510,0.00000,0
78.571,0.0,0.0,1.60,-0.400,0.110,-9.400,0.00000,0
78.581,0.0,0.0,1.60,-0.400,0.110,-9.400,0.00000,0
78.591,0.0,0.0,1.60,-0.400,0.110,-9.400,0.00000,0
78.601,0.0,0.0,1.60,-0.400,0.110,-9.400,0.00000,0
78.612,0.0,0.0,1.60,-0.400,0.110,-9.400,0.00000,0
78.622,0.0,0.0,1.60,-0.400,0.150,-9.470,0.00000,0
78.632,0.0,0.0,1.60,-0.400,0.150,-9.470,0.00000,0
78.642,0.0,0.0,1.60,-0.400,0.150,-9.470,0.00000,0
78.652,0.0,0.0,1.60,-0.400,0.150,-9.470,0.00000,0
78.662,0.0,0.0,1.60,-0.400,0.150,-9.470,0.00000,0
78.672,0.0,0.0,1.60,-0.410,0.130,-9.500,0.00000,0
78.682,0.0,0.0,1.60,-0.410,0.130,-9.500,0.00000,0
78.693,0.0,0.0,1.60,-0.410,0.130,-9.500,0.00000,0
78.703,0.0,0.0,1.60,-0.410,0.130,-9.500,0.00000,0
78.713,0.0,0.0,1.60,-0.390,0.120,-9.450,0.00000,0
78.723,0.0,0.0,1.60,-0.390,0.120,-9.450,0.00000,0
78.733,0.0,0.0,1.60,-0.390,0.120,-9.450,0.00000,0
78.743,0.0,0.0,1.60,-0.390,0.120,-9.450,0.00000,0
78.753,0.0,0.0,1.60,-0.390,0.120,-9.450,0.00000,0
78.764,0.0,0.0,1.60,-0.340,0.140,-9.470,0.00000,0
78.774,0.0,0.0,1.60,-0.340,0.140,-9.470,0.00000,0
78.784,0.0,0.0,1.60,-0.340,0.140,-9.470,0.00000,0
78.794,0.0,0.0,1.60,-0.340,0.140,-9.470,0.00000,0
78.804,0.0,0.0,1.60,-0.340,0.140,-9.470,0.00000,0
78.814,0.0,0.0,1.60,-0.340,0.140,-9.470,0.00000,0
78.824,0.0,0.0,1.60,-0.400,0.100,-9.460,0.00000,0
78.834,0.0,0.0,1.60,-0.400,0.100,-9.460,0.00000,0
78.845,0.0,0.0,1.60,-0.400,0.100,-9.460,0.00000,0
78.855,0.0,0.0,1.60,-0.400,0.100,-9.460,0.00000,0
78.865,0.0,0.0,1.60,-0.400,0.100,-9.460,0.00000,0
78.875,0.0,0.0,1.60,-0.420,0.140,-9.550,0.00000,0
78.885,0.0,0.0,1.60,-0.420,0.140,-9.550,0.00000,0
78.895,0.0,0.0,1.60,-0.420,0.140,-9.550,0.00000,0
78.905,0.0,0.0,1.60,-0.420,0.140,-9.550,0.00000,0
78.916,0.0,0.0,1.60,-0.420,0.140,-9.550,0.00000,0
78.926,0.0,0.0,1.60,-0.390,0.090,-9.500,0.00000,0
78.936,0.0,0.0,1.60,-0.390,0.090,-9.500,0.00000,0
78.946,0.0,0.0,1.60,-0.390,0.090,-9.500,0.00000,0
78.956,0.0,0.0,1.60,-0.390,0.090,-9.500,0.00000,0
78.966,0.0,0.0,1.60,-0.390,0.090,-9.500,0.00000,0
78.976,0.0,0.0,1.60,-0.430,0.110,-9.520,0.00000,0
78.987,0.0,0.0,1.60,-0.430,0.110,-9.520,0.00000,0
78.997,0.0,0.0,1.60,-0.430,0.110,-9.520,0.00000,0
79.007,0.0,0.0,1.60,-0.430,0.110,-9.520,0.00000,0
79.017,0.0,0.0,1.60,-0.430,0.150,-9.500,0.00000,0
79.027,0.0,0.0,1.60,-0.430,0.150,-9.500,0.00000,0
79.037,0.0,0.0,1.60,-0.430,0.150,-9.500,0.00000,0
79.047,0.0,0.0,1.60,-0.430,0.150,-9.500,0.00000,0
79.058,0.0,0.0,1.60,-0.430,0.150,-9.500,0.00000,0
79.068,0.0,0.0,1.60,-0.380,0.090,-9.430,0.00000,0
79.078,0.0,0.0,1.60,-0.380,0.090,-9.430,0.00000,0
79.088,0.0,0.0,1.60,-0.380,0.090,-9.430,0.00000,0
79.098,0.0,0.0,1.60,-0.380,0.090,-9.430,0.00000,0
79.108,0.0,0.0,1.60,-0.380,0.090,-9.430,0.00000,0
79.119,0.0,0.0,1.60,-0.400,0.080,-9.520,0.00000,0
79.129,0.0,0.0,1.60,-0.400,0.080,-9.520,0.00000,0
79.139,0.0,0.0,1.60,-0.400,0.080,-9.520,0.00000,0
79.149,0.0,0.0,1.60,-0.400,0.080,-9.520,0.00000,0
79.159,0.0,0.0,1.60,-0.400,0.080,-9.520,0.00000,0
79.169,0.0,0.0,1.60,-0.420,0.120,-9.480,0.00000,0
79.179,0.0,0.0,1.60,-0.420,0.120,-9.480,0.00000,0
79.190,0.0,0.0,1.60,-0.420,0.120,-9.480,0.00000,0
79.200,0.0,0.0,1.60,-0.420,0.120,-9.480,0.00000,0
79.210,0.0,0.0,1.60,-0.420,0.120,-9.480,0.00000,0
79.220,0.0,0.0,1.60,-0.370,0.120,-9.540,0.00000,0
79.230,0.0,0.0,1.60,-0.370,0.120,-9.540,0.00000,0
79.240,0.0,0.0,1.60,-0.370,0.120,-9.540,0.00000,0
79.250,0.0,0.0,1.60,-0.370,0.120,-9.540,0.00000,0
79.261,0.0,0.0,1.60,-0.370,0.120,-9.540,0.00000,0
79.271,0.0,0.0,1.60,-0.410,0.130,-9.470,0.00000,0
79.281,0.0,0.0,1.60,-0.410,0.130,-9.470,0.00000,0
79.291,0.0,0.0,1.60,-0.410,0.130,-9.470,0.00000,0
79.301,0.0,0.0,1.60,-0.410,0.130,-9.470,0.00000,0
79.311,0.0,0.0,1.60,-0.410,0.130,-9.470,0.00000,0
79.321,0.0,0.0,1.60,-0.410,0.070,-9.540,0.00000,0
79.331,0.0,0.0,1.60,-0.410,0.070,-9.540,0.00000,0
79.342,0.0,0.0,1.60,-0.410,0.070,-9.540,0.00000,0
79.352,0.0,0.0,1.60,-0.410,0.070,-9.540,0.00000,0
79.362,0.0,0.0,1.60,-0.410,0.070,-9.540,0.00000,0
79.372,0.0,0.0,1.60,-0.380,0.110,-9.460,0.00000,0
79.382,0.0,0.0,1.60,-0.380,0.110,-9.460,0.00000,0
79.392,0.0,0.0,1.60,-0.380,0.110,-9.460,0.00000,0
79.402,0.0,0.0,1.60,-0.380,0.110,-9.460,0.00000,0
79.413,0.0,0.0,1.60,-0.380,0.110,-9.460,0.00000,0
79.423,0.0,0.0,1.60,-0.400,0.120,-9.450,0.00000,0
79.433,0.0,0.0,1.60,-0.400,0.120,-9.450,0.00000,0
79.443,0.0,0.0,1.60,-0.400,0.120,-9.450,0.00000,0
79.453,0.0,0.0,1.60,-0.400,0.120,-9.450,0.00000,0
79.463,0.0,0.0,1.60,-0.370,0.120,-9.480,0.00000,0
79.473,0.0,0.0,1.60,-0.370,0.120,-9.480,0.00000,0
79.483,0.0,0.0,1.60,-0.370,0.120,-9.480,0.00000,0
79.494,0.0,0.0,1.60,-0.370,0.120,-9.480,0.00000,0
79.504,0.0,0.0,1.60,-0.370,0.120,-9.480,0.00000,0
79.514,0.0,0.0,1.60,-0.410,0.120,-9.450,0.00000,0
79.524,0.0,0.0,1.60,-0.410,0.120,-9.450,0.00000,0
79.534,0.0,0.0,1.60,-0.410,0.120,-9.450,0.00000,0
79.544,0.0,0.0,1.60,-0.410,0.120,-9.450,0.00000,0
79.554,0.0,0.0,1.60,-0.410,0.120,-9.450,0.00000,0
79.565,0.0,0.0,1.60,-0.390,0.130,-9.460,0.00000,0
79.575,0.0,0.0,1.60,-0.390,0.130,-9.460,0.00000,0
79.585,0.0,0.0,1.60,-0.390,0.130,-9.460,0.00000,0
79.595,0.0,0.0,1.60,-0.390,0.130,-9.460,0.00000,0
79.605,0.0,0.0,1.60,-0.390,0.130,-9.460,0.00000,0
79.615,0.0,0.0,1.60,-0.390,0.130,-9.460,0.00000,0
79.625,0.0,0.0,1.60,-0.380,0.140,-9.480,0.00000,0
79.637,0.0,0.0,1.60,-0.380,0.140,-9.480,0.00000,0
79.647,0.0,0.0,1.60,-0.380,0.140,-9.480,0.00000,0
79.658,0.0,0.0,1.60,-0.380,0.140,-9.480,0.00000,0
79.668,0.0,0.0,1.60,-0.380,0.140,-9.480,0.00000,0
79.678,0.0,0.0,1.60,-0.390,0.110,-9.400,0.00000,0
79.688,0.0,0.0,1.60,-0.390,0.110,-9.400,0.00000,0
79.698,0.0,0.0,1.60,-0.390,0.110,-9.400,0.00000,0
79.708,0.0,0.0,1.60,-0.390,0.110,-9.400,0.00000,0
79.718,0.0,0.0,1.60,-0.410,0.120,-9.390,0.00000,0
79.728,0.0,0.0,1.60,-0.410,0.120,-9.390,0.00000,0
79.739,0.0,0.0,1.60,-0.410,0.120,-9.390,0.00000,0
79.749,0.0,0.0,1.60,-0.410,0.120,-9.390,0.00000,0
79.759,0.0,0.0,1.60,-0.410,0.120,-9.390,0.00000,0
79.769,0.0,0.0,1.60,-0.390,0.140,-9.490,0.00000,0
79.779,0.0,0.0,1.60,-0.390,0.140,-9.490,0.00000,0
79.789,0.0,0.0,1.60,-0.390,0.140,-9.490,0.00000,0
79.800,0.0,0.0,1.60,-0.390,0.140,-9.490,0.00000,0
79.810,0.0,0.0,1.60,-0.390,0.140,-9.490,0.00000,0
79.820,0.0,0.0,1.60,-0.360,0.110,-9.510,0.00000,0
79.830,0.0,0.0,1.60,-0.360,0.110,-9.510,0.00000,0
79.840,0.0,0.0,1.60,-0.360,0.110,-9.510,0.00000,0
79.850,0.0,0.0,1.60,-0.360,0.110,-9.510,0.00000,0
79.860,0.0,0.0,1.60,-0.360,0.110,-9.510,0.00000,0
79.870,0.0,0.0,1.60,-0.360,0.110,-9.510,0.00000,0
79.881,0.0,0.0,1.60,-0.390,0.140,-9.500,0.00000,0
79.891,0.0,0.0,1.60,-0.390,0.140,-9.500,0.00000,0
79.901,0.0,0.0,1.60,-0.390,0.140,-9.500,0.00000,0
79.911,0.0,0.0,1.60,-0.390,0.140,-9.500,0.00000,0
79.921,0.0,0.0,1.60,-0.410,0.110,-9.470,0.00000,0
79.931,0.0,0.0,1.60,-0.410,0.110,-9.470,0.00000,0
79.941,0.0,0.0,1.60,-0.410,0.110,-9.470,0.00000,0
79.951,0.0,0.0,1.60,-0.410,0.110,-9.470,0.00000,0
79.962,0.0,0.0,1.60,-0.390,0.090,-9.550,0.00000,0
79.972,0.0,0.0,1.60,-0.390,0.090,-9.550,0.00000,0
79.982,0.0,0.0,1.60,-0.390,0.090,-9.550,0.00000,0
79.992,0.0,0.0,1.60,-0.390,0.090,-9.550,0.00000,0
80.002,0.0,0.0,1.60,-0.390,0.090,-9.550,0.00000,0
80.012,0.0,0.0,1.60,-0.390,0.090,-9.550,0.00000,0
80.022,0.0,0.0,1.60,-0.430,0.110,-9.500,0.00000,0
80.032,0.0,0.0,1.60,-0.430,0.110,-9.500,0.00000,0
80.043,0.0,0.0,1.60,-0.430,0.110,-9.500,0.00000,0
80.053,0.0,0.0,1.60,-0.430,0.110,-9.500,0.00000,0
80.063,0.0,0.0,1.60,-0.430,0.110,-9.500,0.00000,0
80.073,0.0,0.0,1.60,-0.370,0.140,-9.500,0.00000,0
80.083,0.0,0.0,1.60,-0.370,0.140,-9.500,0.00000,0
80.093,0.0,0.0,1.60,-0.370,0.140,-9.500,0.00000,0
80.103,0.0,0.0,1.60,-0.370,0.140,-9.500,0.00000,0
80.114,0.0,0.0,1.60,-0.370,0.140,-9.500,0.00000,0
80.124,0.0,0.0,1.60,-0.450,0.140,-9.480,0.00000,0
80.134,0.0,0.0,1.60,-0.450,0.140,-9.480,0.00000,0
80.144,0.0,0.0,1.60,-0.450,0.140,-9.480,0.00000,0
80.154,0.0,0.0,1.60,-0.450,0.140,-9.480,0.00000,0
80.164,0.0,0.0,1.60,-0.450,0.140,-9.480,0.00000,0
80.174,0.0,0.0,1.60,-0.410,0.110,-9.490,0.00000,0
80.184,0.0,0.0,1.60,-0.410,0.110,-9.490,0.00000,0
80.195,0.0,0.0,1.60,-0.410,0.110,-9.490,0.00000,0
80.205,0.0,0.0,1.60,-0.410,0.110,-9.490,0.00000,0
80.215,0.0,0.0,1.60,-0.410,0.110,-9.490,0.00000,0
80.225,0.0,0.0,1.60,-0.420,0.130,-9.480,0.00000,0
80.235,0.0,0.0,1.60,-0.420,0.130,-9.480,0.00000,0
80.245,0.0,0.0,1.60,-0.420,0.130,-9.480,0.00000,0
80.255,0.0,0.0,1.60,-0.420,0.130,-9.480,0.00000,0
80.266,0.0,0.0,1.60,-0.400,0.110,-9.550,0.00000,0
80.276,0.0,0.0,1.60,-0.400,0.110,-9.550,0.00000,0
80.286,0.0,0.0,1.60,-0.400,0.110,-9.550,0.00000,0
80.296,0.0,0.0,1.60,-0.400,0.110,-9.550,0.00000,0
80.306,0.0,0.0,1.60,-0.400,0.110,-9.550,0.00000,0
80.316,0.0,0.0,1.60,-0.420,0.100,-9.480,0.00000,0
80.326,0.0,0.0,1.60,-0.420,0.100,-9.480,0.00000,0
80.336,0.0,0.0,1.60,-0.420,0.100,-9.480,0.00000,0
80.347,0.0,0.0,1.60,-0.420,0.100,-9.480,0.00000,0
80.357,0.0,0.0,1.60,-0.420,0.100,-9.480,0.00000,0
80.367,0.0,0.0,1.60,-0.390,0.160,-9.520,0.00000,0
80.377,0.0,0.0,1.60,-0.390,0.160,-9.520,0.00000,0
80.387,0.0,0.0,1.60,-0.390,0.160,-9.520,0.00000,0
80.397,0.0,0.0,1.60,-0.390,0.160,-9.520,0.00000,0
80.407,0.0,0.0,1.60,-0.390,0.160,-9.520,0.00000,0
80.418,0.0,0.0,1.60,-0.390,0.160,-9.520,0.00000,0
80.428,0.0,0.0,1.60,-0.420,0.110,-9.440,0.00000,0
80.438,0.0,0.0,1.60,-0.420,0.110,-9.440,0.00000,0
80.448,0.0,0.0,1.60,-0.420,0.110,-9.440,0.00000,0
80.458,0.0,0.0,1.60,-0.420,0.110,-9.440,0.00000,0
80.468,0.0,0.0,1.60,-0.390,0.110,-9.460,0.00000,0
80.478,0.0,0.0,1.60,-0.390,0.110,-9.460,0.00000,0
80.488,0.0,0.0,1.60,-0.390,0.110,-9.460,0.00000,0
80.499,0.0,0.0,1.60,-0.390,0.110,-9.460,0.00000,0
80.509,0.0,0.0,1.60,-0.390,0.110,-9.460,0.00000,0
80.519,0.0,0.0,1.60,-0.420,0.140,-9.420,0.00000,0
80.529,0.0,0.0,1.60,-0.420,0.140,-9.420,0.00000,0
80.539,0.0,0.0,1.60,-0.420,0.140,-9.420,0.00000,0
80.549,0.0,0.0,1.60,-0.420,0.140,-9.420,0.00000,0
80.560,0.0,0.0,1.60,-0.420,0.140,-9.420,0.00000,0
80.570,0.0,0.0,1.60,-0.420,0.110,-9.470,0.00000,0
80.580,0.0,0.0,1.60,-0.420,0.110,-9.470,0.00000,0
80.590,0.0,0.0,1.60,-0.420,0.110,-9.470,0.00000,0
80.600,0.0,0.0,1.60,-0.420,0.110,-9.470,0.00000,0
80.610,0.0,0.0,1.60,-0.420,0.110,-9.470,0.00000,0
80.620,0.0,0.0,1.60,-0.380,0.130,-9.470,0.00000,0
80.631,0.0,0.0,1.60,-0.380,0.130,-9.470,0.00000,0
80.641,0.0,0.0,1.60,-0.380,0.130,-9.470,0.00000,0
80.651,0.0,0.0,1.60,-0.380,0.130,-9.470,0.00000,0
80.661,0.0,0.0,1.60,-0.380,0.130,-9.470,0.00000,0
80.671,0.0,0.0,1.60,-0.390,0.150,-9.480,0.00000,0
80.681,0.0,0.0,1.60,-0.390,0.150,-9.480,0.00000,0
80.691,0.0,0.0,1.60,-0.390,0.150,-9.480,0.00000,0
80.702,0.0,0.0,1.60,-0.390,0.150,-9.480,0.00000,0
80.712,0.0,0.0,1.60,-0.420,0.140,-9.520,0.00000,0
80.722,0.0,0.0,1.60,-0.420,0.140,-9.520,0.00000,0
80.732,0.0,0.0,1.60,-0.420,0.140,-9.520,0.00000,0
80.742,0.0,0.0,1.60,-0.420,0.140,-9.520,0.00000,0
80.752,0.0,0.0,1.60,-0.420,0.140,-9.520,0.00000,0
80.762,0.0,0.0,1.60,-0.420,0.140,-9.520,0.00000,0
80.773,0.0,0.0,1.60,-0.410,0.160,-9.460,0.00000,0
80.783,0.0,0.0,1.60,-0.410,0.160,-9.460,0.00000,0
80.793,0.0,0.0,1.60,-0.410,0.160,-9.460,0.00000,0
80.803,0.0,0.0,1.60,-0.410,0.160,-9.460,0.00000,0
80.813,0.0,0.0,1.60,-0.410,0.160,-9.460,0.00000,0
80.823,0.0,0.0,1.60,-0.420,0.130,-9.390,0.00000,0
80.833,0.0,0.0,1.60,-0.420,0.130,-9.390,0.00000,0
80.844,0.0,0.0,1.60,-0.420,0.130,-9.390,0.00000,0
80.854,0.0,0.0,1.60,-0.420,0.130,-9.390,0.00000,0
80.864,0.0,0.0,1.60,-0.420,0.130,-9.390,0.00000,0
80.874,0.0,0.0,1.60,-0.390,0.140,-9.400,0.00000,0
80.884,0.0,0.0,1.60,-0.390,0.140,-9.400,0.00000,0
80.894,0.0,0.0,1.60,-0.390,0.140,-9.400,0.00000,0
80.905,0.0,0.0,1.60,-0.390,0.140,-9.400,0.00000,0
80.915,0.0,0.0,1.60,-0.390,0.140,-9.400,0.00000,0
80.925,0.0,0.0,1.60,-0.440,0.120,-9.490,0.00000,0
80.935,0.0,0.0,1.60,-0.440,0.120,-9.490,0.00000,0
80.945,0.0,0.0,1.60,-0.440,0.120,-9.490,0.00000,0
80.955,0.0,0.0,1.60,-0.440,0.120,-9.490,0.00000,0
80.965,0.0,0.0,1.60,-0.400,0.110,-9.500,0.00000,0
80.976,0.0,0.0,1.60,-0.400,0.110,-9.500,0.00000,0
80.986,0.0,0.0,1.60,-0.400,0.110,-9.500,0.00000,0
80.996,0.0,0.0,1.60,-0.400,0.110,-9.500,0.00000,0
81.006,0.0,0.0,1.60,-0.400,0.110,-9.500,0.00000,0
81.016,0.0,0.0,1.60,-0.360,0.120,-9.520,0.00000,0
81.026,0.0,0.0,1.60,-0.360,0.120,-9.520,0.00000,0
81.036,0.0,0.0,1.60,-0.360,0.120,-9.520,0.00000,0
81.046,0.0,0.0,1.60,-0.360,0.120,-9.520,0.00000,0
81.057,0.0,0.0,1.60,-0.360,0.120,-9.520,0.00000,0
81.067,0.0,0.0,1.60,-0.350,0.170,-9.470,0.00000,0
81.077,0.0,0.0,1.60,-0.350,0.170,-9.470,0.00000,0
81.087,0.0,0.0,1.60,-0.350,0.170,-9.470,0.00000,0
81.097,0.0,0.0,1.60,-0.350,0.170,-9.470,0.00000,0
81.107,0.0,0.0,1.60,-0.350,0.170,-9.470,0.00000,0
81.117,0.0,0.0,1.60,-0.420,0.110,-9.530,0.00000,0
81.127,0.0,0.0,1.60,-0.420,0.110,-9.530,0.00000,0
81.138,0.0,0.0,1.60,-0.420,0.110,-9.530,0.00000,0
81.148,0.0,0.0,1.60,-0.420,0.110,-9.530,0.00000,0
81.158,0.0,0.0,1.60,-0.420,0.110,-9.530,0.00000,0
81.168,0.0,0.0,1.60,-0.420,0.110,-9.530,0.00000,0
81.178,0.0,0.0,1.60,-0.370,0.120,-9.490,0.00000,0
81.188,0.0,0.0,1.60,-0.370,0.120,-9.490,0.00000,0
81.198,0.0,0.0,1.60,-0.370,0.120,-9.490,0.00000,0
81.209,0.0,0.0,1.60,-0.370,0.120,-9.490,0.00000,0
81.219,0.0,0.0,1.60,-0.400,0.220,-9.540,0.00000,0
81.229,0.0,0.0,1.60,-0.400,0.220,-9.540,0.00000,0
81.239,0.0,0.0,1.60,-0.400,0.220,-9.540,0.00000,0
81.249,0.0,0.0,1.60,-0.400,0.220,-9.540,0.00000,0
81.259,0.0,0.0,1.60,-0.400,0.220,-9.540,0.00000,0
81.269,0.0,0.0,1.60,-0.390,0.140,-9.450,0.00000,0
81.279,0.0,0.0,1.60,-0.390,0.140,-9.450,0.00000,0
81.290,0.0,0.0,1.60,-0.390,0.140,-9.450,0.00000,0
81.300,0.0,0.0,1.60,-0.390,0.140,-9.450,0.00000,0
81.310,0.0,0.0,1.60,-0.390,0.140,-9.450,0.00000,0
81.320,0.0,0.0,1.60,-0.410,0.120,-9.480,0.00000,0
81.331,0.0,0.0,1.60,-0.410,0.120,-9.480,0.00000,0
81.341,0.0,0.0,1.60,-0.410,0.120,-9.480,0.00000,0
81.351,0.0,0.0,1.60,-0.410,0.120,-9.480,0.00000,0
81.361,0.0,0.0,1.60,-0.410,0.120,-9.480,0.00000,0
81.371,0.0,0.0,1.60,-0.390,0.120,-9.420,0.00000,0
81.381,0.0,0.0,1.60,-0.390,0.120,-9.420,0.00000,0
81.392,0.0,0.0,1.60,-0.390,0.120,-9.420,0.00000,0
81.402,0.0,0.0,1.60,-0.390,0.120,-9.420,0.00000,0
81.412,0.0,0.0,1.60,-0.390,0.120,-9.420,0.00000,0
81.422,0.0,0.0,1.60,-0.390,0.150,-9.490,0.00000,0
81.432,0.0,0.0,1.60,-0.390,0.150,-9.490,0.00000,0
81.442,0.0,0.0,1.60,-0.390,0.150,-9.490,0.00000,0
81.452,0.0,0.0,1.60,-0.390,0.150,-9.490,0.00000,0
81.462,0.0,0.0,1.60,-0.390,0.150,-9.490,0.00000,0
81.473,0.0,0.0,1.60,-0.430,0.110,-9.440,0.00000,0
81.483,0.0,0.0,1.60,-0.430,0.110,-9.440,0.00000,0
81.493,0.0,0.0,1.60,-0.430,0.110,-9.440,0.00000,0
81.503,0.0,0.0,1.60,-0.430,0.110,-9.440,0.00000,0
81.513,0.0,0.0,1.60,-0.390,0.130,-9.400,0.00000,0
81.523,0.0,0.0,1.60,-0.390,0.130,-9.400,0.00000,0
81.533,0.0,0.0,1.60,-0.390,0.130,-9.400,0.00000,0
81.544,0.0,0.0,1.60,-0.390,0.130,-9.400,0.00000,0
81.554,0.0,0.0,1.60,-0.390,0.130,-9.400,0.00000,0
81.564,0.0,0.0,1.60,-0.390,0.130,-9.400,0.00000,0
81.574,0.0,0.0,1.60,-0.400,0.120,-9.480,0.00000,0
81.584,0.0,0.0,1.60,-0.400,0.120,-9.480,0.00000,0
81.594,0.0,0.0,1.60,-0.400,0.120,-9.480,0.00000,0
81.604,0.0,0.0,1.60,-0.400,0.120,-9.480,0.00000,0
81.615,0.0,0.0,1.60,-0.400,0.120,-9.480,0.00000,0
81.625,0.0,0.0,1.60,-0.430,0.120,-9.520,0.00000,0
81.635,0.0,0.0,1.60,-0.430,0.120,-9.520,0.00000,0
81.645,0.0,0.0,1.60,-0.430,0.120,-9.520,0.00000,0
81.655,0.0,0.0,1.60,-0.430,0.120,-9.520,0.00000,0
81.665,0.0,0.0,1.60,-0.430,0.120,-9.520,0.00000,0
81.676,0.0,0.0,1.60,-0.390,0.150,-9.520,0.00000,0
81.686,0.0,0.0,1.60,-0.390,0.150,-9.520,0.00000,0
81.696,0.0,0.0,1.60,-0.390,0.150,-9.520,0.00000,0
81.706,0.0,0.0,1.60,-0.390,0.150,-9.520,0.00000,0
81.716,0.0,0.0,1.60,-0.400,0.150,-9.480,0.00000,0
81.726,0.0,0.0,1.60,-0.400,0.150,-9.480,0.00000,0
81.736,0.0,0.0,1.60,-0.400,0.150,-9.480,0.00000,0
81.746,0.0,0.0,1.60,-0.400,0.150,-9.480,0.00000,0
81.757,0.0,0.0,1.60,-0.400,0.150,-9.480,0.00000,0
81.767,0.0,0.0,1.60,-0.420,0.140,-9.440,0.00000,0
81.777,0.0,0.0,1.60,-0.420,0.140,-9.440,0.00000,0
81.787,0.0,0.0,1.60,-0.420,0.140,-9.440,0.00000,0
81.797,0.0,0.0,1.60,-0.420,0.140,-9.440,0.00000,0
81.807,0.0,0.0,1.60,-0.420,0.140,-9.440,0.00000,0
81.817,0.0,0.0,1.60,-0.380,0.110,-9.410,0.00000,0
81.828,0.0,0.0,1.60,-0.380,0.110,-9.410,0.00000,0
81.838,0.0,0.0,1.60,-0.380,0.110,-9.410,0.00000,0
81.848,0.0,0.0,1.60,-0.380,0.110,-9.410,0.00000,0
81.858,0.0,0.0,1.60,-0.380,0.110,-9.410,0.00000,0
81.868,0.0,0.0,1.60,-0.440,0.140,-9.490,0.00000,0
81.878,0.0,0.0,1.60,-0.440,0.140,-9.490,0.00000,0
81.888,0.0,0.0,1.60,-0.440,0.140,-9.490,0.00000,0
81.898,0.0,0.0,1.60,-0.440,0.140,-9.490,0.00000,0
81.909,0.0,0.0,1.60,-0.440,0.140,-9.490,0.00000,0
81.919,0.0,0.0,1.60,-0.390,0.140,-9.430,0.00000,0
81.929,0.0,0.0,1.60,-0.390,0.140,-9.430,0.00000,0
81.939,0.0,0.0,1.60,-0.390,0.140,-9.430,0.00000,0
81.949,0.0,0.0,1.60,-0.390,0.140,-9.430,0.00000,0
81.959,0.0,0.0,1.60,-0.390,0.140,-9.430,0.00000,0
81.969,0.0,0.0,1.60,-0.430,0.190,-9.490,0.00000,0
81.980,0.0,0.0,1.60,-0.430,0.190,-9.490,0.00000,0
81.990,0.0,0.0,1.60,-0.430,0.190,-9.490,0.00000,0
82.000,0.0,0.0,1.60,-0.430,0.190,-9.490,0.00000,0
82.010,0.0,0.0,1.60,-0.430,0.190,-9.490,0.00000,0
82.020,0.0,0.0,1.60,-0.420,0.110,-9.530,0.00000,0
82.030,0.0,0.0,1.60,-0.420,0.110,-9.530,0.00000,0
82.040,0.0,0.0,1.60,-0.420,0.110,-9.530,0.00000,0
82.051,0.0,0.0,1.60,-0.420,0.110,-9.530,0.00000,0
82.061,0.0,0.0,1.60,-0.420,0.110,-9.530,0.00000,0
82.071,0.0,0.0,1.60,-0.430,0.110,-9.520,0.00000,0
82.081,0.0,0.0,1.60,-0.430,0.110,-9.520,0.00000,0
82.091,0.0,0.0,1.60,-0.430,0.110,-9.520,0.00000,0
82.101,0.0,0.0,1.60,-0.430,0.110,-9.520,0.00000,0
82.111,0.0,0.0,1.60,-0.430,0.110,-9.520,0.00000,0
82.122,0.0,0.0,1.60,-0.420,0.110,-9.440,0.00000,0
82.132,0.0,0.0,1.60,-0.420,0.110,-9.440,0.00000,0
82.142,0.0,0.0,1.60,-0.420,0.110,-9.440,0.00000,0
82.152,0.0,0.0,1.60,-0.420,0.110,-9.440,0.00000,0
82.162,0.0,0.0,1.60,-0.420,0.110,-9.440,0.00000,0
82.172,0.0,0.0,1.60,-0.400,0.110,-9.460,0.00000,0
82.182,0.0,0.0,1.60,-0.400,0.110,-9.460,0.00000,0
82.193,0.0,0.0,1.60,-0.400,0.110,-9.460,0.00000,0
82.203,0.0,0.0,1.60,-0.400,0.110,-9.460,0.00000,0
82.213,0.0,0.0,1.60,-0.430,0.160,-9.440,0.00000,0
82.223,0.0,0.0,1.60,-0.430,0.160,-9.440,0.00000,0
82.233,0.0,0.0,1.60,-0.430,0.160,-9.440,0.00000,0
82.243,0.0,0.0,1.60,-0.430,0.160,-9.440,0.00000,0
82.253,0.0,0.0,1.60,-0.430,0.160,-9.440,0.00000,0
82.264,0.0,0.0,1.60,-0.400,0.110,-9.500,0.00000,0
82.274,0.0,0.0,1.60,-0.400,0.110,-9.500,0.00000,0
82.284,0.0,0.0,1.60,-0.400,0.110,-9.500,0.00000,0
82.294,0.0,0.0,1.60,-0.400,0.110,-9.500,0.00000,0
82.304,0.0,0.0,1.60,-0.400,0.110,-9.500,0.00000,0
82.314,0.0,0.0,1.60,-0.400,0.110,-9.500,0.00000,0
82.324,0.0,0.0,1.60,-0.380,0.100,-9.490,0.00000,0
82.334,0.0,0.0,1.60,-0.380,0.100,-9.490,0.00000,0
82.345,0.0,0.0,1.60,-0.380,0.100,-9.490,0.00000,0
82.355,0.0,0.0,1.60,-0.380,0.100,-9.490,0.00000,0
82.365,0.0,0.0,1.60,-0.380,0.100,-9.490,0.00000,0
82.375,0.0,0.0,1.60,-0.400,0.150,-9.500,0.00000,0
82.385,0.0,0.0,1.60,-0.400,0.150,-9.500,0.00000,0
82.395,0.0,0.0,1.60,-0.400,0.150,-9.500,0.00000,0
82.406,0.0,0.0,1.60,-0.400,0.150,-9.500,0.00000,0
82.416,0.0,0.0,1.60,-0.400,0.150,-9.500,0.00000,0
82.426,0.0,0.0,1.60,-0.400,0.150,-9.500,0.00000,0
82.436,0.0,0.0,1.60,-0.410,0.110,-9.390,0.00000,0
82.446,0.0,0.0,1.60,-0.410,0.110,-9.390,0.00000,0
82.456,0.0,0.0,1.60,-0.410,0.110,-9.390,0.00000,0
82.466,0.0,0.0,1.60,-0.410,0.160,-9.440,0.00000,0
82.476,0.0,0.0,1.60,-0.410,0.160,-9.440,0.00000,0
82.487,0.0,0.0,1.60,-0.410,0.160,-9.440,0.00000,0
82.497,0.0,0.0,1.60,-0.410,0.160,-9.440,0.00000,0
82.507,0.0,0.0,1.60,-0.410,0.160,-9.440,0.00000,0
82.517,0.0,0.0,1.60,-0.390,0.130,-9.420,0.00000,0
82.527,0.0,0.0,1.60,-0.390,0.130,-9.420,0.00000,0
82.537,0.0,0.0,1.60,-0.390,0.130,-9.420,0.00000,0
82.547,0.0,0.0,1.60,-0.390,0.130,-9.420,0.00000,0
82.558,0.0,0.0,1.60,-0.390,0.130,-9.420,0.00000,0
82.568,0.0,0.0,1.60,-0.400,0.130,-9.460,0.00000,0
82.578,0.0,0.0,1.60,-0.400,0.130,-9.460,0.00000,0
82.588,0.0,0.0,1.60,-0.400,0.130,-9.460,0.00000,0
82.598,0.0,0.0,1.60,-0.400,0.130,-9.460,0.00000,0
82.608,0.0,0.0,1.60,-0.400,0.130,-9.460,0.00000,0
82.618,0.0,0.0,1.60,-0.390,0.100,-9.500,0.00000,0
82.629,0.0,0.0,1.60,-0.390,0.100,-9.500,0.00000,0
82.639,0.0,0.0,1.60,-0.390,0.100,-9.500,0.00000,0
82.649,0.0,0.0,1.60,-0.390,0.100,-9.500,0.00000,0
82.659,0.0,0.0,1.60,-0.390,0.100,-9.500,0.00000,0
82.669,0.0,0.0,1.60,-0.380,0.130,-9.510,0.00000,0
82.679,0.0,0.0,1.60,-0.380,0.130,-9.510,0.00000,0
82.690,0.0,0.0,1.60,-0.380,0.130,-9.510,0.00000,0
82.700,0.0,0.0,1.60,-0.380,0.130,-9.510,0.00000,0
82.710,0.0,0.0,1.60,-0.380,0.130,-9.510,0.00000,0
82.720,0.0,0.0,1.60,-0.400,0.120,-9.520,0.00000,0
82.730,0.0,0.0,1.60,-0.400,0.120,-9.520,0.00000,0
82.740,0.0,0.0,1.60,-0.400,0.120,-9.520,0.00000,0
82.751,0.0,0.0,1.60,-0.400,0.120,-9.520,0.00000,0
82.761,0.0,0.0,1.60,-0.400,0.120,-9.520,0.00000,0
82.771,0.0,0.0,1.60,-0.390,0.100,-9.490,0.00000,0
82.781,0.0,0.0,1.60,-0.390,0.100,-9.490,0.00000,0
82.792,0.0,0.0,1.60,-0.390,0.100,-9.490,0.00000,0
82.803,0.0,0.0,1.60,-0.390,0.100,-9.490,0.00000,0
82.813,0.0,0.0,1.60,-0.390,0.100,-9.490,0.00000,0
82.823,0.0,0.0,1.60,-0.430,0.150,-9.450,0.00000,0
82.833,0.0,0.0,1.60,-0.430,0.150,-9.450,0.00000,0
82.843,0.0,0.0,1.60,-0.430,0.150,-9.450,0.00000,0
82.853,0.0,0.0,1.60,-0.430,0.150,-9.450,0.00000,0
82.863,0.0,0.0,1.60,-0.430,0.150,-9.450,0.00000,0
82.873,0.0,0.0,1.60,-0.390,0.120,-9.470,0.00000,0
82.884,0.0,0.0,1.60,-0.390,0.120,-9.470,0.00000,0
82.894,0.0,0.0,1.60,-0.390,0.120,-9.470,0.00000,0
82.904,0.0,0.0,1.60,-0.390,0.120,-9.470,0.00000,0
82.914,0.0,0.0,1.60,-0.390,0.120,-9.470,0.00000,0
82.924,0.0,0.0,1.60,-0.350,0.140,-9.510,0.00000,0
82.934,0.0,0.0,1.60,-0.350,0.140,-9.510,0.00000,0
82.944,0.0,0.0,1.60,-0.350,0.140,-9.510,0.00000,0
82.955,0.0,0.0,1.60,-0.350,0.140,-9.510,0.00000,0
82.965,0.0,0.0,1.60,-0.360,0.130,-9.500,0.00000,0
82.975,0.0,0.0,1.60,-0.360,0.130,-9.500,0.00000,0
82.985,0.0,0.0,1.60,-0.360,0.130,-9.500,0.00000,0
82.995,0.0,0.0,1.60,-0.360,0.130,-9.500,0.00000,0
83.005,0.0,0.0,1.60,-0.360,0.130,-9.500,0.00000,0
83.015,0.0,0.0,1.60,-0.430,0.090,-9.480,0.00000,0
83.026,0.0,0.0,1.60,-0.430,0.090,-9.480,0.00000,0
83.036,0.0,0.0,1.60,-0.430,0.090,-9.480,0.00000,0
83.046,0.0,0.0,1.60,-0.430,0.090,-9.480,0.00000,0
83.056,0.0,0.0,1.60,-0.430,0.090,-9.480,0.00000,0
83.066,0.0,0.0,1.60,-0.410,0.140,-9.400,0.00000,0
83.076,0.0,0.0,1.60,-0.410,0.140,-9.400,0.00000,0
83.086,0.0,0.0,1.60,-0.410,0.140,-9.400,0.00000,0
83.096,0.0,0.0,1.60,-0.410,0.140,-9.400,0.00000,0
83.107,0.0,0.0,1.60,-0.410,0.140,-9.400,0.00000,0
83.117,0.0,0.0,1.60,-0.440,0.140,-9.460,0.00000,0
83.127,0.0,0.0,1.60,-0.440,0.140,-9.460,0.00000,0
83.137,0.0,0.0,1.60,-0.440,0.140,-9.460,0.00000,0
83.147,0.0,0.0,1.60,-0.440,0.140,-9.460,0.00000,0
83.157,0.0,0.0,1.60,-0.440,0.140,-9.460,0.00000,0
83.167,0.0,0.0,1.60,-0.440,0.140,-9.460,0.00000,0
83.178,0.0,0.0,1.60,-0.390,0.090,-9.480,0.00000,0
83.188,0.0,0.0,1.60,-0.390,0.090,-9.480,0.00000,0
83.198,0.0,0.0,1.60,-0.390,0.090,-9.480,0.00000,0
83.208,0.0,0.0,1.60,-0.390,0.090,-9.480,0.00000,0
83.218,0.0,0.0,1.60,-0.420,0.070,-9.430,0.00000,0
83.228,0.0,0.0,1.60,-0.420,0.070,-9.430,0.00000,0
83.238,0.0,0.0,1.60,-0.420,0.070,-9.430,0.00000,0
83.248,0.0,0.0,1.60,-0.420,0.070,-9.430,0.00000,0
83.259,0.0,0.0,1.60,-0.420,0.070,-9.430,0.00000,0
83.269,0.0,0.0,1.60,-0.390,0.090,-9.450,0.00000,0
83.279,0.0,0.0,1.60,-0.390,0.090,-9.450,0.00000,0
83.289,0.0,0.0,1.60,-0.390,0.090,-9.450,0.00000,0
83.299,0.0,0.0,1.60,-0.390,0.090,-9.450,0.00000,0
83.309,0.0,0.0,1.60,-0.390,0.090,-9.450,0.00000,0
83.320,0.0,0.0,1.60,-0.380,0.110,-9.500,0.00000,0
83.330,0.0,0.0,1.60,-0.380,0.110,-9.500,0.00000,0
83.340,0.0,0.0,1.60,-0.380,0.110,-9.500,0.00000,0
83.350,0.0,0.0,1.60,-0.380,0.110,-9.500,0.00000,0
83.360,0.0,0.0,1.60,-0.380,0.110,-9.500,0.00000,0
83.370,0.0,0.0,1.60,-0.390,0.110,-9.470,0.00000,0
83.380,0.0,0.0,1.60,-0.390,0.110,-9.470,0.00000,0
83.390,0.0,0.0,1.60,-0.390,0.110,-9.470,0.00000,0
83.401,0.0,0.0,1.60,-0.390,0.110,-9.470,0.00000,0
83.411,0.0,0.0,1.60,-0.390,0.110,-9.470,0.00000,0
83.421,0.0,0.0,1.60,-0.390,0.170,-9.480,0.00000,0
83.431,0.0,0.0,1.60,-0.390,0.170,-9.480,0.00000,0
83.441,0.0,0.0,1.60,-0.390,0.170,-9.480,0.00000,0
83.451,0.0,0.0,1.60,-0.390,0.170,-9.480,0.00000,0
83.461,0.0,0.0,1.60,-0.400,0.110,-9.470,0.00000,0
83.472,0.0,0.0,1.60,-0.400,0.110,-9.470,0.00000,0
83.482,0.0,0.0,1.60,-0.400,0.110,-9.470,0.00000,0
83.492,0.0,0.0,1.60,-0.400,0.110,-9.470,0.00000,0
83.502,0.0,0.0,1.60,-0.400,0.110,-9.470,0.00000,0
83.512,0.0,0.0,1.60,-0.400,0.110,-9.470,0.00000,0
83.522,0.0,0.0,1.60,-0.410,0.140,-9.490,0.00000,0
83.532,0.0,0.0,1.60,-0.410,0.140,-9.490,0.00000,0
83.542,0.0,0.0,1.60,-0.410,0.140,-9.490,0.00000,0
83.553,0.0,0.0,1.60,-0.410,0.140,-9.490,0.00000,0
83.563,0.0,0.0,1.60,-0.410,0.140,-9.490,0.00000,0
83.573,0.0,0.0,1.60,-0.430,0.110,-9.480,0.00000,0
83.583,0.0,0.0,1.60,-0.430,0.110,-9.480,0.00000,0
83.594,0.0,0.0,1.60,-0.430,0.110,-9.480,0.00000,0
83.604,0.0,0.0,1.60,-0.430,0.110,-9.480,0.00000,0
83.614,0.0,0.0,1.60,-0.430,0.110,-9.480,0.00000,0
83.624,0.0,0.0,1.60,-0.430,0.110,-9.470,0.00000,0
83.634,0.0,0.0,1.60,-0.430,0.110,-9.470,0.00000,0
83.645,0.0,0.0,1.60,-0.430,0.110,-9.470,0.00000,0
83.655,0.0,0.0,1.60,-0.430,0.110,-9.470,0.00000,0
83.665,0.0,0.0,1.60,-0.430,0.110,-9.470,0.00000,0
83.675,0.0,0.0,1.60,-0.370,0.110,-9.450,0.00000,0
83.685,0.0,0.0,1.60,-0.370,0.110,-9.450,0.00000,0
83.695,0.0,0.0,1.60,-0.370,0.110,-9.450,0.00000,0
83.705,0.0,0.0,1.60,-0.370,0.110,-9.450,0.00000,0
83.716,0.0,0.0,1.60,-0.420,0.110,-9.510,0.00000,0
83.726,0.0,0.0,1.60,-0.420,0.110,-9.510,0.00000,0
83.736,0.0,0.0,1.60,-0.420,0.110,-9.510,0.00000,0
83.746,0.0,0.0,1.60,-0.420,0.110,-9.510,0.00000,0
83.756,0.0,0.0,1.60,-0.420,0.110,-9.510,0.00000,0
83.766,0.0,0.0,1.60,-0.370,0.140,-9.520,0.00000,0
83.777,0.0,0.0,1.60,-0.370,0.140,-9.520,0.00000,0
83.787,0.0,0.0,1.60,-0.370,0.140,-9.520,0.00000,0
83.797,0.0,0.0,1.60,-0.370,0.140,-9.520,0.00000,0
83.807,0.0,0.0,1.60,-0.370,0.140,-9.520,0.00000,0
83.817,0.0,0.0,1.60,-0.380,0.120,-9.500,0.00000,0
83.827,0.0,0.0,1.60,-0.380,0.120,-9.500,0.00000,0
83.837,0.0,0.0,1.60,-0.380,0.120,-9.500,0.00000,0
83.848,0.0,0.0,1.60,-0.380,0.120,-9.500,0.00000,0
83.858,0.0,0.0,1.60,-0.380,0.120,-9.500,0.00000,0
83.868,0.0,0.0,1.60,-0.370,0.120,-9.390,0.00000,0
83.878,0.0,0.0,1.60,-0.370,0.120,-9.390,0.00000,0
83.888,0.0,0.0,1.60,-0.370,0.120,-9.390,0.00000,0
83.898,0.0,0.0,1.60,-0.370,0.120,-9.390,0.00000,0
83.908,0.0,0.0,1.60,-0.370,0.120,-9.390,0.00000,0
83.919,0.0,0.0,1.60,-0.410,0.140,-9.490,0.00000,0
83.929,0.0,0.0,1.60,-0.410,0.140,-9.490,0.00000,0
83.939,0.0,0.0,1.60,-0.410,0.140,-9.490,0.00000,0
83.949,0.0,0.0,1.60,-0.410,0.140,-9.490,0.00000,0
83.959,0.0,0.0,1.60,-0.410,0.140,-9.490,0.00000,0
83.969,0.0,0.0,1.60,-0.390,0.140,-9.470,0.00000,0
83.979,0.0,0.0,1.60,-0.390,0.140,-9.470,0.00000,0
83.989,0.0,0.0,1.60,-0.390,0.140,-9.470,0.00000,0
84.000,0.0,0.0,1.60,-0.390,0.140,-9.470,0.00000,0
84.010,0.0,0.0,1.60,-0.390,0.140,-9.470,0.00000,0
84.020,0.0,0.0,1.60,-0.420,0.140,-9.500,0.00000,0
84.030,0.0,0.0,1.60,-0.420,0.140,-9.500,0.00000,0
84.040,0.0,0.0,1.60,-0.420,0.140,-9.500,0.00000,0
84.050,0.0,0.0,1.60,-0.420,0.140,-9.500,0.00000,0
84.060,0.0,0.0,1.60,-0.420,0.140,-9.500,0.00000,0
84.071,0.0,0.0,1.60,-0.390,0.150,-9.470,0.00000,0
84.081,0.0,0.0,1.60,-0.390,0.150,-9.470,0.00000,0
84.091,0.0,0.0,1.60,-0.390,0.150,-9.470,0.00000,0
84.101,0.0,0.0,1.60,-0.390,0.150,-9.470,0.00000,0
84.111,0.0,0.0,1.60,-0.390,0.150,-9.470,0.00000,0
84.121,0.0,0.0,1.60,-0.400,0.120,-9.490,0.00000,0
84.131,0.0,0.0,1.60,-0.400,0.120,-9.490,0.00000,0
84.141,0.0,0.0,1.60,-0.400,0.120,-9.490,0.00000,0
84.152,0.0,0.0,1.60,-0.400,0.120,-9.490,0.00000,0
84.162,0.0,0.0,1.60,-0.400,0.120,-9.490,0.00000,0
84.172,0.0,0.0,1.60,-0.420,0.090,-9.470,0.00000,0
84.182,0.0,0.0,1.60,-0.420,0.090,-9.470,0.00000,0
84.192,0.0,0.0,1.60,-0.420,0.090,-9.470,0.00000,0
84.202,0.0,0.0,1.60,-0.420,0.090,-9.470,0.00000,0
84.213,0.0,0.0,1.60,-0.420,0.110,-9.500,0.00000,0
84.223,0.0,0.0,1.60,-0.420,0.110,-9.500,0.00000,0
84.233,0.0,0.0,1.60,-0.420,0.110,-9.500,0.00000,0
84.243,0.0,0.0,1.60,-0.420,0.110,-9.500,0.00000,0
84.253,0.0,0.0,1.60,-0.420,0.110,-9.500,0.00000,0
84.263,0.0,0.0,1.60,-0.410,0.150,-9.460,0.00000,0
84.273,0.0,0.0,1.60,-0.410,0.150,-9.460,0.00000,0
84.283,0.0,0.0,1.60,-0.410,0.150,-9.460,0.00000,0
84.294,0.0,0.0,1.60,-0.410,0.150,-9.460,0.00000,0
84.304,0.0,0.0,1.60,-0.410,0.150,-9.460,0.00000,0
84.314,0.0,0.0,1.60,-0.410,0.150,-9.460,0.00000,0
84.324,0.0,0.0,1.60,-0.440,0.140,-9.480,0.00000,0
84.334,0.0,0.0,1.60,-0.440,0.140,-9.480,0.00000,0
84.344,0.0,0.0,1.60,-0.440,0.140,-9.480,0.00000,0
84.354,0.0,0.0,1.60,-0.440,0.140,-9.480,0.00000,0
84.365,0.0,0.0,1.60,-0.440,0.140,-9.480,0.00000,0
84.375,0.0,0.0,1.60,-0.390,0.090,-9.500,0.00000,0
84.385,0.0,0.0,1.60,-0.390,0.090,-9.500,0.00000,0
84.395,0.0,0.0,1.60,-0.390,0.090,-9.500,0.00000,0
84.405,0.0,0.0,1.60,-0.390,0.090,-9.500,0.00000,0
84.416,0.0,0.0,1.60,-0.390,0.090,-9.500,0.00000,0
84.426,0.0,0.0,1.60,-0.390,0.150,-9.540,0.00000,0
84.436,0.0,0.0,1.60,-0.390,0.150,-9.540,0.00000,0
84.446,0.0,0.0,1.60,-0.390,0.150,-9.540,0.00000,0
84.456,0.0,0.0,1.60,-0.390,0.150,-9.540,0.00000,0
84.466,0.0,0.0,1.60,-0.380,0.110,-9.490,0.00000,0
84.476,0.0,0.0,1.60,-0.380,0.110,-9.490,0.00000,0
84.487,0.0,0.0,1.60,-0.380,0.110,-9.490,0.00000,0
84.497,0.0,0.0,1.60,-0.380,0.110,-9.490,0.00000,0
84.507,0.0,0.0,1.60,-0.380,0.110,-9.490,0.00000,0
84.517,0.0,0.0,1.60,-0.420,0.120,-9.580,0.00000,0
84.527,0.0,0.0,1.60,-0.420,0.120,-9.580,0.00000,0
84.537,0.0,0.0,1.60,-0.420,0.120,-9.580,0.00000,0
84.547,0.0,0.0,1.60,-0.420,0.120,-9.580,0.00000,0
84.558,0.0,0.0,1.60,-0.420,0.120,-9.580,0.00000,0
84.568,0.0,0.0,1.60,-0.430,0.100,-9.420,0.00000,0
84.578,0.0,0.0,1.60,-0.430,0.100,-9.420,0.00000,0
84.588,0.0,0.0,1.60,-0.430,0.100,-9.420,0.00000,0
84.598,0.0,0.0,1.60,-0.430,0.100,-9.420,0.00000,0
84.608,0.0,0.0,1.60,-0.430,0.100,-9.420,0.00000,0
84.619,0.0,0.0,1.60,-0.420,0.130,-9.460,0.00000,0
84.629,0.0,0.0,1.60,-0.420,0.130,-9.460,0.00000,0
84.639,0.0,0.0,1.60,-0.420,0.130,-9.460,0.00000,0
84.649,0.0,0.0,1.60,-0.420,0.130,-9.460,0.00000,0
84.659,0.0,0.0,1.60,-0.420,0.130,-9.460,0.00000,0
84.669,0.0,0.0,1.60,-0.430,0.110,-9.450,0.00000,0
84.679,0.0,0.0,1.60,-0.430,0.110,-9.450,0.00000,0
84.690,0.0,0.0,1.60,-0.430,0.110,-9.450,0.00000,0
84.700,0.0,0.0,1.60,-0.430,0.110,-9.450,0.00000,0
84.710,0.0,0.0,1.60,-0.430,0.110,-9.450,0.00000,0
84.720,0.0,0.0,1.60,-0.410,0.140,-9.470,0.00000,0
84.730,0.0,0.0,1.60,-0.410,0.140,-9.470,0.00000,0
84.740,0.0,0.0,1.60,-0.410,0.140,-9.470,0.00000,0
84.750,0.0,0.0,1.60,-0.410,0.140,-9.470,0.00000,0
84.761,0.0,0.0,1.60,-0.410,0.140,-9.470,0.00000,0
84.771,0.0,0.0,1.60,-0.420,0.150,-9.440,0.00000,0
84.781,0.0,0.0,1.60,-0.420,0.150,-9.440,0.00000,0
84.791,0.0,0.0,1.60,-0.420,0.150,-9.440,0.00000,0
84.801,0.0,0.0,1.60,-0.420,0.150,-9.440,0.00000,0
84.811,0.0,0.0,1.60,-0.420,0.150,-9.440,0.00000,0
84.821,0.0,0.0,1.60,-0.400,0.120,-9.490,0.00000,0
84.831,0.0,0.0,1.60,-0.400,0.120,-9.490,0.00000,0
84.841,0.0,0.0,1.60,-0.400,0.120,-9.490,0.00000,0
84.852,0.0,0.0,1.60,-0.400,0.120,-9.490,0.00000,0
84.862,0.0,0.0,1.60,-0.400,0.120,-9.490,0.00000,0
84.872,0.0,0.0,1.60,-0.410,0.120,-9.420,0.00000,0
84.882,0.0,0.0,1.60,-0.410,0.120,-9.420,0.00000,0
84.892,0.0,0.0,1.60,-0.410,0.120,-9.420,0.00000,0
84.902,0.0,0.0,1.60,-0.410,0.120,-9.420,0.00000,0
84.912,0.0,0.0,1.60,-0.410,0.120,-9.420,0.00000,0
84.923,0.0,0.0,1.60,-0.420,0.120,-9.480,0.00000,0
84.933,0.0,0.0,1.60,-0.420,0.120,-9.480,0.00000,0
84.943,0.0,0.0,1.60,-0.420,0.120,-9.480,0.00000,0
84.953,0.0,0.0,1.60,-0.420,0.120,-9.480,0.00000,0
84.963,0.0,0.0,1.60,-0.420,0.120,-9.480,0.00000,0
84.973,0.0,0.0,1.60,-0.390,0.130,-9.480,0.00000,0
84.983,0.0,0.0,1.60,-0.390,0.130,-9.480,0.00000,0
84.993,0.0,0.0,1.60,-0.390,0.130,-9.480,0.00000,0
85.004,0.0,0.0,1.60,-0.390,0.130,-9.480,0.00000,0
85.014,0.0,0.0,1.60,-0.380,0.150,-9.470,0.00000,0
85.024,0.0,0.0,1.60,-0.380,0.150,-9.470,0.00000,0
85.034,0.0,0.0,1.60,-0.380,0.150,-9.470,0.00000,0
85.044,0.0,0.0,1.60,-0.380,0.150,-9.470,0.00000,0
85.054,0.0,0.0,1.60,-0.380,0.150,-9.470,0.00000,0
85.064,0.0,0.0,1.60,-0.380,0.150,-9.470,0.00000,0
85.075,0.0,0.0,1.60,-0.380,0.140,-9.520,0.00000,0
85.085,0.0,0.0,1.60,-0.380,0.140,-9.520,0.00000,0
85.095,0.0,0.0,1.60,-0.380,0.140,-9.520,0.00000,0
85.105,0.0,0.0,1.60,-0.380,0.140,-9.520,0.00000,0
85.115,0.0,0.0,1.60,-0.380,0.140,-9.520,0.00000,0
85.125,0.0,0.0,1.60,-0.420,0.130,-9.490,0.00000,0
85.135,0.0,0.0,1.60,-0.420,0.130,-9.490,0.00000,0
85.146,0.0,0.0,1.60,-0.420,0.130,-9.490,0.00000,0
85.156,0.0,0.0,1.60,-0.420,0.130,-9.490,0.00000,0
85.166,0.0,0.0,1.60,-0.420,0.130,-9.490,0.00000,0
85.176,0.0,0.0,1.60,-0.390,0.110,-9.490,0.00000,0
85.186,0.0,0.0,1.60,-0.390,0.110,-9.490,0.00000,0
85.197,0.0,0.0,1.60,-0.390,0.110,-9.490,0.00000,0
85.207,0.0,0.0,1.60,-0.390,0.110,-9.490,0.00000,0
85.217,0.0,0.0,1.60,-0.410,0.110,-9.450,0.00000,0
85.227,0.0,0.0,1.60,-0.410,0.110,-9.450,0.00000,0
85.237,0.0,0.0,1.60,-0.410,0.110,-9.450,0.00000,0
85.247,0.0,0.0,1.60,-0.410,0.110,-9.450,0.00000,0
85.258,0.0,0.0,1.60,-0.410,0.110,-9.450,0.00000,0
85.268,0.0,0.0,1.60,-0.430,0.120,-9.460,0.00000,0
85.278,0.0,0.0,1.60,-0.430,0.120,-9.460,0.00000,0
85.288,0.0,0.0,1.60,-0.430,0.120,-9.460,0.00000,0
85.298,0.0,0.0,1.60,-0.430,0.120,-9.460,0.00000,0
85.308,0.0,0.0,1.60,-0.430,0.120,-9.460,0.00000,0
85.319,0.0,0.0,1.60,-0.380,0.130,-9.430,0.00000,0
85.329,0.0,0.0,1.60,-0.380,0.130,-9.430,0.00000,0
85.339,0.0,0.0,1.60,-0.380,0.130,-9.430,0.00000,0
85.349,0.0,0.0,1.60,-0.380,0.130,-9.430,0.00000,0
85.359,0.0,0.0,1.60,-0.380,0.130,-9.430,0.00000,0
85.369,0.0,0.0,1.60,-0.450,0.150,-9.460,0.00000,0
85.379,0.0,0.0,1.60,-0.450,0.150,-9.460,0.00000,0
85.390,0.0,0.0,1.60,-0.450,0.150,-9.460,0.00000,0
85.400,0.0,0.0,1.60,-0.450,0.150,-9.460,0.00000,0
85.410,0.0,0.0,1.60,-0.450,0.150,-9.460,0.00000,0
85.420,0.0,0.0,1.60,-0.410,0.150,-9.440,0.00000,0
85.430,0.0,0.0,1.60,-0.410,0.150,-9.440,0.00000,0
85.440,0.0,0.0,1.60,-0.410,0.150,-9.440,0.00000,0
85.450,0.0,0.0,1.60,-0.410,0.150,-9.440,0.00000,0
85.461,0.0,0.0,1.60,-0.410,0.150,-9.440,0.00000,0
85.471,0.0,0.0,1.60,-0.420,0.150,-9.510,0.00000,0
85.481,0.0,0.0,1.60,-0.420,0.150,-9.510,0.00000,0
85.491,0.0,0.0,1.60,-0.420,0.150,-9.510,0.00000,0
85.501,0.0,0.0,1.60,-0.420,0.150,-9.510,0.00000,0
85.511,0.0,0.0,1.60,-0.420,0.150,-9.510,0.00000,0
85.521,0.0,0.0,1.60,-0.440,0.150,-9.480,0.00000,0
85.532,0.0,0.0,1.60,-0.440,0.150,-9.480,0.00000,0
85.542,0.0,0.0,1.60,-0.440,0.150,-9.480,0.00000,0
85.552,0.0,0.0,1.60,-0.440,0.150,-9.480,0.00000,0
85.562,0.0,0.0,1.60,-0.440,0.150,-9.480,0.00000,0
85.572,0.0,0.0,1.60,-0.420,0.140,-9.520,0.00000,0
85.582,0.0,0.0,1.60,-0.420,0.140,-9.520,0.00000,0
85.592,0.0,0.0,1.60,-0.420,0.140,-9.520,0.00000,0
85.603,0.0,0.0,1.60,-0.420,0.140,-9.520,0.00000,0
85.613,0.0,0.0,1.60,-0.420,0.140,-9.520,0.00000,0
85.623,0.0,0.0,1.60,-0.370,0.150,-9.490,0.00000,0
85.633,0.0,0.0,1.60,-0.370,0.150,-9.490,0.00000,0
85.643,0.0,0.0,1.60,-0.370,0.150,-9.490,0.00000,0
85.653,0.0,0.0,1.60,-0.370,0.150,-9.490,0.00000,0
85.663,0.0,0.0,1.60,-0.370,0.150,-9.490,0.00000,0
85.674,0.0,0.0,1.60,-0.380,0.140,-9.480,0.00000,0
85.684,0.0,0.0,1.60,-0.380,0.140,-9.480,0.00000,0
85.694,0.0,0.0,1.60,-0.380,0.140,-9.480,0.00000,0
85.704,0.0,0.0,1.60,-0.380,0.140,-9.480,0.00000,0
85.714,0.0,0.0,1.60,-0.370,0.140,-9.500,0.00000,0
85.724,0.0,0.0,1.60,-0.370,0.140,-9.500,0.00000,0
85.734,0.0,0.0,1.60,-0.370,0.140,-9.500,0.00000,0
85.745,0.0,0.0,1.60,-0.370,0.140,-9.500,0.00000,0
85.755,0.0,0.0,1.60,-0.370,0.140,-9.500,0.00000,0
85.765,0.0,0.0,1.60,-0.390,0.140,-9.500,0.00000,0
85.775,0.0,0.0,1.60,-0.390,0.140,-9.500,0.00000,0
85.785,0.0,0.0,1.60,-0.390,0.140,-9.500,0.00000,0
85.795,0.0,0.0,1.60,-0.390,0.140,-9.500,0.00000,0
85.805,0.0,0.0,1.60,-0.390,0.140,-9.500,0.00000,0
85.816,0.0,0.0,1.60,-0.370,0.150,-9.520,0.00000,0
85.826,0.0,0.0,1.60,-0.370,0.150,-9.520,0.00000,0
85.836,0.0,0.0,1.60,-0.370,0.150,-9.520,0.00000,0
85.846,0.0,0.0,1.60,-0.370,0.150,-9.520,0.00000,0
85.856,0.0,0.0,1.60,-0.370,0.150,-9.520,0.00000,0
85.866,0.0,0.0,1.60,-0.370,0.150,-9.520,0.00000,0
85.877,0.0,0.0,1.60,-0.420,0.160,-9.580,0.00000,0
85.887,0.0,0.0,1.60,-0.420,0.160,-9.580,0.00000,0
85.897,0.0,0.0,1.60,-0.420,0.160,-9.580,0.00000,0
85.907,0.0,0.0,1.60,-0.420,0.160,-9.580,0.00000,0
85.917,0.0,0.0,1.60,-0.420,0.160,-9.580,0.00000,0
85.927,0.0,0.0,1.60,-0.370,0.150,-9.460,0.00000,0
85.937,0.0,0.0,1.60,-0.370,0.150,-9.460,0.00000,0
85.948,0.0,0.0,1.60,-0.370,0.150,-9.460,0.00000,0
85.958,0.0,0.0,1.60,-0.370,0.150,-9.460,0.00000,0
85.968,0.0,0.0,1.60,-0.460,0.160,-9.450,0.00000,0
85.979,0.0,0.0,1.60,-0.460,0.160,-9.450,0.00000,0
85.989,0.0,0.0,1.60,-0.460,0.160,-9.450,0.00000,0
85.999,0.0,0.0,1.60,-0.460,0.160,-9.450,0.00000,0
86.009,0.0,0.0,1.60,-0.460,0.160,-9.450,0.00000,0
86.019,0.0,0.0,1.60,-0.400,0.110,-9.430,0.00000,0
86.029,0.0,0.0,1.60,-0.400,0.110,-9.430,0.00000,0
86.039,0.0,0.0,1.60,-0.400,0.110,-9.430,0.00000,0
86.049,0.0,0.0,1.60,-0.400,0.110,-9.430,0.00000,0
86.060,0.0,0.0,1.60,-0.400,0.110,-9.430,0.00000,0
86.070,0.0,0.0,1.60,-0.440,0.130,-9.460,0.00000,0
86.080,0.0,0.0,1.60,-0.440,0.130,-9.460,0.00000,0
86.090,0.0,0.0,1.60,-0.440,0.130,-9.460,0.00000,0
86.100,0.0,0.0,1.60,-0.440,0.130,-9.460,0.00000,0
86.110,0.0,0.0,1.60,-0.440,0.130,-9.460,0.00000,0
86.121,0.0,0.0,1.60,-0.430,0.150,-9.460,0.00000,0
86.131,0.0,0.0,1.60,-0.430,0.150,-9.460,0.00000,0
86.141,0.0,0.0,1.60,-0.430,0.150,-9.460,0.00000,0
86.151,0.0,0.0,1.60,-0.430,0.150,-9.460,0.00000,0
86.161,0.0,0.0,1.60,-0.430,0.150,-9.460,0.00000,0
86.171,0.0,0.0,1.60,-0.380,0.120,-9.520,0.00000,0
86.181,0.0,0.0,1.60,-0.380,0.120,-9.520,0.00000,0
86.192,0.0,0.0,1.60,-0.380,0.120,-9.520,0.00000,0
86.202,0.0,0.0,1.60,-0.380,0.120,-9.520,0.00000,0
86.212,0.0,0.0,1.60,-0.400,0.160,-9.430,0.00000,0
86.222,0.0,0.0,1.60,-0.400,0.160,-9.430,0.00000,0
86.232,0.0,0.0,1.60,-0.400,0.160,-9.430,0.00000,0
86.242,0.0,0.0,1.60,-0.400,0.160,-9.430,0.00000,0
86.253,0.0,0.0,1.60,-0.400,0.160,-9.430,0.00000,0
86.263,0.0,0.0,1.60,-0.450,0.110,-9.490,0.00000,0
86.273,0.0,0.0,1.60,-0.450,0.110,-9.490,0.00000,0
86.283,0.0,0.0,1.60,-0.450,0.110,-9.490,0.00000,0
86.293,0.0,0.0,1.60,-0.450,0.110,-9.490,0.00000,0
86.303,0.0,0.0,1.60,-0.450,0.110,-9.490,0.00000,0
86.313,0.0,0.0,1.60,-0.450,0.110,-9.490,0.00000,0
86.323,0.0,0.0,1.60,-0.390,0.120,-9.460,0.00000,0
86.334,0.0,0.0,1.60,-0.390,0.120,-9.460,0.00000,0
86.344,0.0,0.0,1.60,-0.390,0.120,-9.460,0.00000,0
86.354,0.0,0.0,1.60,-0.390,0.120,-9.460,0.00000,0
86.364,0.0,0.0,1.60,-0.390,0.120,-9.460,0.00000,0
86.374,0.0,0.0,1.60,-0.400,0.110,-9.490,0.00000,0
86.384,0.0,0.0,1.60,-0.400,0.110,-9.490,0.00000,0
86.394,0.0,0.0,1.60,-0.400,0.110,-9.490,0.00000,0
86.404,0.0,0.0,1.60,-0.400,0.110,-9.490,0.00000,0
86.415,0.0,0.0,1.60,-0.400,0.110,-9.490,0.00000,0
86.425,0.0,0.0,1.60,-0.410,0.140,-9.480,0.00000,0
86.435,0.0,0.0,1.60,-0.410,0.140,-9.480,0.00000,0
86.445,0.0,0.0,1.60,-0.410,0.140,-9.480,0.00000,0
86.455,0.0,0.0,1.60,-0.410,0.140,-9.480,0.00000,0
86.465,0.0,0.0,1.60,-0.410,0.110,-9.510,0.00000,0
86.475,0.0,0.0,1.60,-0.410,0.110,-9.510,0.00000,0
86.485,0.0,0.0,1.60,-0.410,0.110,-9.510,0.00000,0
86.496,0.0,0.0,1.60,-0.410,0.110,-9.510,0.00000,0
86.506,0.0,0.0,1.60,-0.410,0.110,-9.510,0.00000,0
86.516,0.0,0.0,1.60,-0.420,0.120,-9.490,0.00000,0
86.526,0.0,0.0,1.60,-0.420,0.120,-9.490,0.00000,0
86.536,0.0,0.0,1.60,-0.420,0.120,-9.490,0.00000,0
86.546,0.0,0.0,1.60,-0.420,0.120,-9.490,0.00000,0
86.556,0.0,0.0,1.60,-0.420,0.120,-9.490,0.00000,0
86.567,0.0,0.0,1.60,-0.410,0.110,-9.570,0.00000,0
86.577,0.0,0.0,1.60,-0.410,0.110,-9.570,0.00000,0
86.587,0.0,0.0,1.60,-0.410,0.110,-9.570,0.00000,0
86.597,0.0,0.0,1.60,-0.410,0.110,-9.570,0.00000,0
86.607,0.0,0.0,1.60,-0.410,0.110,-9.570,0.00000,0
86.617,0.0,0.0,1.60,-0.400,0.130,-9.470,0.00000,0
86.627,0.0,0.0,1.60,-0.400,0.130,-9.470,0.00000,0
86.637,0.0,0.0,1.60,-0.400,0.130,-9.470,0.00000,0
86.648,0.0,0.0,1.60,-0.400,0.130,-9.470,0.00000,0
86.658,0.0,0.0,1.60,-0.400,0.130,-9.470,0.00000,0
86.668,0.0,0.0,1.60,-0.400,0.130,-9.470,0.00000,0
86.678,0.0,0.0,1.60,-0.390,0.100,-9.400,0.00000,0
86.688,0.0,0.0,1.60,-0.390,0.100,-9.400,0.00000,0
86.699,0.0,0.0,1.60,-0.390,0.100,-9.400,0.00000,0
86.710,0.0,0.0,1.60,-0.390,0.100,-9.400,0.00000,0
86.720,0.0,0.0,1.60,-0.380,0.140,-9.460,0.00000,0
86.730,0.0,0.0,1.60,-0.380,0.140,-9.460,0.00000,0
86.740,0.0,0.0,1.60,-0.380,0.140,-9.460,0.00000,0
86.750,0.0,0.0,1.60,-0.380,0.140,-9.460,0.00000,0
86.760,0.0,0.0,1.60,-0.380,0.140,-9.460,0.00000,0
86.770,0.0,0.0,1.60,-0.410,0.100,-9.530,0.00000,0
86.780,0.0,0.0,1.60,-0.410,0.100,-9.530,0.00000,0
86.791,0.0,0.0,1.60,-0.410,0.100,-9.530,0.00000,0
86.801,0.0,0.0,1.60,-0.410,0.100,-9.530,0.00000,0
86.811,0.0,0.0,1.60,-0.410,0.100,-9.530,0.00000,0
86.821,0.0,0.0,1.60,-0.420,0.120,-9.500,0.00000,0
86.831,0.0,0.0,1.60,-0.420,0.120,-9.500,0.00000,0
86.841,0.0,0.0,1.60,-0.420,0.120,-9.500,0.00000,0
86.851,0.0,0.0,1.60,-0.420,0.120,-9.500,0.00000,0
86.862,0.0,0.0,1.60,-0.420,0.120,-9.500,0.00000,0
86.872,0.0,0.0,1.60,-0.390,0.140,-9.500,0.00000,0
86.882,0.0,0.0,1.60,-0.390,0.140,-9.500,0.00000,0
86.892,0.0,0.0,1.60,-0.390,0.140,-9.500,0.00000,0
86.902,0.0,0.0,1.60,-0.390,0.140,-9.500,0.00000,0
86.912,0.0,0.0,1.60,-0.390,0.140,-9.500,0.00000,0
86.922,0.0,0.0,1.60,-0.420,0.150,-9.540,0.00000,0
86.933,0.0,0.0,1.60,-0.420,0.150,-9.540,0.00000,0
86.943,0.0,0.0,1.60,-0.420,0.150,-9.540,0.00000,0
86.953,0.0,0.0,1.60,-0.420,0.150,-9.540,0.00000,0
86.963,0.0,0.0,1.60,-0.420,0.140,-9.430,0.00000,0
86.973,0.0,0.0,1.60,-0.420,0.140,-9.430,0.00000,0
86.983,0.0,0.0,1.60,-0.420,0.140,-9.430,0.00000,0
86.993,0.0,0.0,1.60,-0.420,0.140,-9.430,0.00000,0
87.004,0.0,0.0,1.60,-0.420,0.140,-9.430,0.00000,0
87.014,0.0,0.0,1.60,-0.410,0.110,-9.500,0.00000,0
87.024,0.0,0.0,1.60,-0.410,0.110,-9.500,0.00000,0
87.034,0.0,0.0,1.60,-0.410,0.110,-9.500,0.00000,0
87.044,0.0,0.0,1.60,-0.410,0.110,-9.500,0.00000,0
87.054,0.0,0.0,1.60,-0.410,0.110,-9.500,0.00000,0
87.064,0.0,0.0,1.60,-0.410,0.110,-9.500,0.00000,0
87.075,0.0,0.0,1.60,-0.390,0.150,-9.430,0.00000,0
87.085,0.0,0.0,1.60,-0.390,0.150,-9.430,0.00000,0
87.095,0.0,0.0,1.60,-0.390,0.150,-9.430,0.00000,0
87.105,0.0,0.0,1.60,-0.390,0.150,-9.430,0.00000,0
87.115,0.0,0.0,1.60,-0.390,0.150,-9.430,0.00000,0
87.125,0.0,0.0,1.60,-0.380,0.120,-9.480,0.00000,0
87.135,0.0,0.0,1.60,-0.380,0.120,-9.480,0.00000,0
87.146,0.0,0.0,1.60,-0.380,0.120,-9.480,0.00000,0
87.156,0.0,0.0,1.60,-0.380,0.120,-9.480,0.00000,0
87.166,0.0,0.0,1.60,-0.380,0.120,-9.480,0.00000,0
87.176,0.0,0.0,1.60,-0.380,0.130,-9.470,0.00000,0
87.186,0.0,0.0,1.60,-0.380,0.130,-9.470,0.00000,0
87.196,0.0,0.0,1.60,-0.380,0.130,-9.470,0.00000,0
87.206,0.0,0.0,1.60,-0.380,0.130,-9.470,0.00000,0
87.217,0.0,0.0,1.60,-0.400,0.120,-9.460,0.00000,0
87.227,0.0,0.0,1.60,-0.400,0.120,-9.460,0.00000,0
87.237,0.0,0.0,1.60,-0.400,0.120,-9.460,0.00000,0
87.247,0.0,0.0,1.60,-0.400,0.120,-9.460,0.00000,0
87.257,0.0,0.0,1.60,-0.400,0.120,-9.460,0.00000,0
87.267,0.0,0.0,1.60,-0.380,0.150,-9.500,0.00000,0
87.277,0.0,0.0,1.60,-0.380,0.150,-9.500,0.00000,0
87.287,0.0,0.0,1.60,-0.380,0.150,-9.500,0.00000,0
87.298,0.0,0.0,1.60,-0.380,0.150,-9.500,0.00000,0
87.308,0.0,0.0,1.60,-0.380,0.150,-9.500,0.00000,0
87.318,0.0,0.0,1.60,-0.430,0.140,-9.450,0.00000,0
87.328,0.0,0.0,1.60,-0.430,0.140,-9.450,0.00000,0
87.338,0.0,0.0,1.60,-0.430,0.140,-9.450,0.00000,0
87.348,0.0,0.0,1.60,-0.430,0.140,-9.450,0.00000,0
87.358,0.0,0.0,1.60,-0.430,0.140,-9.450,0.00000,0
87.369,0.0,0.0,1.60,-0.420,0.150,-9.450,0.00000,0
87.379,0.0,0.0,1.60,-0.420,0.150,-9.450,0.00000,0
87.389,0.0,0.0,1.60,-0.420,0.150,-9.450,0.00000,0
87.399,0.0,0.0,1.60,-0.420,0.150,-9.450,0.00000,0
87.409,0.0,0.0,1.60,-0.420,0.150,-9.450,0.00000,0
87.419,0.0,0.0,1.60,-0.380,0.100,-9.500,0.00000,0
87.429,0.0,0.0,1.60,-0.380,0.100,-9.500,0.00000,0
87.439,0.0,0.0,1.60,-0.380,0.100,-9.500,0.00000,0
87.450,0.0,0.0,1.60,-0.380,0.100,-9.500,0.00000,0
87.460,0.0,0.0,1.60,-0.380,0.100,-9.500,0.00000,0
87.470,0.0,0.0,1.60,-0.410,0.110,-9.460,0.00000,0
87.480,0.0,0.0,1.60,-0.410,0.110,-9.460,0.00000,0
87.490,0.0,0.0,1.60,-0.410,0.110,-9.460,0.00000,0
87.501,0.0,0.0,1.60,-0.410,0.110,-9.460,0.00000,0
87.511,0.0,0.0,1.60,-0.410,0.110,-9.460,0.00000,0
87.521,0.0,0.0,1.60,-0.410,0.110,-9.460,0.00000,0
87.531,0.0,0.0,1.60,-0.370,0.140,-9.440,0.00000,0
87.541,0.0,0.0,1.60,-0.370,0.140,-9.440,0.00000,0
87.551,0.0,0.0,1.60,-0.370,0.140,-9.440,0.00000,0
87.561,0.0,0.0,1.60,-0.370,0.140,-9.440,0.00000,0
87.572,0.0,0.0,1.60,-0.420,0.140,-9.420,0.00000,0
87.582,0.0,0.0,1.60,-0.420,0.140,-9.420,0.00000,0
87.592,0.0,0.0,1.60,-0.420,0.140,-9.420,0.00000,0
87.602,0.0,0.0,1.60,-0.420,0.140,-9.420,0.00000,0
87.612,0.0,0.0,1.60,-0.420,0.140,-9.420,0.00000,0
87.622,0.0,0.0,1.60,-0.390,0.110,-9.440,0.00000,0
87.632,0.0,0.0,1.60,-0.390,0.110,-9.440,0.00000,0
87.642,0.0,0.0,1.60,-0.390,0.110,-9.440,0.00000,0
87.653,0.0,0.0,1.60,-0.390,0.110,-9.440,0.00000,0
87.663,0.0,0.0,1.60,-0.390,0.110,-9.440,0.00000,0
87.673,0.0,0.0,1.60,-0.380,0.130,-9.480,0.00000,0
87.683,0.0,0.0,1.60,-0.380,0.130,-9.480,0.00000,0
87.693,0.0,0.0,1.60,-0.380,0.130,-9.480,0.00000,0
87.703,0.0,0.0,1.60,-0.380,0.130,-9.480,0.00000,0
87.713,0.0,0.0,1.60,-0.430,0.090,-9.500,0.00000,0
87.723,0.0,0.0,1.60,-0.430,0.090,-9.500,0.00000,0
87.734,0.0,0.0,1.60,-0.430,0.090,-9.500,0.00000,0
87.744,0.0,0.0,1.60,-0.430,0.090,-9.500,0.00000,0
87.754,0.0,0.0,1.60,-0.430,0.090,-9.500,0.00000,0
87.764,0.0,0.0,1.60,-0.380,0.130,-9.470,0.00000,0
87.774,0.0,0.0,1.60,-0.380,0.130,-9.470,0.00000,0
87.784,0.0,0.0,1.60,-0.380,0.130,-9.470,0.00000,0
87.794,0.0,0.0,1.60,-0.380,0.130,-9.470,0.00000,0
87.804,0.0,0.0,1.60,-0.380,0.130,-9.470,0.00000,0
87.815,0.0,0.0,1.60,-0.380,0.130,-9.470,0.00000,0
87.825,0.0,0.0,1.60,-0.390,0.140,-9.450,0.00000,0
87.835,0.0,0.0,1.60,-0.390,0.140,-9.450,0.00000,0
87.845,0.0,0.0,1.60,-0.390,0.140,-9.450,0.00000,0
87.855,0.0,0.0,1.60,-0.390,0.140,-9.450,0.00000,0
87.865,0.0,0.0,1.60,-0.390,0.140,-9.450,0.00000,0
87.876,0.0,0.0,1.60,-0.430,0.110,-9.510,0.00000,0
87.886,0.0,0.0,1.60,-0.430,0.110,-9.510,0.00000,0
87.896,0.0,0.0,1.60,-0.430,0.110,-9.510,0.00000,0
87.906,0.0,0.0,1.60,-0.430,0.110,-9.510,0.00000,0
87.916,0.0,0.0,1.60,-0.430,0.110,-9.510,0.00000,0
87.926,0.0,0.0,1.60,-0.410,0.100,-9.430,0.00000,0
87.936,0.0,0.0,1.60,-0.410,0.100,-9.430,0.00000,0
87.946,0.0,0.0,1.60,-0.410,0.100,-9.430,0.00000,0
87.957,0.0,0.0,1.60,-0.410,0.100,-9.430,0.00000,0
87.967,0.0,0.0,1.60,-0.430,0.160,-9.450,0.00000,0
87.977,0.0,0.0,1.60,-0.430,0.160,-9.450,0.00000,0
87.987,0.0,0.0,1.60,-0.430,0.160,-9.450,0.00000,0
87.997,0.0,0.0,1.60,-0.430,0.160,-9.450,0.00000,0
88.007,0.0,0.0,1.60,-0.430,0.160,-9.450,0.00000,0
88.017,0.0,0.0,1.60,-0.410,0.110,-9.450,0.00000,0
88.028,0.0,0.0,1.60,-0.410,0.110,-9.450,0.00000,0
88.038,0.0,0.0,1.60,-0.410,0.110,-9.450,0.00000,0
88.048,0.0,0.0,1.60,-0.410,0.110,-9.450,0.00000,0
88.058,0.0,0.0,1.60,-0.410,0.110,-9.450,0.00000,0
88.068,0.0,0.0,1.60,-0.420,0.140,-9.470,0.00000,0
88.078,0.0,0.0,1.60,-0.420,0.140,-9.470,0.00000,0
88.088,0.0,0.0,1.60,-0.420,0.140,-9.470,0.00000,0
88.098,0.0,0.0,1.60,-0.420,0.140,-9.470,0.00000,0
88.109,0.0,0.0,1.60,-0.420,0.140,-9.470,0.00000,0
88.119,0.0,0.0,1.60,-0.410,0.130,-9.510,0.00000,0
88.129,0.0,0.0,1.60,-0.410,0.130,-9.510,0.00000,0
88.139,0.0,0.0,1.60,-0.410,0.130,-9.510,0.00000,0
88.149,0.0,0.0,1.60,-0.410,0.130,-9.510,0.00000,0
88.159,0.0,0.0,1.60,-0.410,0.130,-9.510,0.00000,0
88.169,0.0,0.0,1.60,-0.410,0.160,-9.490,0.00000,0
88.180,0.0,0.0,1.60,-0.410,0.160,-9.490,0.00000,0
88.190,0.0,0.0,1.60,-0.410,0.160,-9.490,0.00000,0
88.200,0.0,0.0,1.60,-0.410,0.160,-9.490,0.00000,0
88.210,0.0,0.0,1.60,-0.410,0.160,-9.490,0.00000,0
88.220,0.0,0.0,1.60,-0.430,0.130,-9.440,0.00000,0
88.230,0.0,0.0,1.60,-0.430,0.130,-9.440,0.00000,0
88.240,0.0,0.0,1.60,-0.430,0.130,-9.440,0.00000,0
88.250,0.0,0.0,1.60,-0.430,0.130,-9.440,0.00000,0
88.261,0.0,0.0,1.60,-0.430,0.130,-9.440,0.00000,0
88.271,0.0,0.0,1.60,-0.400,0.130,-9.470,0.00000,0
88.281,0.0,0.0,1.60,-0.400,0.130,-9.470,0.00000,0
88.291,0.0,0.0,1.60,-0.400,0.130,-9.470,0.00000,0
88.303,0.0,0.0,1.60,-0.400,0.130,-9.470,0.00000,0
88.313,0.0,0.0,1.60,-0.400,0.130,-9.470,0.00000,0
88.323,0.0,0.0,1.60,-0.410,0.120,-9.420,0.00000,0
88.333,0.0,0.0,1.60,-0.410,0.120,-9.420,0.00000,0
88.343,0.0,0.0,1.60,-0.410,0.120,-9.420,0.00000,0
88.353,0.0,0.0,1.60,-0.410,0.120,-9.420,0.00000,0
88.364,0.0,0.0,1.60,-0.410,0.120,-9.420,0.00000,0
88.374,0.0,0.0,1.60,-0.420,0.150,-9.430,0.00000,0
88.384,0.0,0.0,1.60,-0.420,0.150,-9.430,0.00000,0
88.394,0.0,0.0,1.60,-0.420,0.150,-9.430,0.00000,0
88.404,0.0,0.0,1.60,-0.420,0.150,-9.430,0.00000,0
88.414,0.0,0.0,1.60,-0.420,0.150,-9.430,0.00000,0
88.424,0.0,0.0,1.60,-0.410,0.130,-9.480,0.00000,0
88.434,0.0,0.0,1.60,-0.410,0.130,-9.480,0.00000,0
88.444,0.0,0.0,1.60,-0.410,0.130,-9.480,0.00000,0
88.455,0.0,0.0,1.60,-0.410,0.130,-9.480,0.00000,0
88.465,0.0,0.0,1.60,-0.400,0.100,-9.490,0.00000,0
88.475,0.0,0.0,1.60,-0.400,0.100,-9.490,0.00000,0
88.485,0.0,0.0,1.60,-0.400,0.100,-9.490,0.00000,0
88.495,0.0,0.0,1.60,-0.400,0.100,-9.490,0.00000,0
88.505,0.0,0.0,1.60,-0.400,0.100,-9.490,0.00000,0
88.515,0.0,0.0,1.60,-0.400,0.170,-9.480,0.00000,0
88.526,0.0,0.0,1.60,-0.400,0.170,-9.480,0.00000,0
88.536,0.0,0.0,1.60,-0.400,0.170,-9.480,0.00000,0
88.546,0.0,0.0,1.60,-0.400,0.170,-9.480,0.00000,0
88.556,0.0,0.0,1.60,-0.400,0.170,-9.480,0.00000,0
88.566,0.0,0.0,1.60,-0.390,0.090,-9.490,0.00000,0
88.576,0.0,0.0,1.60,-0.390,0.090,-9.490,0.00000,0
88.586,0.0,0.0,1.60,-0.390,0.090,-9.490,0.00000,0
88.597,0.0,0.0,1.60,-0.390,0.090,-9.490,0.00000,0
88.607,0.0,0.0,1.60,-0.390,0.090,-9.490,0.00000,0
88.617,0.0,0.0,1.60,-0.400,0.140,-9.450,0.00000,0
88.627,0.0,0.0,1.60,-0.400,0.140,-9.450,0.00000,0
88.637,0.0,0.0,1.60,-0.400,0.140,-9.450,0.00000,0
88.647,0.0,0.0,1.60,-0.400,0.140,-9.450,0.00000,0
88.658,0.0,0.0,1.60,-0.400,0.140,-9.450,0.00000,0
88.668,0.0,0.0,1.60,-0.400,0.140,-9.450,0.00000,0
88.678,0.0,0.0,1.60,-0.410,0.130,-9.560,0.00000,0
88.688,0.0,0.0,1.60,-0.410,0.130,-9.560,0.00000,0
88.698,0.0,0.0,1.60,-0.410,0.130,-9.560,0.00000,0
88.708,0.0,0.0,1.60,-0.410,0.130,-9.560,0.00000,0
88.718,0.0,0.0,1.60,-0.440,0.110,-9.490,0.00000,0
88.728,0.0,0.0,1.60,-0.440,0.110,-9.490,0.00000,0
88.738,0.0,0.0,1.60,-0.440,0.110,-9.490,0.00000,0
88.749,0.0,0.0,1.60,-0.440,0.110,-9.490,0.00000,0
88.759,0.0,0.0,1.60,-0.440,0.110,-9.490,0.00000,0
88.769,0.0,0.0,1.60,-0.380,0.140,-9.550,0.00000,0
88.779,0.0,0.0,1.60,-0.380,0.140,-9.550,0.00000,0
88.789,0.0,0.0,1.60,-0.380,0.140,-9.550,0.00000,0
88.799,0.0,0.0,1.60,-0.380,0.140,-9.550,0.00000,0
88.809,0.0,0.0,1.60,-0.380,0.140,-9.550,0.00000,0
88.819,0.0,0.0,1.60,-0.410,0.120,-9.500,0.00000,0
88.830,0.0,0.0,1.60,-0.410,0.120,-9.500,0.00000,0
88.840,0.0,0.0,1.60,-0.410,0.120,-9.500,0.00000,0
88.850,0.0,0.0,1.60,-0.410,0.120,-9.500,0.00000,0
88.860,0.0,0.0,1.60,-0.410,0.120,-9.500,0.00000,0
88.870,0.0,0.0,1.60,-0.400,0.120,-9.480,0.00000,0
88.880,0.0,0.0,1.60,-0.400,0.120,-9.480,0.00000,0
88.890,0.0,0.0,1.60,-0.400,0.120,-9.480,0.00000,0
88.900,0.0,0.0,1.60,-0.400,0.120,-9.480,0.00000,0
88.910,0.0,0.0,1.60,-0.400,0.120,-9.480,0.00000,0
88.921,0.0,0.0,1.60,-0.410,0.140,-9.490,0.00000,0
88.931,0.0,0.0,1.60,-0.410,0.140,-9.490,0.00000,0
88.941,0.0,0.0,1.60,-0.410,0.140,-9.490,0.00000,0
88.951,0.0,0.0,1.60,-0.410,0.140,-9.490,0.00000,0
88.961,0.0,0.0,1.60,-0.450,0.150,-9.470,0.00000,0
88.971,0.0,0.0,1.60,-0.450,0.150,-9.470,0.00000,0
88.981,0.0,0.0,1.60,-0.450,0.150,-9.470,0.00000,0
88.991,0.0,0.0,1.60,-0.450,0.150,-9.470,0.00000,0
89.001,0.0,0.0,1.60,-0.450,0.150,-9.470,0.00000,0
89.012,0.0,0.0,1.60,-0.450,0.150,-9.470,0.00000,0
89.022,0.0,0.0,1.60,-0.400,0.110,-9.340,0.00000,0
89.032,0.0,0.0,1.60,-0.400,0.110,-9.340,0.00000,0
89.042,0.0,0.0,1.60,-0.400,0.110,-9.340,0.00000,0
89.052,0.0,0.0,1.60,-0.400,0.110,-9.340,0.00000,0
89.062,0.0,0.0,1.60,-0.400,0.110,-9.340,0.00000,0
89.072,0.0,0.0,1.60,-0.400,0.110,-9.460,0.00000,0
89.083,0.0,0.0,1.60,-0.400,0.110,-9.460,0.00000,0
89.093,0.0,0.0,1.60,-0.400,0.110,-9.460,0.00000,0
89.103,0.0,0.0,1.60,-0.400,0.110,-9.460,0.00000,0
89.113,0.0,0.0,1.60,-0.400,0.110,-9.460,0.00000,0
89.123,0.0,0.0,1.60,-0.390,0.110,-9.360,0.00000,0
89.133,0.0,0.0,1.60,-0.390,0.110,-9.360,0.00000,0
89.143,0.0,0.0,1.60,-0.390,0.110,-9.360,0.00000,0
89.153,0.0,0.0,1.60,-0.390,0.110,-9.360,0.00000,0
89.164,0.0,0.0,1.60,-0.390,0.110,-9.360,0.00000,0
89.174,0.0,0.0,1.60,-0.410,0.100,-9.520,0.00000,0
89.184,0.0,0.0,1.60,-0.410,0.100,-9.520,0.00000,0
89.194,0.0,0.0,1.60,-0.410,0.100,-9.520,0.00000,0
89.204,0.0,0.0,1.60,-0.410,0.100,-9.520,0.00000,0
89.214,0.0,0.0,1.60,-0.410,0.100,-9.520,0.00000,0
89.224,0.0,0.0,1.60,-0.410,0.100,-9.530,0.00000,0
89.235,0.0,0.0,1.60,-0.410,0.100,-9.530,0.00000,0
89.245,0.0,0.0,1.60,-0.410,0.100,-9.530,0.00000,0
89.255,0.0,0.0,1.60,-0.410,0.100,-9.530,0.00000,0
89.265,0.0,0.0,1.60,-0.410,0.110,-9.460,0.00000,0
89.275,0.0,0.0,1.60,-0.410,0.110,-9.460,0.00000,0
89.285,0.0,0.0,1.60,-0.410,0.110,-9.460,0.00000,0
89.295,0.0,0.0,1.60,-0.410,0.110,-9.460,0.00000,0
89.306,0.0,0.0,1.60,-0.410,0.110,-9.460,0.00000,0
89.316,0.0,0.0,1.60,-0.430,0.150,-9.420,0.00000,0
89.326,0.0,0.0,1.60,-0.430,0.150,-9.420,0.00000,0
89.336,0.0,0.0,1.60,-0.430,0.150,-9.420,0.00000,0
89.346,0.0,0.0,1.60,-0.430,0.150,-9.420,0.00000,0
89.356,0.0,0.0,1.60,-0.430,0.150,-9.420,0.00000,0
89.367,0.0,0.0,1.60,-0.430,0.150,-9.420,0.00000,0
89.377,0.0,0.0,1.60,-0.440,0.110,-9.430,0.00000,0
89.387,0.0,0.0,1.60,-0.440,0.110,-9.430,0.00000,0
89.397,0.0,0.0,1.60,-0.440,0.110,-9.430,0.00000,0
89.407,0.0,0.0,1.60,-0.440,0.110,-9.430,0.00000,0
89.417,0.0,0.0,1.60,-0.440,0.110,-9.430,0.00000,0
89.427,0.0,0.0,1.60,-0.410,0.120,-9.510,0.00000,0
89.438,0.0,0.0,1.60,-0.410,0.120,-9.510,0.00000,0
89.448,0.0,0.0,1.60,-0.410,0.120,-9.510,0.00000,0
89.458,0.0,0.0,1.60,-0.410,0.120,-9.510,0.00000,0
89.468,0.0,0.0,1.60,-0.440,0.150,-9.450,0.00000,0
89.478,0.0,0.0,1.60,-0.440,0.150,-9.450,0.00000,0
89.488,0.0,0.0,1.60,-0.440,0.150,-9.450,0.00000,0
89.498,0.0,0.0,1.60,-0.440,0.150,-9.450,0.00000,0
89.509,0.0,0.0,1.60,-0.440,0.150,-9.450,0.00000,0
89.519,0.0,0.0,1.60,-0.420,0.150,-9.510,0.00000,0
89.529,0.0,0.0,1.60,-0.420,0.150,-9.510,0.00000,0
89.539,0.0,0.0,1.60,-0.420,0.150,-9.510,0.00000,0
89.549,0.0,0.0,1.60,-0.420,0.150,-9.510,0.00000,0
89.559,0.0,0.0,1.60,-0.420,0.150,-9.510,0.00000,0
89.569,0.0,0.0,1.60,-0.390,0.140,-9.510,0.00000,0
89.580,0.0,0.0,1.60,-0.390,0.140,-9.510,0.00000,0
89.590,0.0,0.0,1.60,-0.390,0.140,-9.510,0.00000,0
89.600,0.0,0.0,1.60,-0.390,0.140,-9.510,0.00000,0
89.610,0.0,0.0,1.60,-0.390,0.140,-9.510,0.00000,0
89.620,0.0,0.0,1.60,-0.370,0.130,-9.540,0.00000,0
89.630,0.0,0.0,1.60,-0.370,0.130,-9.540,0.00000,0
89.641,0.0,0.0,1.60,-0.370,0.130,-9.540,0.00000,0
89.651,0.0,0.0,1.60,-0.370,0.130,-9.540,0.00000,0
89.661,0.0,0.0,1.60,-0.370,0.130,-9.540,0.00000,0
89.671,0.0,0.0,1.60,-0.450,0.140,-9.490,0.00000,0
89.681,0.0,0.0,1.60,-0.450,0.140,-9.490,0.00000,0
89.691,0.0,0.0,1.60,-0.450,0.140,-9.490,0.00000,0
89.701,0.0,0.0,1.60,-0.450,0.140,-9.490,0.00000,0
89.712,0.0,0.0,1.60,-0.390,0.130,-9.520,0.00000,0
89.722,0.0,0.0,1.60,-0.390,0.130,-9.520,0.00000,0
89.732,0.0,0.0,1.60,-0.390,0.130,-9.520,0.00000,0
89.742,0.0,0.0,1.60,-0.390,0.130,-9.520,0.00000,0
89.752,0.0,0.0,1.60,-0.390,0.130,-9.520,0.00000,0
89.762,0.0,0.0,1.60,-0.390,0.130,-9.520,0.00000,0
89.772,0.0,0.0,1.60,-0.370,0.150,-9.520,0.00000,0
89.783,0.0,0.0,1.60,-0.370,0.150,-9.520,0.00000,0
89.793,0.0,0.0,1.60,-0.370,0.150,-9.520,0.00000,0
89.803,0.0,0.0,1.60,-0.370,0.150,-9.520,0.00000,0
89.813,0.0,0.0,1.60,-0.370,0.150,-9.520,0.00000,0
89.823,0.0,0.0,1.60,-0.410,0.130,-9.510,0.00000,0
89.833,0.0,0.0,1.60,-0.410,0.130,-9.510,0.00000,0
89.843,0.0,0.0,1.60,-0.410,0.130,-9.510,0.00000,0
89.854,0.0,0.0,1.60,-0.410,0.130,-9.510,0.00000,0
89.865,0.0,0.0,1.60,-0.410,0.130,-9.510,0.00000,0
89.875,0.0,0.0,1.60,-0.370,0.090,-9.410,0.00000,0
89.885,0.0,0.0,1.60,-0.370,0.090,-9.410,0.00000,0
89.895,0.0,0.0,1.60,-0.370,0.090,-9.410,0.00000,0
89.905,0.0,0.0,1.60,-0.370,0.090,-9.410,0.00000,0
89.915,0.0,0.0,1.60,-0.370,0.090,-9.410,0.00000,0
89.925,0.0,0.0,1.60,-0.390,0.130,-9.490,0.00000,0
89.935,0.0,0.0,1.60,-0.390,0.130,-9.490,0.00000,0
89.946,0.0,0.0,1.60,-0.390,0.130,-9.490,0.00000,0
89.956,0.0,0.0,1.60,-0.390,0.130,-9.490,0.00000,0
89.966,0.0,0.0,1.60,-0.430,0.130,-9.460,0.00000,0
89.976,0.0,0.0,1.60,-0.430,0.130,-9.460,0.00000,0
89.986,0.0,0.0,1.60,-0.430,0.130,-9.460,0.00000,0
89.996,0.0,0.0,1.60,-0.430,0.130,-9.460,0.00000,0
90.006,0.0,0.0,1.60,-0.430,0.130,-9.460,0.00000,0
90.016,0.0,0.0,1.60,-0.400,0.120,-9.550,0.00000,0
90.027,0.0,0.0,1.60,-0.400,0.120,-9.550,0.00000,0
90.037,0.0,0.0,1.60,-0.400,0.120,-9.550,0.00000,0
90.047,0.0,0.0,1.60,-0.400,0.120,-9.550,0.00000,0
90.057,0.0,0.0,1.60,-0.400,0.120,-9.550,0.00000,0
90.067,0.0,0.0,1.60,-0.400,0.120,-9.550,0.00000,0
90.077,0.0,0.0,1.60,-0.390,0.130,-9.470,0.00000,0
90.087,0.0,0.0,1.60,-0.390,0.130,-9.470,0.00000,0
90.097,0.0,0.0,1.60,-0.390,0.130,-9.470,0.00000,0
90.108,0.0,0.0,1.60,-0.390,0.130,-9.470,0.00000,0
90.118,0.0,0.0,1.60,-0.410,0.150,-9.450,0.00000,0
90.128,0.0,0.0,1.60,-0.410,0.150,-9.450,0.00000,0
90.138,0.0,0.0,1.60,-0.410,0.150,-9.450,0.00000,0
90.148,0.0,0.0,1.60,-0.410,0.150,-9.450,0.00000,0
90.158,0.0,0.0,1.60,-0.410,0.150,-9.450,0.00000,0
90.168,0.0,0.0,1.60,-0.410,0.150,-9.450,0.00000,0
90.179,0.0,0.0,1.60,-0.400,0.100,-9.440,0.00000,0
90.189,0.0,0.0,1.60,-0.400,0.100,-9.440,0.00000,0
90.199,0.0,0.0,1.60,-0.400,0.100,-9.440,0.00000,0
90.209,0.0,0.0,1.60,-0.400,0.100,-9.440,0.00000,0
90.219,0.0,0.0,1.60,-0.400,0.100,-9.440,0.00000,0
90.229,0.0,0.0,1.60,-0.450,0.140,-9.490,0.00000,0
90.239,0.0,0.0,1.60,-0.450,0.140,-9.490,0.00000,0
90.249,0.0,0.0,1.60,-0.450,0.140,-9.490,0.00000,0
90.260,0.0,0.0,1.60,-0.450,0.140,-9.490,0.00000,0
90.270,0.0,0.0,1.60,-0.430,0.130,-9.530,0.00000,0
90.280,0.0,0.0,1.60,-0.430,0.130,-9.530,0.00000,0
90.290,0.0,0.0,1.60,-0.430,0.130,-9.530,0.00000,0
90.300,0.0,0.0,1.60,-0.430,0.130,-9.530,0.00000,0
90.310,0.0,0.0,1.60,-0.430,0.130,-9.530,0.00000,0
90.320,0.0,0.0,1.60,-0.420,0.150,-9.480,0.00000,0
90.331,0.0,0.0,1.60,-0.420,0.150,-9.480,0.00000,0
90.341,0.0,0.0,1.60,-0.420,0.150,-9.480,0.00000,0
90.351,0.0,0.0,1.60,-0.420,0.150,-9.480,0.00000,0
90.361,0.0,0.0,1.60,-0.420,0.150,-9.480,0.00000,0
90.371,0.0,0.0,1.60,-0.400,0.130,-9.510,0.00000,0
90.381,0.0,0.0,1.60,-0.400,0.130,-9.510,0.00000,0
90.391,0.0,0.0,1.60,-0.400,0.130,-9.510,0.00000,0
90.401,0.0,0.0,1.60,-0.400,0.130,-9.510,0.00000,0
90.412,0.0,0.0,1.60,-0.400,0.130,-9.510,0.00000,0
90.422,0.0,0.0,1.60,-0.380,0.110,-9.420,0.00000,0
90.432,0.0,0.0,1.60,-0.380,0.110,-9.420,0.00000,0
90.442,0.0,0.0,1.60,-0.380,0.110,-9.420,0.00000,0
90.452,0.0,0.0,1.60,-0.380,0.110,-9.420,0.00000,0
90.462,0.0,0.0,1.60,-0.380,0.110,-9.420,0.00000,0
90.472,0.0,0.0,1.60,-0.360,0.120,-9.520,0.00000,0
90.483,0.0,0.0,1.60,-0.360,0.120,-9.520,0.00000,0
90.493,0.0,0.0,1.60,-0.360,0.120,-9.520,0.00000,0
90.503,0.0,0.0,1.60,-0.360,0.120,-9.520,0.00000,0
90.513,0.0,0.0,1.60,-0.390,0.130,-9.510,0.00000,0
90.523,0.0,0.0,1.60,-0.390,0.130,-9.510,0.00000,0
90.533,0.0,0.0,1.60,-0.390,0.130,-9.510,0.00000,0
90.543,0.0,0.0,1.60,-0.390,0.130,-9.510,0.00000,0
90.553,0.0,0.0,1.60,-0.390,0.130,-9.510,0.00000,0
90.563,0.0,0.0,1.60,-0.390,0.130,-9.510,0.00000,0
90.574,0.0,0.0,1.60,-0.410,0.150,-9.470,0.00000,0
90.584,0.0,0.0,1.60,-0.410,0.150,-9.470,0.00000,0
90.594,0.0,0.0,1.60,-0.410,0.150,-9.470,0.00000,0
90.604,0.0,0.0,1.60,-0.410,0.150,-9.470,0.00000,0
90.614,0.0,0.0,1.60,-0.410,0.150,-9.470,0.00000,0
90.624,0.0,0.0,1.60,-0.390,0.150,-9.420,0.00000,0
90.634,0.0,0.0,1.60,-0.390,0.150,-9.420,0.00000,0
90.645,0.0,0.0,1.60,-0.390,0.150,-9.420,0.00000,0
90.655,0.0,0.0,1.60,-0.390,0.150,-9.420,0.00000,0
90.665,0.0,0.0,1.60,-0.390,0.150,-9.420,0.00000,0
90.675,0.0,0.0,1.60,-0.420,0.150,-9.500,0.00000,0
90.685,0.0,0.0,1.60,-0.420,0.150,-9.500,0.00000,0
90.695,0.0,0.0,1.60,-0.420,0.150,-9.500,0.00000,0
90.705,0.0,0.0,1.60,-0.420,0.150,-9.500,0.00000,0
90.715,0.0,0.0,1.60,-0.420,0.150,-9.500,0.00000,0
90.726,0.0,0.0,1.60,-0.390,0.110,-9.440,0.00000,0
90.736,0.0,0.0,1.60,-0.390,0.110,-9.440,0.00000,0
90.746,0.0,0.0,1.60,-0.390,0.110,-9.440,0.00000,0
90.756,0.0,0.0,1.60,-0.390,0.110,-9.440,0.00000,0
90.766,0.0,0.0,1.60,-0.420,0.110,-9.450,0.00000,0
90.776,0.0,0.0,1.60,-0.420,0.110,-9.450,0.00000,0
90.786,0.0,0.0,1.60,-0.420,0.110,-9.450,0.00000,0
90.797,0.0,0.0,1.60,-0.420,0.110,-9.450,0.00000,0
90.807,0.0,0.0,1.60,-0.420,0.110,-9.450,0.00000,0
90.817,0.0,0.0,1.60,-0.420,0.130,-9.470,0.00000,0
90.827,0.0,0.0,1.60,-0.420,0.130,-9.470,0.00000,0
90.837,0.0,0.0,1.60,-0.420,0.130,-9.470,0.00000,0
90.847,0.0,0.0,1.60,-0.420,0.130,-9.470,0.00000,0
90.857,0.0,0.0,1.60,-0.420,0.130,-9.470,0.00000,0
90.868,0.0,0.0,1.60,-0.380,0.140,-9.460,0.00000,0
90.878,0.0,0.0,1.60,-0.380,0.140,-9.460,0.00000,0
90.888,0.0,0.0,1.60,-0.380,0.140,-9.460,0.00000,0
90.898,0.0,0.0,1.60,-0.380,0.140,-9.460,0.00000,0
90.908,0.0,0.0,1.60,-0.380,0.140,-9.460,0.00000,0
90.918,0.0,0.0,1.60,-0.380,0.140,-9.460,0.00000,0
90.929,0.0,0.0,1.60,-0.410,0.130,-9.500,0.00000,0
90.939,0.0,0.0,1.60,-0.410,0.130,-9.500,0.00000,0
90.949,0.0,0.0,1.60,-0.410,0.130,-9.500,0.00000,0
90.959,0.0,0.0,1.60,-0.410,0.130,-9.500,0.00000,0
90.969,0.0,0.0,1.60,-0.410,0.130,-9.500,0.00000,0
90.979,0.0,0.0,1.60,-0.400,0.100,-9.460,0.00000,0
90.989,0.0,0.0,1.60,-0.400,0.100,-9.460,0.00000,0
91.000,0.0,0.0,1.60,-0.400,0.100,-9.460,0.00000,0
91.010,0.0,0.0,1.60,-0.400,0.100,-9.460,0.00000,0
91.020,0.0,0.0,1.60,-0.350,0.150,-9.420,0.00000,0
91.030,0.0,0.0,1.60,-0.350,0.150,-9.420,0.00000,0
91.040,0.0,0.0,1.60,-0.350,0.150,-9.420,0.00000,0
91.050,0.0,0.0,1.60,-0.350,0.150,-9.420,0.00000,0
91.060,0.0,0.0,1.60,-0.350,0.150,-9.420,0.00000,0
91.071,0.0,0.0,1.60,-0.410,0.150,-9.390,0.00000,0
91.081,0.0,0.0,1.60,-0.410,0.150,-9.390,0.00000,0
91.091,0.0,0.0,1.60,-0.410,0.150,-9.390,0.00000,0
91.101,0.0,0.0,1.60,-0.410,0.150,-9.390,0.00000,0
91.111,0.0,0.0,1.60,-0.410,0.150,-9.390,0.00000,0
91.121,0.0,0.0,1.60,-0.440,0.150,-9.450,0.00000,0
91.131,0.0,0.0,1.60,-0.440,0.150,-9.450,0.00000,0
91.142,0.0,0.0,1.60,-0.440,0.150,-9.450,0.00000,0
91.152,0.0,0.0,1.60,-0.440,0.150,-9.450,0.00000,0
91.162,0.0,0.0,1.60,-0.440,0.150,-9.450,0.00000,0
91.172,0.0,0.0,1.60,-0.420,0.110,-9.490,0.00000,0
91.182,0.0,0.0,1.60,-0.420,0.110,-9.490,0.00000,0
91.192,0.0,0.0,1.60,-0.420,0.110,-9.490,0.00000,0
91.202,0.0,0.0,1.60,-0.420,0.110,-9.490,0.00000,0
91.212,0.0,0.0,1.60,-0.420,0.110,-9.490,0.00000,0
91.223,0.0,0.0,1.60,-0.420,0.110,-9.500,0.00000,0
91.233,0.0,0.0,1.60,-0.420,0.110,-9.500,0.00000,0
91.243,0.0,0.0,1.60,-0.420,0.110,-9.500,0.00000,0
91.253,0.0,0.0,1.60,-0.420,0.110,-9.500,0.00000,0
91.263,0.0,0.0,1.60,-0.430,0.130,-9.540,0.00000,0
91.273,0.0,0.0,1.60,-0.430,0.130,-9.540,0.00000,0
91.283,0.0,0.0,1.60,-0.430,0.130,-9.540,0.00000,0
91.294,0.0,0.0,1.60,-0.430,0.130,-9.540,0.00000,0
91.304,0.0,0.0,1.60,-0.430,0.130,-9.540,0.00000,0
91.314,0.0,0.0,1.60,-0.430,0.130,-9.540,0.00000,0
91.324,0.0,0.0,1.60,-0.410,0.100,-9.520,0.00000,0
91.334,0.0,0.0,1.60,-0.410,0.100,-9.520,0.00000,0
91.344,0.0,0.0,1.60,-0.410,0.100,-9.520,0.00000,0
91.354,0.0,0.0,1.60,-0.410,0.100,-9.520,0.00000,0
91.364,0.0,0.0,1.60,-0.410,0.100,-9.520,0.00000,0
91.375,0.0,0.0,1.60,-0.430,0.120,-9.540,0.00000,0
91.385,0.0,0.0,1.60,-0.430,0.120,-9.540,0.00000,0
91.395,0.0,0.0,1.60,-0.430,0.120,-9.540,0.00000,0
91.405,0.0,0.0,1.60,-0.430,0.120,-9.540,0.00000,0
91.415,0.0,0.0,1.60,-0.430,0.120,-9.540,0.00000,0
91.425,0.0,0.0,1.60,-0.410,0.120,-9.470,0.00000,0
91.435,0.0,0.0,1.60,-0.410,0.120,-9.470,0.00000,0
91.446,0.0,0.0,1.60,-0.410,0.120,-9.470,0.00000,0
91.456,0.0,0.0,1.60,-0.410,0.120,-9.470,0.00000,0
91.466,0.0,0.0,1.60,-0.410,0.120,-9.470,0.00000,0
91.476,0.0,0.0,1.60,-0.410,0.130,-9.520,0.00000,0
91.486,0.0,0.0,1.60,-0.410,0.130,-9.520,0.00000,0
91.496,0.0,0.0,1.60,-0.410,0.130,-9.520,0.00000,0
91.506,0.0,0.0,1.60,-0.410,0.130,-9.520,0.00000,0
91.517,0.0,0.0,1.60,-0.400,0.110,-9.460,0.00000,0
91.527,0.0,0.0,1.60,-0.400,0.110,-9.460,0.00000,0
91.537,0.0,0.0,1.60,-0.400,0.110,-9.460,0.00000,0
91.547,0.0,0.0,1.60,-0.400,0.110,-9.460,0.00000,0
91.557,0.0,0.0,1.60,-0.400,0.110,-9.460,0.00000,0
91.567,0.0,0.0,1.60,-0.400,0.110,-9.450,0.00000,0
91.577,0.0,0.0,1.60,-0.400,0.110,-9.450,0.00000,0
91.588,0.0,0.0,1.60,-0.400,0.110,-9.450,0.00000,0
91.598,0.0,0.0,1.60,-0.400,0.110,-9.450,0.00000,0
91.608,0.0,0.0,1.60,-0.400,0.110,-9.450,0.00000,0
91.618,0.0,0.0,1.60,-0.410,0.140,-9.440,0.00000,0
91.628,0.0,0.0,1.60,-0.410,0.140,-9.440,0.00000,0
91.638,0.0,0.0,1.60,-0.410,0.140,-9.440,0.00000,0
91.649,0.0,0.0,1.60,-0.410,0.140,-9.440,0.00000,0
91.659,0.0,0.0,1.60,-0.410,0.140,-9.440,0.00000,0
91.669,0.0,0.0,1.60,-0.390,0.120,-9.490,0.00000,0
91.679,0.0,0.0,1.60,-0.390,0.120,-9.490,0.00000,0
91.689,0.0,0.0,1.60,-0.390,0.120,-9.490,0.00000,0
91.699,0.0,0.0,1.60,-0.390,0.120,-9.490,0.00000,0
91.709,0.0,0.0,1.60,-0.390,0.120,-9.490,0.00000,0
91.720,0.0,0.0,1.60,-0.390,0.120,-9.490,0.00000,0
91.730,0.0,0.0,1.60,-0.410,0.130,-9.520,0.00000,0
91.740,0.0,0.0,1.60,-0.410,0.130,-9.520,0.00000,0
91.750,0.0,0.0,1.60,-0.410,0.130,-9.520,0.00000,0
91.760,0.0,0.0,1.60,-0.410,0.130,-9.520,0.00000,0
91.770,0.0,0.0,1.60,-0.400,0.110,-9.570,0.00000,0
91.780,0.0,0.0,1.60,-0.400,0.110,-9.570,0.00000,0
91.790,0.0,0.0,1.60,-0.400,0.110,-9.570,0.00000,0
91.801,0.0,0.0,1.60,-0.400,0.110,-9.570,0.00000,0
91.811,0.0,0.0,1.60,-0.400,0.110,-9.570,0.00000,0
91.821,0.0,0.0,1.60,-0.410,0.120,-9.500,0.00000,0
91.831,0.0,0.0,1.60,-0.410,0.120,-9.500,0.00000,0
91.841,0.0,0.0,1.60,-0.410,0.120,-9.500,0.00000,0
91.851,0.0,0.0,1.60,-0.410,0.120,-9.500,0.00000,0
91.861,0.0,0.0,1.60,-0.410,0.120,-9.500,0.00000,0
91.872,0.0,0.0,1.60,-0.430,0.110,-9.480,0.00000,0
91.882,0.0,0.0,1.60,-0.430,0.110,-9.480,0.00000,0
91.892,0.0,0.0,1.60,-0.430,0.110,-9.480,0.00000,0
91.902,0.0,0.0,1.60,-0.430,0.110,-9.480,0.00000,0
91.912,0.0,0.0,1.60,-0.430,0.110,-9.480,0.00000,0
91.922,0.0,0.0,1.60,-0.400,0.130,-9.500,0.00000,0
91.932,0.0,0.0,1.60,-0.400,0.130,-9.500,0.00000,0
91.942,0.0,0.0,1.60,-0.400,0.130,-9.500,0.00000,0
91.953,0.0,0.0,1.60,-0.400,0.130,-9.500,0.00000,0
91.963,0.0,0.0,1.60,-0.400,0.130,-9.500,0.00000,0
91.973,0.0,0.0,1.60,-0.420,0.130,-9.400,0.00000,0
91.983,0.0,0.0,1.60,-0.420,0.130,-9.400,0.00000,0
91.993,0.0,0.0,1.60,-0.420,0.130,-9.400,0.00000,0
92.003,0.0,0.0,1.60,-0.420,0.130,-9.400,0.00000,0
92.013,0.0,0.0,1.60,-0.430,0.150,-9.450,0.00000,0
92.024,0.0,0.0,1.60,-0.430,0.150,-9.450,0.00000,0
92.034,0.0,0.0,1.60,-0.430,0.150,-9.450,0.00000,0
92.044,0.0,0.0,1.60,-0.430,0.150,-9.450,0.00000,0
92.054,0.0,0.0,1.60,-0.430,0.150,-9.450,0.00000,0
92.064,0.0,0.0,1.60,-0.430,0.150,-9.450,0.00000,0
92.074,0.0,0.0,1.60,-0.420,0.100,-9.420,0.00000,0
92.084,0.0,0.0,1.60,-0.420,0.100,-9.420,0.00000,0
92.095,0.0,0.0,1.60,-0.420,0.100,-9.420,0.00000,0
92.105,0.0,0.0,1.60,-0.420,0.100,-9.420,0.00000,0
92.115,0.0,0.0,1.60,-0.420,0.100,-9.420,0.00000,0
92.125,0.0,0.0,1.60,-0.390,0.120,-9.520,0.00000,0
92.135,0.0,0.0,1.60,-0.390,0.120,-9.520,0.00000,0
92.145,0.0,0.0,1.60,-0.390,0.120,-9.520,0.00000,0
92.155,0.0,0.0,1.60,-0.390,0.120,-9.520,0.00000,0
92.165,0.0,0.0,1.60,-0.390,0.120,-9.520,0.00000,0
92.176,0.0,0.0,1.60,-0.380,0.100,-9.450,0.00000,0
92.186,0.0,0.0,1.60,-0.380,0.100,-9.450,0.00000,0
92.196,0.0,0.0,1.60,-0.380,0.100,-9.450,0.00000,0
92.206,0.0,0.0,1.60,-0.380,0.100,-9.450,0.00000,0
92.216,0.0,0.0,1.60,-0.380,0.100,-9.450,0.00000,0
92.226,0.0,0.0,1.60,-0.400,0.120,-9.450,0.00000,0
92.236,0.0,0.0,1.60,-0.400,0.120,-9.450,0.00000,0
92.247,0.0,0.0,1.60,-0.400,0.120,-9.450,0.00000,0
92.257,0.0,0.0,1.60,-0.400,0.120,-9.450,0.00000,0
92.267,0.0,0.0,1.60,-0.400,0.120,-9.450,0.00000,0
92.277,0.0,0.0,1.60,-0.390,0.120,-9.480,0.00000,0
92.287,0.0,0.0,1.60,-0.390,0.120,-9.480,0.00000,0
92.297,0.0,0.0,1.60,-0.390,0.120,-9.480,0.00000,0
92.309,0.0,0.0,1.60,-0.390,0.120,-9.480,0.00000,0
92.319,0.0,0.0,1.60,-0.440,0.150,-9.510,0.00000,0
92.329,0.0,0.0,1.60,-0.440,0.150,-9.510,0.00000,0
92.339,0.0,0.0,1.60,-0.440,0.150,-9.510,0.00000,0
92.349,0.0,0.0,1.60,-0.440,0.150,-9.510,0.00000,0
92.359,0.0,0.0,1.60,-0.440,0.150,-9.510,0.00000,0
92.369,0.0,0.0,1.60,-0.440,0.110,-9.440,0.00000,0
92.380,0.0,0.0,1.60,-0.440,0.110,-9.440,0.00000,0
92.390,0.0,0.0,1.60,-0.440,0.110,-9.440,0.00000,0
92.400,0.0,0.0,1.60,-0.440,0.110,-9.440,0.00000,0
92.410,0.0,0.0,1.60,-0.440,0.110,-9.440,0.00000,0
92.420,0.0,0.0,1.60,-0.450,0.140,-9.470,0.00000,0
92.430,0.0,0.0,1.60,-0.450,0.140,-9.470,0.00000,0
92.440,0.0,0.0,1.60,-0.450,0.140,-9.470,0.00000,0
92.451,0.0,0.0,1.60,-0.450,0.140,-9.470,0.00000,0
92.461,0.0,0.0,1.60,-0.450,0.140,-9.470,0.00000,0
92.471,0.0,0.0,1.60,-0.410,0.130,-9.520,0.00000,0
92.481,0.0,0.0,1.60,-0.410,0.130,-9.520,0.00000,0
92.491,0.0,0.0,1.60,-0.410,0.130,-9.520,0.00000,0
92.501,0.0,0.0,1.60,-0.410,0.130,-9.520,0.00000,0
92.511,0.0,0.0,1.60,-0.410,0.130,-9.520,0.00000,0
92.521,0.0,0.0,1.60,-0.410,0.130,-9.520,0.00000,0
92.532,0.0,0.0,1.60,-0.370,0.150,-9.490,0.00000,0
92.542,0.0,0.0,1.60,-0.370,0.150,-9.490,0.00000,0
92.552,0.0,0.0,1.60,-0.370,0.150,-9.490,0.00000,0
92.562,0.0,0.0,1.60,-0.370,0.150,-9.490,0.00000,0
92.572,0.0,0.0,1.60,-0.440,0.150,-9.510,0.00000,0
92.582,0.0,0.0,1.60,-0.440,0.150,-9.510,0.00000,0
92.592,0.0,0.0,1.60,-0.440,0.150,-9.510,0.00000,0
92.603,0.0,0.0,1.60,-0.440,0.150,-9.510,0.00000,0
92.613,0.0,0.0,1.60,-0.440,0.150,-9.510,0.00000,0
92.623,0.0,0.0,1.60,-0.440,0.150,-9.510,0.00000,0
92.633,0.0,0.0,1.60,-0.410,0.100,-9.490,0.00000,0
92.643,0.0,0.0,1.60,-0.410,0.100,-9.490,0.00000,0
92.653,0.0,0.0,1.60,-0.410,0.100,-9.490,0.00000,0
92.663,0.0,0.0,1.60,-0.410,0.100,-9.490,0.00000,0
92.674,0.0,0.0,1.60,-0.430,0.130,-9.500,0.00000,0
92.684,0.0,0.0,1.60,-0.430,0.130,-9.500,0.00000,0
92.694,0.0,0.0,1.60,-0.430,0.130,-9.500,0.00000,0
92.704,0.0,0.0,1.60,-0.430,0.130,-9.500,0.00000,0
92.714,0.0,0.0,1.60,-0.430,0.130,-9.500,0.00000,0
92.724,0.0,0.0,1.60,-0.390,0.100,-9.410,0.00000,0
92.734,0.0,0.0,1.60,-0.390,0.100,-9.410,0.00000,0
92.745,0.0,0.0,1.60,-0.390,0.100,-9.410,0.00000,0
92.755,0.0,0.0,1.60,-0.390,0.100,-9.410,0.00000,0
92.765,0.0,0.0,1.60,-0.390,0.100,-9.410,0.00000,0
92.775,0.0,0.0,1.60,-0.410,0.110,-9.500,0.00000,0
92.785,0.0,0.0,1.60,-0.410,0.110,-9.500,0.00000,0
92.795,0.0,0.0,1.60,-0.410,0.110,-9.500,0.00000,0
92.805,0.0,0.0,1.60,-0.410,0.110,-9.500,0.00000,0
92.815,0.0,0.0,1.60,-0.380,0.130,-9.450,0.00000,0
92.826,0.0,0.0,1.60,-0.380,0.130,-9.450,0.00000,0
92.836,0.0,0.0,1.60,-0.380,0.130,-9.450,0.00000,0
92.846,0.0,0.0,1.60,-0.380,0.130,-9.450,0.00000,0
92.856,0.0,0.0,1.60,-0.380,0.130,-9.450,0.00000,0
92.866,0.0,0.0,1.60,-0.380,0.130,-9.450,0.00000,0
92.876,0.0,0.0,1.60,-0.390,0.140,-9.500,0.00000,0
92.886,0.0,0.0,1.60,-0.390,0.140,-9.500,0.00000,0
92.897,0.0,0.0,1.60,-0.390,0.140,-9.500,0.00000,0
92.907,0.0,0.0,1.60,-0.390,0.140,-9.500,0.00000,0
92.917,0.0,0.0,1.60,-0.390,0.140,-9.500,0.00000,0
92.927,0.0,0.0,1.60,-0.390,0.130,-9.570,0.00000,0
92.937,0.0,0.0,1.60,-0.390,0.130,-9.570,0.00000,0
92.947,0.0,0.0,1.60,-0.390,0.130,-9.570,0.00000,0
92.957,0.0,0.0,1.60,-0.390,0.130,-9.570,0.00000,0
92.967,0.0,0.0,1.60,-0.390,0.130,-9.570,0.00000,0
92.978,0.0,0.0,1.60,-0.420,0.130,-9.520,0.00000,0
92.988,0.0,0.0,1.60,-0.420,0.130,-9.520,0.00000,0
92.998,0.0,0.0,1.60,-0.420,0.130,-9.520,0.00000,0
93.008,0.0,0.0,1.60,-0.420,0.130,-9.520,0.00000,0
93.018,0.0,0.0,1.60,-0.420,0.130,-9.520,0.00000,0
93.028,0.0,0.0,1.60,-0.420,0.130,-9.520,0.00000,0
93.038,0.0,0.0,1.60,-0.420,0.130,-9.520,0.00000,0
93.048,0.0,0.0,1.60,-0.420,0.130,-9.520,0.00000,0
93.060,0.0,0.0,1.60,-0.420,0.130,-9.520,0.00000,0
93.070,0.0,0.0,1.60,-0.370,0.150,-9.510,0.00000,0
93.080,0.0,0.0,1.60,-0.370,0.150,-9.510,0.00000,0
93.090,0.0,0.0,1.60,-0.370,0.150,-9.510,0.00000,0
93.101,0.0,0.0,1.60,-0.370,0.150,-9.510,0.00000,0
93.111,0.0,0.0,1.60,-0.370,0.150,-9.510,0.00000,0
93.121,0.0,0.0,1.60,-0.400,0.130,-9.460,0.00000,0
93.131,0.0,0.0,1.60,-0.400,0.130,-9.460,0.00000,0
93.141,0.0,0.0,1.60,-0.400,0.130,-9.460,0.00000,0
93.151,0.0,0.0,1.60,-0.400,0.130,-9.460,0.00000,0
93.161,0.0,0.0,1.60,-0.400,0.130,-9.460,0.00000,0
93.172,0.0,0.0,1.60,-0.390,0.130,-9.460,0.00000,0
93.182,0.0,0.0,1.60,-0.390,0.130,-9.460,0.00000,0
93.192,0.0,0.0,1.60,-0.390,0.130,-9.460,0.00000,0
93.202,0.0,0.0,1.60,-0.390,0.130,-9.460,0.00000,0
93.212,0.0,0.0,1.60,-0.390,0.130,-9.460,0.00000,0
93.222,0.0,0.0,1.60,-0.380,0.120,-9.420,0.00000,0
93.232,0.0,0.0,1.60,-0.380,0.120,-9.420,0.00000,0
93.242,0.0,0.0,1.60,-0.380,0.120,-9.420,0.00000,0
93.253,0.0,0.0,1.60,-0.380,0.120,-9.420,0.00000,0
93.263,0.0,0.0,1.60,-0.380,0.120,-9.420,0.00000,0
93.273,0.0,0.0,1.60,-0.410,0.130,-9.500,0.00000,0
93.283,0.0,0.0,1.60,-0.410,0.130,-9.500,0.00000,0
93.293,0.0,0.0,1.60,-0.410,0.130,-9.500,0.00000,0
93.303,0.0,0.0,1.60,-0.410,0.130,-9.500,0.00000,0
93.314,0.0,0.0,1.60,-0.410,0.130,-9.500,0.00000,0
93.324,0.0,0.0,1.60,-0.410,0.150,-9.480,0.00000,0
93.334,0.0,0.0,1.60,-0.410,0.150,-9.480,0.00000,0
93.344,0.0,0.0,1.60,-0.410,0.150,-9.480,0.00000,0
93.354,0.0,0.0,1.60,-0.410,0.150,-9.480,0.00000,0
93.364,0.0,0.0,1.60,-0.410,0.150,-9.480,0.00000,0
93.375,0.0,0.0,1.60,-0.400,0.110,-9.530,0.00000,0
93.385,0.0,0.0,1.60,-0.400,0.110,-9.530,0.00000,0
93.395,0.0,0.0,1.60,-0.400,0.110,-9.530,0.00000,0
93.405,0.0,0.0,1.60,-0.400,0.110,-9.530,0.00000,0
93.415,0.0,0.0,1.60,-0.400,0.110,-9.530,0.00000,0
93.425,0.0,0.0,1.60,-0.430,0.120,-9.410,0.00000,0
93.435,0.0,0.0,1.60,-0.430,0.120,-9.410,0.00000,0
93.445,0.0,0.0,1.60,-0.430,0.120,-9.410,0.00000,0
93.456,0.0,0.0,1.60,-0.430,0.120,-9.410,0.00000,0
93.466,0.0,0.0,1.60,-0.430,0.120,-9.410,0.00000,0
93.476,0.0,0.0,1.60,-0.400,0.140,-9.460,0.00000,0
93.486,0.0,0.0,1.60,-0.400,0.140,-9.460,0.00000,0
93.496,0.0,0.0,1.60,-0.400,0.140,-9.460,0.00000,0
93.506,0.0,0.0,1.60,-0.400,0.140,-9.460,0.00000,0
93.516,0.0,0.0,1.60,-0.400,0.140,-9.460,0.00000,0
93.527,0.0,0.0,1.60,-0.410,0.140,-9.470,0.00000,0
93.537,0.0,0.0,1.60,-0.410,0.140,-9.470,0.00000,0
93.547,0.0,0.0,1.60,-0.410,0.140,-9.470,0.00000,0
93.557,0.0,0.0,1.60,-0.410,0.140,-9.470,0.00000,0
93.567,0.0,0.0,1.60,-0.410,0.110,-9.400,0.00000,0
93.577,0.0,0.0,1.60,-0.410,0.110,-9.400,0.00000,0
93.587,0.0,0.0,1.60,-0.410,0.110,-9.400,0.00000,0
93.597,0.0,0.0,1.60,-0.410,0.110,-9.400,0.00000,0
93.608,0.0,0.0,1.60,-0.410,0.110,-9.400,0.00000,0
93.618,0.0,0.0,1.60,-0.420,0.120,-9.510,0.00000,0
93.628,0.0,0.0,1.60,-0.420,0.120,-9.510,0.00000,0
93.638,0.0,0.0,1.60,-0.420,0.120,-9.510,0.00000,0
93.648,0.0,0.0,1.60,-0.420,0.120,-9.510,0.00000,0
93.658,0.0,0.0,1.60,-0.420,0.120,-9.510,0.00000,0
93.668,0.0,0.0,1.60,-0.420,0.120,-9.510,0.00000,0
93.679,0.0,0.0,1.60,-0.370,0.130,-9.490,0.00000,0
93.689,0.0,0.0,1.60,-0.370,0.130,-9.490,0.00000,0
93.699,0.0,0.0,1.60,-0.370,0.130,-9.490,0.00000,0
93.709,0.0,0.0,1.60,-0.370,0.130,-9.490,0.00000,0
93.719,0.0,0.0,1.60,-0.370,0.130,-9.490,0.00000,0
93.729,0.0,0.0,1.60,-0.390,0.120,-9.440,0.00000,0
93.739,0.0,0.0,1.60,-0.390,0.120,-9.440,0.00000,0
93.749,0.0,0.0,1.60,-0.390,0.120,-9.440,0.00000,0
93.759,0.0,0.0,1.60,-0.390,0.120,-9.440,0.00000,0
93.770,0.0,0.0,1.60,-0.390,0.120,-9.440,0.00000,0
93.780,0.0,0.0,1.60,-0.360,0.120,-9.510,0.00000,0
93.790,0.0,0.0,1.60,-0.360,0.120,-9.510,0.00000,0
93.800,0.0,0.0,1.60,-0.360,0.120,-9.510,0.00000,0
93.810,0.0,0.0,1.60,-0.360,0.120,-9.510,0.00000,0
93.820,0.0,0.0,1.60,-0.400,0.090,-9.530,0.00000,0
93.830,0.0,0.0,1.60,-0.400,0.090,-9.530,0.00000,0
93.841,0.0,0.0,1.60,-0.400,0.090,-9.530,0.00000,0
93.851,0.0,0.0,1.60,-0.400,0.090,-9.530,0.00000,0
93.862,0.0,0.0,1.60,-0.400,0.090,-9.530,0.00000,0
93.872,0.0,0.0,1.60,-0.420,0.130,-9.520,0.00000,0
93.882,0.0,0.0,1.60,-0.420,0.130,-9.520,0.00000,0
93.892,0.0,0.0,1.60,-0.420,0.130,-9.520,0.00000,0
93.902,0.0,0.0,1.60,-0.420,0.130,-9.520,0.00000,0
93.912,0.0,0.0,1.60,-0.420,0.130,-9.520,0.00000,0
93.922,0.0,0.0,1.60,-0.410,0.120,-9.520,0.00000,0
93.933,0.0,0.0,1.60,-0.410,0.120,-9.520,0.00000,0
93.943,0.0,0.0,1.60,-0.410,0.120,-9.520,0.00000,0
93.953,0.0,0.0,1.60,-0.410,0.120,-9.520,0.00000,0
93.963,0.0,0.0,1.60,-0.410,0.120,-9.520,0.00000,0
93.973,0.0,0.0,1.60,-0.420,0.130,-9.560,0.00000,0
93.983,0.0,0.0,1.60,-0.420,0.130,-9.560,0.00000,0
93.993,0.0,0.0,1.60,-0.420,0.130,-9.560,0.00000,0
94.003,0.0,0.0,1.60,-0.420,0.130,-9.560,0.00000,0
94.014,0.0,0.0,1.60,-0.420,0.130,-9.560,0.00000,0
94.024,0.0,0.0,1.60,-0.410,0.130,-9.470,0.00000,0
94.034,0.0,0.0,1.60,-0.410,0.130,-9.470,0.00000,0
94.044,0.0,0.0,1.60,-0.410,0.130,-9.470,0.00000,0
94.054,0.0,0.0,1.60,-0.410,0.130,-9.470,0.00000,0
94.064,0.0,0.0,1.60,-0.410,0.130,-9.470,0.00000,0
94.075,0.0,0.0,1.60,-0.380,0.130,-9.500,0.00000,0
94.085,0.0,0.0,1.60,-0.380,0.130,-9.500,0.00000,0
94.095,0.0,0.0,1.60,-0.380,0.130,-9.500,0.00000,0
94.105,0.0,0.0,1.60,-0.380,0.130,-9.500,0.00000,0
94.115,0.0,0.0,1.60,-0.380,0.130,-9.500,0.00000,0
94.125,0.0,0.0,1.60,-0.390,0.130,-9.480,0.00000,0
94.135,0.0,0.0,1.60,-0.390,0.130,-9.480,0.00000,0
94.145,0.0,0.0,1.60,-0.390,0.130,-9.480,0.00000,0
94.156,0.0,0.0,1.60,-0.390,0.130,-9.480,0.00000,0
94.166,0.0,0.0,1.60,-0.390,0.130,-9.480,0.00000,0
94.176,0.0,0.0,1.60,-0.440,0.120,-9.440,0.00000,0
94.186,0.0,0.0,1.60,-0.440,0.120,-9.440,0.00000,0
94.196,0.0,0.0,1.60,-0.440,0.120,-9.440,0.00000,0
94.206,0.0,0.0,1.60,-0.440,0.120,-9.440,0.00000,0
94.217,0.0,0.0,1.60,-0.440,0.120,-9.440,0.00000,0
94.227,0.0,0.0,1.60,-0.400,0.080,-9.420,0.00000,0
94.237,0.0,0.0,1.60,-0.400,0.080,-9.420,0.00000,0
94.247,0.0,0.0,1.60,-0.400,0.080,-9.420,0.00000,0
94.257,0.0,0.0,1.60,-0.400,0.080,-9.420,0.00000,0
94.267,0.0,0.0,1.60,-0.400,0.080,-9.420,0.00000,0
94.277,0.0,0.0,1.60,-0.410,0.130,-9.520,0.00000,0
94.287,0.0,0.0,1.60,-0.410,0.130,-9.520,0.00000,0
94.298,0.0,0.0,1.60,-0.410,0.130,-9.520,0.00000,0
94.308,0.0,0.0,1.60,-0.410,0.130,-9.520,0.00000,0
94.318,0.0,0.0,1.60,-0.400,0.120,-9.450,0.00000,0
94.328,0.0,0.0,1.60,-0.400,0.120,-9.450,0.00000,0
94.338,0.0,0.0,1.60,-0.400,0.120,-9.450,0.00000,0
94.348,0.0,0.0,1.60,-0.400,0.120,-9.450,0.00000,0
94.359,0.0,0.0,1.60,-0.400,0.120,-9.450,0.00000,0
94.369,0.0,0.0,1.60,-0.390,0.120,-9.540,0.00000,0
94.379,0.0,0.0,1.60,-0.390,0.120,-9.540,0.00000,0
94.389,0.0,0.0,1.60,-0.390,0.120,-9.540,0.00000,0
94.399,0.0,0.0,1.60,-0.390,0.120,-9.540,0.00000,0
94.409,0.0,0.0,1.60,-0.390,0.120,-9.540,0.00000,0
94.419,0.0,0.0,1.60,-0.390,0.130,-9.480,0.00000,0
94.429,0.0,0.0,1.60,-0.390,0.130,-9.480,0.00000,0
94.440,0.0,0.0,1.60,-0.390,0.130,-9.480,0.00000,0
94.450,0.0,0.0,1.60,-0.390,0.130,-9.480,0.00000,0
94.460,0.0,0.0,1.60,-0.390,0.130,-9.480,0.00000,0
94.470,0.0,0.0,1.60,-0.390,0.130,-9.480,0.00000,0
94.480,0.0,0.0,1.60,-0.390,0.110,-9.520,0.00000,0
94.490,0.0,0.0,1.60,-0.390,0.110,-9.520,0.00000,0
94.500,0.0,0.0,1.60,-0.390,0.110,-9.520,0.00000,0
94.510,0.0,0.0,1.60,-0.390,0.110,-9.520,0.00000,0
94.521,0.0,0.0,1.60,-0.390,0.110,-9.520,0.00000,0
94.531,0.0,0.0,1.60,-0.380,0.100,-9.400,0.00000,0
94.541,0.0,0.0,1.60,-0.380,0.100,-9.400,0.00000,0
94.551,0.0,0.0,1.60,-0.380,0.100,-9.400,0.00000,0
94.561,0.0,0.0,1.60,-0.380,0.100,-9.400,0.00000,0
94.571,0.0,0.0,1.60,-0.440,0.120,-9.520,0.00000,0
94.581,0.0,0.0,1.60,-0.440,0.120,-9.520,0.00000,0
94.592,0.0,0.0,1.60,-0.440,0.120,-9.520,0.00000,0
94.602,0.0,0.0,1.60,-0.440,0.120,-9.520,0.00000,0
94.612,0.0,0.0,1.60,-0.440,0.120,-9.520,0.00000,0
94.622,0.0,0.0,1.60,-0.360,0.090,-9.400,0.00000,0
94.632,0.0,0.0,1.60,-0.360,0.090,-9.400,0.00000,0
94.642,0.0,0.0,1.60,-0.360,0.090,-9.400,0.00000,0
94.652,0.0,0.0,1.60,-0.360,0.090,-9.400,0.00000,0
94.663,0.0,0.0,1.60,-0.360,0.090,-9.400,0.00000,0
94.673,0.0,0.0,1.60,-0.410,0.140,-9.510,0.00000,0
94.683,0.0,0.0,1.60,-0.410,0.140,-9.510,0.00000,0
94.693,0.0,0.0,1.60,-0.410,0.140,-9.510,0.00000,0
94.703,0.0,0.0,1.60,-0.410,0.140,-9.510,0.00000,0
94.713,0.0,0.0,1.60,-0.410,0.140,-9.510,0.00000,0
94.723,0.0,0.0,1.60,-0.390,0.140,-9.500,0.00000,0
94.734,0.0,0.0,1.60,-0.390,0.140,-9.500,0.00000,0
94.744,0.0,0.0,1.60,-0.390,0.140,-9.500,0.00000,0
94.754,0.0,0.0,1.60,-0.390,0.140,-9.500,0.00000,0
94.764,0.0,0.0,1.60,-0.390,0.140,-9.500,0.00000,0
94.774,0.0,0.0,1.60,-0.390,0.120,-9.400,0.00000,0
94.784,0.0,0.0,1.60,-0.390,0.120,-9.400,0.00000,0
94.794,0.0,0.0,1.60,-0.390,0.120,-9.400,0.00000,0
94.804,0.0,0.0,1.60,-0.390,0.120,-9.400,0.00000,0
94.815,0.0,0.0,1.60,-0.390,0.120,-9.400,0.00000,0
94.825,0.0,0.0,1.60,-0.410,0.080,-9.480,0.00000,0
94.835,0.0,0.0,1.60,-0.410,0.080,-9.480,0.00000,0
94.845,0.0,0.0,1.60,-0.410,0.080,-9.480,0.00000,0
94.855,0.0,0.0,1.60,-0.410,0.080,-9.480,0.00000,0
94.865,0.0,0.0,1.60,-0.410,0.080,-9.480,0.00000,0
94.875,0.0,0.0,1.60,-0.450,0.110,-9.480,0.00000,0
94.886,0.0,0.0,1.60,-0.450,0.110,-9.480,0.00000,0
94.896,0.0,0.0,1.60,-0.450,0.110,-9.480,0.00000,0
94.906,0.0,0.0,1.60,-0.450,0.110,-9.480,0.00000,0
94.916,0.0,0.0,1.60,-0.450,0.110,-9.480,0.00000,0
94.926,0.0,0.0,1.60,-0.390,0.140,-9.520,0.00000,0
94.936,0.0,0.0,1.60,-0.390,0.140,-9.520,0.00000,0
94.946,0.0,0.0,1.60,-0.390,0.140,-9.520,0.00000,0
94.956,0.0,0.0,1.60,-0.390,0.140,-9.520,0.00000,0
94.967,0.0,0.0,1.60,-0.390,0.140,-9.520,0.00000,0
94.977,0.0,0.0,1.60,-0.430,0.120,-9.520,0.00000,0
94.987,0.0,0.0,1.60,-0.430,0.120,-9.520,0.00000,0
94.997,0.0,0.0,1.60,-0.430,0.120,-9.520,0.00000,0
95.007,0.0,0.0,1.60,-0.430,0.120,-9.520,0.00000,0
95.017,0.0,0.0,1.60,-0.430,0.120,-9.520,0.00000,0
95.027,0.0,0.0,1.60,-0.360,0.140,-9.510,0.00000,0
95.038,0.0,0.0,1.60,-0.360,0.140,-9.510,0.00000,0
95.048,0.0,0.0,1.60,-0.360,0.140,-9.510,0.00000,0
95.058,0.0,0.0,1.60,-0.360,0.140,-9.510,0.00000,0
95.068,0.0,0.0,1.60,-0.360,0.140,-9.510,0.00000,0
95.078,0.0,0.0,1.60,-0.380,0.110,-9.560,0.00000,0
95.088,0.0,0.0,1.60,-0.380,0.110,-9.560,0.00000,0
95.098,0.0,0.0,1.60,-0.380,0.110,-9.560,0.00000,0
95.108,0.0,0.0,1.60,-0.380,0.110,-9.560,0.00000,0
95.118,0.0,0.0,1.60,-0.350,0.130,-9.490,0.00000,0
95.129,0.0,0.0,1.60,-0.350,0.130,-9.490,0.00000,0
95.139,0.0,0.0,1.60,-0.350,0.130,-9.490,0.00000,0
95.149,0.0,0.0,1.60,-0.350,0.130,-9.490,0.00000,0
95.159,0.0,0.0,1.60,-0.350,0.130,-9.490,0.00000,0
95.169,0.0,0.0,1.60,-0.350,0.130,-9.490,0.00000,0
95.179,0.0,0.0,1.60,-0.400,0.120,-9.530,0.00000,0
95.189,0.0,0.0,1.60,-0.400,0.120,-9.530,0.00000,0
95.200,0.0,0.0,1.60,-0.400,0.120,-9.530,0.00000,0
95.210,0.0,0.0,1.60,-0.400,0.120,-9.530,0.00000,0
95.220,0.0,0.0,1.60,-0.400,0.120,-9.530,0.00000,0
95.230,0.0,0.0,1.60,-0.400,0.150,-9.450,0.00000,0
95.240,0.0,0.0,1.60,-0.400,0.150,-9.450,0.00000,0
95.250,0.0,0.0,1.60,-0.400,0.150,-9.450,0.00000,0
95.260,0.0,0.0,1.60,-0.400,0.150,-9.450,0.00000,0
95.270,0.0,0.0,1.60,-0.400,0.150,-9.450,0.00000,0
95.281,0.0,0.0,1.60,-0.420,0.100,-9.490,0.00000,0
95.291,0.0,0.0,1.60,-0.420,0.100,-9.490,0.00000,0
95.301,0.0,0.0,1.60,-0.420,0.100,-9.490,0.00000,0
95.311,0.0,0.0,1.60,-0.420,0.100,-9.490,0.00000,0
95.321,0.0,0.0,1.60,-0.420,0.100,-9.490,0.00000,0
95.331,0.0,0.0,1.60,-0.370,0.110,-9.510,0.00000,0
95.341,0.0,0.0,1.60,-0.370,0.110,-9.510,0.00000,0
95.352,0.0,0.0,1.60,-0.370,0.110,-9.510,0.00000,0
95.362,0.0,0.0,1.60,-0.370,0.110,-9.510,0.00000,0
95.372,0.0,0.0,1.60,-0.400,0.150,-9.500,0.00000,0
95.382,0.0,0.0,1.60,-0.400,0.150,-9.500,0.00000,0
95.392,0.0,0.0,1.60,-0.400,0.150,-9.500,0.00000,0
95.402,0.0,0.0,1.60,-0.400,0.150,-9.500,0.00000,0
95.412,0.0,0.0,1.60,-0.400,0.150,-9.500,0.00000,0
95.422,0.0,0.0,1.60,-0.430,0.110,-9.480,0.00000,0
95.433,0.0,0.0,1.60,-0.430,0.110,-9.480,0.00000,0
95.443,0.0,0.0,1.60,-0.430,0.110,-9.480,0.00000,0
95.453,0.0,0.0,1.60,-0.430,0.110,-9.480,0.00000,0
95.463,0.0,0.0,1.60,-0.430,0.110,-9.480,0.00000,0
95.473,0.0,0.0,1.60,-0.390,0.110,-9.500,0.00000,0
95.483,0.0,0.0,1.60,-0.390,0.110,-9.500,0.00000,0
95.494,0.0,0.0,1.60,-0.390,0.110,-9.500,0.00000,0
95.504,0.0,0.0,1.60,-0.390,0.110,-9.500,0.00000,0
95.514,0.0,0.0,1.60,-0.390,0.110,-9.500,0.00000,0
95.524,0.0,0.0,1.60,-0.450,0.150,-9.430,0.00000,0
95.534,0.0,0.0,1.60,-0.450,0.150,-9.430,0.00000,0
95.544,0.0,0.0,1.60,-0.450,0.150,-9.430,0.00000,0
95.554,0.0,0.0,1.60,-0.450,0.150,-9.430,0.00000,0
95.564,0.0,0.0,1.60,-0.450,0.150,-9.430,0.00000,0
95.575,0.0,0.0,1.60,-0.450,0.150,-9.430,0.00000,0
95.585,0.0,0.0,1.60,-0.420,0.110,-9.540,0.00000,0
95.595,0.0,0.0,1.60,-0.420,0.110,-9.540,0.00000,0
95.605,0.0,0.0,1.60,-0.420,0.110,-9.540,0.00000,0
95.615,0.0,0.0,1.60,-0.420,0.110,-9.540,0.00000,0
95.625,0.0,0.0,1.60,-0.430,0.140,-9.410,0.00000,0
95.635,0.0,0.0,1.60,-0.430,0.140,-9.410,0.00000,0
95.645,0.0,0.0,1.60,-0.430,0.140,-9.410,0.00000,0
95.656,0.0,0.0,1.60,-0.430,0.140,-9.410,0.00000,0
95.666,0.0,0.0,1.60,-0.430,0.140,-9.410,0.00000,0
95.676,0.0,0.0,1.60,-0.410,0.130,-9.450,0.00000,0
95.686,0.0,0.0,1.60,-0.410,0.130,-9.450,0.00000,0
95.696,0.0,0.0,1.60,-0.410,0.130,-9.450,0.00000,0
95.706,0.0,0.0,1.60,-0.410,0.130,-9.450,0.00000,0
95.716,0.0,0.0,1.60,-0.410,0.130,-9.450,0.00000,0
95.727,0.0,0.0,1.60,-0.420,0.110,-9.430,0.00000,0
95.737,0.0,0.0,1.60,-0.420,0.110,-9.430,0.00000,0
95.747,0.0,0.0,1.60,-0.420,0.110,-9.430,0.00000,0
95.757,0.0,0.0,1.60,-0.420,0.110,-9.430,0.00000,0
95.767,0.0,0.0,1.60,-0.420,0.110,-9.430,0.00000,0
95.777,0.0,0.0,1.60,-0.460,0.100,-9.430,0.00000,0
95.787,0.0,0.0,1.60,-0.460,0.100,-9.430,0.00000,0
95.797,0.0,0.0,1.60,-0.460,0.100,-9.430,0.00000,0
95.808,0.0,0.0,1.60,-0.460,0.100,-9.430,0.00000,0
95.818,0.0,0.0,1.60,-0.460,0.100,-9.430,0.00000,0
95.828,0.0,0.0,1.60,-0.430,0.120,-9.510,0.00000,0
95.838,0.0,0.0,1.60,-0.430,0.120,-9.510,0.00000,0
95.848,0.0,0.0,1.60,-0.430,0.120,-9.510,0.00000,0
95.858,0.0,0.0,1.60,-0.430,0.120,-9.510,0.00000,0
95.868,0.0,0.0,1.60,-0.440,0.110,-9.430,0.00000,0
95.879,0.0,0.0,1.60,-0.440,0.110,-9.430,0.00000,0
95.889,0.0,0.0,1.60,-0.440,0.110,-9.430,0.00000,0
95.899,0.0,0.0,1.60,-0.440,0.110,-9.430,0.00000,0
95.909,0.0,0.0,1.60,-0.440,0.110,-9.430,0.00000,0
95.919,0.0,0.0,1.60,-0.370,0.150,-9.500,0.00000,0
95.929,0.0,0.0,1.60,-0.370,0.150,-9.500,0.00000,0
95.940,0.0,0.0,1.60,-0.370,0.150,-9.500,0.00000,0
95.950,0.0,0.0,1.60,-0.370,0.150,-9.500,0.00000,0
95.960,0.0,0.0,1.60,-0.370,0.150,-9.500,0.00000,0
95.970,0.0,0.0,1.60,-0.370,0.150,-9.500,0.00000,0
95.980,0.0,0.0,1.60,-0.380,0.130,-9.510,0.00000,0
95.990,0.0,0.0,1.60,-0.380,0.130,-9.510,0.00000,0
96.000,0.0,0.0,1.60,-0.380,0.130,-9.510,0.00000,0
96.011,0.0,0.0,1.60,-0.380,0.130,-9.510,0.00000,0
96.021,0.0,0.0,1.60,-0.380,0.130,-9.510,0.00000,0
96.031,0.0,0.0,1.60,-0.400,0.110,-9.380,0.00000,0
96.041,0.0,0.0,1.60,-0.400,0.110,-9.380,0.00000,0
96.051,0.0,0.0,1.60,-0.400,0.110,-9.380,0.00000,0
96.061,0.0,0.0,1.60,-0.400,0.110,-9.380,0.00000,0
96.071,0.0,0.0,1.60,-0.400,0.110,-9.380,0.00000,0
96.081,0.0,0.0,1.60,-0.420,0.130,-9.510,0.00000,0
96.092,0.0,0.0,1.60,-0.420,0.130,-9.510,0.00000,0
96.102,0.0,0.0,1.60,-0.420,0.130,-9.510,0.00000,0
96.112,0.0,0.0,1.60,-0.420,0.130,-9.510,0.00000,0
96.122,0.0,0.0,1.60,-0.400,0.140,-9.440,0.00000,0
96.132,0.0,0.0,1.60,-0.400,0.140,-9.440,0.00000,0
96.142,0.0,0.0,1.60,-0.400,0.140,-9.440,0.00000,0
96.152,0.0,0.0,1.60,-0.400,0.140,-9.440,0.00000,0
96.162,0.0,0.0,1.60,-0.400,0.140,-9.440,0.00000,0
96.173,0.0,0.0,1.60,-0.390,0.110,-9.490,0.00000,0
96.183,0.0,0.0,1.60,-0.390,0.110,-9.490,0.00000,0
96.193,0.0,0.0,1.60,-0.390,0.110,-9.490,0.00000,0
96.203,0.0,0.0,1.60,-0.390,0.110,-9.490,0.00000,0
96.213,0.0,0.0,1.60,-0.390,0.110,-9.490,0.00000,0
96.223,0.0,0.0,1.60,-0.400,0.150,-9.470,0.00000,0
96.233,0.0,0.0,1.60,-0.400,0.150,-9.470,0.00000,0
96.244,0.0,0.0,1.60,-0.400,0.150,-9.470,0.00000,0
96.254,0.0,0.0,1.60,-0.400,0.150,-9.470,0.00000,0
96.264,0.0,0.0,1.60,-0.400,0.150,-9.470,0.00000,0
96.274,0.0,0.0,1.60,-0.390,0.130,-9.480,0.00000,0
96.284,0.0,0.0,1.60,-0.390,0.130,-9.480,0.00000,0
96.294,0.0,0.0,1.60,-0.390,0.130,-9.480,0.00000,0
96.304,0.0,0.0,1.60,-0.390,0.130,-9.480,0.00000,0
96.316,0.0,0.0,1.60,-0.390,0.130,-9.480,0.00000,0
96.326,0.0,0.0,1.60,-0.430,0.110,-9.440,0.00000,0
96.336,0.0,0.0,1.60,-0.430,0.110,-9.440,0.00000,0
96.347,0.0,0.0,1.60,-0.430,0.110,-9.440,0.00000,0
96.357,0.0,0.0,1.60,-0.430,0.110,-9.440,0.00000,0
96.367,0.0,0.0,1.60,-0.430,0.110,-9.440,0.00000,0
96.377,0.0,0.0,1.60,-0.440,0.130,-9.460,0.00000,0
96.387,0.0,0.0,1.60,-0.440,0.130,-9.460,0.00000,0
96.397,0.0,0.0,1.60,-0.440,0.130,-9.460,0.00000,0
96.407,0.0,0.0,1.60,-0.440,0.130,-9.460,0.00000,0
96.417,0.0,0.0,1.60,-0.440,0.130,-9.460,0.00000,0
96.428,0.0,0.0,1.60,-0.400,0.120,-9.580,0.00000,0
96.438,0.0,0.0,1.60,-0.400,0.120,-9.580,0.00000,0
96.448,0.0,0.0,1.60,-0.400,0.120,-9.580,0.00000,0
96.458,0.0,0.0,1.60,-0.400,0.120,-9.580,0.00000,0
96.468,0.0,0.0,1.60,-0.400,0.120,-9.580,0.00000,0
96.478,0.0,0.0,1.60,-0.380,0.120,-9.440,0.00000,0
96.488,0.0,0.0,1.60,-0.380,0.120,-9.440,0.00000,0
96.499,0.0,0.0,1.60,-0.380,0.120,-9.440,0.00000,0
96.509,0.0,0.0,1.60,-0.380,0.120,-9.440,0.00000,0
96.519,0.0,0.0,1.60,-0.380,0.120,-9.440,0.00000,0
96.529,0.0,0.0,1.60,-0.420,0.170,-9.430,0.00000,0
96.539,0.0,0.0,1.60,-0.420,0.170,-9.430,0.00000,0
96.549,0.0,0.0,1.60,-0.420,0.170,-9.430,0.00000,0
96.559,0.0,0.0,1.60,-0.420,0.170,-9.430,0.00000,0
96.569,0.0,0.0,1.60,-0.420,0.170,-9.430,0.00000,0
96.580,0.0,0.0,1.60,-0.430,0.130,-9.400,0.00000,0
96.590,0.0,0.0,1.60,-0.430,0.130,-9.400,0.00000,0
96.600,0.0,0.0,1.60,-0.430,0.130,-9.400,0.00000,0
96.610,0.0,0.0,1.60,-0.430,0.130,-9.400,0.00000,0
96.620,0.0,0.0,1.60,-0.370,0.160,-9.440,0.00000,0
96.630,0.0,0.0,1.60,-0.370,0.160,-9.440,0.00000,0
96.640,0.0,0.0,1.60,-0.370,0.160,-9.440,0.00000,0
96.651,0.0,0.0,1.60,-0.370,0.160,-9.440,0.00000,0
96.661,0.0,0.0,1.60,-0.370,0.160,-9.440,0.00000,0
96.671,0.0,0.0,1.60,-0.390,0.120,-9.480,0.00000,0
96.681,0.0,0.0,1.60,-0.390,0.120,-9.480,0.00000,0
96.691,0.0,0.0,1.60,-0.390,0.120,-9.480,0.00000,0
96.701,0.0,0.0,1.60,-0.390,0.120,-9.480,0.00000,0
96.711,0.0,0.0,1.60,-0.390,0.120,-9.480,0.00000,0
96.721,0.0,0.0,1.60,-0.420,0.100,-9.530,0.00000,0
96.732,0.0,0.0,1.60,-0.420,0.100,-9.530,0.00000,0
96.742,0.0,0.0,1.60,-0.420,0.100,-9.530,0.00000,0
96.752,0.0,0.0,1.60,-0.420,0.100,-9.530,0.00000,0
96.762,0.0,0.0,1.60,-0.420,0.100,-9.530,0.00000,0
96.772,0.0,0.0,1.60,-0.420,0.100,-9.530,0.00000,0
96.782,0.0,0.0,1.60,-0.390,0.100,-9.520,0.00000,0
96.792,0.0,0.0,1.60,-0.390,0.100,-9.520,0.00000,0
96.802,0.0,0.0,1.60,-0.390,0.100,-9.520,0.00000,0
96.813,0.0,0.0,1.60,-0.390,0.100,-9.520,0.00000,0
96.823,0.0,0.0,1.60,-0.390,0.100,-9.520,0.00000,0
96.833,0.0,0.0,1.60,-0.410,0.130,-9.480,0.00000,0
96.843,0.0,0.0,1.60,-0.410,0.130,-9.480,0.00000,0
96.853,0.0,0.0,1.60,-0.410,0.130,-9.480,0.00000,0
96.863,0.0,0.0,1.60,-0.410,0.130,-9.480,0.00000,0
96.873,0.0,0.0,1.60,-0.390,0.150,-9.490,0.00000,0
96.884,0.0,0.0,1.60,-0.390,0.150,-9.490,0.00000,0
96.894,0.0,0.0,1.60,-0.390,0.150,-9.490,0.00000,0
96.904,0.0,0.0,1.60,-0.390,0.150,-9.490,0.00000,0
96.914,0.0,0.0,1.60,-0.390,0.150,-9.490,0.00000,0
96.924,0.0,0.0,1.60,-0.400,0.110,-9.500,0.00000,0
96.934,0.0,0.0,1.60,-0.400,0.110,-9.500,0.00000,0
96.944,0.0,0.0,1.60,-0.400,0.110,-9.500,0.00000,0
96.954,0.0,0.0,1.60,-0.400,0.110,-9.500,0.00000,0
96.965,0.0,0.0,1.60,-0.400,0.110,-9.500,0.00000,0
96.975,0.0,0.0,1.60,-0.390,0.110,-9.480,0.00000,0
96.985,0.0,0.0,1.60,-0.390,0.110,-9.480,0.00000,0
96.995,0.0,0.0,1.60,-0.390,0.110,-9.480,0.00000,0
97.005,0.0,0.0,1.60,-0.390,0.110,-9.480,0.00000,0
97.015,0.0,0.0,1.60,-0.390,0.110,-9.480,0.00000,0
97.025,0.0,0.0,1.60,-0.400,0.110,-9.450,0.00000,0
97.036,0.0,0.0,1.60,-0.400,0.110,-9.450,0.00000,0
97.046,0.0,0.0,1.60,-0.400,0.110,-9.450,0.00000,0
97.056,0.0,0.0,1.60,-0.400,0.110,-9.450,0.00000,0
97.066,0.0,0.0,1.60,-0.400,0.110,-9.450,0.00000,0
97.076,0.0,0.0,1.60,-0.420,0.140,-9.460,0.00000,0
97.086,0.0,0.0,1.60,-0.420,0.140,-9.460,0.00000,0
97.096,0.0,0.0,1.60,-0.420,0.140,-9.460,0.00000,0
97.106,0.0,0.0,1.60,-0.420,0.140,-9.460,0.00000,0
97.117,0.0,0.0,1.60,-0.420,0.140,-9.460,0.00000,0
97.127,0.0,0.0,1.60,-0.400,0.100,-9.450,0.00000,0
97.137,0.0,0.0,1.60,-0.400,0.100,-9.450,0.00000,0
97.147,0.0,0.0,1.60,-0.400,0.100,-9.450,0.00000,0
97.157,0.0,0.0,1.60,-0.400,0.100,-9.450,0.00000,0
97.167,0.0,0.0,1.60,-0.400,0.100,-9.450,0.00000,0
97.177,0.0,0.0,1.60,-0.420,0.150,-9.460,0.00000,0
97.188,0.0,0.0,1.60,-0.420,0.150,-9.460,0.00000,0
97.198,0.0,0.0,1.60,-0.420,0.150,-9.460,0.00000,0
97.208,0.0,0.0,1.60,-0.420,0.150,-9.460,0.00000,0
97.218,0.0,0.0,1.60,-0.420,0.150,-9.460,0.00000,0
97.228,0.0,0.0,1.60,-0.410,0.150,-9.440,0.00000,0
97.238,0.0,0.0,1.60,-0.410,0.150,-9.440,0.00000,0
97.248,0.0,0.0,1.60,-0.410,0.150,-9.440,0.00000,0
97.259,0.0,0.0,1.60,-0.410,0.150,-9.440,0.00000,0
97.269,0.0,0.0,1.60,-0.410,0.150,-9.440,0.00000,0
97.279,0.0,0.0,1.60,-0.420,0.110,-9.490,0.00000,0
97.289,0.0,0.0,1.60,-0.420,0.110,-9.490,0.00000,0
97.299,0.0,0.0,1.60,-0.420,0.110,-9.490,0.00000,0
97.309,0.0,0.0,1.60,-0.420,0.110,-9.490,0.00000,0
97.319,0.0,0.0,1.60,-0.420,0.110,-9.490,0.00000,0
97.330,0.0,0.0,1.60,-0.400,0.160,-9.490,0.00000,0
97.340,0.0,0.0,1.60,-0.400,0.160,-9.490,0.00000,0
97.350,0.0,0.0,1.60,-0.400,0.160,-9.490,0.00000,0
97.360,0.0,0.0,1.60,-0.400,0.160,-9.490,0.00000,0
97.370,0.0,0.0,1.60,-0.390,0.150,-9.530,0.00000,0
97.380,0.0,0.0,1.60,-0.390,0.150,-9.530,0.00000,0
97.391,0.0,0.0,1.60,-0.390,0.150,-9.530,0.00000,0
97.401,0.0,0.0,1.60,-0.390,0.150,-9.530,0.00000,0
97.411,0.0,0.0,1.60,-0.390,0.150,-9.530,0.00000,0
97.421,0.0,0.0,1.60,-0.430,0.120,-9.530,0.00000,0
97.431,0.0,0.0,1.60,-0.430,0.120,-9.530,0.00000,0
97.441,0.0,0.0,1.60,-0.430,0.120,-9.530,0.00000,0
97.451,0.0,0.0,1.60,-0.430,0.120,-9.530,0.00000,0
97.461,0.0,0.0,1.60,-0.430,0.120,-9.530,0.00000,0
97.472,0.0,0.0,1.60,-0.380,0.120,-9.520,0.00000,0
97.482,0.0,0.0,1.60,-0.380,0.120,-9.520,0.00000,0
97.492,0.0,0.0,1.60,-0.380,0.120,-9.520,0.00000,0
97.502,0.0,0.0,1.60,-0.380,0.120,-9.520,0.00000,0
97.512,0.0,0.0,1.60,-0.380,0.120,-9.520,0.00000,0
97.522,0.0,0.0,1.60,-0.380,0.120,-9.520,0.00000,0
97.532,0.0,0.0,1.60,-0.400,0.160,-9.530,0.00000,0
97.543,0.0,0.0,1.60,-0.400,0.160,-9.530,0.00000,0
97.553,0.0,0.0,1.60,-0.400,0.160,-9.530,0.00000,0
97.563,0.0,0.0,1.60,-0.400,0.160,-9.530,0.00000,0
97.573,0.0,0.0,1.60,-0.400,0.160,-9.530,0.00000,0
97.583,0.0,0.0,1.60,-0.450,0.140,-9.520,0.00000,0
97.593,0.0,0.0,1.60,-0.450,0.140,-9.520,0.00000,0
97.603,0.0,0.0,1.60,-0.450,0.140,-9.520,0.00000,0
97.613,0.0,0.0,1.60,-0.450,0.140,-9.520,0.00000,0
97.624,0.0,0.0,1.60,-0.380,0.120,-9.530,0.00000,0
97.634,0.0,0.0,1.60,-0.380,0.120,-9.530,0.00000,0
97.644,0.0,0.0,1.60,-0.380,0.120,-9.530,0.00000,0
97.654,0.0,0.0,1.60,-0.380,0.120,-9.530,0.00000,0
97.664,0.0,0.0,1.60,-0.380,0.120,-9.530,0.00000,0
97.674,0.0,0.0,1.60,-0.410,0.120,-9.470,0.00000,0
97.684,0.0,0.0,1.60,-0.410,0.120,-9.470,0.00000,0
97.695,0.0,0.0,1.60,-0.410,0.120,-9.470,0.00000,0
97.705,0.0,0.0,1.60,-0.410,0.120,-9.470,0.00000,0
97.715,0.0,0.0,1.60,-0.410,0.120,-9.470,0.00000,0
97.725,0.0,0.0,1.60,-0.410,0.120,-9.470,0.00000,0
97.735,0.0,0.0,1.60,-0.410,0.090,-9.450,0.00000,0
97.745,0.0,0.0,1.60,-0.410,0.090,-9.450,0.00000,0
97.755,0.0,0.0,1.60,-0.410,0.090,-9.450,0.00000,0
97.765,0.0,0.0,1.60,-0.410,0.090,-9.450,0.00000,0
97.776,0.0,0.0,1.60,-0.390,0.110,-9.490,0.00000,0
97.786,0.0,0.0,1.60,-0.390,0.110,-9.490,0.00000,0
97.796,0.0,0.0,1.60,-0.390,0.110,-9.490,0.00000,0
97.806,0.0,0.0,1.60,-0.390,0.110,-9.490,0.00000,0
97.816,0.0,0.0,1.60,-0.390,0.110,-9.490,0.00000,0
97.826,0.0,0.0,1.60,-0.360,0.120,-9.470,0.00000,0
97.836,0.0,0.0,1.60,-0.360,0.120,-9.470,0.00000,0
97.847,0.0,0.0,1.60,-0.360,0.120,-9.470,0.00000,0
97.857,0.0,0.0,1.60,-0.360,0.120,-9.470,0.00000,0
97.867,0.0,0.0,1.60,-0.360,0.120,-9.470,0.00000,0
97.877,0.0,0.0,1.60,-0.420,0.120,-9.500,0.00000,0
97.887,0.0,0.0,1.60,-0.420,0.120,-9.500,0.00000,0
97.897,0.0,0.0,1.60,-0.420,0.120,-9.500,0.00000,0
97.907,0.0,0.0,1.60,-0.420,0.120,-9.500,0.00000,0
97.918,0.0,0.0,1.60,-0.420,0.120,-9.500,0.00000,0
97.928,0.0,0.0,1.60,-0.380,0.120,-9.480,0.00000,0
97.939,0.0,0.0,1.60,-0.380,0.120,-9.480,0.00000,0
97.949,0.0,0.0,1.60,-0.380,0.120,-9.480,0.00000,0
97.959,0.0,0.0,1.60,-0.380,0.120,-9.480,0.00000,0
97.969,0.0,0.0,1.60,-0.380,0.120,-9.480,0.00000,0
97.979,0.0,0.0,1.60,-0.410,0.120,-9.510,0.00000,0
97.989,0.0,0.0,1.60,-0.410,0.120,-9.510,0.00000,0
97.999,0.0,0.0,1.60,-0.410,0.120,-9.510,0.00000,0
98.009,0.0,0.0,1.60,-0.410,0.120,-9.510,0.00000,0
98.019,0.0,0.0,1.60,-0.410,0.120,-9.510,0.00000,0
98.030,0.0,0.0,1.60,-0.380,0.120,-9.440,0.00000,0
98.040,0.0,0.0,1.60,-0.380,0.120,-9.440,0.00000,0
98.050,0.0,0.0,1.60,-0.380,0.120,-9.440,0.00000,0
98.060,0.0,0.0,1.60,-0.380,0.120,-9.440,0.00000,0
98.070,0.0,0.0,1.60,-0.420,0.110,-9.510,0.00000,0
98.080,0.0,0.0,1.60,-0.420,0.110,-9.510,0.00000,0
98.090,0.0,0.0,1.60,-0.420,0.110,-9.510,0.00000,0
98.100,0.0,0.0,1.60,-0.420,0.110,-9.510,0.00000,0
98.111,0.0,0.0,1.60,-0.420,0.110,-9.510,0.00000,0
98.121,0.0,0.0,1.60,-0.390,0.130,-9.520,0.00000,0
98.131,0.0,0.0,1.60,-0.390,0.130,-9.520,0.00000,0
98.141,0.0,0.0,1.60,-0.390,0.130,-9.520,0.00000,0
98.151,0.0,0.0,1.60,-0.390,0.130,-9.520,0.00000,0
98.161,0.0,0.0,1.60,-0.390,0.130,-9.520,0.00000,0
98.171,0.0,0.0,1.60,-0.420,0.130,-9.460,0.00000,0
98.181,0.0,0.0,1.60,-0.420,0.130,-9.460,0.00000,0
98.192,0.0,0.0,1.60,-0.420,0.130,-9.460,0.00000,0
98.202,0.0,0.0,1.60,-0.420,0.130,-9.460,0.00000,0
98.212,0.0,0.0,1.60,-0.420,0.130,-9.460,0.00000,0
98.222,0.0,0.0,1.60,-0.420,0.130,-9.460,0.00000,0
98.232,0.0,0.0,1.60,-0.400,0.130,-9.470,0.00000,0
98.242,0.0,0.0,1.60,-0.400,0.130,-9.470,0.00000,0
98.252,0.0,0.0,1.60,-0.400,0.130,-9.470,0.00000,0
98.262,0.0,0.0,1.60,-0.400,0.130,-9.470,0.00000,0
98.273,0.0,0.0,1.60,-0.400,0.130,-9.470,0.00000,0
98.283,0.0,0.0,1.60,-0.380,0.110,-9.460,0.00000,0
98.293,0.0,0.0,1.60,-0.380,0.110,-9.460,0.00000,0
98.303,0.0,0.0,1.60,-0.380,0.110,-9.460,0.00000,0
98.313,0.0,0.0,1.60,-0.380,0.110,-9.460,0.00000,0
98.323,0.0,0.0,1.60,-0.370,0.120,-9.530,0.00000,0
98.334,0.0,0.0,1.60,-0.370,0.120,-9.530,0.00000,0
98.344,0.0,0.0,1.60,-0.370,0.120,-9.530,0.00000,0
98.354,0.0,0.0,1.60,-0.370,0.120,-9.530,0.00000,0
98.364,0.0,0.0,1.60,-0.370,0.120,-9.530,0.00000,0
98.374,0.0,0.0,1.60,-0.390,0.100,-9.470,0.00000,0
98.384,0.0,0.0,1.60,-0.390,0.100,-9.470,0.00000,0
98.394,0.0,0.0,1.60,-0.390,0.100,-9.470,0.00000,0
98.405,0.0,0.0,1.60,-0.390,0.100,-9.470,0.00000,0
98.415,0.0,0.0,1.60,-0.390,0.100,-9.470,0.00000,0
98.425,0.0,0.0,1.60,-0.420,0.140,-9.540,0.00000,0
98.435,0.0,0.0,1.60,-0.420,0.140,-9.540,0.00000,0
98.445,0.0,0.0,1.60,-0.420,0.140,-9.540,0.00000,0
98.455,0.0,0.0,1.60,-0.420,0.140,-9.540,0.00000,0
98.465,0.0,0.0,1.60,-0.420,0.140,-9.540,0.00000,0
98.475,0.0,0.0,1.60,-0.400,0.100,-9.480,0.00000,0
98.486,0.0,0.0,1.60,-0.400,0.100,-9.480,0.00000,0
98.496,0.0,0.0,1.60,-0.400,0.100,-9.480,0.00000,0
98.506,0.0,0.0,1.60,-0.400,0.100,-9.480,0.00000,0
98.516,0.0,0.0,1.60,-0.400,0.100,-9.480,0.00000,0
98.526,0.0,0.0,1.60,-0.380,0.100,-9.480,0.00000,0
98.536,0.0,0.0,1.60,-0.380,0.100,-9.480,0.00000,0
98.546,0.0,0.0,1.60,-0.380,0.100,-9.480,0.00000,0
98.557,0.0,0.0,1.60,-0.380,0.100,-9.480,0.00000,0
98.567,0.0,0.0,1.60,-0.390,0.150,-9.490,0.00000,0
98.577,0.0,0.0,1.60,-0.390,0.150,-9.490,0.00000,0
98.587,0.0,0.0,1.60,-0.390,0.150,-9.490,0.00000,0
98.597,0.0,0.0,1.60,-0.390,0.150,-9.490,0.00000,0
98.607,0.0,0.0,1.60,-0.390,0.150,-9.490,0.00000,0
98.617,0.0,0.0,1.60,-0.390,0.150,-9.490,0.00000,0
98.627,0.0,0.0,1.60,-0.420,0.110,-9.450,0.00000,0
98.638,0.0,0.0,1.60,-0.420,0.110,-9.450,0.00000,0
98.648,0.0,0.0,1.60,-0.420,0.110,-9.450,0.00000,0
98.658,0.0,0.0,1.60,-0.420,0.110,-9.450,0.00000,0
98.668,0.0,0.0,1.60,-0.420,0.110,-9.450,0.00000,0
98.678,0.0,0.0,1.60,-0.410,0.110,-9.500,0.00000,0
98.688,0.0,0.0,1.60,-0.410,0.110,-9.500,0.00000,0
98.698,0.0,0.0,1.60,-0.410,0.110,-9.500,0.00000,0
98.708,0.0,0.0,1.60,-0.410,0.110,-9.500,0.00000,0
98.720,0.0,0.0,1.60,-0.410,0.110,-9.500,0.00000,0
98.730,0.0,0.0,1.60,-0.410,0.130,-9.490,0.00000,0
98.740,0.0,0.0,1.60,-0.410,0.130,-9.490,0.00000,0
98.750,0.0,0.0,1.60,-0.410,0.130,-9.490,0.00000,0
98.760,0.0,0.0,1.60,-0.410,0.130,-9.490,0.00000,0
98.770,0.0,0.0,1.60,-0.410,0.130,-9.490,0.00000,0
98.780,0.0,0.0,1.60,-0.380,0.120,-9.430,0.00000,0
98.791,0.0,0.0,1.60,-0.380,0.120,-9.430,0.00000,0
98.801,0.0,0.0,1.60,-0.380,0.120,-9.430,0.00000,0
98.811,0.0,0.0,1.60,-0.380,0.120,-9.430,0.00000,0
98.821,0.0,0.0,1.60,-0.380,0.120,-9.470,0.00000,0
98.831,0.0,0.0,1.60,-0.380,0.120,-9.470,0.00000,0
98.841,0.0,0.0,1.60,-0.380,0.120,-9.470,0.00000,0
98.851,0.0,0.0,1.60,-0.380,0.120,-9.470,0.00000,0
98.861,0.0,0.0,1.60,-0.380,0.120,-9.470,0.00000,0
98.872,0.0,0.0,1.60,-0.400,0.150,-9.400,0.00000,0
98.882,0.0,0.0,1.60,-0.400,0.150,-9.400,0.00000,0
98.892,0.0,0.0,1.60,-0.400,0.150,-9.400,0.00000,0
98.902,0.0,0.0,1.60,-0.400,0.150,-9.400,0.00000,0
98.912,0.0,0.0,1.60,-0.400,0.150,-9.400,0.00000,0
98.922,0.0,0.0,1.60,-0.360,0.090,-9.480,0.00000,0
98.932,0.0,0.0,1.60,-0.360,0.090,-9.480,0.00000,0
98.942,0.0,0.0,1.60,-0.360,0.090,-9.480,0.00000,0
98.953,0.0,0.0,1.60,-0.360,0.090,-9.480,0.00000,0
98.963,0.0,0.0,1.60,-0.360,0.090,-9.480,0.00000,0
98.973,0.0,0.0,1.60,-0.420,0.100,-9.480,0.00000,0
98.983,0.0,0.0,1.60,-0.420,0.100,-9.480,0.00000,0
98.993,0.0,0.0,1.60,-0.420,0.100,-9.480,0.00000,0
99.003,0.0,0.0,1.60,-0.420,0.100,-9.480,0.00000,0
99.013,0.0,0.0,1.60,-0.420,0.100,-9.480,0.00000,0
99.023,0.0,0.0,1.60,-0.420,0.100,-9.480,0.00000,0
99.034,0.0,0.0,1.60,-0.390,0.150,-9.520,0.00000,0
99.044,0.0,0.0,1.60,-0.390,0.150,-9.520,0.00000,0
99.054,0.0,0.0,1.60,-0.390,0.150,-9.520,0.00000,0
99.064,0.0,0.0,1.60,-0.390,0.150,-9.520,0.00000,0
99.074,0.0,0.0,1.60,-0.440,0.150,-9.500,0.00000,0
99.084,0.0,0.0,1.60,-0.440,0.150,-9.500,0.00000,0
99.094,0.0,0.0,1.60,-0.440,0.150,-9.500,0.00000,0
99.104,0.0,0.0,1.60,-0.440,0.150,-9.500,0.00000,0
99.115,0.0,0.0,1.60,-0.440,0.150,-9.500,0.00000,0
99.125,0.0,0.0,1.60,-0.380,0.140,-9.470,0.00000,0
99.135,0.0,0.0,1.60,-0.380,0.140,-9.470,0.00000,0
99.145,0.0,0.0,1.60,-0.380,0.140,-9.470,0.00000,0
99.155,0.0,0.0,1.60,-0.380,0.140,-9.470,0.00000,0
99.165,0.0,0.0,1.60,-0.380,0.140,-9.470,0.00000,0
99.175,0.0,0.0,1.60,-0.440,0.140,-9.420,0.00000,0
99.186,0.0,0.0,1.60,-0.440,0.140,-9.420,0.00000,0
99.196,0.0,0.0,1.60,-0.440,0.140,-9.420,0.00000,0
99.206,0.0,0.0,1.60,-0.440,0.140,-9.420,0.00000,0
99.216,0.0,0.0,1.60,-0.440,0.140,-9.420,0.00000,0
99.226,0.0,0.0,1.60,-0.410,0.110,-9.480,0.00000,0
99.236,0.0,0.0,1.60,-0.410,0.110,-9.480,0.00000,0
99.246,0.0,0.0,1.60,-0.410,0.110,-9.480,0.00000,0
99.256,0.0,0.0,1.60,-0.410,0.110,-9.480,0.00000,0
99.266,0.0,0.0,1.60,-0.410,0.110,-9.480,0.00000,0
99.277,0.0,0.0,1.60,-0.380,0.120,-9.520,0.00000,0
99.287,0.0,0.0,1.60,-0.380,0.120,-9.520,0.00000,0
99.297,0.0,0.0,1.60,-0.380,0.120,-9.520,0.00000,0
99.307,0.0,0.0,1.60,-0.380,0.120,-9.520,0.00000,0
99.317,0.0,0.0,1.60,-0.420,0.110,-9.520,0.00000,0
99.327,0.0,0.0,1.60,-0.420,0.110,-9.520,0.00000,0
99.337,0.0,0.0,1.60,-0.420,0.110,-9.520,0.00000,0
99.347,0.0,0.0,1.60,-0.420,0.110,-9.520,0.00000,0
99.358,0.0,0.0,1.60,-0.420,0.110,-9.520,0.00000,0
99.368,0.0,0.0,1.60,-0.420,0.110,-9.520,0.00000,0
99.378,0.0,0.0,1.60,-0.420,0.140,-9.480,0.00000,0
99.388,0.0,0.0,1.60,-0.420,0.140,-9.480,0.00000,0
99.398,0.0,0.0,1.60,-0.420,0.140,-9.480,0.00000,0
99.408,0.0,0.0,1.60,-0.420,0.140,-9.480,0.00000,0
99.418,0.0,0.0,1.60,-0.420,0.140,-9.480,0.00000,0
99.428,0.0,0.0,1.60,-0.410,0.110,-9.450,0.00000,0
99.439,0.0,0.0,1.60,-0.410,0.110,-9.450,0.00000,0
99.449,0.0,0.0,1.60,-0.410,0.110,-9.450,0.00000,0
99.459,0.0,0.0,1.60,-0.410,0.110,-9.450,0.00000,0
99.469,0.0,0.0,1.60,-0.410,0.110,-9.450,0.00000,0
99.479,0.0,0.0,1.60,-0.410,0.110,-9.470,0.00000,0
99.489,0.0,0.0,1.60,-0.410,0.110,-9.470,0.00000,0
99.499,0.0,0.0,1.60,-0.410,0.110,-9.470,0.00000,0
99.509,0.0,0.0,1.60,-0.410,0.110,-9.470,0.00000,0
99.519,0.0,0.0,1.60,-0.410,0.110,-9.470,0.00000,0
99.530,0.0,0.0,1.60,-0.390,0.140,-9.490,0.00000,0
99.540,0.0,0.0,1.60,-0.390,0.140,-9.490,0.00000,0
99.550,0.0,0.0,1.60,-0.390,0.140,-9.490,0.00000,0
99.560,0.0,0.0,1.60,-0.390,0.140,-9.490,0.00000,0
99.570,0.0,0.0,1.60,-0.400,0.100,-9.480,0.00000,0
99.580,0.0,0.0,1.60,-0.400,0.100,-9.480,0.00000,0
99.591,0.0,0.0,1.60,-0.400,0.100,-9.480,0.00000,0
99.601,0.0,0.0,1.60,-0.400,0.100,-9.480,0.00000,0
99.611,0.0,0.0,1.60,-0.400,0.100,-9.480,0.00000,0
99.621,0.0,0.0,1.60,-0.400,0.090,-9.470,0.00000,0
99.631,0.0,0.0,1.60,-0.400,0.090,-9.470,0.00000,0
99.642,0.0,0.0,1.60,-0.400,0.090,-9.470,0.00000,0
99.652,0.0,0.0,1.60,-0.400,0.090,-9.470,0.00000,0
99.662,0.0,0.0,1.60,-0.400,0.090,-9.470,0.00000,0
99.672,0.0,0.0,1.60,-0.430,0.110,-9.420,0.00000,0
99.682,0.0,0.0,1.60,-0.430,0.110,-9.420,0.00000,0
99.692,0.0,0.0,1.60,-0.430,0.110,-9.420,0.00000,0
99.702,0.0,0.0,1.60,-0.430,0.110,-9.420,0.00000,0
99.712,0.0,0.0,1.60,-0.430,0.110,-9.420,0.00000,0
99.723,0.0,0.0,1.60,-0.360,0.150,-9.410,0.00000,0
99.733,0.0,0.0,1.60,-0.360,0.150,-9.410,0.00000,0
99.743,0.0,0.0,1.60,-0.360,0.150,-9.410,0.00000,0
99.753,0.0,0.0,1.60,-0.360,0.150,-9.410,0.00000,0
99.763,0.0,0.0,1.60,-0.360,0.150,-9.410,0.00000,0
99.773,0.0,0.0,1.60,-0.360,0.150,-9.410,0.00000,0
99.783,0.0,0.0,1.60,-0.410,0.140,-9.490,0.00000,0
99.794,0.0,0.0,1.60,-0.410,0.140,-9.490,0.00000,0
99.804,0.0,0.0,1.60,-0.410,0.140,-9.490,0.00000,0
99.814,0.0,0.0,1.60,-0.410,0.140,-9.490,0.00000,0
99.824,0.0,0.0,1.60,-0.380,0.150,-9.460,0.00000,0
99.834,0.0,0.0,1.60,-0.380,0.150,-9.460,0.00000,0
99.844,0.0,0.0,1.60,-0.380,0.150,-9.460,0.00000,0
99.854,0.0,0.0,1.60,-0.380,0.150,-9.460,0.00000,0
99.864,0.0,0.0,1.60,-0.380,0.150,-9.460,0.00000,0
99.875,0.0,0.0,1.60,-0.400,0.120,-9.500,0.00000,0
99.885,0.0,0.0,1.60,-0.400,0.120,-9.500,0.00000,0
99.895,0.0,0.0,1.60,-0.400,0.120,-9.500,0.00000,0
99.905,0.0,0.0,1.60,-0.400,0.120,-9.500,0.00000,0
99.915,0.0,0.0,1.60,-0.400,0.120,-9.500,0.00000,0
99.925,0.0,0.0,1.60,-0.420,0.120,-9.540,0.00000,0
99.935,0.0,0.0,1.60,-0.420,0.120,-9.540,0.00000,0
99.946,0.0,0.0,1.60,-0.420,0.120,-9.540,0.00000,0
99.956,0.0,0.0,1.60,-0.420,0.120,-9.540,0.00000,0
99.966,0.0,0.0,1.60,-0.420,0.120,-9.540,0.00000,0
99.976,0.0,0.0,1.60,-0.360,0.120,-9.550,0.00000,0
99.986,0.0,0.0,1.60,-0.360,0.120,-9.550,0.00000,0
99.996,0.0,0.0,1.60,-0.360,0.120,-9.550,0.00000,0
100.006,0.0,0.0,1.60,-0.360,0.120,-9.550,0.00000,0
100.017,0.0,0.0,1.60,-0.360,0.120,-9.550,0.00000,0
100.027,0.0,0.0,1.60,-0.410,0.110,-9.530,0.00000,0
100.037,0.0,0.0,1.60,-0.410,0.110,-9.530,0.00000,0
100.047,0.0,0.0,1.60,-0.410,0.110,-9.530,0.00000,0
100.057,0.0,0.0,1.60,-0.410,0.110,-9.530,0.00000,0
100.067,0.0,0.0,1.60,-0.430,0.110,-9.530,0.00000,0
100.077,0.0,0.0,1.60,-0.430,0.110,-9.530,0.00000,0
100.088,0.0,0.0,1.60,-0.430,0.110,-9.530,0.00000,0
100.098,0.0,0.0,1.60,-0.430,0.110,-9.530,0.00000,0
100.108,0.0,0.0,1.60,-0.430,0.110,-9.530,0.00000,0
100.118,0.0,0.0,1.60,-0.390,0.120,-9.520,0.00000,0
100.128,0.0,0.0,1.60,-0.390,0.120,-9.520,0.00000,0
100.138,0.0,0.0,1.60,-0.390,0.120,-9.520,0.00000,0
100.148,0.0,0.0,1.60,-0.390,0.120,-9.520,0.00000,0
100.158,0.0,0.0,1.60,-0.390,0.120,-9.520,0.00000,0
100.169,0.0,0.0,1.60,-0.390,0.120,-9.520,0.00000,0
100.179,0.0,0.0,1.60,-0.390,0.140,-9.450,0.00000,0
100.189,0.0,0.0,1.60,-0.390,0.140,-9.450,0.00000,0
100.199,0.0,0.0,1.60,-0.390,0.140,-9.450,0.00000,0
100.209,0.0,0.0,1.60,-0.390,0.140,-9.450,0.00000,0
100.219,0.0,0.0,1.60,-0.390,0.140,-9.450,0.00000,0
100.229,0.0,0.0,1.60,-0.400,0.100,-9.480,0.00000,0
100.240,0.0,0.0,1.60,-0.400,0.100,-9.480,0.00000,0
100.250,0.0,0.0,1.60,-0.400,0.100,-9.480,0.00000,0
100.260,0.0,0.0,1.60,-0.400,0.100,-9.480,0.00000,0
100.270,0.0,0.0,1.60,-0.400,0.100,-9.480,0.00000,0
100.280,0.0,0.0,1.60,-0.400,0.100,-9.480,0.00000,0
100.290,0.0,0.0,1.60,-0.450,0.120,-9.490,0.00000,0
100.300,0.0,0.0,1.60,-0.450,0.120,-9.490,0.00000,0
100.310,0.0,0.0,1.60,-0.450,0.120,-9.490,0.00000,0
100.321,0.0,0.0,1.60,-0.450,0.080,-9.490,0.00000,0
100.331,0.0,0.0,1.60,-0.450,0.080,-9.490,0.00000,0
100.341,0.0,0.0,1.60,-0.450,0.080,-9.490,0.00000,0
100.351,0.0,0.0,1.60,-0.450,0.080,-9.490,0.00000,0
100.361,0.0,0.0,1.60,-0.450,0.080,-9.490,0.00000,0
100.371,0.0,0.0,1.60,-0.400,0.120,-9.460,0.00000,0
100.381,0.0,0.0,1.60,-0.400,0.120,-9.460,0.00000,0
100.392,0.0,0.0,1.60,-0.400,0.120,-9.460,0.00000,0
100.402,0.0,0.0,1.60,-0.400,0.120,-9.460,0.00000,0
100.412,0.0,0.0,1.60,-0.400,0.120,-9.460,0.00000,0
100.422,0.0,0.0,1.60,-0.450,0.150,-9.520,0.00000,0
100.432,0.0,0.0,1.60,-0.450,0.150,-9.520,0.00000,0
100.442,0.0,0.0,1.60,-0.450,0.150,-9.520,0.00000,0
100.453,0.0,0.0,1.60,-0.450,0.150,-9.520,0.00000,0
100.463,0.0,0.0,1.60,-0.450,0.150,-9.520,0.00000,0
100.473,0.0,0.0,1.60,-0.410,0.140,-9.510,0.00000,0
100.483,0.0,0.0,1.60,-0.410,0.140,-9.510,0.00000,0
100.493,0.0,0.0,1.60,-0.410,0.140,-9.510,0.00000,0
100.503,0.0,0.0,1.60,-0.410,0.140,-9.510,0.00000,0
100.513,0.0,0.0,1.60,-0.410,0.140,-9.510,0.00000,0
100.523,0.0,0.0,1.60,-0.410,0.140,-9.510,0.00000,0
100.534,0.0,0.0,1.60,-0.410,0.120,-9.490,0.00000,0
100.544,0.0,0.0,1.60,-0.410,0.120,-9.490,0.00000,0
100.554,0.0,0.0,1.60,-0.410,0.120,-9.490,0.00000,0
100.564,0.0,0.0,1.60,-0.410,0.120,-9.490,0.00000,0
100.574,0.0,0.0,1.60,-0.360,0.150,-9.500,0.00000,0
100.584,0.0,0.0,1.60,-0.360,0.150,-9.500,0.00000,0
100.594,0.0,0.0,1.60,-0.360,0.150,-9.500,0.00000,0
100.605,0.0,0.0,1.60,-0.360,0.150,-9.500,0.00000,0
100.615,0.0,0.0,1.60,-0.360,0.150,-9.500,0.00000,0
100.625,0.0,0.0,1.60,-0.380,0.090,-9.440,0.00000,0
100.635,0.0,0.0,1.60,-0.380,0.090,-9.440,0.00000,0
100.645,0.0,0.0,1.60,-0.380,0.090,-9.440,0.00000,0
100.655,0.0,0.0,1.60,-0.380,0.090,-9.440,0.00000,0
100.665,0.0,0.0,1.60,-0.380,0.090,-9.440,0.00000,0
100.675,0.0,0.0,1.60,-0.400,0.090,-9.460,0.00000,0
100.686,0.0,0.0,1.60,-0.400,0.090,-9.460,0.00000,0
100.696,0.0,0.0,1.60,-0.400,0.090,-9.460,0.00000,0
100.706,0.0,0.0,1.60,-0.400,0.090,-9.460,0.00000,0
100.716,0.0,0.0,1.60,-0.400,0.090,-9.460,0.00000,0
100.726,0.0,0.0,1.60,-0.450,0.110,-9.460,0.00000,0
100.736,0.0,0.0,1.60,-0.450,0.110,-9.460,0.00000,0
100.747,0.0,0.0,1.60,-0.450,0.110,-9.460,0.00000,0
100.757,0.0,0.0,1.60,-0.450,0.110,-9.460,0.00000,0
100.767,0.0,0.0,1.60,-0.450,0.110,-9.460,0.00000,0
100.777,0.0,0.0,1.60,-0.390,0.130,-9.500,0.00000,0
100.787,0.0,0.0,1.60,-0.390,0.130,-9.500,0.00000,0
100.797,0.0,0.0,1.60,-0.390,0.130,-9.500,0.00000,0
100.807,0.0,0.0,1.60,-0.390,0.130,-9.500,0.00000,0
100.818,0.0,0.0,1.60,-0.380,0.140,-9.460,0.00000,0
100.828,0.0,0.0,1.60,-0.380,0.140,-9.460,0.00000,0
100.838,0.0,0.0,1.60,-0.380,0.140,-9.460,0.00000,0
100.848,0.0,0.0,1.60,-0.380,0.140,-9.460,0.00000,0
100.858,0.0,0.0,1.60,-0.380,0.140,-9.460,0.00000,0
100.868,0.0,0.0,1.60,-0.380,0.140,-9.460,0.00000,0
100.878,0.0,0.0,1.60,-0.440,0.100,-9.480,0.00000,0
100.889,0.0,0.0,1.60,-0.440,0.100,-9.480,0.00000,0
100.899,0.0,0.0,1.60,-0.440,0.100,-9.480,0.00000,0
100.909,0.0,0.0,1.60,-0.440,0.100,-9.480,0.00000,0
100.919,0.0,0.0,1.60,-0.440,0.100,-9.480,0.00000,0
100.929,0.0,0.0,1.60,-0.410,0.120,-9.470,0.00000,0
100.939,0.0,0.0,1.60,-0.410,0.120,-9.470,0.00000,0
100.950,0.0,0.0,1.60,-0.410,0.120,-9.470,0.00000,0
100.960,0.0,0.0,1.60,-0.410,0.120,-9.470,0.00000,0
100.970,0.0,0.0,1.60,-0.410,0.120,-9.470,0.00000,0
100.980,0.0,0.0,1.60,-0.440,0.130,-9.530,0.00000,0
100.990,0.0,0.0,1.60,-0.440,0.130,-9.530,0.00000,0
101.000,0.0,0.0,1.60,-0.440,0.130,-9.530,0.00000,0
101.010,0.0,0.0,1.60,-0.440,0.130,-9.530,0.00000,0
101.020,0.0,0.0,1.60,-0.440,0.130,-9.530,0.00000,0
101.031,0.0,0.0,1.60,-0.400,0.120,-9.450,0.00000,0
101.041,0.0,0.0,1.60,-0.400,0.120,-9.450,0.00000,0
101.051,0.0,0.0,1.60,-0.400,0.120,-9.450,0.00000,0
101.061,0.0,0.0,1.60,-0.400,0.120,-9.450,0.00000,0
101.071,0.0,0.0,1.60,-0.390,0.110,-9.510,0.00000,0
101.081,0.0,0.0,1.60,-0.390,0.110,-9.510,0.00000,0
101.091,0.0,0.0,1.60,-0.390,0.110,-9.510,0.00000,0
101.101,0.0,0.0,1.60,-0.390,0.110,-9.510,0.00000,0
101.112,0.0,0.0,1.60,-0.390,0.110,-9.510,0.00000,0
101.122,0.0,0.0,1.60,-0.410,0.120,-9.500,0.00000,0
101.132,0.0,0.0,1.60,-0.410,0.120,-9.500,0.00000,0
101.142,0.0,0.0,1.60,-0.410,0.120,-9.500,0.00000,0
101.152,0.0,0.0,1.60,-0.410,0.120,-9.500,0.00000,0
101.162,0.0,0.0,1.60,-0.410,0.120,-9.500,0.00000,0
101.172,0.0,0.0,1.60,-0.390,0.140,-9.480,0.00000,0
101.182,0.0,0.0,1.60,-0.390,0.140,-9.480,0.00000,0
101.193,0.0,0.0,1.60,-0.390,0.140,-9.480,0.00000,0
101.203,0.0,0.0,1.60,-0.390,0.140,-9.480,0.00000,0
101.213,0.0,0.0,1.60,-0.390,0.140,-9.480,0.00000,0
101.224,0.0,0.0,1.60,-0.400,0.110,-9.500,0.00000,0
101.234,0.0,0.0,1.60,-0.400,0.110,-9.500,0.00000,0
101.244,0.0,0.0,1.60,-0.400,0.110,-9.500,0.00000,0
101.254,0.0,0.0,1.60,-0.400,0.110,-9.500,0.00000,0
101.264,0.0,0.0,1.60,-0.400,0.110,-9.500,0.00000,0
101.275,0.0,0.0,1.60,-0.400,0.110,-9.500,0.00000,0
101.285,0.0,0.0,1.60,-0.440,0.110,-9.500,0.00000,0
101.295,0.0,0.0,1.60,-0.440,0.110,-9.500,0.00000,0
101.305,0.0,0.0,1.60,-0.440,0.110,-9.500,0.00000,0
101.315,0.0,0.0,1.60,-0.440,0.110,-9.500,0.00000,0
101.326,0.0,0.0,1.60,-0.390,0.110,-9.510,0.00000,0
101.336,0.0,0.0,1.60,-0.390,0.110,-9.510,0.00000,0
101.346,0.0,0.0,1.60,-0.390,0.110,-9.510,0.00000,0
101.356,0.0,0.0,1.60,-0.390,0.110,-9.510,0.00000,0
101.366,0.0,0.0,1.60,-0.390,0.110,-9.510,0.00000,0
101.376,0.0,0.0,1.60,-0.390,0.160,-9.510,0.00000,0
101.386,0.0,0.0,1.60,-0.390,0.160,-9.510,0.00000,0
101.397,0.0,0.0,1.60,-0.390,0.160,-9.510,0.00000,0
101.407,0.0,0.0,1.60,-0.390,0.160,-9.510,0.00000,0
101.417,0.0,0.0,1.60,-0.390,0.160,-9.510,0.00000,0
101.427,0.0,0.0,1.60,-0.420,0.150,-9.510,0.00000,0
101.437,0.0,0.0,1.60,-0.420,0.150,-9.510,0.00000,0
101.447,0.0,0.0,1.60,-0.420,0.150,-9.510,0.00000,0
101.457,0.0,0.0,1.60,-0.420,0.150,-9.510,0.00000,0
101.468,0.0,0.0,1.60,-0.420,0.150,-9.510,0.00000,0
101.478,0.0,0.0,1.60,-0.420,0.130,-9.460,0.00000,0
101.488,0.0,0.0,1.60,-0.420,0.130,-9.460,0.00000,0
101.498,0.0,0.0,1.60,-0.420,0.130,-9.460,0.00000,0
101.508,0.0,0.0,1.60,-0.420,0.130,-9.460,0.00000,0
101.518,0.0,0.0,1.60,-0.420,0.130,-9.460,0.00000,0
101.529,0.0,0.0,1.60,-0.350,0.140,-9.530,0.00000,0
101.539,0.0,0.0,1.60,-0.350,0.140,-9.530,0.00000,0
101.549,0.0,0.0,1.60,-0.350,0.140,-9.530,0.00000,0
101.559,0.0,0.0,1.60,-0.350,0.140,-9.530,0.00000,0
101.569,0.0,0.0,1.60,-0.410,0.140,-9.510,0.00000,0
101.579,0.0,0.0,1.60,-0.410,0.140,-9.510,0.00000,0
101.589,0.0,0.0,1.60,-0.410,0.140,-9.510,0.00000,0
101.599,0.0,0.0,1.60,-0.410,0.140,-9.510,0.00000,0
101.610,0.0,0.0,1.60,-0.410,0.140,-9.510,0.00000,0
101.620,0.0,0.0,1.60,-0.380,0.130,-9.510,0.00000,0
101.630,0.0,0.0,1.60,-0.380,0.130,-9.510,0.00000,0
101.640,0.0,0.0,1.60,-0.380,0.130,-9.510,0.00000,0
101.650,0.0,0.0,1.60,-0.380,0.130,-9.510,0.00000,0
101.660,0.0,0.0,1.60,-0.380,0.130,-9.510,0.00000,0
101.670,0.0,0.0,1.60,-0.380,0.130,-9.510,0.00000,0
101.680,0.0,0.0,1.60,-0.440,0.100,-9.470,0.00000,0
101.691,0.0,0.0,1.60,-0.440,0.100,-9.470,0.00000,0
101.701,0.0,0.0,1.60,-0.440,0.100,-9.470,0.00000,0
101.711,0.0,0.0,1.60,-0.440,0.100,-9.470,0.00000,0
101.721,0.0,0.0,1.60,-0.440,0.100,-9.470,0.00000,0
101.731,0.0,0.0,1.60,-0.430,0.150,-9.510,0.00000,0
101.741,0.0,0.0,1.60,-0.430,0.150,-9.510,0.00000,0
101.751,0.0,0.0,1.60,-0.430,0.150,-9.510,0.00000,0
101.761,0.0,0.0,1.60,-0.430,0.150,-9.510,0.00000,0
101.772,0.0,0.0,1.60,-0.430,0.150,-9.510,0.00000,0
101.782,0.0,0.0,1.60,-0.420,0.110,-9.490,0.00000,0
101.792,0.0,0.0,1.60,-0.420,0.110,-9.490,0.00000,0
101.802,0.0,0.0,1.60,-0.420,0.110,-9.490,0.00000,0
101.812,0.0,0.0,1.60,-0.420,0.110,-9.490,0.00000,0
101.822,0.0,0.0,1.60,-0.390,0.130,-9.490,0.00000,0
101.832,0.0,0.0,1.60,-0.390,0.130,-9.490,0.00000,0
101.842,0.0,0.0,1.60,-0.390,0.130,-9.490,0.00000,0
101.853,0.0,0.0,1.60,-0.390,0.130,-9.490,0.00000,0
101.863,0.0,0.0,1.60,-0.390,0.130,-9.490,0.00000,0
101.873,0.0,0.0,1.60,-0.400,0.140,-9.530,0.00000,0
101.883,0.0,0.0,1.60,-0.400,0.140,-9.530,0.00000,0
101.893,0.0,0.0,1.60,-0.400,0.140,-9.530,0.00000,0
101.903,0.0,0.0,1.60,-0.400,0.140,-9.530,0.00000,0
101.913,0.0,0.0,1.60,-0.400,0.140,-9.530,0.00000,0
101.923,0.0,0.0,1.60,-0.400,0.100,-9.440,0.00000,0
101.934,0.0,0.0,1.60,-0.400,0.100,-9.440,0.00000,0
101.944,0.0,0.0,1.60,-0.400,0.100,-9.440,0.00000,0
101.954,0.0,0.0,1.60,-0.400,0.100,-9.440,0.00000,0
101.964,0.0,0.0,1.60,-0.400,0.100,-9.440,0.00000,0
101.974,0.0,0.0,1.60,-0.420,0.110,-9.510,0.00000,0
101.984,0.0,0.0,1.60,-0.420,0.110,-9.510,0.00000,0
101.995,0.0,0.0,1.60,-0.420,0.110,-9.510,0.00000,0
102.005,0.0,0.0,1.60,-0.420,0.110,-9.510,0.00000,0
102.015,0.0,0.0,1.60,-0.420,0.110,-9.510,0.00000,0
102.025,0.0,0.0,1.60,-0.420,0.120,-9.530,0.00000,0
102.035,0.0,0.0,1.60,-0.420,0.120,-9.530,0.00000,0
102.045,0.0,0.0,1.60,-0.420,0.120,-9.530,0.00000,0
102.055,0.0,0.0,1.60,-0.420,0.120,-9.530,0.00000,0
102.066,0.0,0.0,1.60,-0.420,0.120,-9.530,0.00000,0
102.076,0.0,0.0,1.60,-0.430,0.150,-9.470,0.00000,0
102.086,0.0,0.0,1.60,-0.430,0.150,-9.470,0.00000,0
102.096,0.0,0.0,1.60,-0.430,0.150,-9.470,0.00000,0
102.106,0.0,0.0,1.60,-0.430,0.150,-9.470,0.00000,0
102.116,0.0,0.0,1.60,-0.430,0.150,-9.470,0.00000,0
102.126,0.0,0.0,1.60,-0.390,0.140,-9.460,0.00000,0
102.137,0.0,0.0,1.60,-0.390,0.140,-9.460,0.00000,0
102.147,0.0,0.0,1.60,-0.390,0.140,-9.460,0.00000,0
102.157,0.0,0.0,1.60,-0.390,0.140,-9.460,0.00000,0
102.167,0.0,0.0,1.60,-0.390,0.140,-9.460,0.00000,0
102.177,0.0,0.0,1.60,-0.410,0.130,-9.460,0.00000,0
102.187,0.0,0.0,1.60,-0.410,0.130,-9.460,0.00000,0
102.197,0.0,0.0,1.60,-0.410,0.130,-9.460,0.00000,0
102.207,0.0,0.0,1.60,-0.410,0.130,-9.460,0.00000,0
102.218,0.0,0.0,1.60,-0.410,0.130,-9.460,0.00000,0
102.228,0.0,0.0,1.60,-0.410,0.130,-9.410,0.00000,0
102.238,0.0,0.0,1.60,-0.410,0.130,-9.410,0.00000,0
102.248,0.0,0.0,1.60,-0.410,0.130,-9.410,0.00000,0
102.258,0.0,0.0,1.60,-0.410,0.130,-9.410,0.00000,0
102.268,0.0,0.0,1.60,-0.410,0.130,-9.410,0.00000,0
102.278,0.0,0.0,1.60,-0.420,0.130,-9.530,0.00000,0
102.288,0.0,0.0,1.60,-0.420,0.130,-9.530,0.00000,0
102.299,0.0,0.0,1.60,-0.420,0.130,-9.530,0.00000,0
102.309,0.0,0.0,1.60,-0.420,0.130,-9.530,0.00000,0
102.319,0.0,0.0,1.60,-0.410,0.120,-9.490,0.00000,0
102.329,0.0,0.0,1.60,-0.410,0.120,-9.490,0.00000,0
102.339,0.0,0.0,1.60,-0.410,0.120,-9.490,0.00000,0
102.349,0.0,0.0,1.60,-0.410,0.120,-9.490,0.00000,0
102.359,0.0,0.0,1.60,-0.410,0.120,-9.490,0.00000,0
102.370,0.0,0.0,1.60,-0.440,0.140,-9.480,0.00000,0
102.380,0.0,0.0,1.60,-0.440,0.140,-9.480,0.00000,0
102.390,0.0,0.0,1.60,-0.440,0.140,-9.480,0.00000,0
102.400,0.0,0.0,1.60,-0.440,0.140,-9.480,0.00000,0
102.410,0.0,0.0,1.60,-0.440,0.140,-9.480,0.00000,0
102.420,0.0,0.0,1.60,-0.440,0.140,-9.480,0.00000,0
102.430,0.0,0.0,1.60,-0.430,0.100,-9.480,0.00000,0
102.441,0.0,0.0,1.60,-0.430,0.100,-9.480,0.00000,0
102.451,0.0,0.0,1.60,-0.430,0.100,-9.480,0.00000,0
102.461,0.0,0.0,1.60,-0.430,0.100,-9.480,0.00000,0
102.471,0.0,0.0,1.60,-0.430,0.100,-9.480,0.00000,0
102.481,0.0,0.0,1.60,-0.400,0.150,-9.480,0.00000,0
102.491,0.0,0.0,1.60,-0.400,0.150,-9.480,0.00000,0
102.501,0.0,0.0,1.60,-0.400,0.150,-9.480,0.00000,0
102.512,0.0,0.0,1.60,-0.400,0.150,-9.480,0.00000,0
102.522,0.0,0.0,1.60,-0.400,0.150,-9.480,0.00000,0
102.532,0.0,0.0,1.60,-0.400,0.120,-9.480,0.00000,0
102.542,0.0,0.0,1.60,-0.400,0.120,-9.480,0.00000,0
102.552,0.0,0.0,1.60,-0.400,0.120,-9.480,0.00000,0
102.562,0.0,0.0,1.60,-0.400,0.120,-9.480,0.00000,0
102.572,0.0,0.0,1.60,-0.430,0.110,-9.480,0.00000,0
102.582,0.0,0.0,1.60,-0.430,0.110,-9.480,0.00000,0
102.593,0.0,0.0,1.60,-0.430,0.110,-9.480,0.00000,0
102.603,0.0,0.0,1.60,-0.430,0.110,-9.480,0.00000,0
102.613,0.0,0.0,1.60,-0.430,0.110,-9.480,0.00000,0
102.623,0.0,0.0,1.60,-0.400,0.120,-9.500,0.00000,0
102.633,0.0,0.0,1.60,-0.400,0.120,-9.500,0.00000,0
102.643,0.0,0.0,1.60,-0.400,0.120,-9.500,0.00000,0
102.653,0.0,0.0,1.60,-0.400,0.120,-9.500,0.00000,0
102.664,0.0,0.0,1.60,-0.400,0.120,-9.500,0.00000,0
102.674,0.0,0.0,1.60,-0.390,0.120,-9.450,0.00000,0
102.684,0.0,0.0,1.60,-0.390,0.120,-9.450,0.00000,0
102.694,0.0,0.0,1.60,-0.390,0.120,-9.450,0.00000,0
102.704,0.0,0.0,1.60,-0.390,0.120,-9.450,0.00000,0
102.714,0.0,0.0,1.60,-0.390,0.120,-9.450,0.00000,0
102.724,0.0,0.0,1.60,-0.390,0.100,-9.480,0.00000,0
102.734,0.0,0.0,1.60,-0.390,0.100,-9.480,0.00000,0
102.745,0.0,0.0,1.60,-0.390,0.100,-9.480,0.00000,0
102.755,0.0,0.0,1.60,-0.390,0.100,-9.480,0.00000,0
102.765,0.0,0.0,1.60,-0.390,0.100,-9.480,0.00000,0
102.775,0.0,0.0,1.60,-0.390,0.100,-9.480,0.00000,0
102.785,0.0,0.0,1.60,-0.420,0.110,-9.510,0.00000,0
102.795,0.0,0.0,1.60,-0.420,0.110,-9.510,0.00000,0
102.805,0.0,0.0,1.60,-0.420,0.110,-9.510,0.00000,0
102.815,0.0,0.0,1.60,-0.420,0.110,-9.510,0.00000,0
102.826,0.0,0.0,1.60,-0.420,0.110,-9.510,0.00000,0
102.836,0.0,0.0,1.60,-0.420,0.120,-9.460,0.00000,0
102.846,0.0,0.0,1.60,-0.420,0.120,-9.460,0.00000,0
102.856,0.0,0.0,1.60,-0.420,0.120,-9.460,0.00000,0
102.866,0.0,0.0,1.60,-0.420,0.120,-9.460,0.00000,0
102.876,0.0,0.0,1.60,-0.440,0.150,-9.520,0.00000,0
102.886,0.0,0.0,1.60,-0.440,0.150,-9.520,0.00000,0
102.897,0.0,0.0,1.60,-0.440,0.150,-9.520,0.00000,0
102.907,0.0,0.0,1.60,-0.440,0.150,-9.520,0.00000,0
102.917,0.0,0.0,1.60,-0.440,0.150,-9.520,0.00000,0
102.927,0.0,0.0,1.60,-0.440,0.110,-9.410,0.00000,0
102.937,0.0,0.0,1.60,-0.440,0.110,-9.410,0.00000,0
102.947,0.0,0.0,1.60,-0.440,0.110,-9.410,0.00000,0
102.957,0.0,0.0,1.60,-0.440,0.110,-9.410,0.00000,0
102.968,0.0,0.0,1.60,-0.440,0.110,-9.410,0.00000,0
102.978,0.0,0.0,1.60,-0.370,0.120,-9.460,0.00000,0
102.988,0.0,0.0,1.60,-0.370,0.120,-9.460,0.00000,0
102.998,0.0,0.0,1.60,-0.370,0.120,-9.460,0.00000,0
103.008,0.0,0.0,1.60,-0.370,0.120,-9.460,0.00000,0
103.018,0.0,0.0,1.60,-0.370,0.120,-9.460,0.00000,0
103.028,0.0,0.0,1.60,-0.440,0.160,-9.400,0.00000,0
103.039,0.0,0.0,1.60,-0.440,0.160,-9.400,0.00000,0
103.049,0.0,0.0,1.60,-0.440,0.160,-9.400,0.00000,0
103.059,0.0,0.0,1.60,-0.440,0.160,-9.400,0.00000,0
103.069,0.0,0.0,1.60,-0.370,0.140,-9.490,0.00000,0
103.079,0.0,0.0,1.60,-0.370,0.140,-9.490,0.00000,0
103.089,0.0,0.0,1.60,-0.370,0.140,-9.490,0.00000,0
103.099,0.0,0.0,1.60,-0.370,0.140,-9.490,0.00000,0
103.109,0.0,0.0,1.60,-0.370,0.140,-9.490,0.00000,0
103.120,0.0,0.0,1.60,-0.380,0.120,-9.400,0.00000,0
103.130,0.0,0.0,1.60,-0.380,0.120,-9.400,0.00000,0
103.140,0.0,0.0,1.60,-0.380,0.120,-9.400,0.00000,0
103.150,0.0,0.0,1.60,-0.380,0.120,-9.400,0.00000,0
103.160,0.0,0.0,1.60,-0.380,0.120,-9.400,0.00000,0
103.170,0.0,0.0,1.60,-0.380,0.120,-9.400,0.00000,0
103.180,0.0,0.0,1.60,-0.410,0.100,-9.510,0.00000,0
103.191,0.0,0.0,1.60,-0.410,0.100,-9.510,0.00000,0
103.201,0.0,0.0,1.60,-0.410,0.100,-9.510,0.00000,0
103.211,0.0,0.0,1.60,-0.410,0.100,-9.510,0.00000,0
103.221,0.0,0.0,1.60,-0.410,0.100,-9.510,0.00000,0
103.231,0.0,0.0,1.60,-0.380,0.130,-9.450,0.00000,0
103.241,0.0,0.0,1.60,-0.380,0.130,-9.450,0.00000,0
103.251,0.0,0.0,1.60,-0.380,0.130,-9.450,0.00000,0
103.261,0.0,0.0,1.60,-0.380,0.130,-9.450,0.00000,0
103.272,0.0,0.0,1.60,-0.380,0.130,-9.450,0.00000,0
103.282,0.0,0.0,1.60,-0.410,0.110,-9.440,0.00000,0
103.292,0.0,0.0,1.60,-0.410,0.110,-9.440,0.00000,0
103.302,0.0,0.0,1.60,-0.410,0.110,-9.440,0.00000,0
103.312,0.0,0.0,1.60,-0.410,0.110,-9.440,0.00000,0
103.322,0.0,0.0,1.60,-0.410,0.120,-9.510,0.00000,0
103.333,0.0,0.0,1.60,-0.410,0.120,-9.510,0.00000,0
103.343,0.0,0.0,1.60,-0.410,0.120,-9.510,0.00000,0
103.353,0.0,0.0,1.60,-0.410,0.120,-9.510,0.00000,0
103.363,0.0,0.0,1.60,-0.410,0.120,-9.510,0.00000,0
103.373,0.0,0.0,1.60,-0.380,0.110,-9.420,0.00000,0
103.383,0.0,0.0,1.60,-0.380,0.110,-9.420,0.00000,0
103.393,0.0,0.0,1.60,-0.380,0.110,-9.420,0.00000,0
103.404,0.0,0.0,1.60,-0.380,0.110,-9.420,0.00000,0
103.414,0.0,0.0,1.60,-0.380,0.110,-9.420,0.00000,0
103.424,0.0,0.0,1.60,-0.430,0.100,-9.470,0.00000,0
103.434,0.0,0.0,1.60,-0.430,0.100,-9.470,0.00000,0
103.444,0.0,0.0,1.60,-0.430,0.100,-9.470,0.00000,0
103.454,0.0,0.0,1.60,-0.430,0.100,-9.470,0.00000,0
103.464,0.0,0.0,1.60,-0.430,0.100,-9.470,0.00000,0
103.475,0.0,0.0,1.60,-0.420,0.140,-9.400,0.00000,0
103.485,0.0,0.0,1.60,-0.420,0.140,-9.400,0.00000,0
103.495,0.0,0.0,1.60,-0.420,0.140,-9.400,0.00000,0
103.505,0.0,0.0,1.60,-0.420,0.140,-9.400,0.00000,0
103.515,0.0,0.0,1.60,-0.420,0.140,-9.400,0.00000,0
103.525,0.0,0.0,1.60,-0.360,0.100,-9.450,0.00000,0
103.535,0.0,0.0,1.60,-0.360,0.100,-9.450,0.00000,0
103.546,0.0,0.0,1.60,-0.360,0.100,-9.450,0.00000,0
103.556,0.0,0.0,1.60,-0.360,0.100,-9.450,0.00000,0
103.566,0.0,0.0,1.60,-0.360,0.100,-9.450,0.00000,0
103.576,0.0,0.0,1.60,-0.400,0.090,-9.480,0.00000,0
103.586,0.0,0.0,1.60,-0.400,0.090,-9.480,0.00000,0
103.596,0.0,0.0,1.60,-0.400,0.090,-9.480,0.00000,0
103.606,0.0,0.0,1.60,-0.400,0.090,-9.480,0.00000,0
103.616,0.0,0.0,1.60,-0.400,0.090,-9.480,0.00000,0
103.627,0.0,0.0,1.60,-0.420,0.140,-9.490,0.00000,0
103.637,0.0,0.0,1.60,-0.420,0.140,-9.490,0.00000,0
103.647,0.0,0.0,1.60,-0.420,0.140,-9.490,0.00000,0
103.657,0.0,0.0,1.60,-0.420,0.140,-9.490,0.00000,0
103.667,0.0,0.0,1.60,-0.420,0.140,-9.490,0.00000,0
103.677,0.0,0.0,1.60,-0.390,0.120,-9.450,0.00000,0
103.687,0.0,0.0,1.60,-0.390,0.120,-9.450,0.00000,0
103.698,0.0,0.0,1.60,-0.390,0.120,-9.450,0.00000,0
103.708,0.0,0.0,1.60,-0.390,0.120,-9.450,0.00000,0
103.718,0.0,0.0,1.60,-0.390,0.120,-9.450,0.00000,0
103.728,0.0,0.0,1.60,-0.380,0.140,-9.520,0.00000,0
103.738,0.0,0.0,1.60,-0.380,0.140,-9.520,0.00000,0
103.748,0.0,0.0,1.60,-0.380,0.140,-9.520,0.00000,0
103.758,0.0,0.0,1.60,-0.380,0.140,-9.520,0.00000,0
103.769,0.0,0.0,1.60,-0.380,0.140,-9.520,0.00000,0
103.779,0.0,0.0,1.60,-0.390,0.120,-9.410,0.00000,0
103.789,0.0,0.0,1.60,-0.390,0.120,-9.410,0.00000,0
103.799,0.0,0.0,1.60,-0.390,0.120,-9.410,0.00000,0
103.809,0.0,0.0,1.60,-0.390,0.120,-9.410,0.00000,0
103.819,0.0,0.0,1.60,-0.410,0.130,-9.480,0.00000,0
103.829,0.0,0.0,1.60,-0.410,0.130,-9.480,0.00000,0
103.840,0.0,0.0,1.60,-0.410,0.130,-9.480,0.00000,0
103.850,0.0,0.0,1.60,-0.410,0.130,-9.480,0.00000,0
103.860,0.0,0.0,1.60,-0.410,0.130,-9.480,0.00000,0
103.870,0.0,0.0,1.60,-0.370,0.070,-9.460,0.00000,0
103.880,0.0,0.0,1.60,-0.370,0.070,-9.460,0.00000,0
103.890,0.0,0.0,1.60,-0.370,0.070,-9.460,0.00000,0
103.900,0.0,0.0,1.60,-0.370,0.070,-9.460,0.00000,0
103.911,0.0,0.0,1.60,-0.370,0.070,-9.460,0.00000,0
103.921,0.0,0.0,1.60,-0.370,0.070,-9.460,0.00000,0
103.931,0.0,0.0,1.60,-0.400,0.120,-9.490,0.00000,0
103.941,0.0,0.0,1.60,-0.400,0.120,-9.490,0.00000,0
103.951,0.0,0.0,1.60,-0.400,0.120,-9.490,0.00000,0
103.961,0.0,0.0,1.60,-0.400,0.120,-9.490,0.00000,0
103.971,0.0,0.0,1.60,-0.400,0.120,-9.490,0.00000,0
103.982,0.0,0.0,1.60,-0.370,0.130,-9.490,0.00000,0
103.992,0.0,0.0,1.60,-0.370,0.130,-9.490,0.00000,0
104.002,0.0,0.0,1.60,-0.370,0.130,-9.490,0.00000,0
104.012,0.0,0.0,1.60,-0.370,0.130,-9.490,0.00000,0
104.022,0.0,0.0,1.60,-0.370,0.130,-9.490,0.00000,0
104.032,0.0,0.0,1.60,-0.430,0.140,-9.470,0.00000,0
104.042,0.0,0.0,1.60,-0.430,0.140,-9.470,0.00000,0
104.053,0.0,0.0,1.60,-0.430,0.140,-9.470,0.00000,0
104.063,0.0,0.0,1.60,-0.430,0.140,-9.470,0.00000,0
104.073,0.0,0.0,1.60,-0.410,0.130,-9.440,0.00000,0
104.083,0.0,0.0,1.60,-0.410,0.130,-9.440,0.00000,0
104.093,0.0,0.0,1.60,-0.410,0.130,-9.440,0.00000,0
104.103,0.0,0.0,1.60,-0.410,0.130,-9.440,0.00000,0
104.113,0.0,0.0,1.60,-0.410,0.130,-9.440,0.00000,0
104.123,0.0,0.0,1.60,-0.390,0.140,-9.490,0.00000,0
104.134,0.0,0.0,1.60,-0.390,0.140,-9.490,0.00000,0
104.144,0.0,0.0,1.60,-0.390,0.140,-9.490,0.00000,0
104.154,0.0,0.0,1.60,-0.390,0.140,-9.490,0.00000,0
104.164,0.0,0.0,1.60,-0.390,0.140,-9.490,0.00000,0
104.174,0.0,0.0,1.60,-0.420,0.110,-9.420,0.00000,0
104.184,0.0,0.0,1.60,-0.420,0.110,-9.420,0.00000,0
104.194,0.0,0.0,1.60,-0.420,0.110,-9.420,0.00000,0
104.205,0.0,0.0,1.60,-0.420,0.110,-9.420,0.00000,0
104.215,0.0,0.0,1.60,-0.420,0.110,-9.420,0.00000,0
104.225,0.0,0.0,1.60,-0.430,0.110,-9.460,0.00000,0
104.235,0.0,0.0,1.60,-0.430,0.110,-9.460,0.00000,0
104.245,0.0,0.0,1.60,-0.430,0.110,-9.460,0.00000,0
104.255,0.0,0.0,1.60,-0.430,0.110,-9.460,0.00000,0
104.265,0.0,0.0,1.60,-0.430,0.110,-9.460,0.00000,0
104.275,0.0,0.0,1.60,-0.400,0.110,-9.430,0.00000,0
104.286,0.0,0.0,1.60,-0.400,0.110,-9.430,0.00000,0
104.296,0.0,0.0,1.60,-0.400,0.110,-9.430,0.00000,0
104.306,0.0,0.0,1.60,-0.400,0.110,-9.430,0.00000,0
104.316,0.0,0.0,1.60,-0.400,0.110,-9.430,0.00000,0
104.326,0.0,0.0,1.60,-0.410,0.170,-9.430,0.00000,0
104.336,0.0,0.0,1.60,-0.410,0.170,-9.430,0.00000,0
104.346,0.0,0.0,1.60,-0.410,0.170,-9.430,0.00000,0
104.357,0.0,0.0,1.60,-0.410,0.170,-9.430,0.00000,0
104.367,0.0,0.0,1.60,-0.410,0.170,-9.430,0.00000,0
104.377,0.0,0.0,1.60,-0.420,0.090,-9.460,0.00000,0
104.387,0.0,0.0,1.60,-0.420,0.090,-9.460,0.00000,0
104.397,0.0,0.0,1.60,-0.420,0.090,-9.460,0.00000,0
104.407,0.0,0.0,1.60,-0.420,0.090,-9.460,0.00000,0
104.417,0.0,0.0,1.60,-0.420,0.090,-9.460,0.00000,0
104.427,0.0,0.0,1.60,-0.420,0.140,-9.480,0.00000,0
104.438,0.0,0.0,1.60,-0.420,0.140,-9.480,0.00000,0
104.448,0.0,0.0,1.60,-0.420,0.140,-9.480,0.00000,0
104.458,0.0,0.0,1.60,-0.420,0.140,-9.480,0.00000,0
104.468,0.0,0.0,1.60,-0.420,0.140,-9.480,0.00000,0
104.478,0.0,0.0,1.60,-0.400,0.120,-9.460,0.00000,0
104.488,0.0,0.0,1.60,-0.400,0.120,-9.460,0.00000,0
104.498,0.0,0.0,1.60,-0.400,0.120,-9.460,0.00000,0
104.509,0.0,0.0,1.60,-0.400,0.120,-9.460,0.00000,0
104.519,0.0,0.0,1.60,-0.400,0.120,-9.460,0.00000,0
104.529,0.0,0.0,1.60,-0.410,0.130,-9.490,0.00000,0
104.539,0.0,0.0,1.60,-0.410,0.130,-9.490,0.00000,0
104.549,0.0,0.0,1.60,-0.410,0.130,-9.490,0.00000,0
104.559,0.0,0.0,1.60,-0.410,0.130,-9.490,0.00000,0
104.569,0.0,0.0,1.60,-0.390,0.140,-9.450,0.00000,0
104.580,0.0,0.0,1.60,-0.390,0.140,-9.450,0.00000,0
104.590,0.0,0.0,1.60,-0.390,0.140,-9.450,0.00000,0
104.600,0.0,0.0,1.60,-0.390,0.140,-9.450,0.00000,0
104.610,0.0,0.0,1.60,-0.390,0.140,-9.450,0.00000,0
104.620,0.0,0.0,1.60,-0.380,0.130,-9.450,0.00000,0
104.630,0.0,0.0,1.60,-0.380,0.130,-9.450,0.00000,0
104.641,0.0,0.0,1.60,-0.380,0.130,-9.450,0.00000,0
104.651,0.0,0.0,1.60,-0.380,0.130,-9.450,0.00000,0
104.661,0.0,0.0,1.60,-0.380,0.130,-9.450,0.00000,0
104.671,0.0,0.0,1.60,-0.380,0.130,-9.450,0.00000,0
104.681,0.0,0.0,1.60,-0.440,0.120,-9.450,0.00000,0
104.691,0.0,0.0,1.60,-0.440,0.120,-9.450,0.00000,0
104.701,0.0,0.0,1.60,-0.440,0.120,-9.450,0.00000,0
104.711,0.0,0.0,1.60,-0.440,0.120,-9.450,0.00000,0
104.722,0.0,0.0,1.60,-0.440,0.120,-9.450,0.00000,0
104.732,0.0,0.0,1.60,-0.430,0.110,-9.520,0.00000,0
104.742,0.0,0.0,1.60,-0.430,0.110,-9.520,0.00000,0
104.752,0.0,0.0,1.60,-0.430,0.110,-9.520,0.00000,0
104.762,0.0,0.0,1.60,-0.430,0.110,-9.520,0.00000,0
104.772,0.0,0.0,1.60,-0.430,0.110,-9.520,0.00000,0
104.782,0.0,0.0,1.60,-0.460,0.120,-9.520,0.00000,0
104.793,0.0,0.0,1.60,-0.460,0.120,-9.520,0.00000,0
104.803,0.0,0.0,1.60,-0.460,0.120,-9.520,0.00000,0
104.813,0.0,0.0,1.60,-0.460,0.120,-9.520,0.00000,0
104.823,0.0,0.0,1.60,-0.400,0.140,-9.480,0.00000,0
104.833,0.0,0.0,1.60,-0.400,0.140,-9.480,0.00000,0
104.843,0.0,0.0,1.60,-0.400,0.140,-9.480,0.00000,0
104.853,0.0,0.0,1.60,-0.400,0.140,-9.480,0.00000,0
104.863,0.0,0.0,1.60,-0.400,0.140,-9.480,0.00000,0
104.874,0.0,0.0,1.60,-0.440,0.100,-9.470,0.00000,0
104.884,0.0,0.0,1.60,-0.440,0.100,-9.470,0.00000,0
104.894,0.0,0.0,1.60,-0.440,0.100,-9.470,0.00000,0
104.904,0.0,0.0,1.60,-0.440,0.100,-9.470,0.00000,0
104.914,0.0,0.0,1.60,-0.440,0.100,-9.470,0.00000,0
104.924,0.0,0.0,1.60,-0.400,0.160,-9.450,0.00000,0
104.934,0.0,0.0,1.60,-0.400,0.160,-9.450,0.00000,0
104.945,0.0,0.0,1.60,-0.400,0.160,-9.450,0.00000,0
104.955,0.0,0.0,1.60,-0.400,0.160,-9.450,0.00000,0
104.965,0.0,0.0,1.60,-0.400,0.160,-9.450,0.00000,0
104.975,0.0,0.0,1.60,-0.390,0.110,-9.490,0.00000,0
104.985,0.0,0.0,1.60,-0.390,0.110,-9.490,0.00000,0
104.995,0.0,0.0,1.60,-0.390,0.110,-9.490,0.00000,0
105.005,0.0,0.0,1.60,-0.390,0.110,-9.490,0.00000,0
105.016,0.0,0.0,1.60,-0.390,0.110,-9.490,0.00000,0
105.026,0.0,0.0,1.60,-0.390,0.140,-9.500,0.00000,0
105.036,0.0,0.0,1.60,-0.390,0.140,-9.500,0.00000,0
105.046,0.0,0.0,1.60,-0.390,0.140,-9.500,0.00000,0
105.056,0.0,0.0,1.60,-0.390,0.140,-9.500,0.00000,0
105.066,0.0,0.0,1.60,-0.390,0.140,-9.500,0.00000,0
105.076,0.0,0.0,1.60,-0.410,0.150,-9.440,0.00000,0
105.086,0.0,0.0,1.60,-0.410,0.150,-9.440,0.00000,0
105.097,0.0,0.0,1.60,-0.410,0.150,-9.440,0.00000,0
105.107,0.0,0.0,1.60,-0.410,0.150,-9.440,0.00000,0
105.117,0.0,0.0,1.60,-0.410,0.150,-9.440,0.00000,0
105.127,0.0,0.0,1.60,-0.410,0.110,-9.450,0.00000,0
105.137,0.0,0.0,1.60,-0.410,0.110,-9.450,0.00000,0
105.147,0.0,0.0,1.60,-0.410,0.110,-9.450,0.00000,0
105.157,0.0,0.0,1.60,-0.410,0.110,-9.450,0.00000,0
105.167,0.0,0.0,1.60,-0.410,0.110,-9.450,0.00000,0
105.178,0.0,0.0,1.60,-0.380,0.110,-9.410,0.00000,0
105.188,0.0,0.0,1.60,-0.380,0.110,-9.410,0.00000,0
105.198,0.0,0.0,1.60,-0.380,0.110,-9.410,0.00000,0
105.208,0.0,0.0,1.60,-0.380,0.110,-9.410,0.00000,0
105.218,0.0,0.0,1.60,-0.380,0.110,-9.410,0.00000,0
105.228,0.0,0.0,1.60,-0.370,0.110,-9.420,0.00000,0
105.238,0.0,0.0,1.60,-0.370,0.110,-9.420,0.00000,0
105.249,0.0,0.0,1.60,-0.370,0.110,-9.420,0.00000,0
105.259,0.0,0.0,1.60,-0.370,0.110,-9.420,0.00000,0
105.269,0.0,0.0,1.60,-0.370,0.110,-9.420,0.00000,0
105.279,0.0,0.0,1.60,-0.340,0.130,-9.490,0.00000,0
105.289,0.0,0.0,1.60,-0.340,0.130,-9.490,0.00000,0
105.299,0.0,0.0,1.60,-0.340,0.130,-9.490,0.00000,0
105.309,0.0,0.0,1.60,-0.340,0.130,-9.490,0.00000,0
105.319,0.0,0.0,1.60,-0.390,0.130,-9.420,0.00000,0
105.329,0.0,0.0,1.60,-0.390,0.130,-9.420,0.00000,0
105.340,0.0,0.0,1.60,-0.390,0.130,-9.420,0.00000,0
105.350,0.0,0.0,1.60,-0.390,0.130,-9.420,0.00000,0
105.360,0.0,0.0,1.60,-0.390,0.130,-9.420,0.00000,0
105.370,0.0,0.0,1.60,-0.390,0.130,-9.420,0.00000,0
105.380,0.0,0.0,1.60,-0.410,0.140,-9.470,0.00000,0
105.390,0.0,0.0,1.60,-0.410,0.140,-9.470,0.00000,0
105.400,0.0,0.0,1.60,-0.410,0.140,-9.470,0.00000,0
105.411,0.0,0.0,1.60,-0.410,0.140,-9.470,0.00000,0
105.421,0.0,0.0,1.60,-0.410,0.140,-9.470,0.00000,0
105.431,0.0,0.0,1.60,-0.410,0.110,-9.520,0.00000,0
105.441,0.0,0.0,1.60,-0.410,0.110,-9.520,0.00000,0
105.451,0.0,0.0,1.60,-0.410,0.110,-9.520,0.00000,0
105.461,0.0,0.0,1.60,-0.410,0.110,-9.520,0.00000,0
105.471,0.0,0.0,1.60,-0.410,0.110,-9.520,0.00000,0
105.482,0.0,0.0,1.60,-0.400,0.120,-9.450,0.00000,0
105.492,0.0,0.0,1.60,-0.400,0.120,-9.450,0.00000,0
105.502,0.0,0.0,1.60,-0.400,0.120,-9.450,0.00000,0
105.512,0.0,0.0,1.60,-0.400,0.120,-9.450,0.00000,0
105.522,0.0,0.0,1.60,-0.400,0.120,-9.450,0.00000,0
105.532,0.0,0.0,1.60,-0.400,0.110,-9.530,0.00000,0
105.543,0.0,0.0,1.60,-0.400,0.110,-9.530,0.00000,0
105.553,0.0,0.0,1.60,-0.400,0.110,-9.530,0.00000,0
105.563,0.0,0.0,1.60,-0.400,0.110,-9.530,0.00000,0
105.573,0.0,0.0,1.60,-0.390,0.170,-9.520,0.00000,0
105.583,0.0,0.0,1.60,-0.390,0.170,-9.520,0.00000,0
105.593,0.0,0.0,1.60,-0.390,0.170,-9.520,0.00000,0
105.603,0.0,0.0,1.60,-0.390,0.170,-9.520,0.00000,0
105.614,0.0,0.0,1.60,-0.390,0.170,-9.520,0.00000,0
105.624,0.0,0.0,1.60,-0.400,0.140,-9.490,0.00000,0
105.634,0.0,0.0,1.60,-0.400,0.140,-9.490,0.00000,0
105.644,0.0,0.0,1.60,-0.400,0.140,-9.490,0.00000,0
105.654,0.0,0.0,1.60,-0.400,0.140,-9.490,0.00000,0
105.664,0.0,0.0,1.60,-0.400,0.140,-9.490,0.00000,0
105.674,0.0,0.0,1.60,-0.440,0.120,-9.500,0.00000,0
105.684,0.0,0.0,1.60,-0.440,0.120,-9.500,0.00000,0
105.695,0.0,0.0,1.60,-0.440,0.120,-9.500,0.00000,0
105.705,0.0,0.0,1.60,-0.440,0.120,-9.500,0.00000,0
105.715,0.0,0.0,1.60,-0.440,0.120,-9.500,0.00000,0
105.725,0.0,0.0,1.60,-0.400,0.130,-9.520,0.00000,0
105.735,0.0,0.0,1.60,-0.400,0.130,-9.520,0.00000,0
105.745,0.0,0.0,1.60,-0.400,0.130,-9.520,0.00000,0
105.755,0.0,0.0,1.60,-0.400,0.130,-9.520,0.00000,0
105.766,0.0,0.0,1.60,-0.400,0.130,-9.520,0.00000,0
105.776,0.0,0.0,1.60,-0.430,0.170,-9.480,0.00000,0
105.786,0.0,0.0,1.60,-0.430,0.170,-9.480,0.00000,0
105.796,0.0,0.0,1.60,-0.430,0.170,-9.480,0.00000,0
105.806,0.0,0.0,1.60,-0.430,0.170,-9.480,0.00000,0
105.816,0.0,0.0,1.60,-0.430,0.170,-9.480,0.00000,0
105.826,0.0,0.0,1.60,-0.370,0.110,-9.460,0.00000,0
105.836,0.0,0.0,1.60,-0.370,0.110,-9.460,0.00000,0
105.847,0.0,0.0,1.60,-0.370,0.110,-9.460,0.00000,0
105.857,0.0,0.0,1.60,-0.370,0.110,-9.460,0.00000,0
105.867,0.0,0.0,1.60,-0.370,0.110,-9.460,0.00000,0
105.877,0.0,0.0,1.60,-0.380,0.110,-9.480,0.00000,0
105.887,0.0,0.0,1.60,-0.380,0.110,-9.480,0.00000,0
105.897,0.0,0.0,1.60,-0.380,0.110,-9.480,0.00000,0
105.908,0.0,0.0,1.60,-0.380,0.110,-9.480,0.00000,0
105.918,0.0,0.0,1.60,-0.380,0.110,-9.480,0.00000,0
105.928,0.0,0.0,1.60,-0.440,0.110,-9.440,0.00000,0
105.938,0.0,0.0,1.60,-0.440,0.110,-9.440,0.00000,0
105.948,0.0,0.0,1.60,-0.440,0.110,-9.440,0.00000,0
105.958,0.0,0.0,1.60,-0.440,0.110,-9.440,0.00000,0
105.968,0.0,0.0,1.60,-0.440,0.110,-9.440,0.00000,0
105.979,0.0,0.0,1.60,-0.420,0.140,-9.500,0.00000,0
105.989,0.0,0.0,1.60,-0.420,0.140,-9.500,0.00000,0
105.999,0.0,0.0,1.60,-0.420,0.140,-9.500,0.00000,0
106.009,0.0,0.0,1.60,-0.420,0.140,-9.500,0.00000,0
106.019,0.0,0.0,1.60,-0.420,0.140,-9.500,0.00000,0
106.029,0.0,0.0,1.60,-0.420,0.100,-9.440,0.00000,0
106.039,0.0,0.0,1.60,-0.420,0.100,-9.440,0.00000,0
106.049,0.0,0.0,1.60,-0.420,0.100,-9.440,0.00000,0
106.060,0.0,0.0,1.60,-0.420,0.100,-9.440,0.00000,0
106.070,0.0,0.0,1.60,-0.370,0.140,-9.460,0.00000,0
106.080,0.0,0.0,1.60,-0.370,0.140,-9.460,0.00000,0
106.090,0.0,0.0,1.60,-0.370,0.140,-9.460,0.00000,0
106.100,0.0,0.0,1.60,-0.370,0.140,-9.460,0.00000,0
106.110,0.0,0.0,1.60,-0.370,0.140,-9.460,0.00000,0
106.120,0.0,0.0,1.60,-0.370,0.110,-9.440,0.00000,0
106.130,0.0,0.0,1.60,-0.370,0.110,-9.440,0.00000,0
106.140,0.0,0.0,1.60,-0.370,0.110,-9.440,0.00000,0
106.151,0.0,0.0,1.60,-0.370,0.110,-9.440,0.00000,0
106.161,0.0,0.0,1.60,-0.370,0.110,-9.440,0.00000,0
106.171,0.0,0.0,1.60,-0.370,0.110,-9.440,0.00000,0
106.181,0.0,0.0,1.60,-0.380,0.120,-9.510,0.00000,0
106.191,0.0,0.0,1.60,-0.380,0.120,-9.510,0.00000,0
106.201,0.0,0.0,1.60,-0.380,0.120,-9.510,0.00000,0
106.212,0.0,0.0,1.60,-0.380,0.120,-9.510,0.00000,0
106.222,0.0,0.0,1.60,-0.380,0.120,-9.510,0.00000,0
106.232,0.0,0.0,1.60,-0.430,0.130,-9.410,0.00000,0
106.243,0.0,0.0,1.60,-0.430,0.130,-9.410,0.00000,0
106.253,0.0,0.0,1.60,-0.430,0.130,-9.410,0.00000,0
106.263,0.0,0.0,1.60,-0.430,0.130,-9.410,0.00000,0
106.273,0.0,0.0,1.60,-0.430,0.130,-9.410,0.00000,0
106.283,0.0,0.0,1.60,-0.360,0.140,-9.500,0.00000,0
106.293,0.0,0.0,1.60,-0.360,0.140,-9.500,0.00000,0
106.303,0.0,0.0,1.60,-0.360,0.140,-9.500,0.00000,0
106.313,0.0,0.0,1.60,-0.360,0.140,-9.500,0.00000,0
106.323,0.0,0.0,1.60,-0.360,0.120,-9.470,0.00000,0
106.334,0.0,0.0,1.60,-0.360,0.120,-9.470,0.00000,0
106.344,0.0,0.0,1.60,-0.360,0.120,-9.470,0.00000,0
106.354,0.0,0.0,1.60,-0.360,0.120,-9.470,0.00000,0
106.364,0.0,0.0,1.60,-0.360,0.120,-9.470,0.00000,0
106.374,0.0,0.0,1.60,-0.360,0.120,-9.490,0.00000,0
106.384,0.0,0.0,1.60,-0.360,0.120,-9.490,0.00000,0
106.394,0.0,0.0,1.60,-0.360,0.120,-9.490,0.00000,0
106.405,0.0,0.0,1.60,-0.360,0.120,-9.490,0.00000,0
106.415,0.0,0.0,1.60,-0.360,0.120,-9.490,0.00000,0
106.425,0.0,0.0,1.60,-0.420,0.090,-9.500,0.00000,0
106.435,0.0,0.0,1.60,-0.420,0.090,-9.500,0.00000,0
106.445,0.0,0.0,1.60,-0.420,0.090,-9.500,0.00000,0
106.455,0.0,0.0,1.60,-0.420,0.090,-9.500,0.00000,0
106.465,0.0,0.0,1.60,-0.420,0.090,-9.500,0.00000,0
106.475,0.0,0.0,1.60,-0.400,0.110,-9.510,0.00000,0
106.486,0.0,0.0,1.60,-0.400,0.110,-9.510,0.00000,0
106.496,0.0,0.0,1.60,-0.400,0.110,-9.510,0.00000,0
106.506,0.0,0.0,1.60,-0.400,0.110,-9.510,0.00000,0
106.516,0.0,0.0,1.60,-0.400,0.110,-9.510,0.00000,0
106.526,0.0,0.0,1.60,-0.400,0.120,-9.490,0.00000,0
106.536,0.0,0.0,1.60,-0.400,0.120,-9.490,0.00000,0
106.546,0.0,0.0,1.60,-0.400,0.120,-9.490,0.00000,0
106.557,0.0,0.0,1.60,-0.400,0.120,-9.490,0.00000,0
106.567,0.0,0.0,1.60,-0.400,0.120,-9.490,0.00000,0
106.577,0.0,0.0,1.60,-0.400,0.120,-9.490,0.00000,0
106.587,0.0,0.0,1.60,-0.400,0.140,-9.480,0.00000,0
106.597,0.0,0.0,1.60,-0.400,0.140,-9.480,0.00000,0
106.607,0.0,0.0,1.60,-0.400,0.140,-9.480,0.00000,0
106.617,0.0,0.0,1.60,-0.400,0.140,-9.480,0.00000,0
106.627,0.0,0.0,1.60,-0.430,0.110,-9.550,0.00000,0
106.638,0.0,0.0,1.60,-0.430,0.110,-9.550,0.00000,0
106.648,0.0,0.0,1.60,-0.430,0.110,-9.550,0.00000,0
106.658,0.0,0.0,1.60,-0.430,0.110,-9.550,0.00000,0
106.668,0.0,0.0,1.60,-0.430,0.110,-9.550,0.00000,0
106.678,0.0,0.0,1.60,-0.400,0.100,-9.450,0.00000,0
106.688,0.0,0.0,1.60,-0.400,0.100,-9.450,0.00000,0
106.698,0.0,0.0,1.60,-0.400,0.100,-9.450,0.00000,0
106.709,0.0,0.0,1.60,-0.400,0.100,-9.450,0.00000,0
106.719,0.0,0.0,1.60,-0.400,0.100,-9.450,0.00000,0
106.729,0.0,0.0,1.60,-0.420,0.110,-9.470,0.00000,0
106.739,0.0,0.0,1.60,-0.420,0.110,-9.470,0.00000,0
106.749,0.0,0.0,1.60,-0.420,0.110,-9.470,0.00000,0
106.759,0.0,0.0,1.60,-0.420,0.110,-9.470,0.00000,0
106.769,0.0,0.0,1.60,-0.420,0.110,-9.470,0.00000,0
106.779,0.0,0.0,1.60,-0.390,0.150,-9.420,0.00000,0
106.790,0.0,0.0,1.60,-0.390,0.150,-9.420,0.00000,0
106.800,0.0,0.0,1.60,-0.390,0.150,-9.420,0.00000,0
106.810,0.0,0.0,1.60,-0.390,0.150,-9.420,0.00000,0
106.820,0.0,0.0,1.60,-0.390,0.150,-9.420,0.00000,0
106.830,0.0,0.0,1.60,-0.410,0.110,-9.480,0.00000,0
106.840,0.0,0.0,1.60,-0.410,0.110,-9.480,0.00000,0
106.850,0.0,0.0,1.60,-0.410,0.110,-9.480,0.00000,0
106.860,0.0,0.0,1.60,-0.410,0.110,-9.480,0.00000,0
106.871,0.0,0.0,1.60,-0.380,0.130,-9.460,0.00000,0
106.881,0.0,0.0,1.60,-0.380,0.130,-9.460,0.00000,0
106.891,0.0,0.0,1.60,-0.380,0.130,-9.460,0.00000,0
106.901,0.0,0.0,1.60,-0.380,0.130,-9.460,0.00000,0
106.911,0.0,0.0,1.60,-0.380,0.130,-9.460,0.00000,0
106.921,0.0,0.0,1.60,-0.390,0.120,-9.530,0.00000,0
106.931,0.0,0.0,1.60,-0.390,0.120,-9.530,0.00000,0
106.941,0.0,0.0,1.60,-0.390,0.120,-9.530,0.00000,0
106.952,0.0,0.0,1.60,-0.390,0.120,-9.530,0.00000,0
106.962,0.0,0.0,1.60,-0.390,0.120,-9.530,0.00000,0
106.972,0.0,0.0,1.60,-0.390,0.120,-9.530,0.00000,0
106.982,0.0,0.0,1.60,-0.400,0.120,-9.470,0.00000,0
106.992,0.0,0.0,1.60,-0.400,0.120,-9.470,0.00000,0
107.002,0.0,0.0,1.60,-0.400,0.120,-9.470,0.00000,0
107.012,0.0,0.0,1.60,-0.400,0.120,-9.470,0.00000,0
107.023,0.0,0.0,1.60,-0.400,0.120,-9.470,0.00000,0
107.033,0.0,0.0,1.60,-0.430,0.130,-9.450,0.00000,0
107.043,0.0,0.0,1.60,-0.430,0.130,-9.450,0.00000,0
107.053,0.0,0.0,1.60,-0.430,0.130,-9.450,0.00000,0
107.063,0.0,0.0,1.60,-0.430,0.130,-9.450,0.00000,0
107.073,0.0,0.0,1.60,-0.430,0.130,-9.450,0.00000,0
107.083,0.0,0.0,1.60,-0.440,0.110,-9.460,0.00000,0
107.094,0.0,0.0,1.60,-0.440,0.110,-9.460,0.00000,0
107.104,0.0,0.0,1.60,-0.440,0.110,-9.460,0.00000,0
107.114,0.0,0.0,1.60,-0.440,0.110,-9.460,0.00000,0
107.124,0.0,0.0,1.60,-0.410,0.130,-9.520,0.00000,0
107.134,0.0,0.0,1.60,-0.410,0.130,-9.520,0.00000,0
107.144,0.0,0.0,1.60,-0.410,0.130,-9.520,0.00000,0
107.154,0.0,0.0,1.60,-0.410,0.130,-9.520,0.00000,0
107.165,0.0,0.0,1.60,-0.410,0.130,-9.520,0.00000,0
107.175,0.0,0.0,1.60,-0.390,0.110,-9.490,0.00000,0
107.185,0.0,0.0,1.60,-0.390,0.110,-9.490,0.00000,0
107.195,0.0,0.0,1.60,-0.390,0.110,-9.490,0.00000,0
107.205,0.0,0.0,1.60,-0.390,0.110,-9.490,0.00000,0
107.215,0.0,0.0,1.60,-0.390,0.110,-9.490,0.00000,0
107.226,0.0,0.0,1.60,-0.410,0.090,-9.490,0.00000,0
107.236,0.0,0.0,1.60,-0.410,0.090,-9.490,0.00000,0
107.246,0.0,0.0,1.60,-0.410,0.090,-9.490,0.00000,0
107.256,0.0,0.0,1.60,-0.410,0.090,-9.490,0.00000,0
107.266,0.0,0.0,1.60,-0.410,0.090,-9.490,0.00000,0
107.276,0.0,0.0,1.60,-0.400,0.110,-9.520,0.00000,0
107.286,0.0,0.0,1.60,-0.400,0.110,-9.520,0.00000,0
107.297,0.0,0.0,1.60,-0.400,0.110,-9.520,0.00000,0
107.307,0.0,0.0,1.60,-0.400,0.110,-9.520,0.00000,0
107.317,0.0,0.0,1.60,-0.400,0.110,-9.520,0.00000,0
107.327,0.0,0.0,1.60,-0.400,0.110,-9.520,0.00000,0
107.337,0.0,0.0,1.60,-0.430,0.110,-9.470,0.00000,0
107.347,0.0,0.0,1.60,-0.430,0.110,-9.470,0.00000,0
107.358,0.0,0.0,1.60,-0.430,0.110,-9.470,0.00000,0
107.368,0.0,0.0,1.60,-0.430,0.110,-9.470,0.00000,0
107.378,0.0,0.0,1.60,-0.450,0.150,-9.520,0.00000,0
107.388,0.0,0.0,1.60,-0.450,0.150,-9.520,0.00000,0
107.398,0.0,0.0,1.60,-0.450,0.150,-9.520,0.00000,0
107.408,0.0,0.0,1.60,-0.450,0.150,-9.520,0.00000,0
107.418,0.0,0.0,1.60,-0.450,0.150,-9.520,0.00000,0
107.428,0.0,0.0,1.60,-0.400,0.160,-9.480,0.00000,0
107.439,0.0,0.0,1.60,-0.400,0.160,-9.480,0.00000,0
107.449,0.0,0.0,1.60,-0.400,0.160,-9.480,0.00000,0
107.459,0.0,0.0,1.60,-0.400,0.160,-9.480,0.00000,0
107.469,0.0,0.0,1.60,-0.400,0.160,-9.480,0.00000,0
107.479,0.0,0.0,1.60,-0.380,0.120,-9.560,0.00000,0
107.489,0.0,0.0,1.60,-0.380,0.120,-9.560,0.00000,0
107.499,0.0,0.0,1.60,-0.380,0.120,-9.560,0.00000,0
107.510,0.0,0.0,1.60,-0.380,0.120,-9.560,0.00000,0
107.520,0.0,0.0,1.60,-0.380,0.120,-9.560,0.00000,0
107.530,0.0,0.0,1.60,-0.430,0.120,-9.520,0.00000,0
107.540,0.0,0.0,1.60,-0.430,0.120,-9.520,0.00000,0
107.550,0.0,0.0,1.60,-0.430,0.120,-9.520,0.00000,0
107.560,0.0,0.0,1.60,-0.430,0.120,-9.520,0.00000,0
107.570,0.0,0.0,1.60,-0.430,0.120,-9.520,0.00000,0
107.581,0.0,0.0,1.60,-0.410,0.100,-9.470,0.00000,0
107.591,0.0,0.0,1.60,-0.410,0.100,-9.470,0.00000,0
107.601,0.0,0.0,1.60,-0.410,0.100,-9.470,0.00000,0
107.611,0.0,0.0,1.60,-0.410,0.100,-9.470,0.00000,0
107.621,0.0,0.0,1.60,-0.470,0.130,-9.480,0.00000,0
107.631,0.0,0.0,1.60,-0.470,0.130,-9.480,0.00000,0
107.641,0.0,0.0,1.60,-0.470,0.130,-9.480,0.00000,0
107.651,0.0,0.0,1.60,-0.470,0.130,-9.480,0.00000,0
107.662,0.0,0.0,1.60,-0.470,0.130,-9.480,0.00000,0
107.672,0.0,0.0,1.60,-0.360,0.100,-9.410,0.00000,0
107.682,0.0,0.0,1.60,-0.360,0.100,-9.410,0.00000,0
107.692,0.0,0.0,1.60,-0.360,0.100,-9.410,0.00000,0
107.702,0.0,0.0,1.60,-0.360,0.100,-9.410,0.00000,0
107.712,0.0,0.0,1.60,-0.360,0.100,-9.410,0.00000,0
107.722,0.0,0.0,1.60,-0.360,0.100,-9.410,0.00000,0
107.732,0.0,0.0,1.60,-0.400,0.120,-9.470,0.00000,0
107.743,0.0,0.0,1.60,-0.400,0.120,-9.470,0.00000,0
107.753,0.0,0.0,1.60,-0.400,0.120,-9.470,0.00000,0
107.763,0.0,0.0,1.60,-0.400,0.120,-9.470,0.00000,0
107.773,0.0,0.0,1.60,-0.400,0.120,-9.470,0.00000,0
107.783,0.0,0.0,1.60,-0.390,0.120,-9.450,0.00000,0
107.793,0.0,0.0,1.60,-0.390,0.120,-9.450,0.00000,0
107.803,0.0,0.0,1.60,-0.390,0.120,-9.450,0.00000,0
107.814,0.0,0.0,1.60,-0.390,0.120,-9.450,0.00000,0
107.824,0.0,0.0,1.60,-0.390,0.120,-9.450,0.00000,0
107.834,0.0,0.0,1.60,-0.450,0.120,-9.490,0.00000,0
107.844,0.0,0.0,1.60,-0.450,0.120,-9.490,0.00000,0
107.854,0.0,0.0,1.60,-0.450,0.120,-9.490,0.00000,0
107.864,0.0,0.0,1.60,-0.450,0.120,-9.490,0.00000,0
107.874,0.0,0.0,1.60,-0.360,0.100,-9.430,0.00000,0
107.885,0.0,0.0,1.60,-0.360,0.100,-9.430,0.00000,0
107.895,0.0,0.0,1.60,-0.360,0.100,-9.430,0.00000,0
107.905,0.0,0.0,1.60,-0.360,0.100,-9.430,0.00000,0
107.916,0.0,0.0,1.60,-0.360,0.100,-9.430,0.00000,0
107.926,0.0,0.0,1.60,-0.360,0.100,-9.430,0.00000,0
107.936,0.0,0.0,1.60,-0.390,0.150,-9.470,0.00000,0
107.946,0.0,0.0,1.60,-0.390,0.150,-9.470,0.00000,0
107.956,0.0,0.0,1.60,-0.390,0.150,-9.470,0.00000,0
107.966,0.0,0.0,1.60,-0.390,0.150,-9.470,0.00000,0
107.976,0.0,0.0,1.60,-0.390,0.140,-9.530,0.00000,0
107.987,0.0,0.0,1.60,-0.390,0.140,-9.530,0.00000,0
107.997,0.0,0.0,1.60,-0.390,0.140,-9.530,0.00000,0
108.007,0.0,0.0,1.60,-0.390,0.140,-9.530,0.00000,0
108.017,0.0,0.0,1.60,-0.390,0.140,-9.530,0.00000,0
108.027,0.0,0.0,1.60,-0.400,0.120,-9.480,0.00000,0
108.037,0.0,0.0,1.60,-0.400,0.120,-9.480,0.00000,0
108.047,0.0,0.0,1.60,-0.400,0.120,-9.480,0.00000,0
108.057,0.0,0.0,1.60,-0.400,0.120,-9.480,0.00000,0
108.068,0.0,0.0,1.60,-0.400,0.120,-9.480,0.00000,0
108.078,0.0,0.0,1.60,-0.390,0.120,-9.540,0.00000,0
108.088,0.0,0.0,1.60,-0.390,0.120,-9.540,0.00000,0
108.098,0.0,0.0,1.60,-0.390,0.120,-9.540,0.00000,0
108.108,0.0,0.0,1.60,-0.390,0.120,-9.540,0.00000,0
108.118,0.0,0.0,1.60,-0.390,0.120,-9.540,0.00000,0
108.128,0.0,0.0,1.60,-0.420,0.110,-9.550,0.00000,0
108.139,0.0,0.0,1.60,-0.420,0.110,-9.550,0.00000,0
108.149,0.0,0.0,1.60,-0.420,0.110,-9.550,0.00000,0
108.159,0.0,0.0,1.60,-0.420,0.110,-9.550,0.00000,0
108.169,0.0,0.0,1.60,-0.420,0.110,-9.550,0.00000,0
108.179,0.0,0.0,1.60,-0.430,0.130,-9.470,0.00000,0
108.189,0.0,0.0,1.60,-0.430,0.130,-9.470,0.00000,0
108.199,0.0,0.0,1.60,-0.430,0.130,-9.470,0.00000,0
108.210,0.0,0.0,1.60,-0.430,0.130,-9.470,0.00000,0
108.220,0.0,0.0,1.60,-0.430,0.130,-9.470,0.00000,0
108.230,0.0,0.0,1.60,-0.440,0.110,-9.540,0.00000,0
108.240,0.0,0.0,1.60,-0.440,0.110,-9.540,0.00000,0
108.250,0.0,0.0,1.60,-0.440,0.110,-9.540,0.00000,0
108.260,0.0,0.0,1.60,-0.440,0.110,-9.540,0.00000,0
108.271,0.0,0.0,1.60,-0.440,0.110,-9.540,0.00000,0
108.281,0.0,0.0,1.60,-0.420,0.080,-9.470,0.00000,0
108.291,0.0,0.0,1.60,-0.420,0.080,-9.470,0.00000,0
108.301,0.0,0.0,1.60,-0.420,0.080,-9.470,0.00000,0
108.311,0.0,0.0,1.60,-0.420,0.080,-9.470,0.00000,0
108.321,0.0,0.0,1.60,-0.420,0.080,-9.470,0.00000,0
108.331,0.0,0.0,1.60,-0.380,0.130,-9.520,0.00000,0
108.342,0.0,0.0,1.60,-0.380,0.130,-9.520,0.00000,0
108.352,0.0,0.0,1.60,-0.380,0.130,-9.520,0.00000,0
108.362,0.0,0.0,1.60,-0.380,0.130,-9.520,0.00000,0
108.372,0.0,0.0,1.60,-0.430,0.120,-9.520,0.00000,0
108.382,0.0,0.0,1.60,-0.430,0.120,-9.520,0.00000,0
108.392,0.0,0.0,1.60,-0.430,0.120,-9.520,0.00000,0
108.403,0.0,0.0,1.60,-0.430,0.120,-9.520,0.00000,0
108.413,0.0,0.0,1.60,-0.430,0.120,-9.520,0.00000,0
108.423,0.0,0.0,1.60,-0.390,0.110,-9.520,0.00000,0
108.433,0.0,0.0,1.60,-0.390,0.110,-9.520,0.00000,0
108.443,0.0,0.0,1.60,-0.390,0.110,-9.520,0.00000,0
108.453,0.0,0.0,1.60,-0.390,0.110,-9.520,0.00000,0
108.463,0.0,0.0,1.60,-0.390,0.110,-9.520,0.00000,0
108.473,0.0,0.0,1.60,-0.430,0.120,-9.520,0.00000,0
108.483,0.0,0.0,1.60,-0.430,0.120,-9.520,0.00000,0
108.494,0.0,0.0,1.60,-0.430,0.120,-9.520,0.00000,0
108.504,0.0,0.0,1.60,-0.430,0.120,-9.520,0.00000,0
108.514,0.0,0.0,1.60,-0.430,0.120,-9.520,0.00000,0
108.524,0.0,0.0,1.60,-0.430,0.120,-9.520,0.00000,0
108.534,0.0,0.0,1.60,-0.420,0.140,-9.510,0.00000,0
108.544,0.0,0.0,1.60,-0.420,0.140,-9.510,0.00000,0
108.555,0.0,0.0,1.60,-0.420,0.140,-9.510,0.00000,0
108.565,0.0,0.0,1.60,-0.420,0.140,-9.510,0.00000,0
108.575,0.0,0.0,1.60,-0.420,0.140,-9.510,0.00000,0
108.585,0.0,0.0,1.60,-0.410,0.130,-9.460,0.00000,0
108.595,0.0,0.0,1.60,-0.410,0.130,-9.460,0.00000,0
108.605,0.0,0.0,1.60,-0.410,0.130,-9.460,0.00000,0
108.615,0.0,0.0,1.60,-0.410,0.130,-9.460,0.00000,0
108.626,0.0,0.0,1.60,-0.410,0.130,-9.410,0.00000,0
108.636,0.0,0.0,1.60,-0.410,0.130,-9.410,0.00000,0
108.647,0.0,0.0,1.60,-0.410,0.130,-9.410,0.00000,0
108.657,0.0,0.0,1.60,-0.410,0.130,-9.410,0.00000,0
108.667,0.0,0.0,1.60,-0.410,0.130,-9.410,0.00000,0
108.677,0.0,0.0,1.60,-0.350,0.140,-9.390,0.00000,0
108.687,0.0,0.0,1.60,-0.350,0.140,-9.390,0.00000,0
108.697,0.0,0.0,1.60,-0.350,0.140,-9.390,0.00000,0
108.707,0.0,0.0,1.60,-0.350,0.140,-9.390,0.00000,0
108.718,0.0,0.0,1.60,-0.350,0.140,-9.390,0.00000,0
108.728,0.0,0.0,1.60,-0.410,0.110,-9.500,0.00000,0
108.738,0.0,0.0,1.60,-0.410,0.110,-9.500,0.00000,0
108.748,0.0,0.0,1.60,-0.410,0.110,-9.500,0.00000,0
108.758,0.0,0.0,1.60,-0.410,0.110,-9.500,0.00000,0
108.768,0.0,0.0,1.60,-0.410,0.110,-9.500,0.00000,0
108.778,0.0,0.0,1.60,-0.370,0.090,-9.500,0.00000,0
108.789,0.0,0.0,1.60,-0.370,0.090,-9.500,0.00000,0
108.799,0.0,0.0,1.60,-0.370,0.090,-9.500,0.00000,0
108.809,0.0,0.0,1.60,-0.370,0.090,-9.500,0.00000,0
108.819,0.0,0.0,1.60,-0.370,0.090,-9.500,0.00000,0
108.829,0.0,0.0,1.60,-0.390,0.140,-9.450,0.00000,0
108.839,0.0,0.0,1.60,-0.390,0.140,-9.450,0.00000,0
108.849,0.0,0.0,1.60,-0.390,0.140,-9.450,0.00000,0
108.860,0.0,0.0,1.60,-0.390,0.140,-9.450,0.00000,0
108.870,0.0,0.0,1.60,-0.350,0.110,-9.510,0.00000,0
108.880,0.0,0.0,1.60,-0.350,0.110,-9.510,0.00000,0
108.890,0.0,0.0,1.60,-0.350,0.110,-9.510,0.00000,0
108.900,0.0,0.0,1.60,-0.350,0.110,-9.510,0.00000,0
108.910,0.0,0.0,1.60,-0.350,0.110,-9.510,0.00000,0
108.920,0.0,0.0,1.60,-0.350,0.110,-9.510,0.00000,0
108.930,0.0,0.0,1.60,-0.380,0.130,-9.540,0.00000,0
108.941,0.0,0.0,1.60,-0.380,0.130,-9.540,0.00000,0
108.951,0.0,0.0,1.60,-0.380,0.130,-9.540,0.00000,0
108.961,0.0,0.0,1.60,-0.380,0.130,-9.540,0.00000,0
108.971,0.0,0.0,1.60,-0.380,0.130,-9.540,0.00000,0
108.981,0.0,0.0,1.60,-0.350,0.150,-9.570,0.00000,0
108.991,0.0,0.0,1.60,-0.350,0.150,-9.570,0.00000,0
109.001,0.0,0.0,1.60,-0.350,0.150,-9.570,0.00000,0
109.011,0.0,0.0,1.60,-0.350,0.150,-9.570,0.00000,0
109.022,0.0,0.0,1.60,-0.350,0.150,-9.570,0.00000,0
109.032,0.0,0.0,1.60,-0.440,0.110,-9.510,0.00000,0
109.042,0.0,0.0,1.60,-0.440,0.110,-9.510,0.00000,0
109.052,0.0,0.0,1.60,-0.440,0.110,-9.510,0.00000,0
109.062,0.0,0.0,1.60,-0.440,0.110,-9.510,0.00000,0
109.072,0.0,0.0,1.60,-0.440,0.110,-9.510,0.00000,0
109.082,0.0,0.0,1.60,-0.370,0.110,-9.450,0.00000,0
109.092,0.0,0.0,1.60,-0.370,0.110,-9.450,0.00000,0
109.103,0.0,0.0,1.60,-0.370,0.110,-9.450,0.00000,0
109.113,0.0,0.0,1.60,-0.370,0.110,-9.450,0.00000,0
109.123,0.0,0.0,1.60,-0.420,0.130,-9.450,0.00000,0
109.133,0.0,0.0,1.60,-0.420,0.130,-9.450,0.00000,0
109.143,0.0,0.0,1.60,-0.420,0.130,-9.450,0.00000,0
109.153,0.0,0.0,1.60,-0.420,0.130,-9.450,0.00000,0
109.163,0.0,0.0,1.60,-0.420,0.130,-9.450,0.00000,0
109.174,0.0,0.0,1.60,-0.360,0.160,-9.440,0.00000,0
109.184,0.0,0.0,1.60,-0.360,0.160,-9.440,0.00000,0
109.194,0.0,0.0,1.60,-0.360,0.160,-9.440,0.00000,0
109.204,0.0,0.0,1.60,-0.360,0.160,-9.440,0.00000,0
109.214,0.0,0.0,1.60,-0.360,0.160,-9.440,0.00000,0
109.224,0.0,0.0,1.60,-0.380,0.140,-9.440,0.00000,0
109.234,0.0,0.0,1.60,-0.380,0.140,-9.440,0.00000,0
109.244,0.0,0.0,1.60,-0.380,0.140,-9.440,0.00000,0
109.255,0.0,0.0,1.60,-0.380,0.140,-9.440,0.00000,0
109.265,0.0,0.0,1.60,-0.380,0.140,-9.440,0.00000,0
109.275,0.0,0.0,1.60,-0.380,0.140,-9.440,0.00000,0
109.285,0.0,0.0,1.60,-0.440,0.120,-9.540,0.00000,0
109.295,0.0,0.0,1.60,-0.440,0.120,-9.540,0.00000,0
109.305,0.0,0.0,1.60,-0.440,0.120,-9.540,0.00000,0
109.315,0.0,0.0,1.60,-0.440,0.120,-9.540,0.00000,0
109.325,0.0,0.0,1.60,-0.440,0.120,-9.540,0.00000,0
109.336,0.0,0.0,1.60,-0.380,0.140,-9.520,0.00000,0
109.346,0.0,0.0,1.60,-0.380,0.140,-9.520,0.00000,0
109.356,0.0,0.0,1.60,-0.380,0.140,-9.520,0.00000,0
109.366,0.0,0.0,1.60,-0.380,0.140,-9.520,0.00000,0
109.376,0.0,0.0,1.60,-0.420,0.120,-9.520,0.00000,0
109.387,0.0,0.0,1.60,-0.420,0.120,-9.520,0.00000,0
109.398,0.0,0.0,1.60,-0.420,0.120,-9.520,0.00000,0
109.408,0.0,0.0,1.60,-0.420,0.120,-9.520,0.00000,0
109.418,0.0,0.0,1.60,-0.420,0.120,-9.520,0.00000,0
109.428,0.0,0.0,1.60,-0.400,0.120,-9.500,0.00000,0
109.438,0.0,0.0,1.60,-0.400,0.120,-9.500,0.00000,0
109.448,0.0,0.0,1.60,-0.400,0.120,-9.500,0.00000,0
109.458,0.0,0.0,1.60,-0.400,0.120,-9.500,0.00000,0
109.469,0.0,0.0,1.60,-0.400,0.120,-9.500,0.00000,0
109.479,0.0,0.0,1.60,-0.390,0.120,-9.480,0.00000,0
109.489,0.0,0.0,1.60,-0.390,0.120,-9.480,0.00000,0
109.499,0.0,0.0,1.60,-0.390,0.120,-9.480,0.00000,0
109.509,0.0,0.0,1.60,-0.390,0.120,-9.480,0.00000,0
109.519,0.0,0.0,1.60,-0.390,0.120,-9.480,0.00000,0
109.530,0.0,0.0,1.60,-0.380,0.150,-9.490,0.00000,0
109.540,0.0,0.0,1.60,-0.380,0.150,-9.490,0.00000,0
109.550,0.0,0.0,1.60,-0.380,0.150,-9.490,0.00000,0
109.560,0.0,0.0,1.60,-0.380,0.150,-9.490,0.00000,0
109.570,0.0,0.0,1.60,-0.380,0.150,-9.490,0.00000,0
109.580,0.0,0.0,1.60,-0.390,0.130,-9.530,0.00000,0
109.590,0.0,0.0,1.60,-0.390,0.130,-9.530,0.00000,0
109.601,0.0,0.0,1.60,-0.390,0.130,-9.530,0.00000,0
109.611,0.0,0.0,1.60,-0.390,0.130,-9.530,0.00000,0
109.621,0.0,0.0,1.60,-0.380,0.110,-9.410,0.00000,0
109.631,0.0,0.0,1.60,-0.380,0.110,-9.410,0.00000,0
109.641,0.0,0.0,1.60,-0.380,0.110,-9.410,0.00000,0
109.651,0.0,0.0,1.60,-0.380,0.110,-9.410,0.00000,0
109.661,0.0,0.0,1.60,-0.380,0.110,-9.410,0.00000,0
109.671,0.0,0.0,1.60,-0.380,0.140,-9.470,0.00000,0
109.682,0.0,0.0,1.60,-0.380,0.140,-9.470,0.00000,0
109.692,0.0,0.0,1.60,-0.380,0.140,-9.470,0.00000,0
109.702,0.0,0.0,1.60,-0.380,0.140,-9.470,0.00000,0
109.712,0.0,0.0,1.60,-0.380,0.140,-9.470,0.00000,0
109.722,0.0,0.0,1.60,-0.380,0.140,-9.470,0.00000,0
109.732,0.0,0.0,1.60,-0.390,0.110,-9.510,0.00000,0
109.742,0.0,0.0,1.60,-0.390,0.110,-9.510,0.00000,0
109.753,0.0,0.0,1.60,-0.390,0.110,-9.510,0.00000,0
109.763,0.0,0.0,1.60,-0.390,0.110,-9.510,0.00000,0
109.773,0.0,0.0,1.60,-0.390,0.110,-9.510,0.00000,0
109.783,0.0,0.0,1.60,-0.390,0.090,-9.470,0.00000,0
109.793,0.0,0.0,1.60,-0.390,0.090,-9.470,0.00000,0
109.803,0.0,0.0,1.60,-0.390,0.090,-9.470,0.00000,0
109.813,0.0,0.0,1.60,-0.390,0.090,-9.470,0.00000,0
109.823,0.0,0.0,1.60,-0.390,0.090,-9.470,0.00000,0
109.834,0.0,0.0,1.60,-0.440,0.100,-9.500,0.00000,0
109.844,0.0,0.0,1.60,-0.440,0.100,-9.500,0.00000,0
109.854,0.0,0.0,1.60,-0.440,0.100,-9.500,0.00000,0
109.864,0.0,0.0,1.60,-0.440,0.100,-9.500,0.00000,0
109.874,0.0,0.0,1.60,-0.430,0.150,-9.490,0.00000,0
109.884,0.0,0.0,1.60,-0.430,0.150,-9.490,0.00000,0
109.894,0.0,0.0,1.60,-0.430,0.150,-9.490,0.00000,0
109.904,0.0,0.0,1.60,-0.430,0.150,-9.490,0.00000,0
109.915,0.0,0.0,1.60,-0.430,0.150,-9.490,0.00000,0
109.925,0.0,0.0,1.60,-0.420,0.140,-9.490,0.00000,0
109.935,0.0,0.0,1.60,-0.420,0.140,-9.490,0.00000,0
109.945,0.0,0.0,1.60,-0.420,0.140,-9.490,0.00000,0
109.955,0.0,0.0,1.60,-0.420,0.140,-9.490,0.00000,0
109.965,0.0,0.0,1.60,-0.420,0.140,-9.490,0.00000,0
109.975,0.0,0.0,1.60,-0.390,0.130,-9.520,0.00000,0
109.985,0.0,0.0,1.60,-0.390,0.130,-9.520,0.00000,0
109.996,0.0,0.0,1.60,-0.390,0.130,-9.520,0.00000,0
110.006,0.0,0.0,1.60,-0.390,0.130,-9.520,0.00000,0
110.016,0.0,0.0,1.60,-0.390,0.130,-9.520,0.00000,0
110.026,0.0,0.0,1.60,-0.390,0.110,-9.490,0.00000,0
110.036,0.0,0.0,1.60,-0.390,0.110,-9.490,0.00000,0
110.046,0.0,0.0,1.60,-0.390,0.110,-9.490,0.00000,0
110.057,0.0,0.0,1.60,-0.390,0.110,-9.490,0.00000,0
110.067,0.0,0.0,1.60,-0.390,0.110,-9.490,0.00000,0
110.077,0.0,0.0,1.60,-0.390,0.110,-9.490,0.00000,0
110.087,0.0,0.0,1.60,-0.420,0.100,-9.520,0.00000,0
110.097,0.0,0.0,1.60,-0.420,0.100,-9.520,0.00000,0
110.107,0.0,0.0,1.60,-0.420,0.100,-9.520,0.00000,0
110.117,0.0,0.0,1.60,-0.420,0.100,-9.520,0.00000,0
110.127,0.0,0.0,1.60,-0.340,0.120,-9.450,0.00000,0
110.137,0.0,0.0,1.60,-0.340,0.120,-9.450,0.00000,0
110.148,0.0,0.0,1.60,-0.340,0.120,-9.450,0.00000,0
110.158,0.0,0.0,1.60,-0.340,0.120,-9.450,0.00000,0
110.168,0.0,0.0,1.60,-0.340,0.120,-9.450,0.00000,0
110.178,0.0,0.0,1.60,-0.400,0.130,-9.390,0.00000,0
110.189,0.0,0.0,1.60,-0.400,0.130,-9.390,0.00000,0
110.199,0.0,0.0,1.60,-0.400,0.130,-9.390,0.00000,0
110.209,0.0,0.0,1.60,-0.400,0.130,-9.390,0.00000,0
110.219,0.0,0.0,1.60,-0.400,0.130,-9.390,0.00000,0
110.230,0.0,0.0,1.60,-0.400,0.110,-9.450,0.00000,0
110.240,0.0,0.0,1.60,-0.400,0.110,-9.450,0.00000,0
110.250,0.0,0.0,1.60,-0.400,0.110,-9.450,0.00000,0
110.260,0.0,0.0,1.60,-0.400,0.110,-9.450,0.00000,0
110.270,0.0,0.0,1.60,-0.400,0.110,-9.450,0.00000,0
110.280,0.0,0.0,1.60,-0.440,0.130,-9.480,0.00000,0
110.290,0.0,0.0,1.60,-0.440,0.130,-9.480,0.00000,0
110.301,0.0,0.0,1.60,-0.440,0.130,-9.480,0.00000,0
110.311,0.0,0.0,1.60,-0.440,0.130,-9.480,0.00000,0
110.321,0.0,0.0,1.60,-0.440,0.130,-9.480,0.00000,0
110.331,0.0,0.0,1.60,-0.400,0.100,-9.480,0.00000,0
110.341,0.0,0.0,1.60,-0.400,0.100,-9.480,0.00000,0
110.351,0.0,0.0,1.60,-0.400,0.100,-9.480,0.00000,0
110.361,0.0,0.0,1.60,-0.400,0.100,-9.480,0.00000,0
110.372,0.0,0.0,1.60,-0.390,0.170,-9.510,0.00000,0
110.382,0.0,0.0,1.60,-0.390,0.170,-9.510,0.00000,0
110.392,0.0,0.0,1.60,-0.390,0.170,-9.510,0.00000,0
110.402,0.0,0.0,1.60,-0.390,0.170,-9.510,0.00000,0
110.412,0.0,0.0,1.60,-0.390,0.170,-9.510,0.00000,0
110.422,0.0,0.0,1.60,-0.400,0.110,-9.510,0.00000,0
110.432,0.0,0.0,1.60,-0.400,0.110,-9.510,0.00000,0
110.442,0.0,0.0,1.60,-0.400,0.110,-9.510,0.00000,0
110.453,0.0,0.0,1.60,-0.400,0.110,-9.510,0.00000,0
110.463,0.0,0.0,1.60,-0.400,0.110,-9.510,0.00000,0
110.473,0.0,0.0,1.60,-0.400,0.110,-9.510,0.00000,0
110.483,0.0,0.0,1.60,-0.420,0.190,-9.530,0.00000,0
110.493,0.0,0.0,1.60,-0.420,0.190,-9.530,0.00000,0
110.503,0.0,0.0,1.60,-0.420,0.190,-9.530,0.00000,0
110.513,0.0,0.0,1.60,-0.420,0.190,-9.530,0.00000,0
110.524,0.0,0.0,1.60,-0.420,0.190,-9.530,0.00000,0
110.534,0.0,0.0,1.60,-0.390,0.110,-9.550,0.00000,0
110.544,0.0,0.0,1.60,-0.390,0.110,-9.550,0.00000,0
110.554,0.0,0.0,1.60,-0.390,0.110,-9.550,0.00000,0
110.564,0.0,0.0,1.60,-0.390,0.110,-9.550,0.00000,0
110.574,0.0,0.0,1.60,-0.390,0.110,-9.550,0.00000,0
110.584,0.0,0.0,1.60,-0.410,0.120,-9.460,0.00000,0
110.594,0.0,0.0,1.60,-0.410,0.120,-9.460,0.00000,0
110.605,0.0,0.0,1.60,-0.410,0.120,-9.460,0.00000,0
110.615,0.0,0.0,1.60,-0.410,0.120,-9.460,0.00000,0
110.625,0.0,0.0,1.60,-0.380,0.140,-9.440,0.00000,0
110.635,0.0,0.0,1.60,-0.380,0.140,-9.440,0.00000,0
110.645,0.0,0.0,1.60,-0.380,0.140,-9.440,0.00000,0
110.655,0.0,0.0,1.60,-0.380,0.140,-9.440,0.00000,0
110.665,0.0,0.0,1.60,-0.380,0.140,-9.440,0.00000,0
110.676,0.0,0.0,1.60,-0.410,0.120,-9.480,0.00000,0
110.686,0.0,0.0,1.60,-0.410,0.120,-9.480,0.00000,0
110.696,0.0,0.0,1.60,-0.410,0.120,-9.480,0.00000,0
110.706,0.0,0.0,1.60,-0.410,0.120,-9.480,0.00000,0
110.716,0.0,0.0,1.60,-0.410,0.120,-9.480,0.00000,0
110.726,0.0,0.0,1.60,-0.390,0.110,-9.470,0.00000,0
110.736,0.0,0.0,1.60,-0.390,0.110,-9.470,0.00000,0
110.746,0.0,0.0,1.60,-0.390,0.110,-9.470,0.00000,0
110.757,0.0,0.0,1.60,-0.390,0.110,-9.470,0.00000,0
110.767,0.0,0.0,1.60,-0.390,0.110,-9.470,0.00000,0
110.777,0.0,0.0,1.60,-0.420,0.120,-9.490,0.00000,0
110.787,0.0,0.0,1.60,-0.420,0.120,-9.490,0.00000,0
110.797,0.0,0.0,1.60,-0.420,0.120,-9.490,0.00000,0
110.807,0.0,0.0,1.60,-0.420,0.120,-9.490,0.00000,0
110.817,0.0,0.0,1.60,-0.420,0.120,-9.490,0.00000,0
110.827,0.0,0.0,1.60,-0.400,0.150,-9.520,0.00000,0
110.838,0.0,0.0,1.60,-0.400,0.150,-9.520,0.00000,0
110.848,0.0,0.0,1.60,-0.400,0.150,-9.520,0.00000,0
110.858,0.0,0.0,1.60,-0.400,0.150,-9.520,0.00000,0
110.868,0.0,0.0,1.60,-0.400,0.150,-9.520,0.00000,0
110.878,0.0,0.0,1.60,-0.400,0.150,-9.520,0.00000,0
110.888,0.0,0.0,1.60,-0.390,0.110,-9.430,0.00000,0
110.898,0.0,0.0,1.60,-0.390,0.110,-9.430,0.00000,0
110.909,0.0,0.0,1.60,-0.390,0.110,-9.430,0.00000,0
110.919,0.0,0.0,1.60,-0.390,0.110,-9.430,0.00000,0
110.929,0.0,0.0,1.60,-0.400,0.130,-9.470,0.00000,0
110.940,0.0,0.0,1.60,-0.400,0.130,-9.470,0.00000,0
110.950,0.0,0.0,1.60,-0.400,0.130,-9.470,0.00000,0
110.960,0.0,0.0,1.60,-0.400,0.130,-9.470,0.00000,0
110.971,0.0,0.0,1.60,-0.400,0.130,-9.470,0.00000,0
110.981,0.0,0.0,1.60,-0.390,0.110,-9.420,0.00000,0
110.991,0.0,0.0,1.60,-0.390,0.110,-9.420,0.00000,0
111.001,0.0,0.0,1.60,-0.390,0.110,-9.420,0.00000,0
111.011,0.0,0.0,1.60,-0.390,0.110,-9.420,0.00000,0
111.021,0.0,0.0,1.60,-0.390,0.110,-9.420,0.00000,0
111.031,0.0,0.0,1.60,-0.390,0.150,-9.520,0.00000,0
111.041,0.0,0.0,1.60,-0.390,0.150,-9.520,0.00000,0
111.052,0.0,0.0,1.60,-0.390,0.150,-9.520,0.00000,0
111.062,0.0,0.0,1.60,-0.390,0.150,-9.520,0.00000,0
111.072,0.0,0.0,1.60,-0.390,0.150,-9.520,0.00000,0
111.082,0.0,0.0,1.60,-0.420,0.140,-9.520,0.00000,0
111.092,0.0,0.0,1.60,-0.420,0.140,-9.520,0.00000,0
111.102,0.0,0.0,1.60,-0.420,0.140,-9.520,0.00000,0
111.112,0.0,0.0,1.60,-0.420,0.140,-9.520,0.00000,0
111.123,0.0,0.0,1.60,-0.420,0.140,-9.520,0.00000,0
111.133,0.0,0.0,1.60,-0.380,0.100,-9.440,0.00000,0
111.143,0.0,0.0,1.60,-0.380,0.100,-9.440,0.00000,0
111.153,0.0,0.0,1.60,-0.380,0.100,-9.440,0.00000,0
111.163,0.0,0.0,1.60,-0.380,0.100,-9.440,0.00000,0
111.173,0.0,0.0,1.60,-0.430,0.130,-9.460,0.00000,0
111.183,0.0,0.0,1.60,-0.430,0.130,-9.460,0.00000,0
111.193,0.0,0.0,1.60,-0.430,0.130,-9.460,0.00000,0
111.204,0.0,0.0,1.60,-0.430,0.130,-9.460,0.00000,0
111.214,0.0,0.0,1.60,-0.430,0.130,-9.460,0.00000,0
111.224,0.0,0.0,1.60,-0.430,0.100,-9.470,0.00000,0
111.234,0.0,0.0,1.60,-0.430,0.100,-9.470,0.00000,0
111.244,0.0,0.0,1.60,-0.430,0.100,-9.470,0.00000,0
111.254,0.0,0.0,1.60,-0.430,0.100,-9.470,0.00000,0
111.264,0.0,0.0,1.60,-0.430,0.100,-9.470,0.00000,0
111.275,0.0,0.0,1.60,-0.430,0.100,-9.470,0.00000,0
111.285,0.0,0.0,1.60,-0.430,0.140,-9.420,0.00000,0
111.295,0.0,0.0,1.60,-0.430,0.140,-9.420,0.00000,0
111.305,0.0,0.0,1.60,-0.430,0.140,-9.420,0.00000,0
111.315,0.0,0.0,1.60,-0.430,0.140,-9.420,0.00000,0
111.325,0.0,0.0,1.60,-0.430,0.140,-9.420,0.00000,0
111.335,0.0,0.0,1.60,-0.400,0.110,-9.540,0.00000,0
111.345,0.0,0.0,1.60,-0.400,0.110,-9.540,0.00000,0
111.356,0.0,0.0,1.60,-0.400,0.110,-9.540,0.00000,0
111.366,0.0,0.0,1.60,-0.400,0.110,-9.540,0.00000,0
111.376,0.0,0.0,1.60,-0.400,0.110,-9.540,0.00000,0
111.386,0.0,0.0,1.60,-0.370,0.090,-9.500,0.00000,0
111.396,0.0,0.0,1.60,-0.370,0.090,-9.500,0.00000,0
111.406,0.0,0.0,1.60,-0.370,0.090,-9.500,0.00000,0
111.416,0.0,0.0,1.60,-0.370,0.090,-9.500,0.00000,0
111.426,0.0,0.0,1.60,-0.390,0.110,-9.510,0.00000,0
111.437,0.0,0.0,1.60,-0.390,0.110,-9.510,0.00000,0
111.447,0.0,0.0,1.60,-0.390,0.110,-9.510,0.00000,0
111.457,0.0,0.0,1.60,-0.390,0.110,-9.510,0.00000,0
111.467,0.0,0.0,1.60,-0.390,0.110,-9.510,0.00000,0
111.477,0.0,0.0,1.60,-0.390,0.170,-9.510,0.00000,0
111.487,0.0,0.0,1.60,-0.390,0.170,-9.510,0.00000,0
111.497,0.0,0.0,1.60,-0.390,0.170,-9.510,0.00000,0
111.508,0.0,0.0,1.60,-0.390,0.170,-9.510,0.00000,0
111.518,0.0,0.0,1.60,-0.390,0.170,-9.510,0.00000,0
111.528,0.0,0.0,1.60,-0.430,0.120,-9.480,0.00000,0
111.538,0.0,0.0,1.60,-0.430,0.120,-9.480,0.00000,0
111.548,0.0,0.0,1.60,-0.430,0.120,-9.480,0.00000,0
111.558,0.0,0.0,1.60,-0.430,0.120,-9.480,0.00000,0
111.568,0.0,0.0,1.60,-0.430,0.120,-9.480,0.00000,0
111.579,0.0,0.0,1.60,-0.410,0.120,-9.450,0.00000,0
111.589,0.0,0.0,1.60,-0.410,0.120,-9.450,0.00000,0
111.599,0.0,0.0,1.60,-0.410,0.120,-9.450,0.00000,0
111.609,0.0,0.0,1.60,-0.410,0.120,-9.450,0.00000,0
111.619,0.0,0.0,1.60,-0.410,0.120,-9.450,0.00000,0
111.629,0.0,0.0,1.60,-0.420,0.130,-9.470,0.00000,0
111.639,0.0,0.0,1.60,-0.420,0.130,-9.470,0.00000,0
111.649,0.0,0.0,1.60,-0.420,0.130,-9.470,0.00000,0
111.660,0.0,0.0,1.60,-0.420,0.130,-9.470,0.00000,0
111.670,0.0,0.0,1.60,-0.420,0.130,-9.470,0.00000,0
111.680,0.0,0.0,1.60,-0.420,0.140,-9.450,0.00000,0
111.691,0.0,0.0,1.60,-0.420,0.140,-9.450,0.00000,0
111.701,0.0,0.0,1.60,-0.420,0.140,-9.450,0.00000,0
111.712,0.0,0.0,1.60,-0.420,0.140,-9.450,0.00000,0
111.722,0.0,0.0,1.60,-0.420,0.140,-9.450,0.00000,0
111.732,0.0,0.0,1.60,-0.410,0.100,-9.430,0.00000,0
111.742,0.0,0.0,1.60,-0.410,0.100,-9.430,0.00000,0
111.752,0.0,0.0,1.60,-0.410,0.100,-9.430,0.00000,0
111.762,0.0,0.0,1.60,-0.410,0.100,-9.430,0.00000,0
111.772,0.0,0.0,1.60,-0.410,0.100,-9.430,0.00000,0
111.782,0.0,0.0,1.60,-0.400,0.110,-9.410,0.00000,0
111.793,0.0,0.0,1.60,-0.400,0.110,-9.410,0.00000,0
111.803,0.0,0.0,1.60,-0.400,0.110,-9.410,0.00000,0
111.813,0.0,0.0,1.60,-0.400,0.110,-9.410,0.00000,0
111.823,0.0,0.0,1.60,-0.400,0.110,-9.410,0.00000,0
111.833,0.0,0.0,1.60,-0.380,0.110,-9.440,0.00000,0
111.843,0.0,0.0,1.60,-0.380,0.110,-9.440,0.00000,0
111.853,0.0,0.0,1.60,-0.380,0.110,-9.440,0.00000,0
111.863,0.0,0.0,1.60,-0.380,0.110,-9.440,0.00000,0
111.874,0.0,0.0,1.60,-0.380,0.110,-9.440,0.00000,0
111.884,0.0,0.0,1.60,-0.410,0.140,-9.450,0.00000,0
111.894,0.0,0.0,1.60,-0.410,0.140,-9.450,0.00000,0
111.904,0.0,0.0,1.60,-0.410,0.140,-9.450,0.00000,0
111.914,0.0,0.0,1.60,-0.410,0.140,-9.450,0.00000,0
111.924,0.0,0.0,1.60,-0.390,0.120,-9.550,0.00000,0
111.934,0.0,0.0,1.60,-0.390,0.120,-9.550,0.00000,0
111.945,0.0,0.0,1.60,-0.390,0.120,-9.550,0.00000,0
111.955,0.0,0.0,1.60,-0.390,0.120,-9.550,0.00000,0
111.965,0.0,0.0,1.60,-0.390,0.120,-9.550,0.00000,0
111.975,0.0,0.0,1.60,-0.400,0.110,-9.550,0.00000,0
111.985,0.0,0.0,1.60,-0.400,0.110,-9.550,0.00000,0
111.995,0.0,0.0,1.60,-0.400,0.110,-9.550,0.00000,0
112.006,0.0,0.0,1.60,-0.400,0.110,-9.550,0.00000,0
112.016,0.0,0.0,1.60,-0.400,0.110,-9.550,0.00000,0
112.026,0.0,0.0,1.60,-0.400,0.150,-9.500,0.00000,0
112.036,0.0,0.0,1.60,-0.400,0.150,-9.500,0.00000,0
112.046,0.0,0.0,1.60,-0.400,0.150,-9.500,0.00000,0
112.056,0.0,0.0,1.60,-0.400,0.150,-9.500,0.00000,0
112.066,0.0,0.0,1.60,-0.400,0.150,-9.500,0.00000,0
112.077,0.0,0.0,1.60,-0.400,0.150,-9.500,0.00000,0
112.087,0.0,0.0,1.60,-0.380,0.100,-9.430,0.00000,0
112.097,0.0,0.0,1.60,-0.380,0.100,-9.430,0.00000,0
112.107,0.0,0.0,1.60,-0.380,0.100,-9.430,0.00000,0
112.117,0.0,0.0,1.60,-0.380,0.100,-9.430,0.00000,0
112.127,0.0,0.0,1.60,-0.380,0.100,-9.430,0.00000,0
112.137,0.0,0.0,1.60,-0.400,0.120,-9.520,0.00000,0
112.147,0.0,0.0,1.60,-0.400,0.120,-9.520,0.00000,0
112.158,0.0,0.0,1.60,-0.400,0.120,-9.520,0.00000,0
112.168,0.0,0.0,1.60,-0.400,0.120,-9.520,0.00000,0
112.178,0.0,0.0,1.60,-0.430,0.150,-9.440,0.00000,0
112.188,0.0,0.0,1.60,-0.430,0.150,-9.440,0.00000,0
112.198,0.0,0.0,1.60,-0.430,0.150,-9.440,0.00000,0
112.208,0.0,0.0,1.60,-0.430,0.150,-9.440,0.00000,0
112.218,0.0,0.0,1.60,-0.430,0.150,-9.440,0.00000,0
112.229,0.0,0.0,1.60,-0.400,0.110,-9.530,0.00000,0
112.239,0.0,0.0,1.60,-0.400,0.110,-9.530,0.00000,0
112.249,0.0,0.0,1.60,-0.400,0.110,-9.530,0.00000,0
112.259,0.0,0.0,1.60,-0.400,0.110,-9.530,0.00000,0
112.269,0.0,0.0,1.60,-0.400,0.110,-9.530,0.00000,0
112.279,0.0,0.0,1.60,-0.420,0.110,-9.450,0.00000,0
112.289,0.0,0.0,1.60,-0.420,0.110,-9.450,0.00000,0
112.299,0.0,0.0,1.60,-0.420,0.110,-9.450,0.00000,0
112.310,0.0,0.0,1.60,-0.420,0.110,-9.450,0.00000,0
112.320,0.0,0.0,1.60,-0.420,0.110,-9.450,0.00000,0
112.330,0.0,0.0,1.60,-0.420,0.110,-9.580,0.00000,0
112.340,0.0,0.0,1.60,-0.420,0.110,-9.580,0.00000,0
112.350,0.0,0.0,1.60,-0.420,0.110,-9.580,0.00000,0
112.360,0.0,0.0,1.60,-0.420,0.110,-9.580,0.00000,0
112.370,0.0,0.0,1.60,-0.420,0.110,-9.580,0.00000,0
112.380,0.0,0.0,1.60,-0.380,0.110,-9.470,0.00000,0
112.391,0.0,0.0,1.60,-0.380,0.110,-9.470,0.00000,0
112.401,0.0,0.0,1.60,-0.380,0.110,-9.470,0.00000,0
112.411,0.0,0.0,1.60,-0.380,0.110,-9.470,0.00000,0
112.421,0.0,0.0,1.60,-0.380,0.110,-9.470,0.00000,0
112.431,0.0,0.0,1.60,-0.400,0.110,-9.560,0.00000,0
112.441,0.0,0.0,1.60,-0.400,0.110,-9.560,0.00000,0
112.451,0.0,0.0,1.60,-0.400,0.110,-9.560,0.00000,0
112.462,0.0,0.0,1.60,-0.400,0.110,-9.560,0.00000,0
112.472,0.0,0.0,1.60,-0.400,0.110,-9.560,0.00000,0
112.482,0.0,0.0,1.60,-0.400,0.120,-9.510,0.00000,0
112.492,0.0,0.0,1.60,-0.400,0.120,-9.510,0.00000,0
112.502,0.0,0.0,1.60,-0.400,0.120,-9.510,0.00000,0
112.512,0.0,0.0,1.60,-0.400,0.120,-9.510,0.00000,0
112.522,0.0,0.0,1.60,-0.400,0.120,-9.510,0.00000,0
112.532,0.0,0.0,1.60,-0.400,0.150,-9.560,0.00000,0
112.543,0.0,0.0,1.60,-0.400,0.150,-9.560,0.00000,0
112.553,0.0,0.0,1.60,-0.400,0.150,-9.560,0.00000,0
112.563,0.0,0.0,1.60,-0.400,0.150,-9.560,0.00000,0
112.573,0.0,0.0,1.60,-0.400,0.150,-9.560,0.00000,0
112.583,0.0,0.0,1.60,-0.390,0.170,-9.540,0.00000,0
112.593,0.0,0.0,1.60,-0.390,0.170,-9.540,0.00000,0
112.603,0.0,0.0,1.60,-0.390,0.170,-9.540,0.00000,0
112.614,0.0,0.0,1.60,-0.390,0.170,-9.540,0.00000,0
112.624,0.0,0.0,1.60,-0.390,0.170,-9.540,0.00000,0
112.634,0.0,0.0,1.60,-0.390,0.110,-9.450,0.00000,0
112.644,0.0,0.0,1.60,-0.390,0.110,-9.450,0.00000,0
112.655,0.0,0.0,1.60,-0.390,0.110,-9.450,0.00000,0
112.665,0.0,0.0,1.60,-0.390,0.110,-9.450,0.00000,0
112.675,0.0,0.0,1.60,-0.390,0.120,-9.470,0.00000,0
112.685,0.0,0.0,1.60,-0.390,0.120,-9.470,0.00000,0
112.695,0.0,0.0,1.60,-0.390,0.120,-9.470,0.00000,0
112.705,0.0,0.0,1.60,-0.390,0.120,-9.470,0.00000,0
112.715,0.0,0.0,1.60,-0.390,0.120,-9.470,0.00000,0
112.725,0.0,0.0,1.60,-0.420,0.120,-9.400,0.00000,0
112.736,0.0,0.0,1.60,-0.420,0.120,-9.400,0.00000,0
112.746,0.0,0.0,1.60,-0.420,0.120,-9.400,0.00000,0
112.756,0.0,0.0,1.60,-0.420,0.120,-9.400,0.00000,0
112.766,0.0,0.0,1.60,-0.420,0.120,-9.400,0.00000,0
112.776,0.0,0.0,1.60,-0.380,0.100,-9.440,0.00000,0
112.786,0.0,0.0,1.60,-0.380,0.100,-9.440,0.00000,0
112.796,0.0,0.0,1.60,-0.380,0.100,-9.440,0.00000,0
112.807,0.0,0.0,1.60,-0.380,0.100,-9.440,0.00000,0
112.817,0.0,0.0,1.60,-0.380,0.100,-9.440,0.00000,0
112.827,0.0,0.0,1.60,-0.380,0.100,-9.440,0.00000,0
112.837,0.0,0.0,1.60,-0.420,0.160,-9.470,0.00000,0
112.847,0.0,0.0,1.60,-0.420,0.160,-9.470,0.00000,0
112.857,0.0,0.0,1.60,-0.420,0.160,-9.470,0.00000,0
112.867,0.0,0.0,1.60,-0.420,0.160,-9.470,0.00000,0
112.877,0.0,0.0,1.60,-0.420,0.160,-9.470,0.00000,0
112.888,0.0,0.0,1.60,-0.390,0.100,-9.480,0.00000,0
112.898,0.0,0.0,1.60,-0.390,0.100,-9.480,0.00000,0
112.908,0.0,0.0,1.60,-0.390,0.100,-9.480,0.00000,0
112.918,0.0,0.0,1.60,-0.390,0.100,-9.480,0.00000,0
112.928,0.0,0.0,1.60,-0.370,0.130,-9.510,0.00000,0
112.938,0.0,0.0,1.60,-0.370,0.130,-9.510,0.00000,0
112.948,0.0,0.0,1.60,-0.370,0.130,-9.510,0.00000,0
112.959,0.0,0.0,1.60,-0.370,0.130,-9.510,0.00000,0
112.969,0.0,0.0,1.60,-0.370,0.130,-9.510,0.00000,0
112.979,0.0,0.0,1.60,-0.410,0.140,-9.470,0.00000,0
112.989,0.0,0.0,1.60,-0.410,0.140,-9.470,0.00000,0
112.999,0.0,0.0,1.60,-0.410,0.140,-9.470,0.00000,0
113.009,0.0,0.0,1.60,-0.410,0.140,-9.470,0.00000,0
113.019,0.0,0.0,1.60,-0.410,0.140,-9.470,0.00000,0
113.029,0.0,0.0,1.60,-0.410,0.140,-9.470,0.00000,0
113.040,0.0,0.0,1.60,-0.420,0.170,-9.440,0.00000,0
113.050,0.0,0.0,1.60,-0.420,0.170,-9.440,0.00000,0
113.060,0.0,0.0,1.60,-0.420,0.170,-9.440,0.00000,0
113.070,0.0,0.0,1.60,-0.420,0.170,-9.440,0.00000,0
113.080,0.0,0.0,1.60,-0.410,0.100,-9.470,0.00000,0
113.090,0.0,0.0,1.60,-0.410,0.100,-9.470,0.00000,0
113.100,0.0,0.0,1.60,-0.410,0.100,-9.470,0.00000,0
113.111,0.0,0.0,1.60,-0.410,0.100,-9.470,0.00000,0
113.121,0.0,0.0,1.60,-0.410,0.100,-9.470,0.00000,0
113.131,0.0,0.0,1.60,-0.390,0.120,-9.490,0.00000,0
113.141,0.0,0.0,1.60,-0.390,0.120,-9.490,0.00000,0
113.151,0.0,0.0,1.60,-0.390,0.120,-9.490,0.00000,0
113.161,0.0,0.0,1.60,-0.390,0.120,-9.490,0.00000,0
113.171,0.0,0.0,1.60,-0.400,0.100,-9.450,0.00000,0
113.182,0.0,0.0,1.60,-0.400,0.100,-9.450,0.00000,0
113.192,0.0,0.0,1.60,-0.400,0.100,-9.450,0.00000,0
113.202,0.0,0.0,1.60,-0.400,0.100,-9.450,0.00000,0
113.212,0.0,0.0,1.60,-0.400,0.100,-9.450,0.00000,0
113.222,0.0,0.0,1.60,-0.400,0.100,-9.450,0.00000,0
113.232,0.0,0.0,1.60,-0.390,0.120,-9.490,0.00000,0
113.242,0.0,0.0,1.60,-0.390,0.120,-9.490,0.00000,0
113.252,0.0,0.0,1.60,-0.390,0.120,-9.490,0.00000,0
113.263,0.0,0.0,1.60,-0.390,0.120,-9.490,0.00000,0
113.273,0.0,0.0,1.60,-0.390,0.120,-9.490,0.00000,0
113.283,0.0,0.0,1.60,-0.410,0.140,-9.470,0.00000,0
113.293,0.0,0.0,1.60,-0.410,0.140,-9.470,0.00000,0
113.303,0.0,0.0,1.60,-0.410,0.140,-9.470,0.00000,0
113.314,0.0,0.0,1.60,-0.410,0.140,-9.470,0.00000,0
113.324,0.0,0.0,1.60,-0.410,0.140,-9.470,0.00000,0
113.334,0.0,0.0,1.60,-0.420,0.140,-9.510,0.00000,0
113.344,0.0,0.0,1.60,-0.420,0.140,-9.510,0.00000,0
113.354,0.0,0.0,1.60,-0.420,0.140,-9.510,0.00000,0
113.364,0.0,0.0,1.60,-0.420,0.140,-9.510,0.00000,0
113.375,0.0,0.0,1.60,-0.420,0.140,-9.510,0.00000,0
113.385,0.0,0.0,1.60,-0.380,0.080,-9.480,0.00000,0
113.395,0.0,0.0,1.60,-0.380,0.080,-9.480,0.00000,0
113.405,0.0,0.0,1.60,-0.380,0.080,-9.480,0.00000,0
113.415,0.0,0.0,1.60,-0.380,0.080,-9.480,0.00000,0
113.425,0.0,0.0,1.60,-0.400,0.100,-9.360,0.00000,0
113.435,0.0,0.0,1.60,-0.400,0.100,-9.360,0.00000,0
113.446,0.0,0.0,1.60,-0.400,0.100,-9.360,0.00000,0
113.456,0.0,0.0,1.60,-0.400,0.100,-9.360,0.00000,0
113.466,0.0,0.0,1.60,-0.400,0.100,-9.360,0.00000,0
113.476,0.0,0.0,1.60,-0.420,0.120,-9.460,0.00000,0
113.486,0.0,0.0,1.60,-0.420,0.120,-9.460,0.00000,0
113.496,0.0,0.0,1.60,-0.420,0.120,-9.460,0.00000,0
113.506,0.0,0.0,1.60,-0.420,0.120,-9.460,0.00000,0
113.517,0.0,0.0,1.60,-0.420,0.120,-9.460,0.00000,0
113.527,0.0,0.0,1.60,-0.420,0.130,-9.540,0.00000,0
113.537,0.0,0.0,1.60,-0.420,0.130,-9.540,0.00000,0
113.547,0.0,0.0,1.60,-0.420,0.130,-9.540,0.00000,0
113.557,0.0,0.0,1.60,-0.420,0.130,-9.540,0.00000,0
113.567,0.0,0.0,1.60,-0.420,0.130,-9.540,0.00000,0
113.577,0.0,0.0,1.60,-0.410,0.100,-9.400,0.00000,0
113.587,0.0,0.0,1.60,-0.410,0.100,-9.400,0.00000,0
113.598,0.0,0.0,1.60,-0.410,0.100,-9.400,0.00000,0
113.608,0.0,0.0,1.60,-0.410,0.100,-9.400,0.00000,0
113.618,0.0,0.0,1.60,-0.410,0.100,-9.400,0.00000,0
113.628,0.0,0.0,1.60,-0.410,0.100,-9.400,0.00000,0
113.638,0.0,0.0,1.60,-0.400,0.130,-9.480,0.00000,0
113.648,0.0,0.0,1.60,-0.400,0.130,-9.480,0.00000,0
113.659,0.0,0.0,1.60,-0.400,0.130,-9.480,0.00000,0
113.669,0.0,0.0,1.60,-0.400,0.130,-9.480,0.00000,0
113.679,0.0,0.0,1.60,-0.390,0.120,-9.370,0.00000,0
113.689,0.0,0.0,1.60,-0.390,0.120,-9.370,0.00000,0
113.699,0.0,0.0,1.60,-0.390,0.120,-9.370,0.00000,0
113.709,0.0,0.0,1.60,-0.390,0.120,-9.370,0.00000,0
113.719,0.0,0.0,1.60,-0.390,0.120,-9.370,0.00000,0
113.730,0.0,0.0,1.60,-0.400,0.120,-9.460,0.00000,0
113.740,0.0,0.0,1.60,-0.400,0.120,-9.460,0.00000,0
113.750,0.0,0.0,1.60,-0.400,0.120,-9.460,0.00000,0
113.760,0.0,0.0,1.60,-0.400,0.120,-9.460,0.00000,0
113.770,0.0,0.0,1.60,-0.400,0.120,-9.460,0.00000,0
113.780,0.0,0.0,1.60,-0.410,0.170,-9.510,0.00000,0
113.790,0.0,0.0,1.60,-0.410,0.170,-9.510,0.00000,0
113.801,0.0,0.0,1.60,-0.410,0.170,-9.510,0.00000,0
113.811,0.0,0.0,1.60,-0.410,0.170,-9.510,0.00000,0
113.821,0.0,0.0,1.60,-0.410,0.170,-9.510,0.00000,0
113.831,0.0,0.0,1.60,-0.390,0.140,-9.520,0.00000,0
113.841,0.0,0.0,1.60,-0.390,0.140,-9.520,0.00000,0
113.851,0.0,0.0,1.60,-0.390,0.140,-9.520,0.00000,0
113.861,0.0,0.0,1.60,-0.390,0.140,-9.520,0.00000,0
113.872,0.0,0.0,1.60,-0.390,0.140,-9.520,0.00000,0
113.882,0.0,0.0,1.60,-0.390,0.130,-9.520,0.00000,0
113.892,0.0,0.0,1.60,-0.390,0.130,-9.520,0.00000,0
113.902,0.0,0.0,1.60,-0.390,0.130,-9.520,0.00000,0
113.912,0.0,0.0,1.60,-0.390,0.130,-9.520,0.00000,0
113.922,0.0,0.0,1.60,-0.420,0.130,-9.540,0.00000,0
113.932,0.0,0.0,1.60,-0.420,0.130,-9.540,0.00000,0
113.942,0.0,0.0,1.60,-0.420,0.130,-9.540,0.00000,0
113.952,0.0,0.0,1.60,-0.420,0.130,-9.540,0.00000,0
113.963,0.0,0.0,1.60,-0.420,0.130,-9.540,0.00000,0
113.973,0.0,0.0,1.60,-0.420,0.130,-9.540,0.00000,0
113.983,0.0,0.0,1.60,-0.430,0.150,-9.490,0.00000,0
113.993,0.0,0.0,1.60,-0.430,0.150,-9.490,0.00000,0
114.003,0.0,0.0,1.60,-0.430,0.150,-9.490,0.00000,0
114.013,0.0,0.0,1.60,-0.430,0.150,-9.490,0.00000,0
114.023,0.0,0.0,1.60,-0.430,0.150,-9.490,0.00000,0
114.034,0.0,0.0,1.60,-0.400,0.130,-9.420,0.00000,0
114.044,0.0,0.0,1.60,-0.400,0.130,-9.420,0.00000,0
114.054,0.0,0.0,1.60,-0.400,0.130,-9.420,0.00000,0
114.064,0.0,0.0,1.60,-0.400,0.130,-9.420,0.00000,0
114.074,0.0,0.0,1.60,-0.400,0.130,-9.420,0.00000,0
114.084,0.0,0.0,1.60,-0.430,0.140,-9.470,0.00000,0
114.095,0.0,0.0,1.60,-0.430,0.140,-9.470,0.00000,0
114.105,0.0,0.0,1.60,-0.430,0.140,-9.470,0.00000,0
114.115,0.0,0.0,1.60,-0.430,0.140,-9.470,0.00000,0
114.125,0.0,0.0,1.60,-0.430,0.140,-9.470,0.00000,0
114.135,0.0,0.0,1.60,-0.400,0.130,-9.500,0.00000,0
114.145,0.0,0.0,1.60,-0.400,0.130,-9.500,0.00000,0
114.156,0.0,0.0,1.60,-0.400,0.130,-9.500,0.00000,0
114.166,0.0,0.0,1.60,-0.400,0.130,-9.500,0.00000,0
114.176,0.0,0.0,1.60,-0.460,0.120,-9.430,0.00000,0
114.186,0.0,0.0,1.60,-0.460,0.120,-9.430,0.00000,0
114.196,0.0,0.0,1.60,-0.460,0.120,-9.430,0.00000,0
114.206,0.0,0.0,1.60,-0.460,0.120,-9.430,0.00000,0
114.216,0.0,0.0,1.60,-0.460,0.120,-9.430,0.00000,0
114.227,0.0,0.0,1.60,-0.410,0.130,-9.460,0.00000,0
114.237,0.0,0.0,1.60,-0.410,0.130,-9.460,0.00000,0
114.247,0.0,0.0,1.60,-0.410,0.130,-9.460,0.00000,0
114.257,0.0,0.0,1.60,-0.410,0.130,-9.460,0.00000,0
114.267,0.0,0.0,1.60,-0.410,0.130,-9.460,0.00000,0
114.278,0.0,0.0,1.60,-0.380,0.130,-9.460,0.00000,0
114.288,0.0,0.0,1.60,-0.380,0.130,-9.460,0.00000,0
114.298,0.0,0.0,1.60,-0.380,0.130,-9.460,0.00000,0
114.308,0.0,0.0,1.60,-0.380,0.130,-9.460,0.00000,0
114.318,0.0,0.0,1.60,-0.380,0.130,-9.460,0.00000,0
114.328,0.0,0.0,1.60,-0.430,0.130,-9.430,0.00000,0
114.338,0.0,0.0,1.60,-0.430,0.130,-9.430,0.00000,0
114.348,0.0,0.0,1.60,-0.430,0.130,-9.430,0.00000,0
114.359,0.0,0.0,1.60,-0.430,0.130,-9.430,0.00000,0
114.369,0.0,0.0,1.60,-0.430,0.130,-9.430,0.00000,0
114.379,0.0,0.0,1.60,-0.430,0.130,-9.430,0.00000,0
114.389,0.0,0.0,1.60,-0.380,0.120,-9.510,0.00000,0
114.399,0.0,0.0,1.60,-0.380,0.120,-9.510,0.00000,0
114.409,0.0,0.0,1.60,-0.380,0.120,-9.510,0.00000,0
114.419,0.0,0.0,1.60,-0.380,0.120,-9.510,0.00000,0
114.430,0.0,0.0,1.60,-0.420,0.110,-9.480,0.00000,0
114.440,0.0,0.0,1.60,-0.420,0.110,-9.480,0.00000,0
114.450,0.0,0.0,1.60,-0.420,0.110,-9.480,0.00000,0
114.460,0.0,0.0,1.60,-0.420,0.110,-9.480,0.00000,0
114.470,0.0,0.0,1.60,-0.420,0.110,-9.480,0.00000,0
114.480,0.0,0.0,1.60,-0.390,0.070,-9.510,0.00000,0
114.490,0.0,0.0,1.60,-0.390,0.070,-9.510,0.00000,0
114.500,0.0,0.0,1.60,-0.390,0.070,-9.510,0.00000,0
114.511,0.0,0.0,1.60,-0.390,0.070,-9.510,0.00000,0
114.521,0.0,0.0,1.60,-0.390,0.070,-9.510,0.00000,0
114.531,0.0,0.0,1.60,-0.440,0.120,-9.520,0.00000,0
114.541,0.0,0.0,1.60,-0.440,0.120,-9.520,0.00000,0
114.551,0.0,0.0,1.60,-0.440,0.120,-9.520,0.00000,0
114.561,0.0,0.0,1.60,-0.440,0.120,-9.520,0.00000,0
114.571,0.0,0.0,1.60,-0.440,0.120,-9.520,0.00000,0
114.582,0.0,0.0,1.60,-0.410,0.120,-9.530,0.00000,0
114.592,0.0,0.0,1.60,-0.410,0.120,-9.530,0.00000,0
114.602,0.0,0.0,1.60,-0.410,0.120,-9.530,0.00000,0
114.612,0.0,0.0,1.60,-0.410,0.120,-9.530,0.00000,0
114.622,0.0,0.0,1.60,-0.410,0.120,-9.530,0.00000,0
114.632,0.0,0.0,1.60,-0.390,0.150,-9.510,0.00000,0
114.642,0.0,0.0,1.60,-0.390,0.150,-9.510,0.00000,0
114.652,0.0,0.0,1.60,-0.390,0.150,-9.510,0.00000,0
114.663,0.0,0.0,1.60,-0.390,0.150,-9.510,0.00000,0
114.673,0.0,0.0,1.60,-0.390,0.150,-9.510,0.00000,0
114.683,0.0,0.0,1.60,-0.380,0.150,-9.490,0.00000,0
114.693,0.0,0.0,1.60,-0.380,0.150,-9.490,0.00000,0
114.703,0.0,0.0,1.60,-0.380,0.150,-9.490,0.00000,0
114.713,0.0,0.0,1.60,-0.380,0.150,-9.490,0.00000,0
114.723,0.0,0.0,1.60,-0.390,0.110,-9.470,0.00000,0
114.734,0.0,0.0,1.60,-0.390,0.110,-9.470,0.00000,0
114.744,0.0,0.0,1.60,-0.390,0.110,-9.470,0.00000,0
114.754,0.0,0.0,1.60,-0.390,0.110,-9.470,0.00000,0
114.764,0.0,0.0,1.60,-0.390,0.110,-9.470,0.00000,0
114.774,0.0,0.0,1.60,-0.390,0.110,-9.470,0.00000,0
114.784,0.0,0.0,1.60,-0.440,0.110,-9.500,0.00000,0
114.794,0.0,0.0,1.60,-0.440,0.110,-9.500,0.00000,0
114.804,0.0,0.0,1.60,-0.440,0.110,-9.500,0.00000,0
114.815,0.0,0.0,1.60,-0.440,0.110,-9.500,0.00000,0
114.825,0.0,0.0,1.60,-0.440,0.110,-9.500,0.00000,0
114.835,0.0,0.0,1.60,-0.380,0.150,-9.460,0.00000,0
114.845,0.0,0.0,1.60,-0.380,0.150,-9.460,0.00000,0
114.855,0.0,0.0,1.60,-0.380,0.150,-9.460,0.00000,0
114.865,0.0,0.0,1.60,-0.380,0.150,-9.460,0.00000,0
114.875,0.0,0.0,1.60,-0.380,0.150,-9.460,0.00000,0
114.885,0.0,0.0,1.60,-0.420,0.130,-9.480,0.00000,0
114.896,0.0,0.0,1.60,-0.420,0.130,-9.480,0.00000,0
114.906,0.0,0.0,1.60,-0.420,0.130,-9.480,0.00000,0
114.916,0.0,0.0,1.60,-0.420,0.130,-9.480,0.00000,0
114.926,0.0,0.0,1.60,-0.420,0.130,-9.480,0.00000,0
114.936,0.0,0.0,1.60,-0.390,0.130,-9.560,0.00000,0
114.947,0.0,0.0,1.60,-0.390,0.130,-9.560,0.00000,0
114.957,0.0,0.0,1.60,-0.390,0.130,-9.560,0.00000,0
114.967,0.0,0.0,1.60,-0.390,0.130,-9.560,0.00000,0
114.977,0.0,0.0,1.60,-0.420,0.130,-9.470,0.00000,0
114.987,0.0,0.0,1.60,-0.420,0.130,-9.470,0.00000,0
114.997,0.0,0.0,1.60,-0.420,0.130,-9.470,0.00000,0
115.008,0.0,0.0,1.60,-0.420,0.130,-9.470,0.00000,0
115.018,0.0,0.0,1.60,-0.420,0.130,-9.470,0.00000,0
115.028,0.0,0.0,1.60,-0.400,0.100,-9.390,0.00000,0
115.038,0.0,0.0,1.60,-0.400,0.100,-9.390,0.00000,0
115.048,0.0,0.0,1.60,-0.400,0.100,-9.390,0.00000,0
115.058,0.0,0.0,1.60,-0.400,0.100,-9.390,0.00000,0
115.068,0.0,0.0,1.60,-0.400,0.100,-9.390,0.00000,0
115.078,0.0,0.0,1.60,-0.370,0.130,-9.460,0.00000,0
115.089,0.0,0.0,1.60,-0.370,0.130,-9.460,0.00000,0
115.099,0.0,0.0,1.60,-0.370,0.130,-9.460,0.00000,0
115.109,0.0,0.0,1.60,-0.370,0.130,-9.460,0.00000,0
115.119,0.0,0.0,1.60,-0.370,0.130,-9.460,0.00000,0
115.129,0.0,0.0,1.60,-0.420,0.110,-9.440,0.00000,0
115.139,0.0,0.0,1.60,-0.420,0.110,-9.440,0.00000,0
115.150,0.0,0.0,1.60,-0.420,0.110,-9.440,0.00000,0
115.160,0.0,0.0,1.60,-0.420,0.110,-9.440,0.00000,0
115.170,0.0,0.0,1.60,-0.420,0.110,-9.440,0.00000,0
115.180,0.0,0.0,1.60,-0.420,0.110,-9.440,0.00000,0
115.190,0.0,0.0,1.60,-0.340,0.140,-9.480,0.00000,0
115.200,0.0,0.0,1.60,-0.340,0.140,-9.480,0.00000,0
115.210,0.0,0.0,1.60,-0.340,0.140,-9.480,0.00000,0
115.220,0.0,0.0,1.60,-0.340,0.140,-9.480,0.00000,0
115.231,0.0,0.0,1.60,-0.430,0.130,-9.470,0.00000,0
115.241,0.0,0.0,1.60,-0.430,0.130,-9.470,0.00000,0
115.251,0.0,0.0,1.60,-0.430,0.130,-9.470,0.00000,0
115.261,0.0,0.0,1.60,-0.430,0.130,-9.470,0.00000,0
115.271,0.0,0.0,1.60,-0.430,0.130,-9.470,0.00000,0
115.281,0.0,0.0,1.60,-0.430,0.110,-9.510,0.00000,0
115.291,0.0,0.0,1.60,-0.430,0.110,-9.510,0.00000,0
115.301,0.0,0.0,1.60,-0.430,0.110,-9.510,0.00000,0
115.312,0.0,0.0,1.60,-0.430,0.110,-9.510,0.00000,0
115.322,0.0,0.0,1.60,-0.430,0.110,-9.510,0.00000,0
115.332,0.0,0.0,1.60,-0.400,0.140,-9.470,0.00000,0
115.342,0.0,0.0,1.60,-0.400,0.140,-9.470,0.00000,0
115.352,0.0,0.0,1.60,-0.400,0.140,-9.470,0.00000,0
115.362,0.0,0.0,1.60,-0.400,0.140,-9.470,0.00000,0
115.372,0.0,0.0,1.60,-0.400,0.140,-9.470,0.00000,0
115.382,0.0,0.0,1.60,-0.410,0.140,-9.560,0.00000,0
115.393,0.0,0.0,1.60,-0.410,0.140,-9.560,0.00000,0
115.403,0.0,0.0,1.60,-0.410,0.140,-9.560,0.00000,0
115.413,0.0,0.0,1.60,-0.410,0.140,-9.560,0.00000,0
115.423,0.0,0.0,1.60,-0.410,0.140,-9.560,0.00000,0
115.433,0.0,0.0,1.60,-0.430,0.140,-9.530,0.00000,0
115.443,0.0,0.0,1.60,-0.430,0.140,-9.530,0.00000,0
115.453,0.0,0.0,1.60,-0.430,0.140,-9.530,0.00000,0
115.464,0.0,0.0,1.60,-0.430,0.140,-9.530,0.00000,0
115.474,0.0,0.0,1.60,-0.380,0.160,-9.430,0.00000,0
115.484,0.0,0.0,1.60,-0.380,0.160,-9.430,0.00000,0
115.494,0.0,0.0,1.60,-0.380,0.160,-9.430,0.00000,0
115.504,0.0,0.0,1.60,-0.380,0.160,-9.430,0.00000,0
115.514,0.0,0.0,1.60,-0.380,0.160,-9.430,0.00000,0
115.524,0.0,0.0,1.60,-0.380,0.160,-9.430,0.00000,0
115.534,0.0,0.0,1.60,-0.400,0.140,-9.450,0.00000,0
115.545,0.0,0.0,1.60,-0.400,0.140,-9.450,0.00000,0
115.555,0.0,0.0,1.60,-0.400,0.140,-9.450,0.00000,0
115.565,0.0,0.0,1.60,-0.400,0.140,-9.450,0.00000,0
115.575,0.0,0.0,1.60,-0.400,0.140,-9.450,0.00000,0
115.585,0.0,0.0,1.60,-0.400,0.140,-9.450,0.00000,0
115.595,0.0,0.0,1.60,-0.390,0.130,-9.510,0.00000,0
115.605,0.0,0.0,1.60,-0.390,0.130,-9.510,0.00000,0
115.616,0.0,0.0,1.60,-0.390,0.130,-9.510,0.00000,0
115.626,0.0,0.0,1.60,-0.390,0.130,-9.510,0.00000,0
115.636,0.0,0.0,1.60,-0.420,0.150,-9.450,0.00000,0
115.646,0.0,0.0,1.60,-0.420,0.150,-9.450,0.00000,0
115.656,0.0,0.0,1.60,-0.420,0.150,-9.450,0.00000,0
115.666,0.0,0.0,1.60,-0.420,0.150,-9.450,0.00000,0
115.676,0.0,0.0,1.60,-0.420,0.150,-9.450,0.00000,0
115.686,0.0,0.0,1.60,-0.400,0.150,-9.480,0.00000,0
115.697,0.0,0.0,1.60,-0.400,0.150,-9.480,0.00000,0
115.707,0.0,0.0,1.60,-0.400,0.150,-9.480,0.00000,0
115.717,0.0,0.0,1.60,-0.400,0.150,-9.480,0.00000,0
115.727,0.0,0.0,1.60,-0.420,0.120,-9.400,0.00000,0
115.737,0.0,0.0,1.60,-0.420,0.120,-9.400,0.00000,0
115.747,0.0,0.0,1.60,-0.420,0.120,-9.400,0.00000,0
115.757,0.0,0.0,1.60,-0.420,0.120,-9.400,0.00000,0
115.768,0.0,0.0,1.60,-0.420,0.120,-9.400,0.00000,0
115.778,0.0,0.0,1.60,-0.360,0.130,-9.390,0.00000,0
115.788,0.0,0.0,1.60,-0.360,0.130,-9.390,0.00000,0
115.798,0.0,0.0,1.60,-0.360,0.130,-9.390,0.00000,0
115.808,0.0,0.0,1.60,-0.360,0.130,-9.390,0.00000,0
115.818,0.0,0.0,1.60,-0.360,0.130,-9.390,0.00000,0
115.828,0.0,0.0,1.60,-0.380,0.120,-9.500,0.00000,0
115.838,0.0,0.0,1.60,-0.380,0.120,-9.500,0.00000,0
115.849,0.0,0.0,1.60,-0.380,0.120,-9.500,0.00000,0
115.859,0.0,0.0,1.60,-0.380,0.120,-9.500,0.00000,0
115.869,0.0,0.0,1.60,-0.380,0.120,-9.500,0.00000,0
115.879,0.0,0.0,1.60,-0.380,0.120,-9.500,0.00000,0
115.889,0.0,0.0,1.60,-0.420,0.120,-9.490,0.00000,0
115.899,0.0,0.0,1.60,-0.420,0.120,-9.490,0.00000,0
115.910,0.0,0.0,1.60,-0.420,0.120,-9.490,0.00000,0
115.920,0.0,0.0,1.60,-0.420,0.120,-9.490,0.00000,0
115.930,0.0,0.0,1.60,-0.420,0.120,-9.490,0.00000,0
115.940,0.0,0.0,1.60,-0.420,0.130,-9.520,0.00000,0
115.950,0.0,0.0,1.60,-0.420,0.130,-9.520,0.00000,0
115.960,0.0,0.0,1.60,-0.420,0.130,-9.520,0.00000,0
115.971,0.0,0.0,1.60,-0.420,0.130,-9.520,0.00000,0
115.981,0.0,0.0,1.60,-0.410,0.140,-9.460,0.00000,0
115.991,0.0,0.0,1.60,-0.410,0.140,-9.460,0.00000,0
116.001,0.0,0.0,1.60,-0.410,0.140,-9.460,0.00000,0
116.011,0.0,0.0,1.60,-0.410,0.140,-9.460,0.00000,0
116.021,0.0,0.0,1.60,-0.410,0.140,-9.460,0.00000,0
116.031,0.0,0.0,1.60,-0.420,0.140,-9.540,0.00000,0
116.042,0.0,0.0,1.60,-0.420,0.140,-9.540,0.00000,0
116.052,0.0,0.0,1.60,-0.420,0.140,-9.540,0.00000,0
116.062,0.0,0.0,1.60,-0.420,0.140,-9.540,0.00000,0
116.072,0.0,0.0,1.60,-0.420,0.140,-9.540,0.00000,0
116.082,0.0,0.0,1.60,-0.360,0.120,-9.550,0.00000,0
116.092,0.0,0.0,1.60,-0.360,0.120,-9.550,0.00000,0
116.102,0.0,0.0,1.60,-0.360,0.120,-9.550,0.00000,0
116.113,0.0,0.0,1.60,-0.360,0.120,-9.550,0.00000,0
116.123,0.0,0.0,1.60,-0.360,0.120,-9.550,0.00000,0
116.133,0.0,0.0,1.60,-0.410,0.140,-9.430,0.00000,0
116.143,0.0,0.0,1.60,-0.410,0.140,-9.430,0.00000,0
116.153,0.0,0.0,1.60,-0.410,0.140,-9.430,0.00000,0
116.163,0.0,0.0,1.60,-0.410,0.140,-9.430,0.00000,0
116.173,0.0,0.0,1.60,-0.410,0.140,-9.430,0.00000,0
116.183,0.0,0.0,1.60,-0.420,0.170,-9.530,0.00000,0
116.194,0.0,0.0,1.60,-0.420,0.170,-9.530,0.00000,0
116.204,0.0,0.0,1.60,-0.420,0.170,-9.530,0.00000,0
116.214,0.0,0.0,1.60,-0.420,0.170,-9.530,0.00000,0
116.224,0.0,0.0,1.60,-0.370,0.150,-9.510,0.00000,0
116.234,0.0,0.0,1.60,-0.370,0.150,-9.510,0.00000,0
116.244,0.0,0.0,1.60,-0.370,0.150,-9.510,0.00000,0
116.254,0.0,0.0,1.60,-0.370,0.150,-9.510,0.00000,0
116.265,0.0,0.0,1.60,-0.370,0.150,-9.510,0.00000,0
116.275,0.0,0.0,1.60,-0.370,0.150,-9.510,0.00000,0
116.285,0.0,0.0,1.60,-0.430,0.120,-9.520,0.00000,0
116.295,0.0,0.0,1.60,-0.430,0.120,-9.520,0.00000,0
116.305,0.0,0.0,1.60,-0.430,0.120,-9.520,0.00000,0
116.315,0.0,0.0,1.60,-0.430,0.120,-9.520,0.00000,0
116.325,0.0,0.0,1.60,-0.430,0.120,-9.520,0.00000,0
116.336,0.0,0.0,1.60,-0.420,0.120,-9.510,0.00000,0
116.346,0.0,0.0,1.60,-0.420,0.120,-9.510,0.00000,0
116.356,0.0,0.0,1.60,-0.420,0.120,-9.510,0.00000,0
116.366,0.0,0.0,1.60,-0.420,0.120,-9.510,0.00000,0
116.376,0.0,0.0,1.60,-0.420,0.120,-9.510,0.00000,0
116.386,0.0,0.0,1.60,-0.410,0.110,-9.450,0.00000,0
116.396,0.0,0.0,1.60,-0.410,0.110,-9.450,0.00000,0
116.406,0.0,0.0,1.60,-0.410,0.110,-9.450,0.00000,0
116.417,0.0,0.0,1.60,-0.410,0.110,-9.450,0.00000,0
116.427,0.0,0.0,1.60,-0.410,0.110,-9.450,0.00000,0
116.437,0.0,0.0,1.60,-0.390,0.100,-9.520,0.00000,0
116.447,0.0,0.0,1.60,-0.390,0.100,-9.520,0.00000,0
116.457,0.0,0.0,1.60,-0.390,0.100,-9.520,0.00000,0
116.467,0.0,0.0,1.60,-0.390,0.100,-9.520,0.00000,0
116.477,0.0,0.0,1.60,-0.370,0.150,-9.490,0.00000,0
116.488,0.0,0.0,1.60,-0.370,0.150,-9.490,0.00000,0
116.498,0.0,0.0,1.60,-0.370,0.150,-9.490,0.00000,0
116.508,0.0,0.0,1.60,-0.370,0.150,-9.490,0.00000,0
116.518,0.0,0.0,1.60,-0.370,0.150,-9.490,0.00000,0
116.528,0.0,0.0,1.60,-0.360,0.110,-9.490,0.00000,0
116.538,0.0,0.0,1.60,-0.360,0.110,-9.490,0.00000,0
116.549,0.0,0.0,1.60,-0.360,0.110,-9.490,0.00000,0
116.559,0.0,0.0,1.60,-0.360,0.110,-9.490,0.00000,0
116.569,0.0,0.0,1.60,-0.360,0.110,-9.490,0.00000,0
116.579,0.0,0.0,1.60,-0.420,0.140,-9.460,0.00000,0
116.589,0.0,0.0,1.60,-0.420,0.140,-9.460,0.00000,0
116.600,0.0,0.0,1.60,-0.420,0.140,-9.460,0.00000,0
116.610,0.0,0.0,1.60,-0.420,0.140,-9.460,0.00000,0
116.620,0.0,0.0,1.60,-0.420,0.140,-9.460,0.00000,0
116.630,0.0,0.0,1.60,-0.390,0.100,-9.420,0.00000,0
116.640,0.0,0.0,1.60,-0.390,0.100,-9.420,0.00000,0
116.651,0.0,0.0,1.60,-0.390,0.100,-9.420,0.00000,0
116.661,0.0,0.0,1.60,-0.390,0.100,-9.420,0.00000,0
116.671,0.0,0.0,1.60,-0.390,0.100,-9.420,0.00000,0
116.681,0.0,0.0,1.60,-0.390,0.100,-9.420,0.00000,0
116.691,0.0,0.0,1.60,-0.430,0.120,-9.450,0.00000,0
116.701,0.0,0.0,1.60,-0.430,0.120,-9.450,0.00000,0
116.711,0.0,0.0,1.60,-0.430,0.120,-9.450,0.00000,0
116.722,0.0,0.0,1.60,-0.430,0.120,-9.450,0.00000,0
116.732,0.0,0.0,1.60,-0.390,0.110,-9.460,0.00000,0
116.742,0.0,0.0,1.60,-0.390,0.110,-9.460,0.00000,0
116.752,0.0,0.0,1.60,-0.390,0.110,-9.460,0.00000,0
116.762,0.0,0.0,1.60,-0.390,0.110,-9.460,0.00000,0
116.772,0.0,0.0,1.60,-0.390,0.110,-9.460,0.00000,0
116.782,0.0,0.0,1.60,-0.380,0.140,-9.440,0.00000,0
116.792,0.0,0.0,1.60,-0.380,0.140,-9.440,0.00000,0
116.803,0.0,0.0,1.60,-0.380,0.140,-9.440,0.00000,0
116.813,0.0,0.0,1.60,-0.380,0.140,-9.440,0.00000,0
116.823,0.0,0.0,1.60,-0.380,0.140,-9.440,0.00000,0
116.833,0.0,0.0,1.60,-0.410,0.140,-9.510,0.00000,0
116.843,0.0,0.0,1.60,-0.410,0.140,-9.510,0.00000,0
116.853,0.0,0.0,1.60,-0.410,0.140,-9.510,0.00000,0
116.863,0.0,0.0,1.60,-0.410,0.140,-9.510,0.00000,0
116.874,0.0,0.0,1.60,-0.410,0.140,-9.510,0.00000,0
116.884,0.0,0.0,1.60,-0.440,0.130,-9.510,0.00000,0
116.894,0.0,0.0,1.60,-0.440,0.130,-9.510,0.00000,0
116.904,0.0,0.0,1.60,-0.440,0.130,-9.510,0.00000,0
116.914,0.0,0.0,1.60,-0.440,0.130,-9.510,0.00000,0
116.924,0.0,0.0,1.60,-0.440,0.130,-9.510,0.00000,0
116.934,0.0,0.0,1.60,-0.400,0.150,-9.410,0.00000,0
116.944,0.0,0.0,1.60,-0.400,0.150,-9.410,0.00000,0
116.955,0.0,0.0,1.60,-0.400,0.150,-9.410,0.00000,0
116.965,0.0,0.0,1.60,-0.400,0.150,-9.410,0.00000,0
116.975,0.0,0.0,1.60,-0.420,0.130,-9.390,0.00000,0
116.985,0.0,0.0,1.60,-0.420,0.130,-9.390,0.00000,0
116.995,0.0,0.0,1.60,-0.420,0.130,-9.390,0.00000,0
117.005,0.0,0.0,1.60,-0.420,0.130,-9.390,0.00000,0
117.016,0.0,0.0,1.60,-0.420,0.130,-9.390,0.00000,0
117.026,0.0,0.0,1.60,-0.410,0.110,-9.480,0.00000,0
117.036,0.0,0.0,1.60,-0.410,0.110,-9.480,0.00000,0
117.046,0.0,0.0,1.60,-0.410,0.110,-9.480,0.00000,0
117.056,0.0,0.0,1.60,-0.410,0.110,-9.480,0.00000,0
117.066,0.0,0.0,1.60,-0.410,0.110,-9.480,0.00000,0
117.076,0.0,0.0,1.60,-0.410,0.110,-9.480,0.00000,0
117.086,0.0,0.0,1.60,-0.360,0.110,-9.490,0.00000,0
117.097,0.0,0.0,1.60,-0.360,0.110,-9.490,0.00000,0
117.107,0.0,0.0,1.60,-0.360,0.110,-9.490,0.00000,0
117.117,0.0,0.0,1.60,-0.360,0.110,-9.490,0.00000,0
117.127,0.0,0.0,1.60,-0.360,0.110,-9.490,0.00000,0
117.137,0.0,0.0,1.60,-0.400,0.150,-9.430,0.00000,0
117.147,0.0,0.0,1.60,-0.400,0.150,-9.430,0.00000,0
117.157,0.0,0.0,1.60,-0.400,0.150,-9.430,0.00000,0
117.168,0.0,0.0,1.60,-0.400,0.150,-9.430,0.00000,0
117.178,0.0,0.0,1.60,-0.400,0.150,-9.430,0.00000,0
117.188,0.0,0.0,1.60,-0.380,0.130,-9.520,0.00000,0
117.198,0.0,0.0,1.60,-0.380,0.130,-9.520,0.00000,0
117.208,0.0,0.0,1.60,-0.380,0.130,-9.520,0.00000,0
117.218,0.0,0.0,1.60,-0.380,0.130,-9.520,0.00000,0
117.228,0.0,0.0,1.60,-0.430,0.110,-9.500,0.00000,0
117.238,0.0,0.0,1.60,-0.430,0.110,-9.500,0.00000,0
117.249,0.0,0.0,1.60,-0.430,0.110,-9.500,0.00000,0
117.259,0.0,0.0,1.60,-0.430,0.110,-9.500,0.00000,0
117.269,0.0,0.0,1.60,-0.430,0.110,-9.500,0.00000,0
117.279,0.0,0.0,1.60,-0.390,0.150,-9.480,0.00000,0
117.289,0.0,0.0,1.60,-0.390,0.150,-9.480,0.00000,0
117.299,0.0,0.0,1.60,-0.390,0.150,-9.480,0.00000,0
117.309,0.0,0.0,1.60,-0.390,0.150,-9.480,0.00000,0
117.319,0.0,0.0,1.60,-0.390,0.150,-9.480,0.00000,0
117.330,0.0,0.0,1.60,-0.380,0.100,-9.410,0.00000,0
117.340,0.0,0.0,1.60,-0.380,0.100,-9.410,0.00000,0
117.350,0.0,0.0,1.60,-0.380,0.100,-9.410,0.00000,0
117.360,0.0,0.0,1.60,-0.380,0.100,-9.410,0.00000,0
117.370,0.0,0.0,1.60,-0.380,0.100,-9.410,0.00000,0
117.380,0.0,0.0,1.60,-0.400,0.120,-9.510,0.00000,0
117.390,0.0,0.0,1.60,-0.400,0.120,-9.510,0.00000,0
117.400,0.0,0.0,1.60,-0.400,0.120,-9.510,0.00000,0
117.411,0.0,0.0,1.60,-0.400,0.120,-9.510,0.00000,0
117.421,0.0,0.0,1.60,-0.400,0.120,-9.510,0.00000,0
117.431,0.0,0.0,1.60,-0.400,0.120,-9.510,0.00000,0
117.441,0.0,0.0,1.60,-0.400,0.110,-9.470,0.00000,0
117.451,0.0,0.0,1.60,-0.400,0.110,-9.470,0.00000,0
117.461,0.0,0.0,1.60,-0.400,0.110,-9.470,0.00000,0
117.472,0.0,0.0,1.60,-0.400,0.110,-9.470,0.00000,0
117.482,0.0,0.0,1.60,-0.410,0.130,-9.440,0.00000,0
117.492,0.0,0.0,1.60,-0.410,0.130,-9.440,0.00000,0
117.502,0.0,0.0,1.60,-0.410,0.130,-9.440,0.00000,0
117.512,0.0,0.0,1.60,-0.410,0.130,-9.440,0.00000,0
117.522,0.0,0.0,1.60,-0.410,0.130,-9.440,0.00000,0
117.532,0.0,0.0,1.60,-0.420,0.110,-9.490,0.00000,0
117.543,0.0,0.0,1.60,-0.420,0.110,-9.490,0.00000,0
117.553,0.0,0.0,1.60,-0.420,0.110,-9.490,0.00000,0
117.563,0.0,0.0,1.60,-0.420,0.110,-9.490,0.00000,0
117.573,0.0,0.0,1.60,-0.420,0.110,-9.490,0.00000,0
117.583,0.0,0.0,1.60,-0.410,0.140,-9.520,0.00000,0
117.593,0.0,0.0,1.60,-0.410,0.140,-9.520,0.00000,0
117.603,0.0,0.0,1.60,-0.410,0.140,-9.520,0.00000,0
117.614,0.0,0.0,1.60,-0.410,0.140,-9.520,0.00000,0
117.624,0.0,0.0,1.60,-0.410,0.140,-9.520,0.00000,0
117.634,0.0,0.0,1.60,-0.380,0.100,-9.510,0.00000,0
117.644,0.0,0.0,1.60,-0.380,0.100,-9.510,0.00000,0
117.654,0.0,0.0,1.60,-0.380,0.100,-9.510,0.00000,0
117.664,0.0,0.0,1.60,-0.380,0.100,-9.510,0.00000,0
117.675,0.0,0.0,1.60,-0.380,0.100,-9.510,0.00000,0
117.685,0.0,0.0,1.60,-0.410,0.120,-9.520,0.00000,0
117.695,0.0,0.0,1.60,-0.410,0.120,-9.520,0.00000,0
117.705,0.0,0.0,1.60,-0.410,0.120,-9.520,0.00000,0
117.715,0.0,0.0,1.60,-0.410,0.120,-9.520,0.00000,0
117.725,0.0,0.0,1.60,-0.440,0.120,-9.500,0.00000,0
117.735,0.0,0.0,1.60,-0.440,0.120,-9.500,0.00000,0
117.745,0.0,0.0,1.60,-0.440,0.120,-9.500,0.00000,0
117.756,0.0,0.0,1.60,-0.440,0.120,-9.500,0.00000,0
117.766,0.0,0.0,1.60,-0.440,0.120,-9.500,0.00000,0
117.776,0.0,0.0,1.60,-0.400,0.130,-9.510,0.00000,0
117.786,0.0,0.0,1.60,-0.400,0.130,-9.510,0.00000,0
117.796,0.0,0.0,1.60,-0.400,0.130,-9.510,0.00000,0
117.806,0.0,0.0,1.60,-0.400,0.130,-9.510,0.00000,0
117.816,0.0,0.0,1.60,-0.400,0.130,-9.510,0.00000,0
117.827,0.0,0.0,1.60,-0.400,0.130,-9.510,0.00000,0
117.837,0.0,0.0,1.60,-0.410,0.180,-9.530,0.00000,0
117.847,0.0,0.0,1.60,-0.410,0.180,-9.530,0.00000,0
117.857,0.0,0.0,1.60,-0.410,0.180,-9.530,0.00000,0
117.867,0.0,0.0,1.60,-0.410,0.180,-9.530,0.00000,0
117.877,0.0,0.0,1.60,-0.410,0.180,-9.530,0.00000,0
117.887,0.0,0.0,1.60,-0.400,0.110,-9.540,0.00000,0
117.897,0.0,0.0,1.60,-0.400,0.110,-9.540,0.00000,0
117.908,0.0,0.0,1.60,-0.400,0.110,-9.540,0.00000,0
117.918,0.0,0.0,1.60,-0.400,0.110,-9.540,0.00000,0
117.928,0.0,0.0,1.60,-0.400,0.110,-9.540,0.00000,0
117.938,0.0,0.0,1.60,-0.410,0.150,-9.500,0.00000,0
117.948,0.0,0.0,1.60,-0.410,0.150,-9.500,0.00000,0
117.958,0.0,0.0,1.60,-0.410,0.150,-9.500,0.00000,0
117.968,0.0,0.0,1.60,-0.410,0.150,-9.500,0.00000,0
117.979,0.0,0.0,1.60,-0.370,0.120,-9.460,0.00000,0
117.989,0.0,0.0,1.60,-0.370,0.120,-9.460,0.00000,0
117.999,0.0,0.0,1.60,-0.370,0.120,-9.460,0.00000,0
118.009,0.0,0.0,1.60,-0.370,0.120,-9.460,0.00000,0
118.019,0.0,0.0,1.60,-0.370,0.120,-9.460,0.00000,0
118.029,0.0,0.0,1.60,-0.410,0.150,-9.460,0.00000,0
118.039,0.0,0.0,1.60,-0.410,0.150,-9.460,0.00000,0
118.049,0.0,0.0,1.60,-0.410,0.150,-9.460,0.00000,0
118.060,0.0,0.0,1.60,-0.410,0.150,-9.460,0.00000,0
118.070,0.0,0.0,1.60,-0.410,0.150,-9.460,0.00000,0
118.080,0.0,0.0,1.60,-0.420,0.120,-9.500,0.00000,0
118.090,0.0,0.0,1.60,-0.420,0.120,-9.500,0.00000,0
118.100,0.0,0.0,1.60,-0.420,0.120,-9.500,0.00000,0
118.110,0.0,0.0,1.60,-0.420,0.120,-9.500,0.00000,0
118.120,0.0,0.0,1.60,-0.420,0.120,-9.500,0.00000,0
118.130,0.0,0.0,1.60,-0.420,0.120,-9.500,0.00000,0
118.141,0.0,0.0,1.60,-0.380,0.100,-9.470,0.00000,0
118.151,0.0,0.0,1.60,-0.380,0.100,-9.470,0.00000,0
118.161,0.0,0.0,1.60,-0.380,0.100,-9.470,0.00000,0
118.171,0.0,0.0,1.60,-0.380,0.100,-9.470,0.00000,0
118.181,0.0,0.0,1.60,-0.380,0.100,-9.470,0.00000,0
118.191,0.0,0.0,1.60,-0.410,0.110,-9.510,0.00000,0
118.201,0.0,0.0,1.60,-0.410,0.110,-9.510,0.00000,0
118.211,0.0,0.0,1.60,-0.410,0.110,-9.510,0.00000,0
118.222,0.0,0.0,1.60,-0.410,0.110,-9.510,0.00000,0
118.232,0.0,0.0,1.60,-0.390,0.120,-9.500,0.00000,0
118.242,0.0,0.0,1.60,-0.390,0.120,-9.500,0.00000,0
118.252,0.0,0.0,1.60,-0.390,0.120,-9.500,0.00000,0
118.262,0.0,0.0,1.60,-0.390,0.120,-9.500,0.00000,0
118.272,0.0,0.0,1.60,-0.390,0.120,-9.500,0.00000,0
118.283,0.0,0.0,1.60,-0.360,0.100,-9.510,0.00000,0
118.293,0.0,0.0,1.60,-0.360,0.100,-9.510,0.00000,0
118.303,0.0,0.0,1.60,-0.360,0.100,-9.510,0.00000,0
118.313,0.0,0.0,1.60,-0.360,0.100,-9.510,0.00000,0
118.323,0.0,0.0,1.60,-0.360,0.100,-9.510,0.00000,0
118.333,0.0,0.0,1.60,-0.390,0.120,-9.400,0.00000,0
118.344,0.0,0.0,1.60,-0.390,0.120,-9.400,0.00000,0
118.354,0.0,0.0,1.60,-0.390,0.120,-9.400,0.00000,0
118.364,0.0,0.0,1.60,-0.390,0.120,-9.400,0.00000,0
118.374,0.0,0.0,1.60,-0.390,0.120,-9.400,0.00000,0
118.384,0.0,0.0,1.60,-0.410,0.150,-9.440,0.00000,0
118.394,0.0,0.0,1.60,-0.410,0.150,-9.440,0.00000,0
118.404,0.0,0.0,1.60,-0.410,0.150,-9.440,0.00000,0
118.415,0.0,0.0,1.60,-0.410,0.150,-9.440,0.00000,0
118.425,0.0,0.0,1.60,-0.410,0.150,-9.440,0.00000,0
118.435,0.0,0.0,1.60,-0.430,0.120,-9.510,0.00000,0
118.445,0.0,0.0,1.60,-0.430,0.120,-9.510,0.00000,0
118.455,0.0,0.0,1.60,-0.430,0.120,-9.510,0.00000,0
118.465,0.0,0.0,1.60,-0.430,0.120,-9.510,0.00000,0
118.475,0.0,0.0,1.60,-0.430,0.120,-9.510,0.00000,0
118.486,0.0,0.0,1.60,-0.390,0.130,-9.480,0.00000,0
118.496,0.0,0.0,1.60,-0.390,0.130,-9.480,0.00000,0
118.506,0.0,0.0,1.60,-0.390,0.130,-9.480,0.00000,0
118.516,0.0,0.0,1.60,-0.390,0.130,-9.480,0.00000,0
118.526,0.0,0.0,1.60,-0.430,0.130,-9.520,0.00000,0
118.536,0.0,0.0,1.60,-0.430,0.130,-9.520,0.00000,0
118.546,0.0,0.0,1.60,-0.430,0.130,-9.520,0.00000,0
118.557,0.0,0.0,1.60,-0.430,0.130,-9.520,0.00000,0
118.567,0.0,0.0,1.60,-0.430,0.130,-9.520,0.00000,0
118.577,0.0,0.0,1.60,-0.430,0.130,-9.520,0.00000,0
118.587,0.0,0.0,1.60,-0.370,0.100,-9.520,0.00000,0
118.597,0.0,0.0,1.60,-0.370,0.100,-9.520,0.00000,0
118.607,0.0,0.0,1.60,-0.370,0.100,-9.520,0.00000,0
118.617,0.0,0.0,1.60,-0.370,0.100,-9.520,0.00000,0
118.627,0.0,0.0,1.60,-0.370,0.100,-9.520,0.00000,0
118.638,0.0,0.0,1.60,-0.370,0.140,-9.510,0.00000,0
118.648,0.0,0.0,1.60,-0.370,0.140,-9.510,0.00000,0
118.658,0.0,0.0,1.60,-0.370,0.140,-9.510,0.00000,0
118.668,0.0,0.0,1.60,-0.370,0.140,-9.510,0.00000,0
118.678,0.0,0.0,1.60,-0.370,0.140,-9.510,0.00000,0
118.688,0.0,0.0,1.60,-0.350,0.100,-9.490,0.00000,0
118.699,0.0,0.0,1.60,-0.350,0.100,-9.490,0.00000,0
118.709,0.0,0.0,1.60,-0.350,0.100,-9.490,0.00000,0
118.719,0.0,0.0,1.60,-0.350,0.100,-9.490,0.00000,0
118.729,0.0,0.0,1.60,-0.350,0.100,-9.490,0.00000,0
118.739,0.0,0.0,1.60,-0.380,0.140,-9.430,0.00000,0
118.749,0.0,0.0,1.60,-0.380,0.140,-9.430,0.00000,0
118.759,0.0,0.0,1.60,-0.380,0.140,-9.430,0.00000,0
118.770,0.0,0.0,1.60,-0.380,0.140,-9.430,0.00000,0
118.780,0.0,0.0,1.60,-0.410,0.140,-9.420,0.00000,0
118.790,0.0,0.0,1.60,-0.410,0.140,-9.420,0.00000,0
118.800,0.0,0.0,1.60,-0.410,0.140,-9.420,0.00000,0
118.810,0.0,0.0,1.60,-0.410,0.140,-9.420,0.00000,0
118.820,0.0,0.0,1.60,-0.410,0.140,-9.420,0.00000,0
118.830,0.0,0.0,1.60,-0.400,0.150,-9.440,0.00000,0
118.840,0.0,0.0,1.60,-0.400,0.150,-9.440,0.00000,0
118.851,0.0,0.0,1.60,-0.400,0.150,-9.440,0.00000,0
118.861,0.0,0.0,1.60,-0.400,0.150,-9.440,0.00000,0
118.871,0.0,0.0,1.60,-0.400,0.150,-9.440,0.00000,0
118.881,0.0,0.0,1.60,-0.410,0.130,-9.430,0.00000,0
118.891,0.0,0.0,1.60,-0.410,0.130,-9.430,0.00000,0
118.901,0.0,0.0,1.60,-0.410,0.130,-9.430,0.00000,0
118.911,0.0,0.0,1.60,-0.410,0.130,-9.430,0.00000,0
118.921,0.0,0.0,1.60,-0.410,0.130,-9.430,0.00000,0
118.932,0.0,0.0,1.60,-0.380,0.120,-9.410,0.00000,0
118.942,0.0,0.0,1.60,-0.380,0.120,-9.410,0.00000,0
118.952,0.0,0.0,1.60,-0.380,0.120,-9.410,0.00000,0
118.962,0.0,0.0,1.60,-0.380,0.120,-9.410,0.00000,0
118.972,0.0,0.0,1.60,-0.380,0.120,-9.410,0.00000,0
118.982,0.0,0.0,1.60,-0.380,0.120,-9.410,0.00000,0
118.992,0.0,0.0,1.60,-0.390,0.150,-9.540,0.00000,0
119.004,0.0,0.0,1.60,-0.390,0.150,-9.540,0.00000,0
119.014,0.0,0.0,1.60,-0.390,0.150,-9.540,0.00000,0
119.024,0.0,0.0,1.60,-0.390,0.150,-9.540,0.00000,0
119.034,0.0,0.0,1.60,-0.390,0.150,-9.540,0.00000,0
119.044,0.0,0.0,1.60,-0.400,0.130,-9.580,0.00000,0
119.054,0.0,0.0,1.60,-0.400,0.130,-9.580,0.00000,0
119.064,0.0,0.0,1.60,-0.400,0.130,-9.580,0.00000,0
119.075,0.0,0.0,1.60,-0.400,0.130,-9.580,0.00000,0
119.085,0.0,0.0,1.60,-0.370,0.150,-9.510,0.00000,0
119.095,0.0,0.0,1.60,-0.370,0.150,-9.510,0.00000,0
119.105,0.0,0.0,1.60,-0.370,0.150,-9.510,0.00000,0
119.115,0.0,0.0,1.60,-0.370,0.150,-9.510,0.00000,0
119.125,0.0,0.0,1.60,-0.370,0.150,-9.510,0.00000,0
119.135,0.0,0.0,1.60,-0.410,0.140,-9.490,0.00000,0
119.145,0.0,0.0,1.60,-0.410,0.140,-9.490,0.00000,0
119.155,0.0,0.0,1.60,-0.410,0.140,-9.490,0.00000,0
119.166,0.0,0.0,1.60,-0.410,0.140,-9.490,0.00000,0
119.176,0.0,0.0,1.60,-0.410,0.140,-9.490,0.00000,0
119.186,0.0,0.0,1.60,-0.380,0.120,-9.540,0.00000,0
119.196,0.0,0.0,1.60,-0.380,0.120,-9.540,0.00000,0
119.206,0.0,0.0,1.60,-0.380,0.120,-9.540,0.00000,0
119.216,0.0,0.0,1.60,-0.380,0.120,-9.540,0.00000,0
119.226,0.0,0.0,1.60,-0.380,0.120,-9.540,0.00000,0
119.236,0.0,0.0,1.60,-0.400,0.110,-9.470,0.00000,0
119.247,0.0,0.0,1.60,-0.400,0.110,-9.470,0.00000,0
119.257,0.0,0.0,1.60,-0.400,0.110,-9.470,0.00000,0
119.267,0.0,0.0,1.60,-0.400,0.110,-9.470,0.00000,0
119.277,0.0,0.0,1.60,-0.400,0.110,-9.470,0.00000,0
119.287,0.0,0.0,1.60,-0.420,0.110,-9.500,0.00000,0
119.297,0.0,0.0,1.60,-0.420,0.110,-9.500,0.00000,0
119.307,0.0,0.0,1.60,-0.420,0.110,-9.500,0.00000,0
119.317,0.0,0.0,1.60,-0.420,0.110,-9.500,0.00000,0
119.328,0.0,0.0,1.60,-0.390,0.120,-9.520,0.00000,0
119.338,0.0,0.0,1.60,-0.390,0.120,-9.520,0.00000,0
119.348,0.0,0.0,1.60,-0.390,0.120,-9.520,0.00000,0
119.358,0.0,0.0,1.60,-0.390,0.120,-9.520,0.00000,0
119.368,0.0,0.0,1.60,-0.390,0.120,-9.520,0.00000,0
119.378,0.0,0.0,1.60,-0.390,0.120,-9.520,0.00000,0
119.388,0.0,0.0,1.60,-0.420,0.120,-9.370,0.00000,0
119.398,0.0,0.0,1.60,-0.420,0.120,-9.370,0.00000,0
119.409,0.0,0.0,1.60,-0.420,0.120,-9.370,0.00000,0
119.419,0.0,0.0,1.60,-0.420,0.120,-9.370,0.00000,0
119.429,0.0,0.0,1.60,-0.420,0.120,-9.370,0.00000,0
119.439,0.0,0.0,1.60,-0.410,0.120,-9.530,0.00000,0
119.449,0.0,0.0,1.60,-0.410,0.120,-9.530,0.00000,0
119.459,0.0,0.0,1.60,-0.410,0.120,-9.530,0.00000,0
119.469,0.0,0.0,1.60,-0.410,0.120,-9.530,0.00000,0
119.479,0.0,0.0,1.60,-0.410,0.120,-9.530,0.00000,0
119.489,0.0,0.0,1.60,-0.400,0.110,-9.430,0.00000,0
119.500,0.0,0.0,1.60,-0.400,0.110,-9.430,0.00000,0
119.510,0.0,0.0,1.60,-0.400,0.110,-9.430,0.00000,0
119.520,0.0,0.0,1.60,-0.400,0.110,-9.430,0.00000,0
119.530,0.0,0.0,1.60,-0.400,0.110,-9.430,0.00000,0
119.540,0.0,0.0,1.60,-0.400,0.120,-9.490,0.00000,0
119.550,0.0,0.0,1.60,-0.400,0.120,-9.490,0.00000,0
119.560,0.0,0.0,1.60,-0.400,0.120,-9.490,0.00000,0
119.570,0.0,0.0,1.60,-0.400,0.120,-9.490,0.00000,0
119.581,0.0,0.0,1.60,-0.380,0.140,-9.450,0.00000,0
119.591,0.0,0.0,1.60,-0.380,0.140,-9.450,0.00000,0
119.601,0.0,0.0,1.60,-0.380,0.140,-9.450,0.00000,0
119.611,0.0,0.0,1.60,-0.380,0.140,-9.450,0.00000,0
119.621,0.0,0.0,1.60,-0.380,0.140,-9.450,0.00000,0
119.631,0.0,0.0,1.60,-0.390,0.110,-9.480,0.00000,0
119.641,0.0,0.0,1.60,-0.390,0.110,-9.480,0.00000,0
119.651,0.0,0.0,1.60,-0.390,0.110,-9.480,0.00000,0
119.662,0.0,0.0,1.60,-0.390,0.110,-9.480,0.00000,0
119.672,0.0,0.0,1.60,-0.390,0.110,-9.480,0.00000,0
119.682,0.0,0.0,1.60,-0.420,0.100,-9.560,0.00000,0
119.692,0.0,0.0,1.60,-0.420,0.100,-9.560,0.00000,0
119.702,0.0,0.0,1.60,-0.420,0.100,-9.560,0.00000,0
119.712,0.0,0.0,1.60,-0.420,0.100,-9.560,0.00000,0
119.722,0.0,0.0,1.60,-0.420,0.100,-9.560,0.00000,0
119.733,0.0,0.0,1.60,-0.420,0.100,-9.560,0.00000,0
119.743,0.0,0.0,1.60,-0.400,0.110,-9.520,0.00000,0
119.753,0.0,0.0,1.60,-0.400,0.110,-9.520,0.00000,0
119.763,0.0,0.0,1.60,-0.400,0.110,-9.520,0.00000,0
119.773,0.0,0.0,1.60,-0.400,0.110,-9.520,0.00000,0
119.783,0.0,0.0,1.60,-0.400,0.110,-9.520,0.00000,0
119.793,0.0,0.0,1.60,-0.390,0.110,-9.430,0.00000,0
119.803,0.0,0.0,1.60,-0.390,0.110,-9.430,0.00000,0
119.813,0.0,0.0,1.60,-0.390,0.110,-9.430,0.00000,0
119.824,0.0,0.0,1.60,-0.390,0.110,-9.430,0.00000,0
119.834,0.0,0.0,1.60,-0.380,0.160,-9.390,0.00000,0
119.844,0.0,0.0,1.60,-0.380,0.160,-9.390,0.00000,0
119.854,0.0,0.0,1.60,-0.380,0.160,-9.390,0.00000,0
119.864,0.0,0.0,1.60,-0.380,0.160,-9.390,0.00000,0
119.874,0.0,0.0,1.60,-0.380,0.160,-9.390,0.00000,0
119.884,0.0,0.0,1.60,-0.430,0.120,-9.470,0.00000,0
119.895,0.0,0.0,1.60,-0.430,0.120,-9.470,0.00000,0
119.905,0.0,0.0,1.60,-0.430,0.120,-9.470,0.00000,0
119.915,0.0,0.0,1.60,-0.430,0.120,-9.470,0.00000,0
119.926,0.0,0.0,1.60,-0.430,0.120,-9.470,0.00000,0
119.936,0.0,0.0,1.60,-0.430,0.110,-9.420,0.00000,0
119.946,0.0,0.0,1.60,-0.430,0.110,-9.420,0.00000,0
119.956,0.0,0.0,1.60,-0.430,0.110,-9.420,0.00000,0
119.966,0.0,0.0,1.60,-0.430,0.110,-9.420,0.00000,0
119.976,0.0,0.0,1.60,-0.430,0.110,-9.420,0.00000,0
119.986,0.0,0.0,1.60,-0.410,0.100,-9.440,0.00000,0
119.996,0.0,0.0,1.60,-0.410,0.100,-9.440,0.00000,0
120.007,0.0,0.0,1.60,-0.410,0.100,-9.440,0.00000,0
120.017,0.0,0.0,1.60,-0.410,0.100,-9.440,0.00000,0
120.027,0.0,0.0,1.60,-0.410,0.100,-9.440,0.00000,0
120.037,0.0,0.0,1.60,-0.370,0.150,-9.380,0.00000,0
120.047,0.0,0.0,1.60,-0.370,0.150,-9.380,0.00000,0
120.057,0.0,0.0,1.60,-0.370,0.150,-9.380,0.00000,0
120.067,0.0,0.0,1.60,-0.370,0.150,-9.380,0.00000,0
120.077,0.0,0.0,1.60,-0.430,0.150,-9.410,0.00000,0
120.088,0.0,0.0,1.60,-0.430,0.150,-9.410,0.00000,0
120.098,0.0,0.0,1.60,-0.430,0.150,-9.410,0.00000,0
120.108,0.0,0.0,1.60,-0.430,0.150,-9.410,0.00000,0
120.118,0.0,0.0,1.60,-0.430,0.150,-9.410,0.00000,0
120.128,0.0,0.0,1.60,-0.430,0.150,-9.410,0.00000,0
120.138,0.0,0.0,1.60,-0.410,0.100,-9.480,0.00000,0
120.148,0.0,0.0,1.60,-0.410,0.100,-9.480,0.00000,0
120.158,0.0,0.0,1.60,-0.410,0.100,-9.480,0.00000,0
120.168,0.0,0.0,1.60,-0.410,0.100,-9.480,0.00000,0
120.179,0.0,0.0,1.60,-0.410,0.100,-9.480,0.00000,0
120.189,0.0,0.0,1.60,-0.400,0.120,-9.400,0.00000,0
120.199,0.0,0.0,1.60,-0.400,0.120,-9.400,0.00000,0
120.209,0.0,0.0,1.60,-0.400,0.120,-9.400,0.00000,0
120.219,0.0,0.0,1.60,-0.400,0.120,-9.400,0.00000,0
120.229,0.0,0.0,1.60,-0.400,0.120,-9.400,0.00000,0
120.239,0.0,0.0,1.60,-0.390,0.140,-9.460,0.00000,0
120.249,0.0,0.0,1.60,-0.390,0.140,-9.460,0.00000,0
120.259,0.0,0.0,1.60,-0.390,0.140,-9.460,0.00000,0
120.270,0.0,0.0,1.60,-0.390,0.140,-9.460,0.00000,0
120.280,0.0,0.0,1.60,-0.390,0.140,-9.460,0.00000,0
120.290,0.0,0.0,1.60,-0.430,0.160,-9.470,0.00000,0
120.300,0.0,0.0,1.60,-0.430,0.160,-9.470,0.00000,0
120.310,0.0,0.0,1.60,-0.430,0.160,-9.470,0.00000,0
120.320,0.0,0.0,1.60,-0.430,0.160,-9.470,0.00000,0
120.331,0.0,0.0,1.60,-0.400,0.150,-9.550,0.00000,0
120.341,0.0,0.0,1.60,-0.400,0.150,-9.550,0.00000,0
120.351,0.0,0.0,1.60,-0.400,0.150,-9.550,0.00000,0
120.361,0.0,0.0,1.60,-0.400,0.150,-9.550,0.00000,0
120.371,0.0,0.0,1.60,-0.400,0.150,-9.550,0.00000,0
120.381,0.0,0.0,1.60,-0.400,0.120,-9.510,0.00000,0
120.391,0.0,0.0,1.60,-0.400,0.120,-9.510,0.00000,0
120.401,0.0,0.0,1.60,-0.400,0.120,-9.510,0.00000,0
120.411,0.0,0.0,1.60,-0.400,0.120,-9.510,0.00000,0
120.422,0.0,0.0,1.60,-0.400,0.120,-9.510,0.00000,0
120.432,0.0,0.0,1.60,-0.430,0.100,-9.510,0.00000,0
120.442,0.0,0.0,1.60,-0.430,0.100,-9.510,0.00000,0
120.452,0.0,0.0,1.60,-0.430,0.100,-9.510,0.00000,0
120.462,0.0,0.0,1.60,-0.430,0.100,-9.510,0.00000,0
120.472,0.0,0.0,1.60,-0.430,0.100,-9.510,0.00000,0
120.482,0.0,0.0,1.60,-0.430,0.100,-9.510,0.00000,0
120.492,0.0,0.0,1.60,-0.420,0.120,-9.510,0.00000,0
120.503,0.0,0.0,1.60,-0.420,0.120,-9.510,0.00000,0
120.513,0.0,0.0,1.60,-0.420,0.120,-9.510,0.00000,0
120.523,0.0,0.0,1.60,-0.420,0.120,-9.510,0.00000,0
120.533,0.0,0.0,1.60,-0.420,0.120,-9.510,0.00000,0
120.543,0.0,0.0,1.60,-0.380,0.130,-9.460,0.00000,0
120.553,0.0,0.0,1.60,-0.380,0.130,-9.460,0.00000,0
120.563,0.0,0.0,1.60,-0.380,0.130,-9.460,0.00000,0
120.573,0.0,0.0,1.60,-0.380,0.130,-9.460,0.00000,0
120.584,0.0,0.0,1.60,-0.380,0.130,-9.460,0.00000,0
120.594,0.0,0.0,1.60,-0.410,0.140,-9.400,0.00000,0
120.604,0.0,0.0,1.60,-0.410,0.140,-9.400,0.00000,0
120.614,0.0,0.0,1.60,-0.410,0.140,-9.400,0.00000,0
120.624,0.0,0.0,1.60,-0.410,0.140,-9.400,0.00000,0
120.634,0.0,0.0,1.60,-0.430,0.130,-9.470,0.00000,0
120.644,0.0,0.0,1.60,-0.430,0.130,-9.470,0.00000,0
120.654,0.0,0.0,1.60,-0.430,0.130,-9.470,0.00000,0
120.665,0.0,0.0,1.60,-0.430,0.130,-9.470,0.00000,0
120.675,0.0,0.0,1.60,-0.430,0.130,-9.470,0.00000,0
120.685,0.0,0.0,1.60,-0.430,0.130,-9.470,0.00000,0
120.695,0.0,0.0,1.60,-0.370,0.140,-9.410,0.00000,0
120.705,0.0,0.0,1.60,-0.370,0.140,-9.410,0.00000,0
120.715,0.0,0.0,1.60,-0.370,0.140,-9.410,0.00000,0
120.726,0.0,0.0,1.60,-0.370,0.140,-9.410,0.00000,0
120.736,0.0,0.0,1.60,-0.390,0.100,-9.470,0.00000,0
120.746,0.0,0.0,1.60,-0.390,0.100,-9.470,0.00000,0
120.756,0.0,0.0,1.60,-0.390,0.100,-9.470,0.00000,0
120.766,0.0,0.0,1.60,-0.390,0.100,-9.470,0.00000,0
120.776,0.0,0.0,1.60,-0.390,0.100,-9.470,0.00000,0
120.786,0.0,0.0,1.60,-0.420,0.110,-9.500,0.00000,0
120.796,0.0,0.0,1.60,-0.420,0.110,-9.500,0.00000,0
120.807,0.0,0.0,1.60,-0.420,0.110,-9.500,0.00000,0
120.817,0.0,0.0,1.60,-0.420,0.110,-9.500,0.00000,0
120.827,0.0,0.0,1.60,-0.420,0.110,-9.500,0.00000,0
120.837,0.0,0.0,1.60,-0.420,0.110,-9.500,0.00000,0
120.847,0.0,0.0,1.60,-0.380,0.120,-9.440,0.00000,0
120.857,0.0,0.0,1.60,-0.380,0.120,-9.440,0.00000,0
120.867,0.0,0.0,1.60,-0.380,0.120,-9.440,0.00000,0
120.878,0.0,0.0,1.60,-0.380,0.120,-9.440,0.00000,0
120.888,0.0,0.0,1.60,-0.410,0.110,-9.520,0.00000,0
120.898,0.0,0.0,1.60,-0.410,0.110,-9.520,0.00000,0
120.908,0.0,0.0,1.60,-0.410,0.110,-9.520,0.00000,0
120.918,0.0,0.0,1.60,-0.410,0.110,-9.520,0.00000,0
120.928,0.0,0.0,1.60,-0.410,0.110,-9.520,0.00000,0
120.939,0.0,0.0,1.60,-0.380,0.130,-9.520,0.00000,0
120.949,0.0,0.0,1.60,-0.380,0.130,-9.520,0.00000,0
120.959,0.0,0.0,1.60,-0.380,0.130,-9.520,0.00000,0
120.969,0.0,0.0,1.60,-0.380,0.130,-9.520,0.00000,0
120.979,0.0,0.0,1.60,-0.380,0.130,-9.520,0.00000,0
120.989,0.0,0.0,1.60,-0.420,0.090,-9.460,0.00000,0
120.999,0.0,0.0,1.60,-0.420,0.090,-9.460,0.00000,0
121.009,0.0,0.0,1.60,-0.420,0.090,-9.460,0.00000,0
121.020,0.0,0.0,1.60,-0.420,0.090,-9.460,0.00000,0
121.030,0.0,0.0,1.60,-0.420,0.090,-9.460,0.00000,0
121.040,0.0,0.0,1.60,-0.400,0.080,-9.520,0.00000,0
121.050,0.0,0.0,1.60,-0.400,0.080,-9.520,0.00000,0
121.060,0.0,0.0,1.60,-0.400,0.080,-9.520,0.00000,0
121.070,0.0,0.0,1.60,-0.400,0.080,-9.520,0.00000,0
121.081,0.0,0.0,1.60,-0.400,0.080,-9.520,0.00000,0
121.091,0.0,0.0,1.60,-0.430,0.140,-9.510,0.00000,0
121.101,0.0,0.0,1.60,-0.430,0.140,-9.510,0.00000,0
121.111,0.0,0.0,1.60,-0.430,0.140,-9.510,0.00000,0
121.121,0.0,0.0,1.60,-0.430,0.140,-9.510,0.00000,0
121.131,0.0,0.0,1.60,-0.430,0.140,-9.510,0.00000,0
121.141,0.0,0.0,1.60,-0.420,0.100,-9.500,0.00000,0
121.151,0.0,0.0,1.60,-0.420,0.100,-9.500,0.00000,0
121.162,0.0,0.0,1.60,-0.420,0.100,-9.500,0.00000,0
121.172,0.0,0.0,1.60,-0.420,0.100,-9.500,0.00000,0
121.182,0.0,0.0,1.60,-0.410,0.150,-9.530,0.00000,0
121.192,0.0,0.0,1.60,-0.410,0.150,-9.530,0.00000,0
121.202,0.0,0.0,1.60,-0.410,0.150,-9.530,0.00000,0
121.212,0.0,0.0,1.60,-0.410,0.150,-9.530,0.00000,0
121.222,0.0,0.0,1.60,-0.410,0.150,-9.530,0.00000,0
121.232,0.0,0.0,1.60,-0.410,0.150,-9.530,0.00000,0
121.243,0.0,0.0,1.60,-0.440,0.140,-9.440,0.00000,0
121.253,0.0,0.0,1.60,-0.440,0.140,-9.440,0.00000,0
121.263,0.0,0.0,1.60,-0.440,0.140,-9.440,0.00000,0
121.273,0.0,0.0,1.60,-0.440,0.140,-9.440,0.00000,0
121.283,0.0,0.0,1.60,-0.440,0.140,-9.440,0.00000,0
121.293,0.0,0.0,1.60,-0.400,0.150,-9.490,0.00000,0
121.303,0.0,0.0,1.60,-0.400,0.150,-9.490,0.00000,0
121.313,0.0,0.0,1.60,-0.400,0.150,-9.490,0.00000,0
121.324,0.0,0.0,1.60,-0.400,0.150,-9.490,0.00000,0
121.334,0.0,0.0,1.60,-0.400,0.150,-9.490,0.00000,0
121.344,0.0,0.0,1.60,-0.380,0.120,-9.500,0.00000,0
121.354,0.0,0.0,1.60,-0.380,0.120,-9.500,0.00000,0
121.364,0.0,0.0,1.60,-0.380,0.120,-9.500,0.00000,0
121.374,0.0,0.0,1.60,-0.380,0.120,-9.500,0.00000,0
121.384,0.0,0.0,1.60,-0.380,0.120,-9.500,0.00000,0
121.395,0.0,0.0,1.60,-0.390,0.130,-9.510,0.00000,0
121.405,0.0,0.0,1.60,-0.390,0.130,-9.510,0.00000,0
121.415,0.0,0.0,1.60,-0.390,0.130,-9.510,0.00000,0
121.425,0.0,0.0,1.60,-0.390,0.130,-9.510,0.00000,0
121.435,0.0,0.0,1.60,-0.410,0.130,-9.470,0.00000,0
121.445,0.0,0.0,1.60,-0.410,0.130,-9.470,0.00000,0
121.455,0.0,0.0,1.60,-0.410,0.130,-9.470,0.00000,0
121.465,0.0,0.0,1.60,-0.410,0.130,-9.470,0.00000,0
121.476,0.0,0.0,1.60,-0.410,0.130,-9.470,0.00000,0
121.486,0.0,0.0,1.60,-0.410,0.130,-9.470,0.00000,0
121.496,0.0,0.0,1.60,-0.410,0.130,-9.470,0.00000,0
121.506,0.0,0.0,1.60,-0.410,0.130,-9.470,0.00000,0
121.516,0.0,0.0,1.60,-0.410,0.130,-9.470,0.00000,0
121.526,0.0,0.0,1.60,-0.410,0.130,-9.470,0.00000,0
121.536,0.0,0.0,1.60,-0.420,0.120,-9.480,0.00000,0
121.546,0.0,0.0,1.60,-0.420,0.120,-9.480,0.00000,0
121.557,0.0,0.0,1.60,-0.420,0.120,-9.480,0.00000,0
121.567,0.0,0.0,1.60,-0.420,0.120,-9.480,0.00000,0
121.577,0.0,0.0,1.60,-0.420,0.120,-9.480,0.00000,0
121.587,0.0,0.0,1.60,-0.420,0.120,-9.480,0.00000,0
121.597,0.0,0.0,1.60,-0.400,0.100,-9.480,0.00000,0
121.608,0.0,0.0,1.60,-0.400,0.100,-9.480,0.00000,0
121.618,0.0,0.0,1.60,-0.400,0.100,-9.480,0.00000,0
121.629,0.0,0.0,1.60,-0.400,0.100,-9.480,0.00000,0
121.639,0.0,0.0,1.60,-0.400,0.100,-9.480,0.00000,0
121.649,0.0,0.0,1.60,-0.420,0.150,-9.460,0.00000,0
121.659,0.0,0.0,1.60,-0.420,0.150,-9.460,0.00000,0
121.669,0.0,0.0,1.60,-0.420,0.150,-9.460,0.00000,0
121.679,0.0,0.0,1.60,-0.420,0.150,-9.460,0.00000,0
121.689,0.0,0.0,1.60,-0.390,0.100,-9.440,0.00000,0
121.699,0.0,0.0,1.60,-0.390,0.100,-9.440,0.00000,0
121.710,0.0,0.0,1.60,-0.390,0.100,-9.440,0.00000,0
121.720,0.0,0.0,1.60,-0.390,0.100,-9.440,0.00000,0
121.730,0.0,0.0,1.60,-0.390,0.100,-9.440,0.00000,0
121.740,0.0,0.0,1.60,-0.450,0.140,-9.420,0.00000,0
121.750,0.0,0.0,1.60,-0.450,0.140,-9.420,0.00000,0
121.760,0.0,0.0,1.60,-0.450,0.140,-9.420,0.00000,0
121.770,0.0,0.0,1.60,-0.450,0.140,-9.420,0.00000,0
121.781,0.0,0.0,1.60,-0.450,0.140,-9.420,0.00000,0
121.791,0.0,0.0,1.60,-0.410,0.100,-9.470,0.00000,0
121.801,0.0,0.0,1.60,-0.410,0.100,-9.470,0.00000,0
121.811,0.0,0.0,1.60,-0.410,0.100,-9.470,0.00000,0
121.821,0.0,0.0,1.60,-0.410,0.100,-9.470,0.00000,0
121.831,0.0,0.0,1.60,-0.410,0.100,-9.470,0.00000,0
121.841,0.0,0.0,1.60,-0.390,0.130,-9.460,0.00000,0
121.851,0.0,0.0,1.60,-0.390,0.130,-9.460,0.00000,0
121.862,0.0,0.0,1.60,-0.390,0.130,-9.460,0.00000,0
121.872,0.0,0.0,1.60,-0.390,0.130,-9.460,0.00000,0
121.882,0.0,0.0,1.60,-0.390,0.130,-9.460,0.00000,0
121.892,0.0,0.0,1.60,-0.390,0.120,-9.450,0.00000,0
121.902,0.0,0.0,1.60,-0.390,0.120,-9.450,0.00000,0
121.912,0.0,0.0,1.60,-0.390,0.120,-9.450,0.00000,0
121.922,0.0,0.0,1.60,-0.390,0.120,-9.450,0.00000,0
121.933,0.0,0.0,1.60,-0.390,0.130,-9.530,0.00000,0
121.943,0.0,0.0,1.60,-0.390,0.130,-9.530,0.00000,0
121.953,0.0,0.0,1.60,-0.390,0.130,-9.530,0.00000,0
121.963,0.0,0.0,1.60,-0.390,0.130,-9.530,0.00000,0
121.973,0.0,0.0,1.60,-0.390,0.130,-9.530,0.00000,0
121.983,0.0,0.0,1.60,-0.410,0.110,-9.510,0.00000,0
121.993,0.0,0.0,1.60,-0.410,0.110,-9.510,0.00000,0
122.004,0.0,0.0,1.60,-0.410,0.110,-9.510,0.00000,0
122.014,0.0,0.0,1.60,-0.410,0.110,-9.510,0.00000,0
122.024,0.0,0.0,1.60,-0.410,0.110,-9.510,0.00000,0
122.034,0.0,0.0,1.60,-0.410,0.110,-9.510,0.00000,0
122.044,0.0,0.0,1.60,-0.410,0.100,-9.510,0.00000,0
122.054,0.0,0.0,1.60,-0.410,0.100,-9.510,0.00000,0
122.064,0.0,0.0,1.60,-0.410,0.100,-9.510,0.00000,0
122.075,0.0,0.0,1.60,-0.410,0.100,-9.510,0.00000,0
122.085,0.0,0.0,1.60,-0.410,0.100,-9.510,0.00000,0
122.095,0.0,0.0,1.60,-0.420,0.120,-9.520,0.00000,0
122.105,0.0,0.0,1.60,-0.420,0.120,-9.520,0.00000,0
122.115,0.0,0.0,1.60,-0.420,0.120,-9.520,0.00000,0
122.125,0.0,0.0,1.60,-0.420,0.120,-9.520,0.00000,0
122.135,0.0,0.0,1.60,-0.420,0.120,-9.520,0.00000,0
122.145,0.0,0.0,1.60,-0.410,0.150,-9.490,0.00000,0
122.156,0.0,0.0,1.60,-0.410,0.150,-9.490,0.00000,0
122.166,0.0,0.0,1.60,-0.410,0.150,-9.490,0.00000,0
122.176,0.0,0.0,1.60,-0.410,0.150,-9.490,0.00000,0
122.186,0.0,0.0,1.60,-0.410,0.110,-9.460,0.00000,0
122.196,0.0,0.0,1.60,-0.410,0.110,-9.460,0.00000,0
122.206,0.0,0.0,1.60,-0.410,0.110,-9.460,0.00000,0
122.216,0.0,0.0,1.60,-0.410,0.110,-9.460,0.00000,0
122.227,0.0,0.0,1.60,-0.410,0.110,-9.460,0.00000,0
122.237,0.0,0.0,1.60,-0.390,0.110,-9.510,0.00000,0
122.247,0.0,0.0,1.60,-0.390,0.110,-9.510,0.00000,0
122.257,0.0,0.0,1.60,-0.390,0.110,-9.510,0.00000,0
122.267,0.0,0.0,1.60,-0.390,0.110,-9.510,0.00000,0
122.277,0.0,0.0,1.60,-0.390,0.110,-9.510,0.00000,0
122.287,0.0,0.0,1.60,-0.380,0.130,-9.470,0.00000,0
122.297,0.0,0.0,1.60,-0.380,0.130,-9.470,0.00000,0
122.308,0.0,0.0,1.60,-0.380,0.130,-9.470,0.00000,0
122.318,0.0,0.0,1.60,-0.380,0.130,-9.470,0.00000,0
122.328,0.0,0.0,1.60,-0.380,0.130,-9.470,0.00000,0
122.338,0.0,0.0,1.60,-0.430,0.140,-9.450,0.00000,0
122.348,0.0,0.0,1.60,-0.430,0.140,-9.450,0.00000,0
122.358,0.0,0.0,1.60,-0.430,0.140,-9.450,0.00000,0
122.368,0.0,0.0,1.60,-0.430,0.140,-9.450,0.00000,0
122.379,0.0,0.0,1.60,-0.430,0.140,-9.450,0.00000,0
122.389,0.0,0.0,1.60,-0.430,0.140,-9.450,0.00000,0
122.399,0.0,0.0,1.60,-0.380,0.140,-9.460,0.00000,0
122.410,0.0,0.0,1.60,-0.380,0.140,-9.460,0.00000,0
122.420,0.0,0.0,1.60,-0.380,0.140,-9.460,0.00000,0
122.430,0.0,0.0,1.60,-0.380,0.140,-9.460,0.00000,0
122.440,0.0,0.0,1.60,-0.390,0.100,-9.460,0.00000,0
122.450,0.0,0.0,1.60,-0.390,0.100,-9.460,0.00000,0
122.460,0.0,0.0,1.60,-0.390,0.100,-9.460,0.00000,0
122.470,0.0,0.0,1.60,-0.390,0.100,-9.460,0.00000,0
122.480,0.0,0.0,1.60,-0.390,0.100,-9.460,0.00000,0
122.491,0.0,0.0,1.60,-0.400,0.160,-9.520,0.00000,0
122.501,0.0,0.0,1.60,-0.400,0.160,-9.520,0.00000,0
122.511,0.0,0.0,1.60,-0.400,0.160,-9.520,0.00000,0
122.521,0.0,0.0,1.60,-0.400,0.160,-9.520,0.00000,0
122.531,0.0,0.0,1.60,-0.400,0.160,-9.520,0.00000,0
122.541,0.0,0.0,1.60,-0.400,0.150,-9.480,0.00000,0
122.551,0.0,0.0,1.60,-0.400,0.150,-9.480,0.00000,0
122.561,0.0,0.0,1.60,-0.400,0.150,-9.480,0.00000,0
122.572,0.0,0.0,1.60,-0.400,0.150,-9.480,0.00000,0
122.582,0.0,0.0,1.60,-0.400,0.150,-9.480,0.00000,0
122.592,0.0,0.0,1.60,-0.400,0.150,-9.450,0.00000,0
122.602,0.0,0.0,1.60,-0.400,0.150,-9.450,0.00000,0
122.612,0.0,0.0,1.60,-0.400,0.150,-9.450,0.00000,0
122.622,0.0,0.0,1.60,-0.400,0.150,-9.450,0.00000,0
122.632,0.0,0.0,1.60,-0.400,0.150,-9.450,0.00000,0
122.642,0.0,0.0,1.60,-0.390,0.150,-9.480,0.00000,0
122.652,0.0,0.0,1.60,-0.390,0.150,-9.480,0.00000,0
122.663,0.0,0.0,1.60,-0.390,0.150,-9.480,0.00000,0
122.673,0.0,0.0,1.60,-0.390,0.150,-9.480,0.00000,0
122.683,0.0,0.0,1.60,-0.430,0.120,-9.460,0.00000,0
122.693,0.0,0.0,1.60,-0.430,0.120,-9.460,0.00000,0
122.703,0.0,0.0,1.60,-0.430,0.120,-9.460,0.00000,0
122.713,0.0,0.0,1.60,-0.430,0.120,-9.460,0.00000,0
122.723,0.0,0.0,1.60,-0.430,0.120,-9.460,0.00000,0
122.734,0.0,0.0,1.60,-0.400,0.100,-9.490,0.00000,0
122.744,0.0,0.0,1.60,-0.400,0.100,-9.490,0.00000,0
122.754,0.0,0.0,1.60,-0.400,0.100,-9.490,0.00000,0
122.764,0.0,0.0,1.60,-0.400,0.100,-9.490,0.00000,0
122.774,0.0,0.0,1.60,-0.400,0.100,-9.490,0.00000,0
122.784,0.0,0.0,1.60,-0.400,0.100,-9.490,0.00000,0
122.794,0.0,0.0,1.60,-0.390,0.110,-9.440,0.00000,0
122.804,0.0,0.0,1.60,-0.390,0.110,-9.440,0.00000,0
122.815,0.0,0.0,1.60,-0.390,0.110,-9.440,0.00000,0
122.825,0.0,0.0,1.60,-0.390,0.110,-9.440,0.00000,0
122.835,0.0,0.0,1.60,-0.390,0.110,-9.440,0.00000,0
122.845,0.0,0.0,1.60,-0.400,0.140,-9.470,0.00000,0
122.855,0.0,0.0,1.60,-0.400,0.140,-9.470,0.00000,0
122.865,0.0,0.0,1.60,-0.400,0.140,-9.470,0.00000,0
122.875,0.0,0.0,1.60,-0.400,0.140,-9.470,0.00000,0
122.886,0.0,0.0,1.60,-0.400,0.140,-9.470,0.00000,0
122.896,0.0,0.0,1.60,-0.400,0.140,-9.580,0.00000,0
122.906,0.0,0.0,1.60,-0.400,0.140,-9.580,0.00000,0
122.916,0.0,0.0,1.60,-0.400,0.140,-9.580,0.00000,0
122.926,0.0,0.0,1.60,-0.400,0.140,-9.580,0.00000,0
122.936,0.0,0.0,1.60,-0.370,0.170,-9.520,0.00000,0
122.946,0.0,0.0,1.60,-0.370,0.170,-9.520,0.00000,0
122.956,0.0,0.0,1.60,-0.370,0.170,-9.520,0.00000,0
122.967,0.0,0.0,1.60,-0.370,0.170,-9.520,0.00000,0
122.977,0.0,0.0,1.60,-0.370,0.170,-9.520,0.00000,0
122.987,0.0,0.0,1.60,-0.440,0.130,-9.490,0.00000,0
122.997,0.0,0.0,1.60,-0.440,0.130,-9.490,0.00000,0
123.007,0.0,0.0,1.60,-0.440,0.130,-9.490,0.00000,0
123.017,0.0,0.0,1.60,-0.440,0.130,-9.490,0.00000,0
123.027,0.0,0.0,1.60,-0.440,0.130,-9.490,0.00000,0
123.038,0.0,0.0,1.60,-0.390,0.140,-9.440,0.00000,0
123.048,0.0,0.0,1.60,-0.390,0.140,-9.440,0.00000,0
123.058,0.0,0.0,1.60,-0.390,0.140,-9.440,0.00000,0
123.068,0.0,0.0,1.60,-0.390,0.140,-9.440,0.00000,0
123.078,0.0,0.0,1.60,-0.390,0.140,-9.440,0.00000,0
123.088,0.0,0.0,1.60,-0.420,0.110,-9.490,0.00000,0
123.098,0.0,0.0,1.60,-0.420,0.110,-9.490,0.00000,0
123.108,0.0,0.0,1.60,-0.420,0.110,-9.490,0.00000,0
123.119,0.0,0.0,1.60,-0.420,0.110,-9.490,0.00000,0
123.129,0.0,0.0,1.60,-0.420,0.110,-9.490,0.00000,0
123.139,0.0,0.0,1.60,-0.420,0.110,-9.490,0.00000,0
123.149,0.0,0.0,1.60,-0.390,0.130,-9.480,0.00000,0
123.159,0.0,0.0,1.60,-0.390,0.130,-9.480,0.00000,0
123.169,0.0,0.0,1.60,-0.390,0.130,-9.480,0.00000,0
123.179,0.0,0.0,1.60,-0.390,0.130,-9.480,0.00000,0
123.189,0.0,0.0,1.60,-0.380,0.130,-9.530,0.00000,0
123.200,0.0,0.0,1.60,-0.380,0.130,-9.530,0.00000,0
123.211,0.0,0.0,1.60,-0.380,0.130,-9.530,0.00000,0
123.221,0.0,0.0,1.60,-0.380,0.130,-9.530,0.00000,0
123.231,0.0,0.0,1.60,-0.380,0.130,-9.530,0.00000,0
123.241,0.0,0.0,1.60,-0.380,0.130,-9.530,0.00000,0
123.251,0.0,0.0,1.60,-0.390,0.110,-9.430,0.00000,0
123.261,0.0,0.0,1.60,-0.390,0.110,-9.430,0.00000,0
123.272,0.0,0.0,1.60,-0.390,0.110,-9.430,0.00000,0
123.282,0.0,0.0,1.60,-0.390,0.110,-9.430,0.00000,0
123.292,0.0,0.0,1.60,-0.410,0.110,-9.480,0.00000,0
123.302,0.0,0.0,1.60,-0.410,0.110,-9.480,0.00000,0
123.312,0.0,0.0,1.60,-0.410,0.110,-9.480,0.00000,0
123.323,0.0,0.0,1.60,-0.410,0.110,-9.480,0.00000,0
123.333,0.0,0.0,1.60,-0.410,0.110,-9.480,0.00000,0
123.343,0.0,0.0,1.60,-0.420,0.130,-9.510,0.00000,0
123.353,0.0,0.0,1.60,-0.420,0.130,-9.510,0.00000,0
123.363,0.0,0.0,1.60,-0.420,0.130,-9.510,0.00000,0
123.373,0.0,0.0,1.60,-0.420,0.130,-9.510,0.00000,0
123.383,0.0,0.0,1.60,-0.420,0.130,-9.510,0.00000,0
123.394,0.0,0.0,1.60,-0.440,0.110,-9.460,0.00000,0
123.404,0.0,0.0,1.60,-0.440,0.110,-9.460,0.00000,0
123.414,0.0,0.0,1.60,-0.440,0.110,-9.460,0.00000,0
123.424,0.0,0.0,1.60,-0.440,0.110,-9.460,0.00000,0
123.434,0.0,0.0,1.60,-0.420,0.140,-9.460,0.00000,0
123.444,0.0,0.0,1.60,-0.420,0.140,-9.460,0.00000,0
123.454,0.0,0.0,1.60,-0.420,0.140,-9.460,0.00000,0
123.465,0.0,0.0,1.60,-0.420,0.140,-9.460,0.00000,0
123.475,0.0,0.0,1.60,-0.420,0.140,-9.460,0.00000,0
123.485,0.0,0.0,1.60,-0.430,0.110,-9.460,0.00000,0
123.495,0.0,0.0,1.60,-0.430,0.110,-9.460,0.00000,0
123.505,0.0,0.0,1.60,-0.430,0.110,-9.460,0.00000,0
123.515,0.0,0.0,1.60,-0.430,0.110,-9.460,0.00000,0
123.525,0.0,0.0,1.60,-0.430,0.110,-9.460,0.00000,0
123.536,0.0,0                                                                                                                                                                                                                                                                                                                                                                                                                                                                                                                                                                                                                                                                                                                                                                                                                                                                                                                                                                                                                                                                                                                                                                                                                                                                                                                                                                                                                                                                                                                                                                                                                                                                                                                                                                                                                                                                                                                                                                                                                                                                                                                                                                                                                                                                                                                                                                                                                                                                                                                                                                                                                                                                                                                                                                                                                                                                                                                                                                                                                                                                                                                                                                                                                                                                                                                                                                                                                                                                                                                                                                                                                                                                                                                                                                                                                                                                                                                                                                                                                                                                                                                                                                                                                                                                                                                                                                                                                                                                                                                                                                                                                                                                                                                                                                                                                                                                                                                                                                                                                                                                                                                                                                                                                                                                                                                                                                                                                                                                                                                                                                                                                                                                                                                                                                                                                                                                                                                                                                                                                                                                                                                                                                                                                                                                                                                                                                                                                                                                                                                                                                                                                                                                                                                                                                                                                                                                                                                                                                                                                                                                                                                                                                                                                                                                                                                                                                                                                                                                                                                                                                                                                                                                                                                                                                                                                                                                                                                                                                                                                                                                                                                                                                                                                                                                                                                                                                                                                                                                                                                                                                                                                                                                                                                                                                                                                                                                                                                                                                                                                                                                                                                                                                                                                                                                                                                                                                                                                                                                                                                                                                                                                                                                                                                                                                                                                                                                                                                                                                                                                                                                                                                                                                                                                                                                                                                                                                                                                                                                                                                                                                                                                                                                                                                                                                                                                                                                                                                                                                                                                                                                                                                                                                                                                                                                                                                                                                                                                                                                                                                                                                                                                                                                                                                                                                                                                                                                                                                                                                                                                                                                                                                                                                                                                                                                                                                                                                                                                                                                                                                                                                                                                                                                                                                                                                                                                                                                                                                                                                                                                                                                                                                                                                                                                                                                                                                                                                                                                                                                                                                                                                                                                                                                                                                                                                                                                                                                                                                                                                                                                                                                                                                                                                                                                                                                                                                                                                                                                                                                                                                                                                                                                                                                                                                                                                                                                                                                                                                                                                                                                                                                                                                                                                                                                                                                                                                                                                                                                                                                                                                                                                                                                                                                                                                                                                                                                                                                                                                                                                                                                                                                                                                                                                                                                                                                                                                                                                                                                                                                                                                                                                                                                                                                                                                                                                                                                                                                                                                                                                                                                                                                                                                                                                                                                                                                                                                                                                                                                                                                                                                                                                                                                                                                                                                                                                                                                                                                                                                                                                                                                                                                                                                                                                                                                                                                                                                                                                                                                                                                                                                                                                                                                                                                                                                                                                                                                                                                                                                                                                                                                                                                                                                                                                                                                                                                                                                                                                                                                                                                                                                                                                                                                                                                                                                                                                                                                                                                                                                                                                                                                                                                                                                                                                                                                                                                                                                                                                                                                                                                                                                                                                                                                                                                                                                                                                                                                                                                                                                                                                                                                                                                                                                                                                                                                                                                                                                                                                                                                                                                                                                                                                                                                                                                                                                                                                                                                                                                                                                                                                                                                                                                                                                                                                                                                                                                                                                                                                                                                                                                                                                                                                                                                                                                                                                                                                                                                                                                                                                                                                                                                                                                                                                                                                                                                                                                                                                                                                                                                                                                                                                                                                                                                                                                                                                                                                                                                                                                                                                                                                                                                                                                                                                                                                                                                                                                                                                                                                                                                                                                                                                                                                                                                                                                                                                                                                                                                                                                                                                                                                                                                                                                                                                                                                                                                                                                                                                                                                                                                                                                                                                                                                                                                                                                                                                                                                                                                                                                                                                                                                                                                                                                                                                                                                                                                                                                                                                                                                                                                                                                                                                                                                                                                                                                                                                                                                                                                                                                                                                                                                                                                                                                                                                                                                                                                                                                                                                                                                                                                                                                                                                                                                                                                                                                                                                                                                                                                                                                                                                                                                                                                                                                                                                                                                                                                                                                                                                                                                                                                                                                                                                                                                                                                                                                                                                                                                                                                                                                                                                                                                                                                                                                                                                                                                                                                                                                                                                                                                                                                                                                                                                                                                                                                                                                                                                                                                                                                                                                                                                                                                                                                                                                                                                                                                                                                                                                                                                                                                                                                                                                                                                                                                                                                                                                                                                                                                                                                                                                                                                                                                                                                                                                                                                                                                                                                                                                                                                                                                                                                                                                                                                                                                                                                                                                                                                                                                                                                                                                                                                                                                                                                                                                                                                                                                                                                                                                                                                                                                                                                                                                                                                                                                                                                                                                                                                                                                                                                                                                                                                                                                                                                                                                                                                                                                                                                                                                                                                                                                                                                                                                                                                                                                                                                                                                                                                                                                                                                                                                                                                                                                                                                                                                                                                                                                                                                                                                                                                                                                                                                                                                                                                                                                                                                                                                                                                                                                                                                                                                                                                                                                                                                                                                                                                                                                                                                                                                                                                                                                                                                                                                                                                                                                                                                                                                                                                                                                                                                                                                                                                                                                                                                                                                                                                                                                                                                                                                                                                                                                                                                                                                                                                                                                                                                                                                                                                                                                                                                                                                                                                                                                                                                                                                                                                                                                                                                                                                                                                                                                                                                                                                                                                                                                                                                                                                                                                                                                                                                                                                                                                                                                                                                                                                                                                                                                                                                                                                                                                                                                                                                                                                                                                                                                                                                                                                                                                                                                                                                                                                                                                                                                                                                                                                                                                                                                                                                                                                                                                                                                                                                                                                                                                                                                                                                                                                                                                                                                                                                                                                                                                                                                                                                                                                                                                                                                                                                                                                                                                                                                                                                                                                                                                                                                                                                                                                                                                                                                                                                                                                                                                                                                                                                                                                                                                                                                                                                                                                                                                                                                                                                                                                                                                                                                                                                                                                                                                                                                                                                                                                                                                                                                                                                                                                                                                                                                                                                                                                                                                                                                                                                                                                                                                                                                                                                                                                                                                                                                                                                                                                                                                                                                                                                                                                                                                                                                                                                                                                                                                                                                                                                                                                                                                                                                                                                                                                                                                                                                                                                                                                                                                                                                                                                                                                                                                                                                                                                                                                                                                                                                                                                                                                                                                                                                                                                                                                                                                                                                                                                                                                                                                                                                                                                                                                                                                                                                                                                                                                                                                                                                                                                                                                                                                                                                                                                                                                                                                                                                                                                                                                                                                                                                                                                                                                                                                                                                                                                                                                                                                                                                                                                                                                                                                                                                                                                                                                                                                                                                                                                                                                                                                                                                                                                                                                                                                                                                                                                                                                                                                                                                                                                                                                                                                                                                                                                                                                                                                                                                                                                                                                                                                                                                                                                                                                                                                                                                                                                                                                                                                                                                                                                                                                                                                                                                                                                                                                                                                                                                                                                                                                                                                                                                                                                                                                                                                                                                                                                                                                                                                                                                                                                                                                                                                                                                                                                                                                                                                                                                                                                                                                                                                                                                                                                                                                                                                                                                                                                                                                                                                                                                                                                                                                                                                                                                                                                                                                                                                                                                                                                                                                                                                                                                                                                                                                                                                                                                                                                                                                                                                                                                                                                                                                                                                                                                                                                                                                                                                                                                                                                                                                                                                                                                                                                                                                                                                                                                                                                                                                                                                                                                                                                                                                                                                                                                                                                                                                                                                                                                                                                                                                                                                                                                                                                                                                                                                                                                                                                                                                                                                                                                                                                                                                                                                                                                                                                                                                                                                                                                                                                                                                                                                                                                                                                                                                                                                                                                                                                                                                                                                                                                                                                                                                                                                                                                                                                                                                                                                                                                                                                                                                                                                                                                                                                                                                                                                                                                                                                                                                                                                                                                                                                                                                                                                                                                                                                                                                                                                                                                                                                                                                                                                                                                                                                                                                                                                                                                                                                                                                                                                                                                                                                                                                                                                                                                                                                                                                                                                                                                                                                                                                                                                                                                                                                                                                                                                                                                                                                                                                                                                                                                                                                                                                                                                                                                                                                                                                                                                                                                                                                                                                                                                                                                                                                                                                                                                                                                                                                                                                                                                                                                                                                                                                                                                                                                                                                                                                                                                                                                                                                                                                                                                                                                                                                                                                                                                                                                                                                                                                                                                                                                                                                                                                                                                                                                                                                                                                                                                                                                                                                                                                                                                                                                                                                                                                                                                                                                                                                                                                                                                                                                                                                                                                                                                                                                                                                                                                                                                                                                                                                                                                                                                                                                                                                                                                                                                                                                                                                                                                                                                                                                                                                                                                                                                                                                                                                                                                                                                                                                                                                                                                                                                                                                                                                                                                                                                                                                                                                                                                                                                                                                                                                                                                                                                                                                                                                                                                                                                                                                                                                                                                                                                                                                                                                                                                                                                                                                                                                                                                                                                                                                                                                                                                                                                                                                                                                                                                                                                                                                                                                                                                                                                                                                                                                                                                                                                                                                                                                                                                                                                                                                                                                                                                                                                                                                                                                                                                                                                                                                                                                                                                                                                                                                                                                                                                                                                                                                                                                                                                                                                                                                                                                                                                                                                                                                                                                                                                                                                                                                                                                                                                                                                                                                                                                                                                                                                                                                                                                                                                                                                                                                                                                                                                                                                                                                                                                                                                                                                                                                                                                                                                                                                                                                                                                                                                                                                                                                                                                                                                                                                                                                                                                                                                                                                                                                                                                                                                                                                                                                                                                                                                                                                                                                                                                                                                                                                                                                                                                                                                                                                                                                                                                                                                                                                                                                                                                                                                                                                                                                                                                                                                                                                                                                                                                                                                                                                                                                                                                                                                                                                                                                                                                                                                                                                                                                                                                                                                                                                                                                                                                                                                                                                                                                                                                                                                                                                                                                                                                                                                                                                                                                                                                                                                                                                                                                                                                                                                                                                                                                                                                                                                                                                                                                                                                                                                                                                                                                                                                                                                                                                                                                                                                                                                                                                                                                                                                                                                                                                                                                                                                                                                                                                                                                                                                                                                                                                                                                                                                                                                                                                                                                                                                                                                                                                                                                                                                                                                                                                                                                                                                                                                                                                                                                                                                                                                                                                                                                                                                                                                                                                                                                                                                                                                                                                                                                                                                                                                                                                                                                                                                                                                                                                                                                                                                                                                                             