Timestamp_sec,Throttle,Brake,Steer,AccX,AccY,AccZ,Distance_km,TrafficSignal
0.000,0.0,0.0,0.00,0.000,0.000,0.000,0.00000,0
0.010,0.0,0.0,0.00,0.000,0.000,0.000,0.00000,0
0.020,0.0,0.0,0.00,0.000,0.000,0.000,0.00000,0
0.030,0.0,0.0,0.00,0.000,0.000,0.000,0.00000,0
0.041,0.0,0.0,0.00,0.000,0.000,0.000,0.00000,0
0.051,0.0,0.0,0.00,0.000,0.000,0.000,0.00000,0
0.061,0.0,0.0,0.00,0.000,0.000,0.000,0.00000,0
0.071,0.0,0.0,0.00,0.000,0.000,0.000,0.00000,0
0.081,0.0,0.0,0.00,0.000,0.000,0.000,0.00000,0
0.091,0.0,0.0,0.00,0.000,0.000,0.000,0.00000,0
0.101,0.0,0.0,0.00,0.000,0.000,0.000,0.00000,0
0.111,0.0,0.0,0.00,0.000,0.000,0.000,0.00000,0
0.122,0.0,0.0,0.00,0.000,0.000,0.000,0.00000,0
0.132,0.0,0.0,0.00,0.000,0.000,0.000,0.00000,0
0.142,0.0,0.0,0.00,0.000,0.000,0.000,0.00000,0
0.152,0.0,0.0,0.00,0.000,0.000,0.000,0.00000,0
0.162,0.0,0.0,0.00,0.000,0.000,0.000,0.00000,0
0.172,0.0,0.0,0.00,0.000,0.000,0.000,0.00000,0
0.182,0.0,0.0,0.00,0.000,0.000,0.000,0.00000,0
0.193,0.0,0.0,0.00,0.000,0.000,0.000,0.00000,0
0.203,0.0,0.0,0.00,0.000,0.000,0.000,0.00000,0
0.213,0.0,0.0,0.00,0.000,0.000,0.000,0.00000,0
0.223,0.0,0.0,0.00,0.000,0.000,0.000,0.00000,0
0.233,0.0,0.0,0.00,0.000,0.000,0.000,0.00000,0
0.243,0.0,0.0,0.00,0.000,0.000,0.000,0.00000,0
0.254,0.0,0.0,0.00,0.000,0.000,0.000,0.00000,0
0.264,0.0,0.0,0.00,0.000,0.000,0.000,0.00000,0
0.275,0.0,0.0,0.00,0.000,0.000,0.000,0.00000,0
0.285,0.0,0.0,0.00,0.000,0.000,0.000,0.00000,0
0.295,0.0,0.0,0.00,0.000,0.000,0.000,0.00000,0
0.305,0.0,0.0,0.00,0.000,0.000,0.000,0.00000,0
0.315,0.0,0.0,0.00,0.000,0.000,0.000,0.00000,0
0.325,0.0,0.0,0.00,0.000,0.000,0.000,0.00000,0
0.336,0.0,0.0,0.00,0.000,0.000,0.000,0.00000,0
0.346,0.0,0.0,0.00,0.000,0.000,0.000,0.00000,0
0.356,0.0,0.0,0.00,0.000,0.000,0.000,0.00000,0
0.366,0.0,0.0,0.00,0.000,0.000,0.000,0.00000,0
0.376,0.0,0.0,0.00,0.000,0.000,0.000,0.00000,0
0.386,0.0,0.0,0.00,0.000,0.000,0.000,0.00000,0
0.396,0.0,0.0,0.00,0.000,0.000,0.000,0.00000,0
0.406,0.0,0.0,0.00,0.000,0.000,0.000,0.00000,0
0.417,0.0,0.0,0.00,0.000,0.000,0.000,0.00000,0
0.427,0.0,0.0,0.00,0.000,0.000,0.000,0.00000,0
0.437,0.0,0.0,0.00,0.000,0.000,0.000,0.00000,0
0.447,0.0,0.0,0.00,0.000,0.000,0.000,0.00000,0
0.457,0.0,0.0,0.00,0.000,0.000,0.000,0.00000,0
0.467,0.0,0.0,0.00,0.000,0.000,0.000,0.00000,0
0.477,0.0,0.0,0.00,0.000,0.000,0.000,0.00000,0
0.488,0.0,0.0,0.00,0.000,0.000,0.000,0.00000,0
0.498,0.0,0.0,0.00,0.000,0.000,0.000,0.00000,0
0.508,0.0,0.0,0.00,0.000,0.000,0.000,0.00000,0
0.518,0.0,0.0,0.00,0.000,0.000,0.000,0.00000,0
0.528,0.0,0.0,0.00,0.000,0.000,0.000,0.00000,0
0.538,0.0,0.0,0.00,0.000,0.000,0.000,0.00000,0
0.548,0.0,0.0,0.00,0.000,0.000,0.000,0.00000,0
0.559,0.0,0.0,0.00,0.000,0.000,0.000,0.00000,0
0.569,0.0,0.0,0.00,0.000,0.000,0.000,0.00000,0
0.579,0.0,0.0,0.00,0.000,0.000,0.000,0.00000,0
0.589,0.0,0.0,0.00,0.000,0.000,0.000,0.00000,0
0.599,0.0,0.0,0.00,0.000,0.000,0.000,0.00000,0
0.609,0.0,0.0,0.00,0.000,0.000,0.000,0.00000,0
0.619,0.0,0.0,0.00,0.000,0.000,0.000,0.00000,0
0.629,0.0,0.0,0.00,0.000,0.000,0.000,0.00000,0
0.640,0.0,0.0,0.00,0.000,0.000,0.000,0.00000,0
0.650,0.0,0.0,0.00,0.000,0.000,0.000,0.00000,0
0.660,0.0,0.0,0.00,0.000,0.000,0.000,0.00000,0
0.670,0.0,0.0,0.00,0.000,0.000,0.000,0.00000,0
0.680,0.0,0.0,0.00,0.000,0.000,0.000,0.00000,0
0.690,0.0,0.0,0.00,0.000,0.000,0.000,0.00000,0
0.700,0.0,0.0,0.00,0.000,0.000,0.000,0.00000,0
0.711,0.0,0.0,0.00,0.000,0.000,0.000,0.00000,0
0.721,0.0,0.0,0.00,0.000,0.000,0.000,0.00000,0
0.731,0.0,0.0,0.00,0.000,0.000,0.000,0.00000,0
0.741,0.0,0.0,0.00,0.000,0.000,0.000,0.00000,0
0.751,0.0,0.0,0.00,0.000,0.000,0.000,0.00000,0
0.761,0.0,0.0,0.00,0.000,0.000,0.000,0.00000,0
0.771,0.0,0.0,0.00,0.000,0.000,0.000,0.00000,0
0.782,0.0,0.0,0.00,0.000,0.000,0.000,0.00000,0
0.792,0.0,0.0,0.00,0.000,0.000,0.000,0.00000,0
0.802,0.0,0.0,0.00,0.000,0.000,0.000,0.00000,0
0.812,0.0,0.0,0.00,0.000,0.000,0.000,0.00000,0
0.822,0.0,0.0,0.00,0.000,0.000,0.000,0.00000,0
0.832,0.0,0.0,0.00,0.000,0.000,0.000,0.00000,0
0.842,0.0,0.0,0.00,0.000,0.000,0.000,0.00000,0
0.853,0.0,0.0,0.00,0.000,0.000,0.000,0.00000,0
0.863,0.0,0.0,0.00,0.000,0.000,0.000,0.00000,0
0.873,0.0,0.0,0.00,0.000,0.000,0.000,0.00000,0
0.883,0.0,0.0,0.00,0.000,0.000,0.000,0.00000,0
0.893,0.0,0.0,0.00,0.000,0.000,0.000,0.00000,0
0.903,0.0,0.0,0.00,0.000,0.000,0.000,0.00000,0
0.913,0.0,0.0,0.00,0.000,0.000,0.000,0.00000,0
0.923,0.0,0.0,0.00,0.000,0.000,0.000,0.00000,0
0.934,0.0,0.0,0.00,0.000,0.000,0.000,0.00000,0
0.944,0.0,0.0,0.00,0.000,0.000,0.000,0.00000,0
0.954,0.0,0.0,0.00,0.000,0.000,0.000,0.00000,0
0.964,0.0,0.0,0.00,0.000,0.000,0.000,0.00000,0
0.974,0.0,0.0,0.00,0.000,0.000,0.000,0.00000,0
0.985,0.0,0.0,0.00,0.000,0.000,0.000,0.00000,0
0.995,0.0,0.0,0.00,0.000,0.000,0.000,0.00000,0
1.005,0.0,0.0,0.00,0.000,0.000,0.000,0.00000,0
1.015,0.0,0.0,0.00,0.000,0.000,0.000,0.00000,0
1.025,0.0,0.0,0.00,0.000,0.000,0.000,0.00000,0
1.035,0.0,0.0,0.00,0.000,0.000,0.000,0.00000,0
1.046,0.0,0.0,0.00,0.000,0.000,0.000,0.00000,0
1.056,0.0,0.0,0.00,0.000,0.000,0.000,0.00000,0
1.066,0.0,0.0,0.00,0.000,0.000,0.000,0.00000,0
1.076,0.0,0.0,0.00,0.000,0.000,0.000,0.00000,0
1.086,0.0,0.0,0.00,0.000,0.000,0.000,0.00000,0
1.096,0.0,0.0,0.00,0.000,0.000,0.000,0.00000,0
1.106,0.0,0.0,0.00,0.000,0.000,0.000,0.00000,0
1.116,0.0,0.0,0.00,0.000,0.000,0.000,0.00000,0
1.127,0.0,0.0,0.00,0.000,0.000,0.000,0.00000,0
1.137,0.0,0.0,0.00,0.000,0.000,0.000,0.00000,0
1.147,0.0,0.0,0.00,0.000,0.000,0.000,0.00000,0
1.157,0.0,0.0,0.00,0.000,0.000,0.000,0.00000,0
1.167,0.0,0.0,0.00,0.000,0.000,0.000,0.00000,0
1.177,0.0,0.0,0.00,0.000,0.000,0.000,0.00000,0
1.187,0.0,0.0,0.00,0.000,0.000,0.000,0.00000,0
1.198,0.0,0.0,0.00,0.000,0.000,0.000,0.00000,0
1.208,0.0,0.0,0.00,0.000,0.000,0.000,0.00000,0
1.218,0.0,0.0,0.00,0.000,0.000,0.000,0.00000,0
1.228,0.0,0.0,0.00,0.000,0.000,0.000,0.00000,0
1.238,0.0,0.0,0.00,0.000,0.000,0.000,0.00000,0
1.248,0.0,0.0,0.00,0.000,0.000,0.000,0.00000,0
1.258,0.0,0.0,0.00,0.000,0.000,0.000,0.00000,0
1.269,0.0,0.0,0.00,0.000,0.000,0.000,0.00000,0
1.279,0.0,0.0,0.00,0.000,0.000,0.000,0.00000,0
1.289,0.0,0.0,0.00,0.000,0.000,0.000,0.00000,0
1.299,0.0,0.0,0.00,0.000,0.000,0.000,0.00000,0
1.309,0.0,0.0,0.00,0.000,0.000,0.000,0.00000,0
1.319,0.0,0.0,0.00,0.000,0.000,0.000,0.00000,0
1.329,0.0,0.0,0.00,0.000,0.000,0.000,0.00000,0
1.340,0.0,0.0,0.00,0.000,0.000,0.000,0.00000,0
1.350,0.0,0.0,0.00,0.000,0.000,0.000,0.00000,0
1.360,0.0,0.0,0.00,0.000,0.000,0.000,0.00000,0
1.370,0.0,0.0,0.00,0.000,0.000,0.000,0.00000,0
1.380,0.0,0.0,0.00,0.000,0.000,0.000,0.00000,0
1.390,0.0,0.0,0.00,0.000,0.000,0.000,0.00000,0
1.400,0.0,0.0,0.00,0.000,0.000,0.000,0.00000,0
1.410,0.0,0.0,0.00,0.000,0.000,0.000,0.00000,0
1.421,0.0,0.0,0.00,0.000,0.000,0.000,0.00000,0
1.431,0.0,0.0,0.00,0.000,0.000,0.000,0.00000,0
1.441,0.0,0.0,0.00,0.000,0.000,0.000,0.00000,0
1.451,0.0,0.0,0.00,0.000,0.000,0.000,0.00000,0
1.461,0.0,0.0,0.00,0.000,0.000,0.000,0.00000,0
1.471,0.0,0.0,0.00,0.000,0.000,0.000,0.00000,0
1.481,0.0,0.0,0.00,0.000,0.000,0.000,0.00000,0
1.491,0.0,0.0,0.00,0.000,0.000,0.000,0.00000,0
1.502,0.0,0.0,0.00,0.000,0.000,0.000,0.00000,0
1.512,0.0,0.0,0.00,0.000,0.000,0.000,0.00000,0
1.522,0.0,0.0,0.00,0.000,0.000,0.000,0.00000,0
1.532,0.0,0.0,0.00,0.000,0.000,0.000,0.00000,0
1.542,0.0,0.0,0.00,0.000,0.000,0.000,0.00000,0
1.552,0.0,0.0,0.00,0.000,0.000,0.000,0.00000,0
1.562,0.0,0.0,0.00,0.000,0.000,0.000,0.00000,0
1.572,0.0,0.0,0.00,0.000,0.000,0.000,0.00000,0
1.583,0.0,0.0,0.00,0.000,0.000,0.000,0.00000,0
1.593,0.0,0.0,0.00,0.000,0.000,0.000,0.00000,0
1.603,0.0,0.0,0.00,0.000,0.000,0.000,0.00000,0
1.613,0.0,0.0,0.00,0.000,0.000,0.000,0.00000,0
1.623,0.0,0.0,0.00,0.000,0.000,0.000,0.00000,0
1.633,0.0,0.0,0.00,0.000,0.000,0.000,0.00000,0
1.643,0.0,0.0,0.00,0.000,0.000,0.000,0.00000,0
1.654,0.0,0.0,0.00,0.000,0.000,0.000,0.00000,0
1.664,0.0,0.0,0.00,0.000,0.000,0.000,0.00000,0
1.674,0.0,0.0,0.00,0.000,0.000,0.000,0.00000,0
1.684,0.0,0.0,0.00,0.000,0.000,0.000,0.00000,0
1.694,0.0,0.0,0.00,0.000,0.000,0.000,0.00000,0
1.704,0.0,0.0,0.00,0.000,0.000,0.000,0.00000,0
1.714,0.0,0.0,0.00,0.000,0.000,0.000,0.00000,0
1.724,0.0,0.0,0.00,0.000,0.000,0.000,0.00000,0
1.735,0.0,0.0,0.00,0.000,0.000,0.000,0.00000,0
1.745,0.0,0.0,0.00,0.000,0.000,0.000,0.00000,0
1.755,0.0,0.0,0.00,0.000,0.000,0.000,0.00000,0
1.765,0.0,0.0,0.00,0.000,0.000,0.000,0.00000,0
1.775,0.0,0.0,0.00,0.000,0.000,0.000,0.00000,0
1.785,0.0,0.0,0.00,0.000,0.000,0.000,0.00000,0
1.795,0.0,0.0,0.00,0.000,0.000,0.000,0.00000,0
1.806,0.0,0.0,0.00,0.000,0.000,0.000,0.00000,0
1.816,0.0,0.0,0.00,0.000,0.000,0.000,0.00000,0
1.826,0.0,0.0,0.00,0.000,0.000,0.000,0.00000,0
1.836,0.0,0.0,0.00,0.000,0.000,0.000,0.00000,0
1.846,0.0,0.0,0.00,0.000,0.000,0.000,0.00000,0
1.856,0.0,0.0,0.00,0.000,0.000,0.000,0.00000,0
1.866,0.0,0.0,0.00,0.000,0.000,0.000,0.00000,0
1.876,0.0,0.0,0.00,0.000,0.000,0.000,0.00000,0
1.887,0.0,0.0,0.00,0.000,0.000,0.000,0.00000,0
1.897,0.0,0.0,0.00,0.000,0.000,0.000,0.00000,0
1.907,0.0,0.0,0.00,0.000,0.000,0.000,0.00000,0
1.917,0.0,0.0,0.00,0.000,0.000,0.000,0.00000,0
1.927,0.0,0.0,0.00,0.000,0.000,0.000,0.00000,0
1.938,0.0,0.0,0.00,0.000,0.000,0.000,0.00000,0
1.948,0.0,0.0,0.00,0.000,0.000,0.000,0.00000,0
1.958,0.0,0.0,0.00,0.000,0.000,0.000,0.00000,0
1.968,0.0,0.0,0.00,0.000,0.000,0.000,0.00000,0
1.978,0.0,0.0,0.00,0.000,0.000,0.000,0.00000,0
1.988,0.0,0.0,0.00,0.000,0.000,0.000,0.00000,0
1.999,0.0,0.0,0.00,0.000,0.000,0.000,0.00000,0
2.009,0.0,0.0,0.00,0.000,0.000,0.000,0.00000,0
2.019,0.0,0.0,0.00,0.000,0.000,0.000,0.00000,0
2.029,0.0,0.0,0.00,0.000,0.000,0.000,0.00000,0
2.039,0.0,0.0,0.00,0.000,0.000,0.000,0.00000,0
2.049,0.0,0.0,0.00,0.000,0.000,0.000,0.00000,0
2.060,0.0,0.0,0.00,0.000,0.000,0.000,0.00000,0
2.070,0.0,0.0,0.00,0.000,0.000,0.000,0.00000,0
2.080,0.0,0.0,0.00,0.000,0.000,0.000,0.00000,0
2.090,0.0,0.0,0.00,0.000,0.000,0.000,0.00000,0
2.100,0.0,0.0,0.00,0.000,0.000,0.000,0.00000,0
2.110,0.0,0.0,0.00,0.000,0.000,0.000,0.00000,0
2.120,0.0,0.0,0.00,0.000,0.000,0.000,0.00000,0
2.130,0.0,0.0,0.00,0.000,0.000,0.000,0.00000,0
2.141,0.0,0.0,0.00,0.000,0.000,0.000,0.00000,0
2.151,0.0,0.0,0.00,0.000,0.000,0.000,0.00000,0
2.161,0.0,0.0,0.00,0.000,0.000,0.000,0.00000,0
2.171,0.0,0.0,0.00,0.000,0.000,0.000,0.00000,0
2.181,0.0,0.0,0.00,0.000,0.000,0.000,0.00000,0
2.191,0.0,0.0,0.00,0.000,0.000,0.000,0.00000,0
2.201,0.0,0.0,0.00,0.000,0.000,0.000,0.00000,0
2.212,0.0,0.0,0.00,0.000,0.000,0.000,0.00000,0
2.222,0.0,0.0,0.00,0.000,0.000,0.000,0.00000,0
2.232,0.0,0.0,0.00,0.000,0.000,0.000,0.00000,0
2.242,0.0,0.0,0.00,0.000,0.000,0.000,0.00000,0
2.252,0.0,0.0,0.00,0.000,0.000,0.000,0.00000,0
2.262,0.0,0.0,0.00,0.000,0.000,0.000,0.00000,0
2.272,0.0,0.0,0.00,0.000,0.000,0.000,0.00000,0
2.283,0.0,0.0,0.00,0.000,0.000,0.000,0.00000,0
2.293,0.0,0.0,0.00,0.000,0.000,0.000,0.00000,0
2.303,0.0,0.0,0.00,0.000,0.000,0.000,0.00000,0
2.313,0.0,0.0,0.00,0.000,0.000,0.000,0.00000,0
2.323,0.0,0.0,0.00,0.000,0.000,0.000,0.00000,0
2.333,0.0,0.0,0.00,0.000,0.000,0.000,0.00000,0
2.343,0.0,0.0,0.00,0.000,0.000,0.000,0.00000,0
2.353,0.0,0.0,0.00,0.000,0.000,0.000,0.00000,0
2.364,0.0,0.0,0.00,0.000,0.000,0.000,0.00000,0
2.374,0.0,0.0,0.00,0.000,0.000,0.000,0.00000,0
2.384,0.0,0.0,0.00,0.000,0.000,0.000,0.00000,0
2.394,0.0,0.0,0.00,0.000,0.000,0.000,0.00000,0
2.404,0.0,0.0,0.00,0.000,0.000,0.000,0.00000,0
2.414,0.0,0.0,0.00,0.000,0.000,0.000,0.00000,0
2.424,0.0,0.0,0.00,0.000,0.000,0.000,0.00000,0
2.434,0.0,0.0,0.00,0.000,0.000,0.000,0.00000,0
2.445,0.0,0.0,0.00,0.000,0.000,0.000,0.00000,0
2.455,0.0,0.0,0.00,0.000,0.000,0.000,0.00000,0
2.465,0.0,0.0,0.00,0.000,0.000,0.000,0.00000,0
2.475,0.0,0.0,0.00,0.000,0.000,0.000,0.00000,0
2.485,0.0,0.0,0.00,0.000,0.000,0.000,0.00000,0
2.495,0.0,0.0,0.00,0.000,0.000,0.000,0.00000,0
2.505,0.0,0.0,0.00,0.000,0.000,0.000,0.00000,0
2.516,0.0,0.0,0.00,0.000,0.000,0.000,0.00000,0
2.526,0.0,0.0,0.00,0.000,0.000,0.000,0.00000,0
2.536,0.0,0.0,0.00,0.000,0.000,0.000,0.00000,0
2.546,0.0,0.0,0.00,0.000,0.000,0.000,0.00000,0
2.556,0.0,0.0,0.00,0.000,0.000,0.000,0.00000,0
2.566,0.0,0.0,0.00,0.000,0.000,0.000,0.00000,0
2.576,0.0,0.0,0.00,0.000,0.000,0.000,0.00000,0
2.586,0.0,0.0,0.00,0.000,0.000,0.000,0.00000,0
2.597,0.0,0.0,0.00,0.000,0.000,0.000,0.00000,0
2.607,0.0,0.0,0.00,0.000,0.000,0.000,0.00000,0
2.617,0.0,0.0,0.00,0.000,0.000,0.000,0.00000,0
2.627,0.0,0.0,0.00,0.000,0.000,0.000,0.00000,0
2.637,0.0,0.0,0.00,0.000,0.000,0.000,0.00000,0
2.647,0.0,0.0,0.00,0.000,0.000,0.000,0.00000,0
2.657,0.0,0.0,0.00,0.000,0.000,0.000,0.00000,0
2.667,0.0,0.0,0.00,0.000,0.000,0.000,0.00000,0
2.678,0.0,0.0,0.00,0.000,0.000,0.000,0.00000,0
2.688,0.0,0.0,0.00,0.000,0.000,0.000,0.00000,0
2.698,0.0,0.0,0.00,0.000,0.000,0.000,0.00000,0
2.708,0.0,0.0,0.00,0.000,0.000,0.000,0.00000,0
2.718,0.0,0.0,0.00,0.000,0.000,0.000,0.00000,0
2.729,0.0,0.0,0.00,0.000,0.000,0.000,0.00000,0
2.739,0.0,0.0,0.00,0.000,0.000,0.000,0.00000,0
2.749,0.0,0.0,0.00,0.000,0.000,0.000,0.00000,0
2.759,0.0,0.0,0.00,0.000,0.000,0.000,0.00000,0
2.769,0.0,0.0,0.00,0.000,0.000,0.000,0.00000,0
2.780,0.0,0.0,0.00,0.000,0.000,0.000,0.00000,0
2.790,0.0,0.0,0.00,0.000,0.000,0.000,0.00000,0
2.800,0.0,0.0,0.00,0.000,0.000,0.000,0.00000,0
2.810,0.0,0.0,0.00,0.000,0.000,0.000,0.00000,0
2.820,0.0,0.0,0.00,0.000,0.000,0.000,0.00000,0
2.830,0.0,0.0,0.00,0.000,0.000,0.000,0.00000,0
2.840,0.0,0.0,0.00,0.000,0.000,0.000,0.00000,0
2.851,0.0,0.0,0.00,0.000,0.000,0.000,0.00000,0
2.861,0.0,0.0,0.00,0.000,0.000,0.000,0.00000,0
2.871,0.0,0.0,0.00,0.000,0.000,0.000,0.00000,0
2.881,0.0,0.0,0.00,0.000,0.000,0.000,0.00000,0
2.891,0.0,0.0,0.00,0.000,0.000,0.000,0.00000,0
2.901,0.0,0.0,0.00,0.000,0.000,0.000,0.00000,0
2.911,0.0,0.0,0.00,0.000,0.000,0.000,0.00000,0
2.921,0.0,0.0,0.00,0.000,0.000,0.000,0.00000,0
2.932,0.0,0.0,0.00,0.000,0.000,0.000,0.00000,0
2.942,0.0,0.0,0.00,0.000,0.000,0.000,0.00000,0
2.952,0.0,0.0,0.00,0.000,0.000,0.000,0.00000,0
2.962,0.0,0.0,0.00,0.000,0.000,0.000,0.00000,0
2.972,0.0,0.0,0.00,0.000,0.000,0.000,0.00000,0
2.982,0.0,0.0,0.00,0.000,0.000,0.000,0.00000,0
2.993,0.0,0.0,0.00,0.000,0.000,0.000,0.00000,0
3.003,0.0,0.0,0.00,0.000,0.000,0.000,0.00000,0
3.013,0.0,0.0,0.00,0.000,0.000,0.000,0.00000,0
3.023,0.0,0.0,0.00,0.000,0.000,0.000,0.00000,0
3.033,0.0,0.0,0.00,0.000,0.000,0.000,0.00000,0
3.043,0.0,0.0,0.00,0.000,0.000,0.000,0.00000,0
3.054,0.0,0.0,0.00,0.000,0.000,0.000,0.00000,0
3.064,0.0,0.0,0.00,0.000,0.000,0.000,0.00000,0
3.074,0.0,0.0,0.00,0.000,0.000,0.000,0.00000,0
3.084,0.0,0.0,0.00,0.000,0.000,0.000,0.00000,0
3.094,0.0,0.0,0.00,0.000,0.000,0.000,0.00000,0
3.104,0.0,0.0,0.00,0.000,0.000,0.000,0.00000,0
3.114,0.0,0.0,0.00,0.000,0.000,0.000,0.00000,0
3.125,0.0,0.0,0.00,0.000,0.000,0.000,0.00000,0
3.135,0.0,0.0,0.00,0.000,0.000,0.000,0.00000,0
3.145,0.0,0.0,0.00,0.000,0.000,0.000,0.00000,0
3.155,0.0,0.0,0.00,0.000,0.000,0.000,0.00000,0
3.165,0.0,0.0,0.00,0.000,0.000,0.000,0.00000,0
3.175,0.0,0.0,0.00,0.000,0.000,0.000,0.00000,0
3.185,0.0,0.0,0.00,0.000,0.000,0.000,0.00000,0
3.196,0.0,0.0,0.00,0.000,0.000,0.000,0.00000,0
3.206,0.0,0.0,0.00,0.000,0.000,0.000,0.00000,0
3.216,0.0,0.0,0.00,0.000,0.000,0.000,0.00000,0
3.226,0.0,0.0,0.00,0.000,0.000,0.000,0.00000,0
3.236,0.0,0.0,0.00,0.000,0.000,0.000,0.00000,0
3.246,0.0,0.0,0.00,0.000,0.000,0.000,0.00000,0
3.256,0.0,0.0,0.00,0.000,0.000,0.000,0.00000,0
3.266,0.0,0.0,0.00,0.000,0.000,0.000,0.00000,0
3.277,0.0,0.0,0.00,0.000,0.000,0.000,0.00000,0
3.287,0.0,0.0,0.00,0.000,0.000,0.000,0.00000,0
3.297,0.0,0.0,0.00,0.000,0.000,0.000,0.00000,0
3.307,0.0,0.0,0.00,0.000,0.000,0.000,0.00000,0
3.317,0.0,0.0,0.00,0.000,0.000,0.000,0.00000,0
3.327,0.0,0.0,0.00,0.000,0.000,0.000,0.00000,0
3.337,0.0,0.0,0.00,0.000,0.000,0.000,0.00000,0
3.347,0.0,0.0,0.00,0.000,0.000,0.000,0.00000,0
3.358,0.0,0.0,0.00,0.000,0.000,0.000,0.00000,0
3.368,0.0,0.0,0.00,0.000,0.000,0.000,0.00000,0
3.378,0.0,0.0,0.00,0.000,0.000,0.000,0.00000,0
3.388,0.0,0.0,0.00,0.000,0.000,0.000,0.00000,0
3.398,0.0,0.0,0.00,0.000,0.000,0.000,0.00000,0
3.408,0.0,0.0,0.00,0.000,0.000,0.000,0.00000,0
3.418,0.0,0.0,0.00,0.000,0.000,0.000,0.00000,0
3.428,0.0,0.0,0.00,0.000,0.000,0.000,0.00000,0
3.439,0.0,0.0,0.00,0.000,0.000,0.000,0.00000,0
3.449,0.0,0.0,0.00,0.000,0.000,0.000,0.00000,0
3.459,0.0,0.0,0.00,0.000,0.000,0.000,0.00000,0
3.469,0.0,0.0,0.00,0.000,0.000,0.000,0.00000,0
3.480,0.0,0.0,0.00,0.000,0.000,0.000,0.00000,0
3.490,0.0,0.0,0.00,0.000,0.000,0.000,0.00000,0
3.500,0.0,0.0,0.00,0.000,0.000,0.000,0.00000,0
3.510,0.0,0.0,0.00,0.000,0.000,0.000,0.00000,0
3.520,0.0,0.0,0.00,0.000,0.000,0.000,0.00000,0
3.531,0.0,0.0,0.00,0.000,0.000,0.000,0.00000,0
3.541,0.0,0.0,0.00,0.000,0.000,0.000,0.00000,0
3.551,0.0,0.0,0.00,0.000,0.000,0.000,0.00000,0
3.561,0.0,0.0,0.00,0.000,0.000,0.000,0.00000,0
3.571,0.0,0.0,0.00,0.000,0.000,0.000,0.00000,0
3.581,0.0,0.0,0.00,0.000,0.000,0.000,0.00000,0
3.591,0.0,0.0,0.00,0.000,0.000,0.000,0.00000,0
3.602,0.0,0.0,0.00,0.000,0.000,0.000,0.00000,0
3.612,0.0,0.0,0.00,0.000,0.000,0.000,0.00000,0
3.622,0.0,0.0,0.00,0.000,0.000,0.000,0.00000,0
3.632,0.0,0.0,0.00,0.000,0.000,0.000,0.00000,0
3.642,0.0,0.0,0.00,0.000,0.000,0.000,0.00000,0
3.652,0.0,0.0,0.00,0.000,0.000,0.000,0.00000,0
3.662,0.0,0.0,0.00,0.000,0.000,0.000,0.00000,0
3.673,0.0,0.0,0.00,0.000,0.000,0.000,0.00000,0
3.683,0.0,0.0,0.00,0.000,0.000,0.000,0.00000,0
3.693,0.0,0.0,0.00,0.000,0.000,0.000,0.00000,0
3.703,0.0,0.0,0.00,0.000,0.000,0.000,0.00000,0
3.713,0.0,0.0,0.00,0.000,0.000,0.000,0.00000,0
3.723,0.0,0.0,0.00,0.000,0.000,0.000,0.00000,0
3.733,0.0,0.0,0.00,0.000,0.000,0.000,0.00000,0
3.744,0.0,0.0,0.00,0.000,0.000,0.000,0.00000,0
3.754,0.0,0.0,0.00,0.000,0.000,0.000,0.00000,0
3.764,0.0,0.0,0.00,0.000,0.000,0.000,0.00000,0
3.774,0.0,0.0,0.00,0.000,0.000,0.000,0.00000,0
3.784,0.0,0.0,0.00,0.000,0.000,0.000,0.00000,0
3.794,0.0,0.0,0.00,0.000,0.000,0.000,0.00000,0
3.804,0.0,0.0,0.00,0.000,0.000,0.000,0.00000,0
3.814,0.0,0.0,0.00,0.000,0.000,0.000,0.00000,0
3.825,0.0,0.0,0.00,0.000,0.000,0.000,0.00000,0
3.835,0.0,0.0,0.00,0.000,0.000,0.000,0.00000,0
3.845,0.0,0.0,0.00,0.000,0.000,0.000,0.00000,0
3.855,0.0,0.0,0.00,0.000,0.000,0.000,0.00000,0
3.865,0.0,0.0,0.00,0.000,0.000,0.000,0.00000,0
3.875,0.0,0.0,0.00,0.000,0.000,0.000,0.00000,0
3.885,0.0,0.0,0.00,0.000,0.000,0.000,0.00000,0
3.896,0.0,0.0,0.00,0.000,0.000,0.000,0.00000,0
3.906,0.0,0.0,0.00,0.000,0.000,0.000,0.00000,0
3.916,0.0,0.0,0.00,0.000,0.000,0.000,0.00000,0
3.926,0.0,0.0,0.00,0.000,0.000,0.000,0.00000,0
3.936,0.0,0.0,0.00,0.000,0.000,0.000,0.00000,0
3.946,0.0,0.0,0.00,0.000,0.000,0.000,0.00000,0
3.956,0.0,0.0,0.00,0.000,0.000,0.000,0.00000,0
3.966,0.0,0.0,0.00,0.000,0.000,0.000,0.00000,0
3.977,0.0,0.0,0.00,0.000,0.000,0.000,0.00000,0
3.987,0.0,0.0,0.00,0.000,0.000,0.000,0.00000,0
3.997,0.0,0.0,0.00,0.000,0.000,0.000,0.00000,0
4.007,0.0,0.0,0.00,0.000,0.000,0.000,0.00000,0
4.017,0.0,0.0,0.00,0.000,0.000,0.000,0.00000,0
4.027,0.0,0.0,0.00,0.000,0.000,0.000,0.00000,0
4.037,0.0,0.0,0.00,0.000,0.000,0.000,0.00000,0
4.048,0.0,0.0,0.00,0.000,0.000,0.000,0.00000,0
4.058,0.0,0.0,0.00,0.000,0.000,0.000,0.00000,0
4.068,0.0,0.0,0.00,0.000,0.000,0.000,0.00000,0
4.078,0.0,0.0,0.00,0.000,0.000,0.000,0.00000,0
4.088,0.0,0.0,0.00,0.000,0.000,0.000,0.00000,0
4.098,0.0,0.0,0.00,0.000,0.000,0.000,0.00000,0
4.109,0.0,0.0,0.00,0.000,0.000,0.000,0.00000,0
4.119,0.0,0.0,0.00,0.000,0.000,0.000,0.00000,0
4.129,0.0,0.0,0.00,0.000,0.000,0.000,0.00000,0
4.139,0.0,0.0,0.00,0.000,0.000,0.000,0.00000,0
4.149,0.0,0.0,0.00,0.000,0.000,0.000,0.00000,0
4.159,0.0,0.0,0.00,0.000,0.000,0.000,0.00000,0
4.169,0.0,0.0,0.00,0.000,0.000,0.000,0.00000,0
4.179,0.0,0.0,0.00,0.000,0.000,0.000,0.00000,0
4.190,0.0,0.0,0.00,0.000,0.000,0.000,0.00000,0
4.200,0.0,0.0,0.00,0.000,0.000,0.000,0.00000,0
4.210,0.0,0.0,0.00,0.000,0.000,0.000,0.00000,0
4.220,0.0,0.0,0.00,0.000,0.000,0.000,0.00000,0
4.230,0.0,0.0,0.00,0.000,0.000,0.000,0.00000,0
4.240,0.0,0.0,0.00,0.000,0.000,0.000,0.00000,0
4.251,0.0,0.0,0.00,0.000,0.000,0.000,0.00000,0
4.261,0.0,0.0,0.00,0.000,0.000,0.000,0.00000,0
4.271,0.0,0.0,0.00,0.000,0.000,0.000,0.00000,0
4.281,0.0,0.0,0.00,0.000,0.000,0.000,0.00000,0
4.292,0.0,0.0,0.00,0.000,0.000,0.000,0.00000,0
4.302,0.0,0.0,0.00,0.000,0.000,0.000,0.00000,0
4.312,0.0,0.0,0.00,0.000,0.000,0.000,0.00000,0
4.322,0.0,0.0,0.00,0.000,0.000,0.000,0.00000,0
4.332,0.0,0.0,0.00,0.000,0.000,0.000,0.00000,0
4.342,0.0,0.0,0.00,0.000,0.000,0.000,0.00000,0
4.352,0.0,0.0,0.00,0.000,0.000,0.000,0.00000,0
4.363,0.0,0.0,0.00,0.000,0.000,0.000,0.00000,0
4.373,0.0,0.0,0.00,0.000,0.000,0.000,0.00000,0
4.383,0.0,0.0,0.00,0.000,0.000,0.000,0.00000,0
4.393,0.0,0.0,0.00,0.000,0.000,0.000,0.00000,0
4.403,0.0,0.0,0.00,0.000,0.000,0.000,0.00000,0
4.413,0.0,0.0,0.00,0.000,0.000,0.000,0.00000,0
4.423,0.0,0.0,0.00,0.000,0.000,0.000,0.00000,0
4.433,0.0,0.0,0.00,0.000,0.000,0.000,0.00000,0
4.444,0.0,0.0,0.00,0.000,0.000,0.000,0.00000,0
4.454,0.0,0.0,0.00,0.000,0.000,0.000,0.00000,0
4.464,0.0,0.0,0.00,0.000,0.000,0.000,0.00000,0
4.474,0.0,0.0,0.00,0.000,0.000,0.000,0.00000,0
4.484,0.0,0.0,0.00,0.000,0.000,0.000,0.00000,0
4.494,0.0,0.0,0.00,0.000,0.000,0.000,0.00000,0
4.505,0.0,0.0,0.00,0.000,0.000,0.000,0.00000,0
4.515,0.0,0.0,0.00,0.000,0.000,0.000,0.00000,0
4.525,0.0,0.0,0.00,0.000,0.000,0.000,0.00000,0
4.535,0.0,0.0,0.00,0.000,0.000,0.000,0.00000,0
4.545,0.0,0.0,0.00,0.000,0.000,0.000,0.00000,0
4.555,0.0,0.0,0.00,0.000,0.000,0.000,0.00000,0
4.565,0.0,0.0,0.00,0.000,0.000,0.000,0.00000,0
4.575,0.0,0.0,0.00,0.000,0.000,0.000,0.00000,0
4.585,0.0,0.0,0.00,0.000,0.000,0.000,0.00000,0
4.596,0.0,0.0,0.00,0.000,0.000,0.000,0.00000,0
4.606,0.0,0.0,0.00,0.000,0.000,0.000,0.00000,0
4.616,0.0,0.0,0.00,0.000,0.000,0.000,0.00000,0
4.626,0.0,0.0,0.00,0.000,0.000,0.000,0.00000,0
4.636,0.0,0.0,0.00,0.000,0.000,0.000,0.00000,0
4.646,0.0,0.0,0.00,0.000,0.000,0.000,0.00000,0
4.656,0.0,0.0,0.00,0.000,0.000,0.000,0.00000,0
4.667,0.0,0.0,0.00,0.000,0.000,0.000,0.00000,0
4.677,0.0,0.0,0.00,0.000,0.000,0.000,0.00000,0
4.687,0.0,0.0,0.00,0.000,0.000,0.000,0.00000,0
4.697,0.0,0.0,0.00,0.000,0.000,0.000,0.00000,0
4.707,0.0,0.0,0.00,0.000,0.000,0.000,0.00000,0
4.717,0.0,0.0,0.00,0.000,0.000,0.000,0.00000,0
4.727,0.0,0.0,0.00,0.000,0.000,0.000,0.00000,0
4.737,0.0,0.0,0.00,0.000,0.000,0.000,0.00000,0
4.748,0.0,0.0,0.00,0.000,0.000,0.000,0.00000,0
4.758,0.0,0.0,0.00,0.000,0.000,0.000,0.00000,0
4.768,0.0,0.0,0.00,0.000,0.000,0.000,0.00000,0
4.778,0.0,0.0,0.00,0.000,0.000,0.000,0.00000,0
4.788,0.0,0.0,0.00,0.000,0.000,0.000,0.00000,0
4.798,0.0,0.0,0.00,0.000,0.000,0.000,0.00000,0
4.808,0.0,0.0,0.00,0.000,0.000,0.000,0.00000,0
4.819,0.0,0.0,0.00,0.000,0.000,0.000,0.00000,0
4.829,0.0,0.0,0.00,0.000,0.000,0.000,0.00000,0
4.839,0.0,0.0,0.00,0.000,0.000,0.000,0.00000,0
4.849,0.0,0.0,0.00,0.000,0.000,0.000,0.00000,0
4.859,0.0,0.0,0.00,0.000,0.000,0.000,0.00000,0
4.869,0.0,0.0,0.00,0.000,0.000,0.000,0.00000,0
4.879,0.0,0.0,0.00,0.000,0.000,0.000,0.00000,0
4.889,0.0,0.0,0.00,0.000,0.000,0.000,0.00000,0
4.900,0.0,0.0,0.00,0.000,0.000,0.000,0.00000,0
4.910,0.0,0.0,0.00,0.000,0.000,0.000,0.00000,0
4.920,0.0,0.0,0.00,0.000,0.000,0.000,0.00000,0
4.930,0.0,0.0,0.00,0.000,0.000,0.000,0.00000,0
4.940,0.0,0.0,0.00,0.000,0.000,0.000,0.00000,0
4.950,0.0,0.0,0.00,0.000,0.000,0.000,0.00000,0
4.960,0.0,0.0,0.00,0.000,0.000,0.000,0.00000,0
4.970,0.0,0.0,0.00,0.000,0.000,0.000,0.00000,0
4.981,0.0,0.0,0.00,0.000,0.000,0.000,0.00000,0
4.991,0.0,0.0,0.00,0.000,0.000,0.000,0.00000,0
5.001,0.0,0.0,0.00,0.000,0.000,0.000,0.00000,0
5.011,0.0,0.0,0.00,0.000,0.000,0.000,0.00000,0
5.021,0.0,0.0,0.00,0.000,0.000,0.000,0.00000,0
5.032,0.0,0.0,0.00,0.000,0.000,0.000,0.00000,0
5.043,0.0,0.0,0.00,0.000,0.000,0.000,0.00000,0
5.053,0.0,0.0,0.00,0.000,0.000,0.000,0.00000,0
5.063,0.0,0.0,0.00,0.000,0.000,0.000,0.00000,0
5.073,0.0,0.0,0.00,0.000,0.000,0.000,0.00000,0
5.083,0.0,0.0,0.00,0.000,0.000,0.000,0.00000,0
5.093,0.0,0.0,0.00,0.000,0.000,0.000,0.00000,0
5.103,0.0,0.0,0.00,0.000,0.000,0.000,0.00000,0
5.114,0.0,0.0,0.00,0.000,0.000,0.000,0.00000,0
5.124,0.0,0.0,0.00,0.000,0.000,0.000,0.00000,0
5.134,0.0,0.0,0.00,0.000,0.000,0.000,0.00000,0
5.144,0.0,0.0,0.00,0.000,0.000,0.000,0.00000,0
5.154,0.0,0.0,0.00,0.000,0.000,0.000,0.00000,0
5.164,0.0,0.0,0.00,0.000,0.000,0.000,0.00000,0
5.174,0.0,0.0,0.00,0.000,0.000,0.000,0.00000,0
5.185,0.0,0.0,0.00,0.000,0.000,0.000,0.00000,0
5.195,0.0,0.0,0.00,0.000,0.000,0.000,0.00000,0
5.205,0.0,0.0,0.00,0.000,0.000,0.000,0.00000,0
5.215,0.0,0.0,0.00,0.000,0.000,0.000,0.00000,0
5.225,0.0,0.0,0.00,0.000,0.000,0.000,0.00000,0
5.235,0.0,0.0,0.00,0.000,0.000,0.000,0.00000,0
5.245,0.0,0.0,0.00,0.000,0.000,0.000,0.00000,0
5.256,0.0,0.0,0.00,0.000,0.000,0.000,0.00000,0
5.266,0.0,0.0,0.00,0.000,0.000,0.000,0.00000,0
5.276,0.0,0.0,0.00,0.000,0.000,0.000,0.00000,0
5.286,0.0,0.0,0.00,0.000,0.000,0.000,0.00000,0
5.296,0.0,0.0,0.00,0.000,0.000,0.000,0.00000,0
5.306,0.0,0.0,0.00,0.000,0.000,0.000,0.00000,0
5.316,0.0,0.0,0.00,0.000,0.000,0.000,0.00000,0
5.327,0.0,0.0,0.00,0.000,0.000,0.000,0.00000,0
5.337,0.0,0.0,0.00,0.000,0.000,0.000,0.00000,0
5.347,0.0,0.0,0.00,0.000,0.000,0.000,0.00000,0
5.357,0.0,0.0,0.00,0.000,0.000,0.000,0.00000,0
5.367,0.0,0.0,0.00,0.000,0.000,0.000,0.00000,0
5.377,0.0,0.0,0.00,0.000,0.000,0.000,0.00000,0
5.387,0.0,0.0,0.00,0.000,0.000,0.000,0.00000,0
5.398,0.0,0.0,0.00,0.000,0.000,0.000,0.00000,0
5.408,0.0,0.0,0.00,0.000,0.000,0.000,0.00000,0
5.418,0.0,0.0,0.00,0.000,0.000,0.000,0.00000,0
5.428,0.0,0.0,0.00,0.000,0.000,0.000,0.00000,0
5.438,0.0,0.0,0.00,0.000,0.000,0.000,0.00000,0
5.448,0.0,0.0,0.00,0.000,0.000,0.000,0.00000,0
5.458,0.0,0.0,0.00,0.000,0.000,0.000,0.00000,0
5.469,0.0,0.0,0.00,0.000,0.000,0.000,0.00000,0
5.479,0.0,0.0,0.00,0.000,0.000,0.000,0.00000,0
5.489,0.0,0.0,0.00,0.000,0.000,0.000,0.00000,0
5.499,0.0,0.0,0.00,0.000,0.000,0.000,0.00000,0
5.509,0.0,0.0,0.00,0.000,0.000,0.000,0.00000,0
5.519,0.0,0.0,0.00,0.000,0.000,0.000,0.00000,0
5.529,0.0,0.0,0.00,0.000,0.000,0.000,0.00000,0
5.539,0.0,0.0,0.00,0.000,0.000,0.000,0.00000,0
5.550,0.0,0.0,0.00,0.000,0.000,0.000,0.00000,0
5.560,0.0,0.0,0.00,0.000,0.000,0.000,0.00000,0
5.570,0.0,0.0,0.00,0.000,0.000,0.000,0.00000,0
5.580,0.0,0.0,0.00,0.000,0.000,0.000,0.00000,0
5.590,0.0,0.0,0.00,0.000,0.000,0.000,0.00000,0
5.600,0.0,0.0,0.00,0.000,0.000,0.000,0.00000,0
5.610,0.0,0.0,0.00,0.000,0.000,0.000,0.00000,0
5.620,0.0,0.0,0.00,0.000,0.000,0.000,0.00000,0
5.631,0.0,0.0,0.00,0.000,0.000,0.000,0.00000,0
5.641,0.0,0.0,0.00,0.000,0.000,0.000,0.00000,0
5.651,0.0,0.0,0.00,0.000,0.000,0.000,0.00000,0
5.661,0.0,0.0,0.00,0.000,0.000,0.000,0.00000,0
5.671,0.0,0.0,0.00,0.000,0.000,0.000,0.00000,0
5.681,0.0,0.0,0.00,0.000,0.000,0.000,0.00000,0
5.691,0.0,0.0,0.00,0.000,0.000,0.000,0.00000,0
5.702,0.0,0.0,0.00,0.000,0.000,0.000,0.00000,0
5.712,0.0,0.0,0.00,0.000,0.000,0.000,0.00000,0
5.722,0.0,0.0,0.00,0.000,0.000,0.000,0.00000,0
5.732,0.0,0.0,0.00,0.000,0.000,0.000,0.00000,0
5.742,0.0,0.0,0.00,0.000,0.000,0.000,0.00000,0
5.752,0.0,0.0,0.00,0.000,0.000,0.000,0.00000,0
5.762,0.0,0.0,0.00,0.000,0.000,0.000,0.00000,0
5.772,0.0,0.0,0.00,0.000,0.000,0.000,0.00000,0
5.782,0.0,0.0,0.00,0.000,0.000,0.000,0.00000,0
5.793,0.0,0.0,0.00,0.000,0.000,0.000,0.00000,0
5.803,0.0,0.0,0.00,0.000,0.000,0.000,0.00000,0
5.813,0.0,0.0,0.00,0.000,0.000,0.000,0.00000,0
5.823,0.0,0.0,0.00,0.000,0.000,0.000,0.00000,0
5.833,0.0,0.0,0.00,0.000,0.000,0.000,0.00000,0
5.843,0.0,0.0,0.00,0.000,0.000,0.000,0.00000,0
5.853,0.0,0.0,0.00,0.000,0.000,0.000,0.00000,0
5.864,0.0,0.0,0.00,0.000,0.000,0.000,0.00000,0
5.874,0.0,0.0,0.00,0.000,0.000,0.000,0.00000,0
5.884,0.0,0.0,0.00,0.000,0.000,0.000,0.00000,0
5.894,0.0,0.0,0.00,0.000,0.000,0.000,0.00000,0
5.904,0.0,0.0,0.00,0.000,0.000,0.000,0.00000,0
5.914,0.0,0.0,0.00,0.000,0.000,0.000,0.00000,0
5.924,0.0,0.0,0.00,0.000,0.000,0.000,0.00000,0
5.934,0.0,0.0,0.00,0.000,0.000,0.000,0.00000,0
5.945,0.0,0.0,0.00,0.000,0.000,0.000,0.00000,0
5.955,0.0,0.0,0.00,0.000,0.000,0.000,0.00000,0
5.965,0.0,0.0,0.00,0.000,0.000,0.000,0.00000,0
5.975,0.0,0.0,0.00,0.000,0.000,0.000,0.00000,0
5.985,0.0,0.0,0.00,0.000,0.000,0.000,0.00000,0
5.995,0.0,0.0,0.00,0.000,0.000,0.000,0.00000,0
6.006,0.0,0.0,0.00,0.000,0.000,0.000,0.00000,0
6.016,0.0,0.0,0.00,0.000,0.000,0.000,0.00000,0
6.026,0.0,0.0,0.00,0.000,0.000,0.000,0.00000,0
6.036,0.0,0.0,0.00,0.000,0.000,0.000,0.00000,0
6.046,0.0,0.0,0.00,0.000,0.000,0.000,0.00000,0
6.056,0.0,0.0,0.00,0.000,0.000,0.000,0.00000,0
6.066,0.0,0.0,0.00,0.000,0.000,0.000,0.00000,0
6.076,0.0,0.0,0.00,0.000,0.000,0.000,0.00000,0
6.087,0.0,0.0,0.00,0.000,0.000,0.000,0.00000,0
6.097,0.0,0.0,0.00,0.000,0.000,0.000,0.00000,0
6.107,0.0,0.0,0.00,0.000,0.000,0.000,0.00000,0
6.117,0.0,0.0,0.00,0.000,0.000,0.000,0.00000,0
6.127,0.0,0.0,0.00,0.000,0.000,0.000,0.00000,0
6.137,0.0,0.0,0.00,0.000,0.000,0.000,0.00000,0
6.147,0.0,0.0,0.00,0.000,0.000,0.000,0.00000,0
6.158,0.0,0.0,0.00,0.000,0.000,0.000,0.00000,0
6.168,0.0,0.0,0.00,0.000,0.000,0.000,0.00000,0
6.178,0.0,0.0,0.00,0.000,0.000,0.000,0.00000,0
6.188,0.0,0.0,0.00,0.000,0.000,0.000,0.00000,0
6.198,0.0,0.0,0.00,0.000,0.000,0.000,0.00000,0
6.208,0.0,0.0,0.00,0.000,0.000,0.000,0.00000,0
6.218,0.0,0.0,0.00,0.000,0.000,0.000,0.00000,0
6.228,0.0,0.0,0.00,0.000,0.000,0.000,0.00000,0
6.239,0.0,0.0,0.00,0.000,0.000,0.000,0.00000,0
6.249,0.0,0.0,0.00,0.000,0.000,0.000,0.00000,0
6.259,0.0,0.0,0.00,0.000,0.000,0.000,0.00000,0
6.269,0.0,0.0,0.00,0.000,0.000,0.000,0.00000,0
6.279,0.0,0.0,0.00,0.000,0.000,0.000,0.00000,0
6.289,0.0,0.0,0.00,0.000,0.000,0.000,0.00000,0
6.299,0.0,0.0,0.00,0.000,0.000,0.000,0.00000,0
6.310,0.0,0.0,0.00,0.000,0.000,0.000,0.00000,0
6.320,0.0,0.0,0.00,0.000,0.000,0.000,0.00000,0
6.330,0.0,0.0,0.00,0.000,0.000,0.000,0.00000,0
6.340,0.0,0.0,0.00,0.000,0.000,0.000,0.00000,0
6.350,0.0,0.0,0.00,0.000,0.000,0.000,0.00000,0
6.360,0.0,0.0,0.00,0.000,0.000,0.000,0.00000,0
6.370,0.0,0.0,0.00,0.000,0.000,0.000,0.00000,0
6.380,0.0,0.0,0.00,0.000,0.000,0.000,0.00000,0
6.391,0.0,0.0,0.00,0.000,0.000,0.000,0.00000,0
6.401,0.0,0.0,0.00,0.000,0.000,0.000,0.00000,0
6.411,0.0,0.0,0.00,0.000,0.000,0.000,0.00000,0
6.421,0.0,0.0,0.00,0.000,0.000,0.000,0.00000,0
6.431,0.0,0.0,0.00,0.000,0.000,0.000,0.00000,0
6.441,0.0,0.0,0.00,0.000,0.000,0.000,0.00000,0
6.451,0.0,0.0,0.00,0.000,0.000,0.000,0.00000,0
6.461,0.0,0.0,0.00,0.000,0.000,0.000,0.00000,0
6.472,0.0,0.0,0.00,0.000,0.000,0.000,0.00000,0
6.482,0.0,0.0,0.00,0.000,0.000,0.000,0.00000,0
6.492,0.0,0.0,0.00,0.000,0.000,0.000,0.00000,0
6.502,0.0,0.0,0.00,0.000,0.000,0.000,0.00000,0
6.512,0.0,0.0,0.00,0.000,0.000,0.000,0.00000,0
6.522,0.0,0.0,0.00,0.000,0.000,0.000,0.00000,0
6.532,0.0,0.0,0.00,0.000,0.000,0.000,0.00000,0
6.542,0.0,0.0,0.00,0.000,0.000,0.000,0.00000,0
6.553,0.0,0.0,0.00,0.000,0.000,0.000,0.00000,0
6.563,0.0,0.0,0.00,0.000,0.000,0.000,0.00000,0
6.573,0.0,0.0,0.00,0.000,0.000,0.000,0.00000,0
6.583,0.0,0.0,0.00,0.000,0.000,0.000,0.00000,0
6.593,0.0,0.0,0.00,0.000,0.000,0.000,0.00000,0
6.603,0.0,0.0,0.00,0.000,0.000,0.000,0.00000,0
6.613,0.0,0.0,0.00,0.000,0.000,0.000,0.00000,0
6.623,0.0,0.0,0.00,0.000,0.000,0.000,0.00000,0
6.633,0.0,0.0,0.00,0.000,0.000,0.000,0.00000,0
6.644,0.0,0.0,0.00,0.000,0.000,0.000,0.00000,0
6.654,0.0,0.0,0.00,0.000,0.000,0.000,0.00000,0
6.664,0.0,0.0,0.00,0.000,0.000,0.000,0.00000,0
6.674,0.0,0.0,0.00,0.000,0.000,0.000,0.00000,0
6.684,0.0,0.0,0.00,0.000,0.000,0.000,0.00000,0
6.694,0.0,0.0,0.00,0.000,0.000,0.000,0.00000,0
6.704,0.0,0.0,0.00,0.000,0.000,0.000,0.00000,0
6.715,0.0,0.0,0.00,0.000,0.000,0.000,0.00000,0
6.725,0.0,0.0,0.00,0.000,0.000,0.000,0.00000,0
6.735,0.0,0.0,0.00,0.000,0.000,0.000,0.00000,0
6.745,0.0,0.0,0.00,0.000,0.000,0.000,0.00000,0
6.755,0.0,0.0,0.00,0.000,0.000,0.000,0.00000,0
6.765,0.0,0.0,0.00,0.000,0.000,0.000,0.00000,0
6.775,0.0,0.0,0.00,0.000,0.000,0.000,0.00000,0
6.786,0.0,0.0,0.00,0.000,0.000,0.000,0.00000,0
6.796,0.0,0.0,0.00,0.000,0.000,0.000,0.00000,0
6.806,0.0,0.0,0.00,0.000,0.000,0.000,0.00000,0
6.816,0.0,0.0,0.00,0.000,0.000,0.000,0.00000,0
6.826,0.0,0.0,0.00,0.000,0.000,0.000,0.00000,0
6.836,0.0,0.0,0.00,0.000,0.000,0.000,0.00000,0
6.846,0.0,0.0,0.00,0.000,0.000,0.000,0.00000,0
6.857,0.0,0.0,0.00,0.000,0.000,0.000,0.00000,0
6.867,0.0,0.0,0.00,0.000,0.000,0.000,0.00000,0
6.877,0.0,0.0,0.00,0.000,0.000,0.000,0.00000,0
6.887,0.0,0.0,0.00,0.000,0.000,0.000,0.00000,0
6.897,0.0,0.0,0.00,0.000,0.000,0.000,0.00000,0
6.907,0.0,0.0,0.00,0.000,0.000,0.000,0.00000,0
6.917,0.0,0.0,0.00,0.000,0.000,0.000,0.00000,0
6.928,0.0,0.0,0.00,0.000,0.000,0.000,0.00000,0
6.938,0.0,0.0,0.00,0.000,0.000,0.000,0.00000,0
6.948,0.0,0.0,0.00,0.000,0.000,0.000,0.00000,0
6.958,0.0,0.0,0.00,0.000,0.000,0.000,0.00000,0
6.968,0.0,0.0,0.00,0.000,0.000,0.000,0.00000,0
6.978,0.0,0.0,0.00,0.000,0.000,0.000,0.00000,0
6.988,0.0,0.0,0.00,0.000,0.000,0.000,0.00000,0
6.999,0.0,0.0,0.00,0.000,0.000,0.000,0.00000,0
7.009,0.0,0.0,0.00,0.000,0.000,0.000,0.00000,0
7.019,0.0,0.0,0.00,0.000,0.000,0.000,0.00000,0
7.029,0.0,0.0,0.00,0.000,0.000,0.000,0.00000,0
7.039,0.0,0.0,0.00,0.000,0.000,0.000,0.00000,0
7.049,0.0,0.0,0.00,0.000,0.000,0.000,0.00000,0
7.059,0.0,0.0,0.00,0.000,0.000,0.000,0.00000,0
7.069,0.0,0.0,0.00,0.000,0.000,0.000,0.00000,0
7.080,0.0,0.0,0.00,0.000,0.000,0.000,0.00000,0
7.090,0.0,0.0,0.00,0.000,0.000,0.000,0.00000,0
7.100,0.0,0.0,0.00,0.000,0.000,0.000,0.00000,0
7.110,0.0,0.0,0.00,0.000,0.000,0.000,0.00000,0
7.120,0.0,0.0,0.00,0.000,0.000,0.000,0.00000,0
7.130,0.0,0.0,0.00,0.000,0.000,0.000,0.00000,0
7.140,0.0,0.0,0.00,0.000,0.000,0.000,0.00000,0
7.151,0.0,0.0,0.00,0.000,0.000,0.000,0.00000,0
7.161,0.0,0.0,0.00,0.000,0.000,0.000,0.00000,0
7.171,0.0,0.0,0.00,0.000,0.000,0.000,0.00000,0
7.181,0.0,0.0,0.00,0.000,0.000,0.000,0.00000,0
7.191,0.0,0.0,0.00,0.000,0.000,0.000,0.00000,0
7.201,0.0,0.0,0.00,0.000,0.000,0.000,0.00000,0
7.211,0.0,0.0,0.00,0.000,0.000,0.000,0.00000,0
7.222,0.0,0.0,0.00,0.000,0.000,0.000,0.00000,0
7.232,0.0,0.0,0.00,0.000,0.000,0.000,0.00000,0
7.242,0.0,0.0,0.00,0.000,0.000,0.000,0.00000,0
7.252,0.0,0.0,0.00,0.000,0.000,0.000,0.00000,0
7.262,0.0,0.0,0.00,0.000,0.000,0.000,0.00000,0
7.272,0.0,0.0,0.00,0.000,0.000,0.000,0.00000,0
7.282,0.0,0.0,0.00,0.000,0.000,0.000,0.00000,0
7.292,0.0,0.0,0.00,0.000,0.000,0.000,0.00000,0
7.303,0.0,0.0,0.00,0.000,0.000,0.000,0.00000,0
7.313,0.0,0.0,0.00,0.000,0.000,0.000,0.00000,0
7.323,0.0,0.0,0.00,0.000,0.000,0.000,0.00000,0
7.333,0.0,0.0,0.00,0.000,0.000,0.000,0.00000,0
7.343,0.0,0.0,0.00,0.000,0.000,0.000,0.00000,0
7.353,0.0,0.0,0.00,0.000,0.000,0.000,0.00000,0
7.363,0.0,0.0,0.00,0.000,0.000,0.000,0.00000,0
7.373,0.0,0.0,0.00,0.000,0.000,0.000,0.00000,0
7.384,0.0,0.0,0.00,0.000,0.000,0.000,0.00000,0
7.394,0.0,0.0,0.00,0.000,0.000,0.000,0.00000,0
7.404,0.0,0.0,0.00,0.000,0.000,0.000,0.00000,0
7.414,0.0,0.0,0.00,0.000,0.000,0.000,0.00000,0
7.424,0.0,0.0,0.00,0.000,0.000,0.000,0.00000,0
7.434,0.0,0.0,0.00,0.000,0.000,0.000,0.00000,0
7.444,0.0,0.0,0.00,0.000,0.000,0.000,0.00000,0
7.455,0.0,0.0,0.00,0.000,0.000,0.000,0.00000,0
7.465,0.0,0.0,0.00,0.000,0.000,0.000,0.00000,0
7.475,0.0,0.0,0.00,0.000,0.000,0.000,0.00000,0
7.485,0.0,0.0,0.00,0.000,0.000,0.000,0.00000,0
7.495,0.0,0.0,0.00,0.000,0.000,0.000,0.00000,0
7.505,0.0,0.0,0.00,0.000,0.000,0.000,0.00000,0
7.515,0.0,0.0,0.00,0.000,0.000,0.000,0.00000,0
7.525,0.0,0.0,0.00,0.000,0.000,0.000,0.00000,0
7.536,0.0,0.0,0.00,0.000,0.000,0.000,0.00000,0
7.546,0.0,0.0,0.00,0.000,0.000,0.000,0.00000,0
7.556,0.0,0.0,0.00,0.000,0.000,0.000,0.00000,0
7.566,0.0,0.0,0.00,0.000,0.000,0.000,0.00000,0
7.576,0.0,0.0,0.00,0.000,0.000,0.000,0.00000,0
7.586,0.0,0.0,0.00,0.000,0.000,0.000,0.00000,0
7.596,0.0,0.0,0.00,0.000,0.000,0.000,0.00000,0
7.606,0.0,0.0,0.00,0.000,0.000,0.000,0.00000,0
7.617,0.0,0.0,0.00,0.000,0.000,0.000,0.00000,0
7.627,0.0,0.0,0.00,0.000,0.000,0.000,0.00000,0
7.637,0.0,0.0,0.00,0.000,0.000,0.000,0.00000,0
7.647,0.0,0.0,0.00,0.000,0.000,0.000,0.00000,0
7.657,0.0,0.0,0.00,0.000,0.000,0.000,0.00000,0
7.667,0.0,0.0,0.00,0.000,0.000,0.000,0.00000,0
7.678,0.0,0.0,0.00,0.000,0.000,0.000,0.00000,0
7.688,0.0,0.0,0.00,0.000,0.000,0.000,0.00000,0
7.698,0.0,0.0,0.00,0.000,0.000,0.000,0.00000,0
7.708,0.0,0.0,0.00,0.000,0.000,0.000,0.00000,0
7.718,0.0,0.0,0.00,0.000,0.000,0.000,0.00000,0
7.728,0.0,0.0,0.00,0.000,0.000,0.000,0.00000,0
7.738,0.0,0.0,0.00,0.000,0.000,0.000,0.00000,0
7.749,0.0,0.0,0.00,0.000,0.000,0.000,0.00000,0
7.759,0.0,0.0,0.00,0.000,0.000,0.000,0.00000,0
7.769,0.0,0.0,0.00,0.000,0.000,0.000,0.00000,0
7.779,0.0,0.0,0.00,0.000,0.000,0.000,0.00000,0
7.789,0.0,0.0,0.00,0.000,0.000,0.000,0.00000,0
7.799,0.0,0.0,0.00,0.000,0.000,0.000,0.00000,0
7.809,0.0,0.0,0.00,0.000,0.000,0.000,0.00000,0
7.819,0.0,0.0,0.00,0.000,0.000,0.000,0.00000,0
7.830,0.0,0.0,0.00,0.000,0.000,0.000,0.00000,0
7.840,0.0,0.0,0.00,0.000,0.000,0.000,0.00000,0
7.850,0.0,0.0,0.00,0.000,0.000,0.000,0.00000,0
7.860,0.0,0.0,0.00,0.000,0.000,0.000,0.00000,0
7.870,0.0,0.0,0.00,0.000,0.000,0.000,0.00000,0
7.880,0.0,0.0,0.00,0.000,0.000,0.000,0.00000,0
7.890,0.0,0.0,0.00,0.000,0.000,0.000,0.00000,0
7.901,0.0,0.0,0.00,0.000,0.000,0.000,0.00000,0
7.911,0.0,0.0,0.00,0.000,0.000,0.000,0.00000,0
7.921,0.0,0.0,0.00,0.000,0.000,0.000,0.00000,0
7.931,0.0,0.0,0.00,0.000,0.000,0.000,0.00000,0
7.941,0.0,0.0,0.00,0.000,0.000,0.000,0.00000,0
7.951,0.0,0.0,0.00,0.000,0.000,0.000,0.00000,0
7.961,0.0,0.0,0.00,0.000,0.000,0.000,0.00000,0
7.972,0.0,0.0,0.00,0.000,0.000,0.000,0.00000,0
7.982,0.0,0.0,0.00,0.000,0.000,0.000,0.00000,0
7.992,0.0,0.0,0.00,0.000,0.000,0.000,0.00000,0
8.002,0.0,0.0,0.00,0.000,0.000,0.000,0.00000,0
8.012,0.0,0.0,0.00,0.000,0.000,0.000,0.00000,0
8.022,0.0,0.0,0.00,0.000,0.000,0.000,0.00000,0
8.032,0.0,0.0,0.00,0.000,0.000,0.000,0.00000,0
8.043,0.0,0.0,0.00,0.000,0.000,0.000,0.00000,0
8.053,0.0,0.0,0.00,0.000,0.000,0.000,0.00000,0
8.063,0.0,0.0,0.00,0.000,0.000,0.000,0.00000,0
8.073,0.0,0.0,0.00,0.000,0.000,0.000,0.00000,0
8.083,0.0,0.0,0.00,0.000,0.000,0.000,0.00000,0
8.093,0.0,0.0,0.00,0.000,0.000,0.000,0.00000,0
8.103,0.0,0.0,0.00,0.000,0.000,0.000,0.00000,0
8.114,0.0,0.0,0.00,0.000,0.000,0.000,0.00000,0
8.124,0.0,0.0,0.00,0.000,0.000,0.000,0.00000,0
8.134,0.0,0.0,0.00,0.000,0.000,0.000,0.00000,0
8.144,0.0,0.0,0.00,0.000,0.000,0.000,0.00000,0
8.154,0.0,0.0,0.00,0.000,0.000,0.000,0.00000,0
8.164,0.0,0.0,0.00,0.000,0.000,0.000,0.00000,0
8.174,0.0,0.0,0.00,0.000,0.000,0.000,0.00000,0
8.185,0.0,0.0,0.00,0.000,0.000,0.000,0.00000,0
8.195,0.0,0.0,0.00,0.000,0.000,0.000,0.00000,0
8.205,0.0,0.0,0.00,0.000,0.000,0.000,0.00000,0
8.215,0.0,0.0,0.00,0.000,0.000,0.000,0.00000,0
8.225,0.0,0.0,0.00,0.000,0.000,0.000,0.00000,0
8.235,0.0,0.0,0.00,0.000,0.000,0.000,0.00000,0
8.245,0.0,0.0,0.00,0.000,0.000,0.000,0.00000,0
8.255,0.0,0.0,0.00,0.000,0.000,0.000,0.00000,0
8.266,0.0,0.0,0.00,0.000,0.000,0.000,0.00000,0
8.276,0.0,0.0,0.00,0.000,0.000,0.000,0.00000,0
8.286,0.0,0.0,0.00,0.000,0.000,0.000,0.00000,0
8.296,0.0,0.0,0.00,0.000,0.000,0.000,0.00000,0
8.306,0.0,0.0,0.00,0.000,0.000,0.000,0.00000,0
8.316,0.0,0.0,0.00,0.000,0.000,0.000,0.00000,0
8.326,0.0,0.0,0.00,0.000,0.000,0.000,0.00000,0
8.336,0.0,0.0,0.00,0.000,0.000,0.000,0.00000,0
8.347,0.0,0.0,0.00,0.000,0.000,0.000,0.00000,0
8.357,0.0,0.0,0.00,0.000,0.000,0.000,0.00000,0
8.367,0.0,0.0,0.00,0.000,0.000,0.000,0.00000,0
8.377,0.0,0.0,0.00,0.000,0.000,0.000,0.00000,0
8.387,0.0,0.0,0.00,0.000,0.000,0.000,0.00000,0
8.397,0.0,0.0,0.00,0.000,0.000,0.000,0.00000,0
8.407,0.0,0.0,0.00,0.000,0.000,0.000,0.00000,0
8.418,0.0,0.0,0.00,0.000,0.000,0.000,0.00000,0
8.428,0.0,0.0,0.00,0.000,0.000,0.000,0.00000,0
8.438,0.0,0.0,0.00,0.000,0.000,0.000,0.00000,0
8.448,0.0,0.0,0.00,0.000,0.000,0.000,0.00000,0
8.458,0.0,0.0,0.00,0.000,0.000,0.000,0.00000,0
8.468,0.0,0.0,0.00,0.000,0.000,0.000,0.00000,0
8.478,0.0,0.0,0.00,0.000,0.000,0.000,0.00000,0
8.488,0.0,0.0,0.00,0.000,0.000,0.000,0.00000,0
8.499,0.0,0.0,0.00,0.000,0.000,0.000,0.00000,0
8.509,0.0,0.0,0.00,0.000,0.000,0.000,0.00000,0
8.519,0.0,0.0,0.00,0.000,0.000,0.000,0.00000,0
8.529,0.0,0.0,0.00,0.000,0.000,0.000,0.00000,0
8.539,0.0,0.0,0.00,0.000,0.000,0.000,0.00000,0
8.549,0.0,0.0,0.00,0.000,0.000,0.000,0.00000,0
8.560,0.0,0.0,0.00,0.000,0.000,0.000,0.00000,0
8.570,0.0,0.0,0.00,0.000,0.000,0.000,0.00000,0
8.580,0.0,0.0,0.00,0.000,0.000,0.000,0.00000,0
8.590,0.0,0.0,0.00,0.000,0.000,0.000,0.00000,0
8.600,0.0,0.0,0.00,0.000,0.000,0.000,0.00000,0
8.610,0.0,0.0,0.00,0.000,0.000,0.000,0.00000,0
8.620,0.0,0.0,0.00,0.000,0.000,0.000,0.00000,0
8.630,0.0,0.0,0.00,0.000,0.000,0.000,0.00000,0
8.641,0.0,0.0,0.00,0.000,0.000,0.000,0.00000,0
8.651,0.0,0.0,0.00,0.000,0.000,0.000,0.00000,0
8.661,0.0,0.0,0.00,0.000,0.000,0.000,0.00000,0
8.671,0.0,0.0,0.00,0.000,0.000,0.000,0.00000,0
8.681,0.0,0.0,0.00,0.000,0.000,0.000,0.00000,0
8.691,0.0,0.0,0.00,0.000,0.000,0.000,0.00000,0
8.701,0.0,0.0,0.00,0.000,0.000,0.000,0.00000,0
8.712,0.0,0.0,0.00,0.000,0.000,0.000,0.00000,0
8.722,0.0,0.0,0.00,0.000,0.000,0.000,0.00000,0
8.732,0.0,0.0,0.00,0.000,0.000,0.000,0.00000,0
8.742,0.0,0.0,0.00,0.000,0.000,0.000,0.00000,0
8.752,0.0,0.0,0.00,0.000,0.000,0.000,0.00000,0
8.762,0.0,0.0,0.00,0.000,0.000,0.000,0.00000,0
8.772,0.0,0.0,0.00,0.000,0.000,0.000,0.00000,0
8.782,0.0,0.0,0.00,0.000,0.000,0.000,0.00000,0
8.793,0.0,0.0,0.00,0.000,0.000,0.000,0.00000,0
8.803,0.0,0.0,0.00,0.000,0.000,0.000,0.00000,0
8.813,0.0,0.0,0.00,0.000,0.000,0.000,0.00000,0
8.823,0.0,0.0,0.00,0.000,0.000,0.000,0.00000,0
8.833,0.0,0.0,0.00,0.000,0.000,0.000,0.00000,0
8.843,0.0,0.0,0.00,0.000,0.000,0.000,0.00000,0
8.853,0.0,0.0,0.00,0.000,0.000,0.000,0.00000,0
8.864,0.0,0.0,0.00,0.000,0.000,0.000,0.00000,0
8.874,0.0,0.0,0.00,0.000,0.000,0.000,0.00000,0
8.884,0.0,0.0,0.00,0.000,0.000,0.000,0.00000,0
8.894,0.0,0.0,0.00,0.000,0.000,0.000,0.00000,0
8.904,0.0,0.0,0.00,0.000,0.000,0.000,0.00000,0
8.914,0.0,0.0,0.00,0.000,0.000,0.000,0.00000,0
8.924,0.0,0.0,0.00,0.000,0.000,0.000,0.00000,0
8.934,0.0,0.0,0.00,0.000,0.000,0.000,0.00000,0
8.945,0.0,0.0,0.00,0.000,0.000,0.000,0.00000,0
8.955,0.0,0.0,0.00,0.000,0.000,0.000,0.00000,0
8.965,0.0,0.0,0.00,0.000,0.000,0.000,0.00000,0
8.975,0.0,0.0,0.00,0.000,0.000,0.000,0.00000,0
8.985,0.0,0.0,0.00,0.000,0.000,0.000,0.00000,0
8.995,0.0,0.0,0.00,0.000,0.000,0.000,0.00000,0
9.005,0.0,0.0,0.00,0.000,0.000,0.000,0.00000,0
9.016,0.0,0.0,0.00,0.000,0.000,0.000,0.00000,0
9.026,0.0,0.0,0.00,0.000,0.000,0.000,0.00000,0
9.036,0.0,0.0,0.00,0.000,0.000,0.000,0.00000,0
9.046,0.0,0.0,0.00,0.000,0.000,0.000,0.00000,0
9.056,0.0,0.0,0.00,0.000,0.000,0.000,0.00000,0
9.066,0.0,0.0,0.00,0.000,0.000,0.000,0.00000,0
9.076,0.0,0.0,0.00,0.000,0.000,0.000,0.00000,0
9.086,0.0,0.0,0.00,0.000,0.000,0.000,0.00000,0
9.097,0.0,0.0,0.00,0.000,0.000,0.000,0.00000,0
9.107,0.0,0.0,0.00,0.000,0.000,0.000,0.00000,0
9.117,0.0,0.0,0.00,0.000,0.000,0.000,0.00000,0
9.127,0.0,0.0,0.00,0.000,0.000,0.000,0.00000,0
9.137,0.0,0.0,0.00,0.000,0.000,0.000,0.00000,0
9.147,0.0,0.0,0.00,0.000,0.000,0.000,0.00000,0
9.158,0.0,0.0,0.00,0.000,0.000,0.000,0.00000,0
9.168,0.0,0.0,0.00,0.000,0.000,0.000,0.00000,0
9.178,0.0,0.0,0.00,0.000,0.000,0.000,0.00000,0
9.188,0.0,0.0,0.00,0.000,0.000,0.000,0.00000,0
9.198,0.0,0.0,0.00,0.000,0.000,0.000,0.00000,0
9.208,0.0,0.0,0.00,0.000,0.000,0.000,0.00000,0
9.218,0.0,0.0,0.00,0.000,0.000,0.000,0.00000,0
9.228,0.0,0.0,0.00,0.000,0.000,0.000,0.00000,0
9.239,0.0,0.0,0.00,0.000,0.000,0.000,0.00000,0
9.250,0.0,0.0,0.00,0.000,0.000,0.000,0.00000,0
9.260,0.0,0.0,0.00,0.000,0.000,0.000,0.00000,0
9.270,0.0,0.0,0.00,0.000,0.000,0.000,0.00000,0
9.280,0.0,0.0,0.00,0.000,0.000,0.000,0.00000,0
9.290,0.0,0.0,0.00,0.000,0.000,0.000,0.00000,0
9.300,0.0,0.0,0.00,0.000,0.000,0.000,0.00000,0
9.310,0.0,0.0,0.00,0.000,0.000,0.000,0.00000,0
9.321,0.0,0.0,0.00,0.000,0.000,0.000,0.00000,0
9.331,0.0,0.0,0.00,0.000,0.000,0.000,0.00000,0
9.341,0.0,0.0,0.00,0.000,0.000,0.000,0.00000,0
9.351,0.0,0.0,0.00,0.000,0.000,0.000,0.00000,0
9.361,0.0,0.0,0.00,0.000,0.000,0.000,0.00000,0
9.371,0.0,0.0,0.00,0.000,0.000,0.000,0.00000,0
9.381,0.0,0.0,0.00,0.000,0.000,0.000,0.00000,0
9.392,0.0,0.0,0.00,0.000,0.000,0.000,0.00000,0
9.402,0.0,0.0,0.00,0.000,0.000,0.000,0.00000,0
9.412,0.0,0.0,0.00,0.000,0.000,0.000,0.00000,0
9.422,0.0,0.0,0.00,0.000,0.000,0.000,0.00000,0
9.432,0.0,0.0,0.00,0.000,0.000,0.000,0.00000,0
9.442,0.0,0.0,0.00,0.000,0.000,0.000,0.00000,0
9.452,0.0,0.0,0.00,0.000,0.000,0.000,0.00000,0
9.462,0.0,0.0,0.00,0.000,0.000,0.000,0.00000,0
9.473,0.0,0.0,0.00,0.000,0.000,0.000,0.00000,0
9.483,0.0,0.0,0.00,0.000,0.000,0.000,0.00000,0
9.493,0.0,0.0,0.00,0.000,0.000,0.000,0.00000,0
9.503,0.0,0.0,0.00,0.000,0.000,0.000,0.00000,0
9.513,0.0,0.0,0.00,0.000,0.000,0.000,0.00000,0
9.523,0.0,0.0,0.00,0.000,0.000,0.000,0.00000,0
9.533,0.0,0.0,0.00,0.000,0.000,0.000,0.00000,0
9.544,0.0,0.0,0.00,0.000,0.000,0.000,0.00000,0
9.554,0.0,0.0,0.00,0.000,0.000,0.000,0.00000,0
9.564,0.0,0.0,0.00,0.000,0.000,0.000,0.00000,0
9.574,0.0,0.0,0.00,0.000,0.000,0.000,0.00000,0
9.584,0.0,0.0,0.00,0.000,0.000,0.000,0.00000,0
9.594,0.0,0.0,0.00,0.000,0.000,0.000,0.00000,0
9.604,0.0,0.0,0.00,0.000,0.000,0.000,0.00000,0
9.615,0.0,0.0,0.00,0.000,0.000,0.000,0.00000,0
9.625,0.0,0.0,0.00,0.000,0.000,0.000,0.00000,0
9.635,0.0,0.0,0.00,0.000,0.000,0.000,0.00000,0
9.645,0.0,0.0,0.00,0.000,0.000,0.000,0.00000,0
9.655,0.0,0.0,0.00,0.000,0.000,0.000,0.00000,0
9.665,0.0,0.0,0.00,0.000,0.000,0.000,0.00000,0
9.675,0.0,0.0,0.00,0.000,0.000,0.000,0.00000,0
9.685,0.0,0.0,0.00,0.000,0.000,0.000,0.00000,0
9.696,0.0,0.0,0.00,0.000,0.000,0.000,0.00000,0
9.706,0.0,0.0,0.00,0.000,0.000,0.000,0.00000,0
9.716,0.0,0.0,0.00,0.000,0.000,0.000,0.00000,0
9.726,0.0,0.0,0.00,0.000,0.000,0.000,0.00000,0
9.736,0.0,0.0,0.00,0.000,0.000,0.000,0.00000,0
9.746,0.0,0.0,0.00,0.000,0.000,0.000,0.00000,0
9.756,0.0,0.0,0.00,0.000,0.000,0.000,0.00000,0
9.766,0.0,0.0,0.00,0.000,0.000,0.000,0.00000,0
9.777,0.0,0.0,0.00,0.000,0.000,0.000,0.00000,0
9.787,0.0,0.0,0.00,0.000,0.000,0.000,0.00000,0
9.797,0.0,0.0,0.00,0.000,0.000,0.000,0.00000,0
9.807,0.0,0.0,0.00,0.000,0.000,0.000,0.00000,0
9.817,0.0,0.0,0.00,0.000,0.000,0.000,0.00000,0
9.827,0.0,0.0,0.00,0.000,0.000,0.000,0.00000,0
9.837,0.0,0.0,0.00,0.000,0.000,0.000,0.00000,0
9.847,0.0,0.0,0.00,0.000,0.000,0.000,0.00000,0
9.858,0.0,0.0,0.00,0.000,0.000,0.000,0.00000,0
9.868,0.0,0.0,0.00,0.000,0.000,0.000,0.00000,0
9.878,0.0,0.0,0.00,0.000,0.000,0.000,0.00000,0
9.888,0.0,0.0,0.00,0.000,0.000,0.000,0.00000,0
9.898,0.0,0.0,0.00,0.000,0.000,0.000,0.00000,0
9.908,0.0,0.0,0.00,0.000,0.000,0.000,0.00000,0
9.918,0.0,0.0,0.00,0.000,0.000,0.000,0.00000,0
9.929,0.0,0.0,0.00,0.000,0.000,0.000,0.00000,0
9.939,0.0,0.0,0.00,0.000,0.000,0.000,0.00000,0
9.949,0.0,0.0,0.00,0.000,0.000,0.000,0.00000,0
9.959,0.0,0.0,0.00,0.000,0.000,0.000,0.00000,0
9.969,0.0,0.0,0.00,0.000,0.000,0.000,0.00000,0
9.979,0.0,0.0,0.00,0.000,0.000,0.000,0.00000,0
9.989,0.0,0.0,0.00,0.000,0.000,0.000,0.00000,0
9.999,0.0,0.0,0.00,0.000,0.000,0.000,0.00000,0
10.010,0.0,0.0,0.00,0.000,0.000,0.000,0.00000,0
10.020,0.0,0.0,0.00,0.000,0.000,0.000,0.00000,0
10.030,0.0,0.0,0.00,0.000,0.000,0.000,0.00000,0
10.040,0.0,0.0,0.00,0.000,0.000,0.000,0.00000,0
10.050,0.0,0.0,0.00,0.000,0.000,0.000,0.00000,0
10.060,0.0,0.0,0.00,0.000,0.000,0.000,0.00000,0
10.070,0.0,0.0,0.00,0.000,0.000,0.000,0.00000,0
10.080,0.0,0.0,0.00,0.000,0.000,0.000,0.00000,0
10.091,0.0,0.0,0.00,0.000,0.000,0.000,0.00000,0
10.101,0.0,0.0,0.00,0.000,0.000,0.000,0.00000,0
10.111,0.0,0.0,0.00,0.000,0.000,0.000,0.00000,0
10.121,0.0,0.0,0.00,0.000,0.000,0.000,0.00000,0
10.131,0.0,0.0,0.00,0.000,0.000,0.000,0.00000,0
10.141,0.0,0.0,0.00,0.000,0.000,0.000,0.00000,0
10.152,0.0,0.0,0.00,0.000,0.000,0.000,0.00000,0
10.162,0.0,0.0,0.00,0.000,0.000,0.000,0.00000,0
10.172,0.0,0.0,0.00,0.000,0.000,0.000,0.00000,0
10.182,0.0,0.0,0.00,0.000,0.000,0.000,0.00000,0
10.192,0.0,0.0,0.00,0.000,0.000,0.000,0.00000,0
10.202,0.0,0.0,0.00,0.000,0.000,0.000,0.00000,0
10.212,0.0,0.0,0.00,0.000,0.000,0.000,0.00000,0
10.222,0.0,0.0,0.00,0.000,0.000,0.000,0.00000,0
10.233,0.0,0.0,0.00,0.000,0.000,0.000,0.00000,0
10.243,0.0,0.0,0.00,0.000,0.000,0.000,0.00000,0
10.253,0.0,0.0,0.00,0.000,0.000,0.000,0.00000,0
10.263,0.0,0.0,0.00,0.000,0.000,0.000,0.00000,0
10.273,0.0,0.0,0.00,0.000,0.000,0.000,0.00000,0
10.283,0.0,0.0,0.00,0.000,0.000,0.000,0.00000,0
10.293,0.0,0.0,0.00,0.000,0.000,0.000,0.00000,0
10.304,0.0,0.0,0.00,0.000,0.000,0.000,0.00000,0
10.314,0.0,0.0,0.00,0.000,0.000,0.000,0.00000,0
10.324,0.0,0.0,0.00,0.000,0.000,0.000,0.00000,0
10.334,0.0,0.0,0.00,0.000,0.000,0.000,0.00000,0
10.344,0.0,0.0,0.00,0.000,0.000,0.000,0.00000,0
10.354,0.0,0.0,0.00,0.000,0.000,0.000,0.00000,0
10.365,0.0,0.0,0.00,0.000,0.000,0.000,0.00000,0
10.375,0.0,0.0,0.00,0.000,0.000,0.000,0.00000,0
10.385,0.0,0.0,0.00,0.000,0.000,0.000,0.00000,0
10.395,0.0,0.0,0.00,0.000,0.000,0.000,0.00000,0
10.405,0.0,0.0,0.00,0.000,0.000,0.000,0.00000,0
10.415,0.0,0.0,0.00,0.000,0.000,0.000,0.00000,0
10.425,0.0,0.0,0.00,0.000,0.000,0.000,0.00000,0
10.435,0.0,0.0,0.00,0.000,0.000,0.000,0.00000,0
10.446,0.0,0.0,0.00,0.000,0.000,0.000,0.00000,0
10.456,0.0,0.0,0.00,0.000,0.000,0.000,0.00000,0
10.466,0.0,0.0,0.00,0.000,0.000,0.000,0.00000,0
10.476,0.0,0.0,0.00,0.000,0.000,0.000,0.00000,0
10.486,0.0,0.0,0.00,0.000,0.000,0.000,0.00000,0
10.496,0.0,0.0,0.00,0.000,0.000,0.000,0.00000,0
10.506,0.0,0.0,0.00,0.000,0.000,0.000,0.00000,0
10.516,0.0,0.0,0.00,0.000,0.000,0.000,0.00000,0
10.527,0.0,0.0,0.00,0.000,0.000,0.000,0.00000,0
10.537,0.0,0.0,0.00,0.000,0.000,0.000,0.00000,0
10.547,0.0,0.0,0.00,0.000,0.000,0.000,0.00000,0
10.557,0.0,0.0,0.00,0.000,0.000,0.000,0.00000,0
10.567,0.0,0.0,0.00,0.000,0.000,0.000,0.00000,0
10.577,0.0,0.0,0.00,0.000,0.000,0.000,0.00000,0
10.587,0.0,0.0,0.00,0.000,0.000,0.000,0.00000,0
10.597,0.0,0.0,0.00,0.000,0.000,0.000,0.00000,0
10.608,0.0,0.0,0.00,0.000,0.000,0.000,0.00000,0
10.618,0.0,0.0,0.00,0.000,0.000,0.000,0.00000,0
10.628,0.0,0.0,0.00,0.000,0.000,0.000,0.00000,0
10.638,0.0,0.0,0.00,0.000,0.000,0.000,0.00000,0
10.648,0.0,0.0,0.00,0.000,0.000,0.000,0.00000,0
10.658,0.0,0.0,0.00,0.000,0.000,0.000,0.00000,0
10.668,0.0,0.0,0.00,0.000,0.000,0.000,0.00000,0
10.678,0.0,0.0,0.00,0.000,0.000,0.000,0.00000,0
10.689,0.0,0.0,0.00,0.000,0.000,0.000,0.00000,0
10.699,0.0,0.0,0.00,0.000,0.000,0.000,0.00000,0
10.709,0.0,0.0,0.00,0.000,0.000,0.000,0.00000,0
10.719,0.0,0.0,0.00,0.000,0.000,0.000,0.00000,0
10.729,0.0,0.0,0.00,0.000,0.000,0.000,0.00000,0
10.739,0.0,0.0,0.00,0.000,0.000,0.000,0.00000,0
10.749,0.0,0.0,0.00,0.000,0.000,0.000,0.00000,0
10.760,0.0,0.0,0.00,0.000,0.000,0.000,0.00000,0
10.770,0.0,0.0,0.00,0.000,0.000,0.000,0.00000,0
10.780,0.0,0.0,0.00,0.000,0.000,0.000,0.00000,0
10.790,0.0,0.0,0.00,0.000,0.000,0.000,0.00000,0
10.800,0.0,0.0,0.00,0.000,0.000,0.000,0.00000,0
10.810,0.0,0.0,0.00,0.000,0.000,0.000,0.00000,0
10.820,0.0,0.0,0.00,0.000,0.000,0.000,0.00000,0
10.830,0.0,0.0,0.00,0.000,0.000,0.000,0.00000,0
10.841,0.0,0.0,0.00,0.000,0.000,0.000,0.00000,0
10.851,0.0,0.0,0.00,0.000,0.000,0.000,0.00000,0
10.861,0.0,0.0,0.00,0.000,0.000,0.000,0.00000,0
10.871,0.0,0.0,0.00,0.000,0.000,0.000,0.00000,0
10.881,0.0,0.0,0.00,0.000,0.000,0.000,0.00000,0
10.891,0.0,0.0,0.00,0.000,0.000,0.000,0.00000,0
10.901,0.0,0.0,0.00,0.000,0.000,0.000,0.00000,0
10.912,0.0,0.0,0.00,0.000,0.000,0.000,0.00000,0
10.922,0.0,0.0,0.00,0.000,0.000,0.000,0.00000,0
10.932,0.0,0.0,0.00,0.000,0.000,0.000,0.00000,0
10.943,0.0,0.0,0.00,0.000,0.000,0.000,0.00000,0
10.953,0.0,0.0,0.00,0.000,0.000,0.000,0.00000,0
10.963,0.0,0.0,0.00,0.000,0.000,0.000,0.00000,0
10.973,0.0,0.0,0.00,0.000,0.000,0.000,0.00000,0
10.983,0.0,0.0,0.00,0.000,0.000,0.000,0.00000,0
10.993,0.0,0.0,0.00,0.000,0.000,0.000,0.00000,0
11.003,0.0,0.0,0.00,0.000,0.000,0.000,0.00000,0
11.014,0.0,0.0,0.00,0.000,0.000,0.000,0.00000,0
11.024,0.0,0.0,0.00,0.000,0.000,0.000,0.00000,0
11.034,0.0,0.0,0.00,0.000,0.000,0.000,0.00000,0
11.044,0.0,0.0,0.00,0.000,0.000,0.000,0.00000,0
11.054,0.0,0.0,0.00,0.000,0.000,0.000,0.00000,0
11.064,0.0,0.0,0.00,0.000,0.000,0.000,0.00000,0
11.074,0.0,0.0,0.00,0.000,0.000,0.000,0.00000,0
11.085,0.0,0.0,0.00,0.000,0.000,0.000,0.00000,0
11.095,0.0,0.0,0.00,0.000,0.000,0.000,0.00000,0
11.105,0.0,0.0,0.00,0.000,0.000,0.000,0.00000,0
11.115,0.0,0.0,0.00,0.000,0.000,0.000,0.00000,0
11.125,0.0,0.0,0.00,0.000,0.000,0.000,0.00000,0
11.135,0.0,0.0,0.00,0.000,0.000,0.000,0.00000,0
11.145,0.0,0.0,0.00,0.000,0.000,0.000,0.00000,0
11.156,0.0,0.0,0.00,0.000,0.000,0.000,0.00000,0
11.166,0.0,0.0,0.00,0.000,0.000,0.000,0.00000,0
11.176,0.0,0.0,0.00,0.000,0.000,0.000,0.00000,0
11.186,0.0,0.0,0.00,0.000,0.000,0.000,0.00000,0
11.196,0.0,0.0,0.00,0.000,0.000,0.000,0.00000,0
11.206,0.0,0.0,0.00,0.000,0.000,0.000,0.00000,0
11.217,0.0,0.0,0.00,0.000,0.000,0.000,0.00000,0
11.227,0.0,0.0,0.00,0.000,0.000,0.000,0.00000,0
11.237,0.0,0.0,0.00,0.000,0.000,0.000,0.00000,0
11.247,0.0,0.0,0.00,0.000,0.000,0.000,0.00000,0
11.257,0.0,0.0,0.00,0.000,0.000,0.000,0.00000,0
11.267,0.0,0.0,0.00,0.000,0.000,0.000,0.00000,0
11.277,0.0,0.0,0.00,0.000,0.000,0.000,0.00000,0
11.287,0.0,0.0,0.00,0.000,0.000,0.000,0.00000,0
11.297,0.0,0.0,0.00,0.000,0.000,0.000,0.00000,0
11.308,0.0,0.0,0.00,0.000,0.000,0.000,0.00000,0
11.318,0.0,0.0,0.00,0.000,0.000,0.000,0.00000,0
11.328,0.0,0.0,0.00,0.000,0.000,0.000,0.00000,0
11.338,0.0,0.0,0.00,0.000,0.000,0.000,0.00000,0
11.348,0.0,0.0,0.00,0.000,0.000,0.000,0.00000,0
11.358,0.0,0.0,0.00,0.000,0.000,0.000,0.00000,0
11.368,0.0,0.0,0.00,0.000,0.000,0.000,0.00000,0
11.378,0.0,0.0,0.00,0.000,0.000,0.000,0.00000,0
11.389,0.0,0.0,0.00,0.000,0.000,0.000,0.00000,0
11.399,0.0,0.0,0.00,0.000,0.000,0.000,0.00000,0
11.409,0.0,0.0,0.00,0.000,0.000,0.000,0.00000,0
11.419,0.0,0.0,0.00,0.000,0.000,0.000,0.00000,0
11.429,0.0,0.0,0.00,0.000,0.000,0.000,0.00000,0
11.439,0.0,0.0,0.00,0.000,0.000,0.000,0.00000,0
11.449,0.0,0.0,0.00,0.000,0.000,0.000,0.00000,0
11.459,0.0,0.0,0.00,0.000,0.000,0.000,0.00000,0
11.470,0.0,0.0,0.00,0.000,0.000,0.000,0.00000,0
11.480,0.0,0.0,0.00,0.000,0.000,0.000,0.00000,0
11.490,0.0,0.0,0.00,0.000,0.000,0.000,0.00000,0
11.500,0.0,0.0,0.00,0.000,0.000,0.000,0.00000,0
11.510,0.0,0.0,0.00,0.000,0.000,0.000,0.00000,0
11.520,0.0,0.0,0.00,0.000,0.000,0.000,0.00000,0
11.530,0.0,0.0,0.00,0.000,0.000,0.000,0.00000,0
11.540,0.0,0.0,0.00,0.000,0.000,0.000,0.00000,0
11.551,0.0,0.0,0.00,0.000,0.000,0.000,0.00000,0
11.561,0.0,0.0,0.00,0.000,0.000,0.000,0.00000,0
11.571,0.0,0.0,0.00,0.000,0.000,0.000,0.00000,0
11.581,0.0,0.0,0.00,0.000,0.000,0.000,0.00000,0
11.591,0.0,0.0,0.00,0.000,0.000,0.000,0.00000,0
11.601,0.0,0.0,0.00,0.000,0.000,0.000,0.00000,0
11.611,0.0,0.0,0.00,0.000,0.000,0.000,0.00000,0
11.622,0.0,0.0,0.00,0.000,0.000,0.000,0.00000,0
11.632,0.0,0.0,0.00,0.000,0.000,0.000,0.00000,0
11.642,0.0,0.0,0.00,0.000,0.000,0.000,0.00000,0
11.652,0.0,0.0,0.00,0.000,0.000,0.000,0.00000,0
11.662,0.0,0.0,0.00,0.000,0.000,0.000,0.00000,0
11.672,0.0,0.0,0.00,0.000,0.000,0.000,0.00000,0
11.682,0.0,0.0,0.00,0.000,0.000,0.000,0.00000,0
11.692,0.0,0.0,0.00,0.000,0.000,0.000,0.00000,0
11.702,0.0,0.0,0.00,0.000,0.000,0.000,0.00000,0
11.713,0.0,0.0,0.00,0.000,0.000,0.000,0.00000,0
11.723,0.0,0.0,0.00,0.000,0.000,0.000,0.00000,0
11.733,0.0,0.0,0.00,0.000,0.000,0.000,0.00000,0
11.744,0.0,0.0,0.00,0.000,0.000,0.000,0.00000,0
11.754,0.0,0.0,0.00,0.000,0.000,0.000,0.00000,0
11.764,0.0,0.0,0.00,0.000,0.000,0.000,0.00000,0
11.774,0.0,0.0,0.00,0.000,0.000,0.000,0.00000,0
11.784,0.0,0.0,0.00,0.000,0.000,0.000,0.00000,0
11.794,0.0,0.0,0.00,0.000,0.000,0.000,0.00000,0
11.805,0.0,0.0,0.00,0.000,0.000,0.000,0.00000,0
11.815,0.0,0.0,0.00,0.000,0.000,0.000,0.00000,0
11.825,0.0,0.0,0.00,0.000,0.000,0.000,0.00000,0
11.835,0.0,0.0,0.00,0.000,0.000,0.000,0.00000,0
11.845,0.0,0.0,0.00,0.000,0.000,0.000,0.00000,0
11.855,0.0,0.0,0.00,0.000,0.000,0.000,0.00000,0
11.865,0.0,0.0,0.00,0.000,0.000,0.000,0.00000,0
11.876,0.0,0.0,0.00,0.000,0.000,0.000,0.00000,0
11.886,0.0,0.0,0.00,0.000,0.000,0.000,0.00000,0
11.896,0.0,0.0,0.00,0.000,0.000,0.000,0.00000,0
11.906,0.0,0.0,0.00,0.000,0.000,0.000,0.00000,0
11.916,0.0,0.0,0.00,0.000,0.000,0.000,0.00000,0
11.926,0.0,0.0,0.00,0.000,0.000,0.000,0.00000,0
11.936,0.0,0.0,0.00,0.000,0.000,0.000,0.00000,0
11.946,0.0,0.0,0.00,0.000,0.000,0.000,0.00000,0
11.957,0.0,0.0,0.00,0.000,0.000,0.000,0.00000,0
11.967,0.0,0.0,0.00,0.000,0.000,0.000,0.00000,0
11.977,0.0,0.0,0.00,0.000,0.000,0.000,0.00000,0
11.987,0.0,0.0,0.00,0.000,0.000,0.000,0.00000,0
11.997,0.0,0.0,0.00,0.000,0.000,0.000,0.00000,0
12.007,0.0,0.0,0.00,0.000,0.000,0.000,0.00000,0
12.018,0.0,0.0,0.00,0.000,0.000,0.000,0.00000,0
12.028,0.0,0.0,0.00,0.000,0.000,0.000,0.00000,0
12.038,0.0,0.0,0.00,0.000,0.000,0.000,0.00000,0
12.048,0.0,0.0,0.00,0.000,0.000,0.000,0.00000,0
12.058,0.0,0.0,0.00,0.000,0.000,0.000,0.00000,0
12.068,0.0,0.0,0.00,0.000,0.000,0.000,0.00000,0
12.078,0.0,0.0,0.00,0.000,0.000,0.000,0.00000,0
12.089,0.0,0.0,0.00,0.000,0.000,0.000,0.00000,0
12.099,0.0,0.0,0.00,0.000,0.000,0.000,0.00000,0
12.109,0.0,0.0,0.00,0.000,0.000,0.000,0.00000,0
12.119,0.0,0.0,0.00,0.000,0.000,0.000,0.00000,0
12.129,0.0,0.0,0.00,0.000,0.000,0.000,0.00000,0
12.139,0.0,0.0,0.00,0.000,0.000,0.000,0.00000,0
12.149,0.0,0.0,0.00,0.000,0.000,0.000,0.00000,0
12.160,0.0,0.0,0.00,0.000,0.000,0.000,0.00000,0
12.170,0.0,0.0,0.00,0.000,0.000,0.000,0.00000,0
12.180,0.0,0.0,0.00,0.000,0.000,0.000,0.00000,0
12.190,0.0,0.0,0.00,0.000,0.000,0.000,0.00000,0
12.200,0.0,0.0,0.00,0.000,0.000,0.000,0.00000,0
12.210,0.0,0.0,0.00,0.000,0.000,0.000,0.00000,0
12.220,0.0,0.0,0.00,0.000,0.000,0.000,0.00000,0
12.230,0.0,0.0,0.00,0.000,0.000,0.000,0.00000,0
12.241,0.0,0.0,0.00,0.000,0.000,0.000,0.00000,0
12.251,0.0,0.0,0.00,0.000,0.000,0.000,0.00000,0
12.261,0.0,0.0,0.00,0.000,0.000,0.000,0.00000,0
12.271,0.0,0.0,0.00,0.000,0.000,0.000,0.00000,0
12.281,0.0,0.0,0.00,0.000,0.000,0.000,0.00000,0
12.291,0.0,0.0,0.00,0.000,0.000,0.000,0.00000,0
12.301,0.0,0.0,0.00,0.000,0.000,0.000,0.00000,0
12.311,0.0,0.0,0.00,0.000,0.000,0.000,0.00000,0
12.322,0.0,0.0,0.00,0.000,0.000,0.000,0.00000,0
12.332,0.0,0.0,0.00,0.000,0.000,0.000,0.00000,0
12.342,0.0,0.0,0.00,0.000,0.000,0.000,0.00000,0
12.352,0.0,0.0,0.00,0.000,0.000,0.000,0.00000,0
12.362,0.0,0.0,0.00,0.000,0.000,0.000,0.00000,0
12.372,0.0,0.0,0.00,0.000,0.000,0.000,0.00000,0
12.382,0.0,0.0,0.00,0.000,0.000,0.000,0.00000,0
12.392,0.0,0.0,0.00,0.000,0.000,0.000,0.00000,0
12.403,0.0,0.0,0.00,0.000,0.000,0.000,0.00000,0
12.413,0.0,0.0,0.00,0.000,0.000,0.000,0.00000,0
12.423,0.0,0.0,0.00,0.000,0.000,0.000,0.00000,0
12.433,0.0,0.0,0.00,0.000,0.000,0.000,0.00000,0
12.443,0.0,0.0,0.00,0.000,0.000,0.000,0.00000,0
12.453,0.0,0.0,0.00,0.000,0.000,0.000,0.00000,0
12.463,0.0,0.0,0.00,0.000,0.000,0.000,0.00000,0
12.474,0.0,0.0,0.00,0.000,0.000,0.000,0.00000,0
12.484,0.0,0.0,0.00,0.000,0.000,0.000,0.00000,0
12.494,0.0,0.0,0.00,0.000,0.000,0.000,0.00000,0
12.504,0.0,0.0,0.00,0.000,0.000,0.000,0.00000,0
12.514,0.0,0.0,0.00,0.000,0.000,0.000,0.00000,0
12.524,0.0,0.0,0.00,0.000,0.000,0.000,0.00000,0
12.534,0.0,0.0,0.00,0.000,0.000,0.000,0.00000,0
12.545,0.0,0.0,0.00,0.000,0.000,0.000,0.00000,0
12.555,0.0,0.0,0.00,0.000,0.000,0.000,0.00000,0
12.565,0.0,0.0,0.00,0.000,0.000,0.000,0.00000,0
12.576,0.0,0.0,0.00,0.000,0.000,0.000,0.00000,0
12.586,0.0,0.0,0.00,0.000,0.000,0.000,0.00000,0
12.596,0.0,0.0,0.00,0.000,0.000,0.000,0.00000,0
12.606,0.0,0.0,0.00,0.000,0.000,0.000,0.00000,0
12.616,0.0,0.0,0.00,0.000,0.000,0.000,0.00000,0
12.626,0.0,0.0,0.00,0.000,0.000,0.000,0.00000,0
12.636,0.0,0.0,0.00,0.000,0.000,0.000,0.00000,0
12.646,0.0,0.0,0.00,0.000,0.000,0.000,0.00000,0
12.657,0.0,0.0,0.00,0.000,0.000,0.000,0.00000,0
12.667,0.0,0.0,0.00,0.000,0.000,0.000,0.00000,0
12.677,0.0,0.0,0.00,0.000,0.000,0.000,0.00000,0
12.687,0.0,0.0,0.00,0.000,0.000,0.000,0.00000,0
12.697,0.0,0.0,0.00,0.000,0.000,0.000,0.00000,0
12.707,0.0,0.0,0.00,0.000,0.000,0.000,0.00000,0
12.717,0.0,0.0,0.00,0.000,0.000,0.000,0.00000,0
12.728,0.0,0.0,0.00,0.000,0.000,0.000,0.00000,0
12.738,0.0,0.0,0.00,0.000,0.000,0.000,0.00000,0
12.748,0.0,0.0,0.00,0.000,0.000,0.000,0.00000,0
12.758,0.0,0.0,0.00,0.000,0.000,0.000,0.00000,0
12.768,0.0,0.0,0.00,0.000,0.000,0.000,0.00000,0
12.778,0.0,0.0,0.00,0.000,0.000,0.000,0.00000,0
12.788,0.0,0.0,0.00,0.000,0.000,0.000,0.00000,0
12.798,0.0,0.0,0.00,0.000,0.000,0.000,0.00000,0
12.809,0.0,0.0,0.00,0.000,0.000,0.000,0.00000,0
12.819,0.0,0.0,0.00,0.000,0.000,0.000,0.00000,0
12.829,0.0,0.0,0.00,0.000,0.000,0.000,0.00000,0
12.839,0.0,0.0,0.00,0.000,0.000,0.000,0.00000,0
12.849,0.0,0.0,0.00,0.000,0.000,0.000,0.00000,0
12.859,0.0,0.0,0.00,0.000,0.000,0.000,0.00000,0
12.869,0.0,0.0,0.00,0.000,0.000,0.000,0.00000,0
12.879,0.0,0.0,0.00,0.000,0.000,0.000,0.00000,0
12.890,0.0,0.0,0.00,0.000,0.000,0.000,0.00000,0
12.900,0.0,0.0,0.00,0.000,0.000,0.000,0.00000,0
12.910,0.0,0.0,0.00,0.000,0.000,0.000,0.00000,0
12.920,0.0,0.0,0.00,0.000,0.000,0.000,0.00000,0
12.930,0.0,0.0,0.00,0.000,0.000,0.000,0.00000,0
12.940,0.0,0.0,0.00,0.000,0.000,0.000,0.00000,0
12.950,0.0,0.0,0.00,0.000,0.000,0.000,0.00000,0
12.961,0.0,0.0,0.00,0.000,0.000,0.000,0.00000,0
12.971,0.0,0.0,0.00,0.000,0.000,0.000,0.00000,0
12.981,0.0,0.0,0.00,0.000,0.000,0.000,0.00000,0
12.991,0.0,0.0,0.00,0.000,0.000,0.000,0.00000,0
13.001,0.0,0.0,0.00,0.000,0.000,0.000,0.00000,0
13.011,0.0,0.0,0.00,0.000,0.000,0.000,0.00000,0
13.022,0.0,0.0,0.00,0.000,0.000,0.000,0.00000,0
13.032,0.0,0.0,0.00,0.000,0.000,0.000,0.00000,0
13.042,0.0,0.0,0.00,0.000,0.000,0.000,0.00000,0
13.052,0.0,0.0,0.00,0.000,0.000,0.000,0.00000,0
13.062,0.0,0.0,0.00,0.000,0.000,0.000,0.00000,0
13.072,0.0,0.0,0.00,0.000,0.000,0.000,0.00000,0
13.082,0.0,0.0,0.00,0.000,0.000,0.000,0.00000,0
13.092,0.0,0.0,0.00,0.000,0.000,0.000,0.00000,0
13.103,0.0,0.0,0.00,0.000,0.000,0.000,0.00000,0
13.113,0.0,0.0,0.00,0.000,0.000,0.000,0.00000,0
13.123,0.0,0.0,0.00,0.000,0.000,0.000,0.00000,0
13.133,0.0,0.0,0.00,0.000,0.000,0.000,0.00000,0
13.143,0.0,0.0,0.00,0.000,0.000,0.000,0.00000,0
13.153,0.0,0.0,0.00,0.000,0.000,0.000,0.00000,0
13.163,0.0,0.0,0.00,0.000,0.000,0.000,0.00000,0
13.174,0.0,0.0,0.00,0.000,0.000,0.000,0.00000,0
13.184,0.0,0.0,0.00,0.000,0.000,0.000,0.00000,0
13.194,0.0,0.0,0.00,0.000,0.000,0.000,0.00000,0
13.204,0.0,0.0,0.00,0.000,0.000,0.000,0.00000,0
13.214,0.0,0.0,0.00,0.000,0.000,0.000,0.00000,0
13.224,0.0,0.0,0.00,0.000,0.000,0.000,0.00000,0
13.234,0.0,0.0,0.00,0.000,0.000,0.000,0.00000,0
13.244,0.0,0.0,0.00,0.000,0.000,0.000,0.00000,0
13.255,0.0,0.0,0.00,0.000,0.000,0.000,0.00000,0
13.265,0.0,0.0,0.00,0.000,0.000,0.000,0.00000,0
13.275,0.0,0.0,0.00,0.000,0.000,0.000,0.00000,0
13.285,0.0,0.0,0.00,0.000,0.000,0.000,0.00000,0
13.296,0.0,0.0,0.00,0.000,0.000,0.000,0.00000,0
13.306,0.0,0.0,0.00,0.000,0.000,0.000,0.00000,0
13.316,0.0,0.0,0.00,0.000,0.000,0.000,0.00000,0
13.327,0.0,0.0,0.00,0.000,0.000,0.000,0.00000,0
13.337,0.0,0.0,0.00,0.000,0.000,0.000,0.00000,0
13.347,0.0,0.0,0.00,0.000,0.000,0.000,0.00000,0
13.357,0.0,0.0,0.00,0.000,0.000,0.000,0.00000,0
13.367,0.0,0.0,0.00,0.000,0.000,0.000,0.00000,0
13.377,0.0,0.0,0.00,0.000,0.000,0.000,0.00000,0
13.387,0.0,0.0,0.00,0.000,0.000,0.000,0.00000,0
13.398,0.0,0.0,0.00,0.000,0.000,0.000,0.00000,0
13.408,0.0,0.0,0.00,0.000,0.000,0.000,0.00000,0
13.418,0.0,0.0,0.00,0.000,0.000,0.000,0.00000,0
13.428,0.0,0.0,0.00,0.000,0.000,0.000,0.00000,0
13.438,0.0,0.0,0.00,0.000,0.000,0.000,0.00000,0
13.448,0.0,0.0,0.00,0.000,0.000,0.000,0.00000,0
13.458,0.0,0.0,0.00,0.000,0.000,0.000,0.00000,0
13.469,0.0,0.0,0.00,0.000,0.000,0.000,0.00000,0
13.479,0.0,0.0,0.00,0.000,0.000,0.000,0.00000,0
13.489,0.0,0.0,0.00,0.000,0.000,0.000,0.00000,0
13.499,0.0,0.0,0.00,0.000,0.000,0.000,0.00000,0
13.509,0.0,0.0,0.00,0.000,0.000,0.000,0.00000,0
13.519,0.0,0.0,0.00,0.000,0.000,0.000,0.00000,0
13.529,0.0,0.0,0.00,0.000,0.000,0.000,0.00000,0
13.539,0.0,0.0,0.00,0.000,0.000,0.000,0.00000,0
13.550,0.0,0.0,0.00,0.000,0.000,0.000,0.00000,0
13.560,0.0,0.0,0.00,0.000,0.000,0.000,0.00000,0
13.570,0.0,0.0,0.00,0.000,0.000,0.000,0.00000,0
13.580,0.0,0.0,0.00,0.000,0.000,0.000,0.00000,0
13.590,0.0,0.0,0.00,0.000,0.000,0.000,0.00000,0
13.600,0.0,0.0,0.00,0.000,0.000,0.000,0.00000,0
13.610,0.0,0.0,0.00,0.000,0.000,0.000,0.00000,0
13.620,0.0,0.0,0.00,0.000,0.000,0.000,0.00000,0
13.631,0.0,0.0,0.00,0.000,0.000,0.000,0.00000,0
13.641,0.0,0.0,0.00,0.000,0.000,0.000,0.00000,0
13.651,0.0,0.0,0.00,0.000,0.000,0.000,0.00000,0
13.661,0.0,0.0,0.00,0.000,0.000,0.000,0.00000,0
13.671,0.0,0.0,0.00,0.000,0.000,0.000,0.00000,0
13.681,0.0,0.0,0.00,0.000,0.000,0.000,0.00000,0
13.691,0.0,0.0,0.00,0.000,0.000,0.000,0.00000,0
13.701,0.0,0.0,0.00,0.000,0.000,0.000,0.00000,0
13.712,0.0,0.0,0.00,0.000,0.000,0.000,0.00000,0
13.722,0.0,0.0,0.00,0.000,0.000,0.000,0.00000,0
13.732,0.0,0.0,0.00,0.000,0.000,0.000,0.00000,0
13.742,0.0,0.0,0.00,0.000,0.000,0.000,0.00000,0
13.752,0.0,0.0,0.00,0.000,0.000,0.000,0.00000,0
13.762,0.0,0.0,0.00,0.000,0.000,0.000,0.00000,0
13.773,0.0,0.0,0.00,0.000,0.000,0.000,0.00000,0
13.783,0.0,0.0,0.00,0.000,0.000,0.000,0.00000,0
13.793,0.0,0.0,0.00,0.000,0.000,0.000,0.00000,0
13.803,0.0,0.0,0.00,0.000,0.000,0.000,0.00000,0
13.813,0.0,0.0,0.00,0.000,0.000,0.000,0.00000,0
13.823,0.0,0.0,0.00,0.000,0.000,0.000,0.00000,0
13.833,0.0,0.0,0.00,0.000,0.000,0.000,0.00000,0
13.843,0.0,0.0,0.00,0.000,0.000,0.000,0.00000,0
13.854,0.0,0.0,0.00,0.000,0.000,0.000,0.00000,0
13.864,0.0,0.0,0.00,0.000,0.000,0.000,0.00000,0
13.874,0.0,0.0,0.00,0.000,0.000,0.000,0.00000,0
13.884,0.0,0.0,0.00,0.000,0.000,0.000,0.00000,0
13.894,0.0,0.0,0.00,0.000,0.000,0.000,0.00000,0
13.904,0.0,0.0,0.00,0.000,0.000,0.000,0.00000,0
13.914,0.0,0.0,0.00,0.000,0.000,0.000,0.00000,0
13.925,0.0,0.0,0.00,0.000,0.000,0.000,0.00000,0
13.935,0.0,0.0,0.00,0.000,0.000,0.000,0.00000,0
13.945,0.0,0.0,0.00,0.000,0.000,0.000,0.00000,0
13.955,0.0,0.0,0.00,0.000,0.000,0.000,0.00000,0
13.965,0.0,0.0,0.00,0.000,0.000,0.000,0.00000,0
13.975,0.0,0.0,0.00,0.000,0.000,0.000,0.00000,0
13.985,0.0,0.0,0.00,0.000,0.000,0.000,0.00000,0
13.995,0.0,0.0,0.00,0.000,0.000,0.000,0.00000,0
14.005,0.0,0.0,0.00,0.000,0.000,0.000,0.00000,0
14.016,0.0,0.0,0.00,0.000,0.000,0.000,0.00000,0
14.026,0.0,0.0,0.00,0.000,0.000,0.000,0.00000,0
14.036,0.0,0.0,0.00,0.000,0.000,0.000,0.00000,0
14.046,0.0,0.0,0.00,0.000,0.000,0.000,0.00000,0
14.056,0.0,0.0,0.00,0.000,0.000,0.000,0.00000,0
14.066,0.0,0.0,0.00,0.000,0.000,0.000,0.00000,0
14.076,0.0,0.0,0.00,0.000,0.000,0.000,0.00000,0
14.087,0.0,0.0,0.00,0.000,0.000,0.000,0.00000,0
14.098,0.0,0.0,0.00,0.000,0.000,0.000,0.00000,0
14.108,0.0,0.0,0.00,0.000,0.000,0.000,0.00000,0
14.118,0.0,0.0,0.00,0.000,0.000,0.000,0.00000,0
14.128,0.0,0.0,0.00,0.000,0.000,0.000,0.00000,0
14.138,0.0,0.0,0.00,0.000,0.000,0.000,0.00000,0
14.148,0.0,0.0,0.00,0.000,0.000,0.000,0.00000,0
14.158,0.0,0.0,0.00,0.000,0.000,0.000,0.00000,0
14.169,0.0,0.0,0.00,0.000,0.000,0.000,0.00000,0
14.179,0.0,0.0,0.00,0.000,0.000,0.000,0.00000,0
14.189,0.0,0.0,0.00,0.000,0.000,0.000,0.00000,0
14.199,0.0,0.0,0.00,0.000,0.000,0.000,0.00000,0
14.209,0.0,0.0,0.00,0.000,0.000,0.000,0.00000,0
14.219,0.0,0.0,0.00,0.000,0.000,0.000,0.00000,0
14.229,0.0,0.0,0.00,0.000,0.000,0.000,0.00000,0
14.240,0.0,0.0,0.00,0.000,0.000,0.000,0.00000,0
14.250,0.0,0.0,0.00,0.000,0.000,0.000,0.00000,0
14.260,0.0,0.0,0.00,0.000,0.000,0.000,0.00000,0
14.270,0.0,0.0,0.00,0.000,0.000,0.000,0.00000,0
14.280,0.0,0.0,0.00,0.000,0.000,0.000,0.00000,0
14.290,0.0,0.0,0.00,0.000,0.000,0.000,0.00000,0
14.300,0.0,0.0,0.00,0.000,0.000,0.000,0.00000,0
14.310,0.0,0.0,0.00,0.000,0.000,0.000,0.00000,0
14.321,0.0,0.0,0.00,0.000,0.000,0.000,0.00000,0
14.331,0.0,0.0,0.00,0.000,0.000,0.000,0.00000,0
14.341,0.0,0.0,0.00,0.000,0.000,0.000,0.00000,0
14.351,0.0,0.0,0.00,0.000,0.000,0.000,0.00000,0
14.361,0.0,0.0,0.00,0.000,0.000,0.000,0.00000,0
14.371,0.0,0.0,0.00,0.000,0.000,0.000,0.00000,0
14.381,0.0,0.0,0.00,0.000,0.000,0.000,0.00000,0
14.391,0.0,0.0,0.00,0.000,0.000,0.000,0.00000,0
14.402,0.0,0.0,0.00,0.000,0.000,0.000,0.00000,0
14.412,0.0,0.0,0.00,0.000,0.000,0.000,0.00000,0
14.422,0.0,0.0,0.00,0.000,0.000,0.000,0.00000,0
14.432,0.0,0.0,0.00,0.000,0.000,0.000,0.00000,0
14.442,0.0,0.0,0.00,0.000,0.000,0.000,0.00000,0
14.452,0.0,0.0,0.00,0.000,0.000,0.000,0.00000,0
14.462,0.0,0.0,0.00,0.000,0.000,0.000,0.00000,0
14.473,0.0,0.0,0.00,0.000,0.000,0.000,0.00000,0
14.483,0.0,0.0,0.00,0.000,0.000,0.000,0.00000,0
14.493,0.0,0.0,0.00,0.000,0.000,0.000,0.00000,0
14.503,0.0,0.0,0.00,0.000,0.000,0.000,0.00000,0
14.513,0.0,0.0,0.00,0.000,0.000,0.000,0.00000,0
14.523,0.0,0.0,0.00,0.000,0.000,0.000,0.00000,0
14.533,0.0,0.0,0.00,0.000,0.000,0.000,0.00000,0
14.543,0.0,0.0,0.00,0.000,0.000,0.000,0.00000,0
14.554,0.0,0.0,0.00,0.000,0.000,0.000,0.00000,0
14.564,0.0,0.0,0.00,0.000,0.000,0.000,0.00000,0
14.574,0.0,0.0,0.00,0.000,0.000,0.000,0.00000,0
14.584,0.0,0.0,0.00,0.000,0.000,0.000,0.00000,0
14.594,0.0,0.0,0.00,0.000,0.000,0.000,0.00000,0
14.604,0.0,0.0,0.00,0.000,0.000,0.000,0.00000,0
14.614,0.0,0.0,0.00,0.000,0.000,0.000,0.00000,0
14.624,0.0,0.0,0.00,0.000,0.000,0.000,0.00000,0
14.635,0.0,0.0,0.00,0.000,0.000,0.000,0.00000,0
14.645,0.0,0.0,0.00,0.000,0.000,0.000,0.00000,0
14.655,0.0,0.0,0.00,0.000,0.000,0.000,0.00000,0
14.665,0.0,0.0,0.00,0.000,0.000,0.000,0.00000,0
14.675,0.0,0.0,0.00,0.000,0.000,0.000,0.00000,0
14.685,0.0,0.0,0.00,0.000,0.000,0.000,0.00000,0
14.695,0.0,0.0,0.00,0.000,0.000,0.000,0.00000,0
14.705,0.0,0.0,0.00,0.000,0.000,0.000,0.00000,0
14.716,0.0,0.0,0.00,0.000,0.000,0.000,0.00000,0
14.726,0.0,0.0,0.00,0.000,0.000,0.000,0.00000,0
14.736,0.0,0.0,0.00,0.000,0.000,0.000,0.00000,0
14.746,0.0,0.0,0.00,0.000,0.000,0.000,0.00000,0
14.756,0.0,0.0,0.00,0.000,0.000,0.000,0.00000,0
14.766,0.0,0.0,0.00,0.000,0.000,0.000,0.00000,0
14.776,0.0,0.0,0.00,0.000,0.000,0.000,0.00000,0
14.786,0.0,0.0,0.00,0.000,0.000,0.000,0.00000,0
14.797,0.0,0.0,0.00,0.000,0.000,0.000,0.00000,0
14.807,0.0,0.0,0.00,0.000,0.000,0.000,0.00000,0
14.817,0.0,0.0,0.00,0.000,0.000,0.000,0.00000,0
14.827,0.0,0.0,0.00,0.000,0.000,0.000,0.00000,0
14.837,0.0,0.0,0.00,0.000,0.000,0.000,0.00000,0
14.847,0.0,0.0,0.00,0.000,0.000,0.000,0.00000,0
14.857,0.0,0.0,0.00,0.000,0.000,0.000,0.00000,0
14.867,0.0,0.0,0.00,0.000,0.000,0.000,0.00000,0
14.878,0.0,0.0,0.00,0.000,0.000,0.000,0.00000,0
14.888,0.0,0.0,0.00,0.000,0.000,0.000,0.00000,0
14.899,0.0,0.0,0.00,0.000,0.000,0.000,0.00000,0
14.909,0.0,0.0,0.00,0.000,0.000,0.000,0.00000,0
14.919,0.0,0.0,0.00,0.000,0.000,0.000,0.00000,0
14.929,0.0,0.0,0.00,0.000,0.000,0.000,0.00000,0
14.939,0.0,0.0,0.00,0.000,0.000,0.000,0.00000,0
14.950,0.0,0.0,0.00,0.000,0.000,0.000,0.00000,0
14.960,0.0,0.0,0.00,0.000,0.000,0.000,0.00000,0
14.970,0.0,0.0,0.00,0.000,0.000,0.000,0.00000,0
14.980,0.0,0.0,0.00,0.000,0.000,0.000,0.00000,0
14.990,0.0,0.0,0.00,0.000,0.000,0.000,0.00000,0
15.000,0.0,0.0,0.00,0.000,0.000,0.000,0.00000,0
15.010,0.0,0.0,0.00,0.000,0.000,0.000,0.00000,0
15.021,0.0,0.0,0.00,0.000,0.000,0.000,0.00000,0
15.031,0.0,0.0,0.00,0.000,0.000,0.000,0.00000,0
15.041,0.0,0.0,0.00,0.000,0.000,0.000,0.00000,0
15.051,0.0,0.0,0.00,0.000,0.000,0.000,0.00000,0
15.061,0.0,0.0,0.00,0.000,0.000,0.000,0.00000,0
15.071,0.0,0.0,0.00,0.000,0.000,0.000,0.00000,0
15.081,0.0,0.0,0.00,0.000,0.000,0.000,0.00000,0
15.091,0.0,0.0,0.00,0.000,0.000,0.000,0.00000,0
15.102,0.0,0.0,0.00,0.000,0.000,0.000,0.00000,0
15.112,0.0,0.0,0.00,0.000,0.000,0.000,0.00000,0
15.122,0.0,0.0,0.00,0.000,0.000,0.000,0.00000,0
15.132,0.0,0.0,0.00,0.000,0.000,0.000,0.00000,0
15.142,0.0,0.0,0.00,0.000,0.000,0.000,0.00000,0
15.152,0.0,0.0,0.00,0.000,0.000,0.000,0.00000,0
15.162,0.0,0.0,0.00,0.000,0.000,0.000,0.00000,0
15.173,0.0,0.0,0.00,0.000,0.000,0.000,0.00000,0
15.183,0.0,0.0,0.00,0.000,0.000,0.000,0.00000,0
15.193,0.0,0.0,0.00,0.000,0.000,0.000,0.00000,0
15.203,0.0,0.0,0.00,0.000,0.000,0.000,0.00000,0
15.213,0.0,0.0,0.00,0.000,0.000,0.000,0.00000,0
15.223,0.0,0.0,0.00,0.000,0.000,0.000,0.00000,0
15.233,0.0,0.0,0.00,0.000,0.000,0.000,0.00000,0
15.244,0.0,0.0,0.00,0.000,0.000,0.000,0.00000,0
15.254,0.0,0.0,0.00,0.000,0.000,0.000,0.00000,0
15.264,0.0,0.0,0.00,0.000,0.000,0.000,0.00000,0
15.274,0.0,0.0,0.00,0.000,0.000,0.000,0.00000,0
15.284,0.0,0.0,0.00,0.000,0.000,0.000,0.00000,0
15.294,0.0,0.0,0.00,0.000,0.000,0.000,0.00000,0
15.304,0.0,0.0,0.00,0.000,0.000,0.000,0.00000,0
15.315,0.0,0.0,0.00,0.000,0.000,0.000,0.00000,0
15.325,0.0,0.0,0.00,0.000,0.000,0.000,0.00000,0
15.335,0.0,0.0,0.00,0.000,0.000,0.000,0.00000,0
15.345,0.0,0.0,0.00,0.000,0.000,0.000,0.00000,0
15.355,0.0,0.0,0.00,0.000,0.000,0.000,0.00000,0
15.365,0.0,0.0,0.00,0.000,0.000,0.000,0.00000,0
15.375,0.0,0.0,0.00,0.000,0.000,0.000,0.00000,0
15.386,0.0,0.0,0.00,0.000,0.000,0.000,0.00000,0
15.396,0.0,0.0,0.00,0.000,0.000,0.000,0.00000,0
15.406,0.0,0.0,0.00,0.000,0.000,0.000,0.00000,0
15.416,0.0,0.0,0.00,0.000,0.000,0.000,0.00000,0
15.426,0.0,0.0,0.00,0.000,0.000,0.000,0.00000,0
15.436,0.0,0.0,0.00,0.000,0.000,0.000,0.00000,0
15.446,0.0,0.0,0.00,0.000,0.000,0.000,0.00000,0
15.457,0.0,0.0,0.00,0.000,0.000,0.000,0.00000,0
15.467,0.0,0.0,0.00,0.000,0.000,0.000,0.00000,0
15.477,0.0,0.0,0.00,0.000,0.000,0.000,0.00000,0
15.487,0.0,0.0,0.00,0.000,0.000,0.000,0.00000,0
15.497,0.0,0.0,0.00,0.000,0.000,0.000,0.00000,0
15.507,0.0,0.0,0.00,0.000,0.000,0.000,0.00000,0
15.517,0.0,0.0,0.00,0.000,0.000,0.000,0.00000,0
15.528,0.0,0.0,0.00,0.000,0.000,0.000,0.00000,0
15.538,0.0,0.0,0.00,0.000,0.000,0.000,0.00000,0
15.548,0.0,0.0,0.00,0.000,0.000,0.000,0.00000,0
15.558,0.0,0.0,0.00,0.000,0.000,0.000,0.00000,0
15.568,0.0,0.0,0.00,0.000,0.000,0.000,0.00000,0
15.578,0.0,0.0,0.00,0.000,0.000,0.000,0.00000,0
15.588,0.0,0.0,0.00,0.000,0.000,0.000,0.00000,0
15.598,0.0,0.0,0.00,0.000,0.000,0.000,0.00000,0
15.608,0.0,0.0,0.00,0.000,0.000,0.000,0.00000,0
15.619,0.0,0.0,0.00,0.000,0.000,0.000,0.00000,0
15.629,0.0,0.0,0.00,0.000,0.000,0.000,0.00000,0
15.639,0.0,0.0,0.00,0.000,0.000,0.000,0.00000,0
15.649,0.0,0.0,0.00,0.000,0.000,0.000,0.00000,0
15.659,0.0,0.0,0.00,0.000,0.000,0.000,0.00000,0
15.669,0.0,0.0,0.00,0.000,0.000,0.000,0.00000,0
15.679,0.0,0.0,0.00,0.000,0.000,0.000,0.00000,0
15.690,0.0,0.0,0.00,0.000,0.000,0.000,0.00000,0
15.700,0.0,0.0,0.00,0.000,0.000,0.000,0.00000,0
15.711,0.0,0.0,0.00,0.000,0.000,0.000,0.00000,0
15.721,0.0,0.0,0.00,0.000,0.000,0.000,0.00000,0
15.731,0.0,0.0,0.00,0.000,0.000,0.000,0.00000,0
15.741,0.0,0.0,0.00,0.000,0.000,0.000,0.00000,0
15.751,0.0,0.0,0.00,0.000,0.000,0.000,0.00000,0
15.761,0.0,0.0,0.00,0.000,0.000,0.000,0.00000,0
15.771,0.0,0.0,0.00,0.000,0.000,0.000,0.00000,0
15.781,0.0,0.0,0.00,0.000,0.000,0.000,0.00000,0
15.792,0.0,0.0,0.00,0.000,0.000,0.000,0.00000,0
15.802,0.0,0.0,0.00,0.000,0.000,0.000,0.00000,0
15.812,0.0,0.0,0.00,0.000,0.000,0.000,0.00000,0
15.822,0.0,0.0,0.00,0.000,0.000,0.000,0.00000,0
15.832,0.0,0.0,0.00,0.000,0.000,0.000,0.00000,0
15.842,0.0,0.0,0.00,0.000,0.000,0.000,0.00000,0
15.852,0.0,0.0,0.00,0.000,0.000,0.000,0.00000,0
15.863,0.0,0.0,0.00,0.000,0.000,0.000,0.00000,0
15.873,0.0,0.0,0.00,0.000,0.000,0.000,0.00000,0
15.883,0.0,0.0,0.00,0.000,0.000,0.000,0.00000,0
15.893,0.0,0.0,0.00,0.000,0.000,0.000,0.00000,0
15.903,0.0,0.0,0.00,0.000,0.000,0.000,0.00000,0
15.913,0.0,0.0,0.00,0.000,0.000,0.000,0.00000,0
15.923,0.0,0.0,0.00,0.000,0.000,0.000,0.00000,0
15.933,0.0,0.0,0.00,0.000,0.000,0.000,0.00000,0
15.944,0.0,0.0,0.00,0.000,0.000,0.000,0.00000,0
15.954,0.0,0.0,0.00,0.000,0.000,0.000,0.00000,0
15.964,0.0,0.0,0.00,0.000,0.000,0.000,0.00000,0
15.974,0.0,0.0,0.00,0.000,0.000,0.000,0.00000,0
15.984,0.0,0.0,0.00,0.000,0.000,0.000,0.00000,0
15.994,0.0,0.0,0.00,0.000,0.000,0.000,0.00000,0
16.004,0.0,0.0,0.00,0.000,0.000,0.000,0.00000,0
16.015,0.0,0.0,0.00,0.000,0.000,0.000,0.00000,0
16.025,0.0,0.0,0.00,0.000,0.000,0.000,0.00000,0
16.035,0.0,0.0,0.00,0.000,0.000,0.000,0.00000,0
16.045,0.0,0.0,0.00,0.000,0.000,0.000,0.00000,0
16.055,0.0,0.0,0.00,0.000,0.000,0.000,0.00000,0
16.065,0.0,0.0,0.00,0.000,0.000,0.000,0.00000,0
16.075,0.0,0.0,0.00,0.000,0.000,0.000,0.00000,0
16.085,0.0,0.0,0.00,0.000,0.000,0.000,0.00000,0
16.095,0.0,0.0,0.00,0.000,0.000,0.000,0.00000,0
16.106,0.0,0.0,0.00,0.000,0.000,0.000,0.00000,0
16.116,0.0,0.0,0.00,0.000,0.000,0.000,0.00000,0
16.126,0.0,0.0,0.00,0.000,0.000,0.000,0.00000,0
16.136,0.0,0.0,0.00,0.000,0.000,0.000,0.00000,0
16.146,0.0,0.0,0.00,0.000,0.000,0.000,0.00000,0
16.156,0.0,0.0,0.00,0.000,0.000,0.000,0.00000,0
16.166,0.0,0.0,0.00,0.000,0.000,0.000,0.00000,0
16.177,0.0,0.0,0.00,0.000,0.000,0.000,0.00000,0
16.187,0.0,0.0,0.00,0.000,0.000,0.000,0.00000,0
16.197,0.0,0.0,0.00,0.000,0.000,0.000,0.00000,0
16.207,0.0,0.0,0.00,0.000,0.000,0.000,0.00000,0
16.217,0.0,0.0,0.00,0.000,0.000,0.000,0.00000,0
16.227,0.0,0.0,0.00,0.000,0.000,0.000,0.00000,0
16.237,0.0,0.0,0.00,0.000,0.000,0.000,0.00000,0
16.248,0.0,0.0,0.00,0.000,0.000,0.000,0.00000,0
16.258,0.0,0.0,0.00,0.000,0.000,0.000,0.00000,0
16.268,0.0,0.0,0.00,0.000,0.000,0.000,0.00000,0
16.278,0.0,0.0,0.00,0.000,0.000,0.000,0.00000,0
16.288,0.0,0.0,0.00,0.000,0.000,0.000,0.00000,0
16.298,0.0,0.0,0.00,0.000,0.000,0.000,0.00000,0
16.308,0.0,0.0,0.00,0.000,0.000,0.000,0.00000,0
16.319,0.0,0.0,0.00,0.000,0.000,0.000,0.00000,0
16.329,0.0,0.0,0.00,0.000,0.000,0.000,0.00000,0
16.339,0.0,0.0,0.00,0.000,0.000,0.000,0.00000,0
16.349,0.0,0.0,0.00,0.000,0.000,0.000,0.00000,0
16.359,0.0,0.0,0.00,0.000,0.000,0.000,0.00000,0
16.369,0.0,0.0,0.00,0.000,0.000,0.000,0.00000,0
16.379,0.0,0.0,0.00,0.000,0.000,0.000,0.00000,0
16.389,0.0,0.0,0.00,0.000,0.000,0.000,0.00000,0
16.399,0.0,0.0,0.00,0.000,0.000,0.000,0.00000,0
16.410,0.0,0.0,0.00,0.000,0.000,0.000,0.00000,0
16.420,0.0,0.0,0.00,0.000,0.000,0.000,0.00000,0
16.430,0.0,0.0,0.00,0.000,0.000,0.000,0.00000,0
16.440,0.0,0.0,0.00,0.000,0.000,0.000,0.00000,0
16.450,0.0,0.0,0.00,0.000,0.000,0.000,0.00000,0
16.460,0.0,0.0,0.00,0.000,0.000,0.000,0.00000,0
16.470,0.0,0.0,0.00,0.000,0.000,0.000,0.00000,0
16.481,0.0,0.0,0.00,0.000,0.000,0.000,0.00000,0
16.491,0.0,0.0,0.00,0.000,0.000,0.000,0.00000,0
16.501,0.0,0.0,0.00,0.000,0.000,0.000,0.00000,0
16.511,0.0,0.0,0.00,0.000,0.000,0.000,0.00000,0
16.521,0.0,0.0,0.00,0.000,0.000,0.000,0.00000,0
16.531,0.0,0.0,0.00,0.000,0.000,0.000,0.00000,0
16.541,0.0,0.0,0.00,0.000,0.000,0.000,0.00000,0
16.551,0.0,0.0,0.00,0.000,0.000,0.000,0.00000,0
16.562,0.0,0.0,0.00,0.000,0.000,0.000,0.00000,0
16.572,0.0,0.0,0.00,0.000,0.000,0.000,0.00000,0
16.582,0.0,0.0,0.00,0.000,0.000,0.000,0.00000,0
16.592,0.0,0.0,0.00,0.000,0.000,0.000,0.00000,0
16.602,0.0,0.0,0.00,0.000,0.000,0.000,0.00000,0
16.612,0.0,0.0,0.00,0.000,0.000,0.000,0.00000,0
16.622,0.0,0.0,0.00,0.000,0.000,0.000,0.00000,0
16.633,0.0,0.0,0.00,0.000,0.000,0.000,0.00000,0
16.643,0.0,0.0,0.00,0.000,0.000,0.000,0.00000,0
16.653,0.0,0.0,0.00,0.000,0.000,0.000,0.00000,0
16.663,0.0,0.0,0.00,0.000,0.000,0.000,0.00000,0
16.673,0.0,0.0,0.00,0.000,0.000,0.000,0.00000,0
16.683,0.0,0.0,0.00,0.000,0.000,0.000,0.00000,0
16.693,0.0,0.0,0.00,0.000,0.000,0.000,0.00000,0
16.703,0.0,0.0,0.00,0.000,0.000,0.000,0.00000,0
16.714,0.0,0.0,0.00,0.000,0.000,0.000,0.00000,0
16.724,0.0,0.0,0.00,0.000,0.000,0.000,0.00000,0
16.734,0.0,0.0,0.00,0.000,0.000,0.000,0.00000,0
16.744,0.0,0.0,0.00,0.000,0.000,0.000,0.00000,0
16.754,0.0,0.0,0.00,0.000,0.000,0.000,0.00000,0
16.764,0.0,0.0,0.00,0.000,0.000,0.000,0.00000,0
16.774,0.0,0.0,0.00,0.000,0.000,0.000,0.00000,0
16.785,0.0,0.0,0.00,0.000,0.000,0.000,0.00000,0
16.795,0.0,0.0,0.00,0.000,0.000,0.000,0.00000,0
16.805,0.0,0.0,0.00,0.000,0.000,0.000,0.00000,0
16.815,0.0,0.0,0.00,0.000,0.000,0.000,0.00000,0
16.825,0.0,0.0,0.00,0.000,0.000,0.000,0.00000,0
16.835,0.0,0.0,0.00,0.000,0.000,0.000,0.00000,0
16.845,0.0,0.0,0.00,0.000,0.000,0.000,0.00000,0
16.855,0.0,0.0,0.00,0.000,0.000,0.000,0.00000,0
16.866,0.0,0.0,0.00,0.000,0.000,0.000,0.00000,0
16.876,0.0,0.0,0.00,0.000,0.000,0.000,0.00000,0
16.886,0.0,0.0,0.00,0.000,0.000,0.000,0.00000,0
16.896,0.0,0.0,0.00,0.000,0.000,0.000,0.00000,0
16.906,0.0,0.0,0.00,0.000,0.000,0.000,0.00000,0
16.916,0.0,0.0,0.00,0.000,0.000,0.000,0.00000,0
16.926,0.0,0.0,0.00,0.000,0.000,0.000,0.00000,0
16.937,0.0,0.0,0.00,0.000,0.000,0.000,0.00000,0
16.947,0.0,0.0,0.00,0.000,0.000,0.000,0.00000,0
16.957,0.0,0.0,0.00,0.000,0.000,0.000,0.00000,0
16.967,0.0,0.0,0.00,0.000,0.000,0.000,0.00000,0
16.977,0.0,0.0,0.00,0.000,0.000,0.000,0.00000,0
16.987,0.0,0.0,0.00,0.000,0.000,0.000,0.00000,0
16.997,0.0,0.0,0.00,0.000,0.000,0.000,0.00000,0
17.007,0.0,0.0,0.00,0.000,0.000,0.000,0.00000,0
17.018,0.0,0.0,0.00,0.000,0.000,0.000,0.00000,0
17.028,0.0,0.0,0.00,0.000,0.000,0.000,0.00000,0
17.038,0.0,0.0,0.00,0.000,0.000,0.000,0.00000,0
17.048,0.0,0.0,0.00,0.000,0.000,0.000,0.00000,0
17.058,0.0,0.0,0.00,0.000,0.000,0.000,0.00000,0
17.068,0.0,0.0,0.00,0.000,0.000,0.000,0.00000,0
17.078,0.0,0.0,0.00,0.000,0.000,0.000,0.00000,0
17.089,0.0,0.0,0.00,0.000,0.000,0.000,0.00000,0
17.099,0.0,0.0,0.00,0.000,0.000,0.000,0.00000,0
17.109,0.0,0.0,0.00,0.000,0.000,0.000,0.00000,0
17.119,0.0,0.0,0.00,0.000,0.000,0.000,0.00000,0
17.129,0.0,0.0,0.00,0.000,0.000,0.000,0.00000,0
17.139,0.0,0.0,0.00,0.000,0.000,0.000,0.00000,0
17.149,0.0,0.0,0.00,0.000,0.000,0.000,0.00000,0
17.160,0.0,0.0,0.00,0.000,0.000,0.000,0.00000,0
17.170,0.0,0.0,0.00,0.000,0.000,0.000,0.00000,0
17.180,0.0,0.0,0.00,0.000,0.000,0.000,0.00000,0
17.190,0.0,0.0,0.00,0.000,0.000,0.000,0.00000,0
17.200,0.0,0.0,0.00,0.000,0.000,0.000,0.00000,0
17.210,0.0,0.0,0.00,0.000,0.000,0.000,0.00000,0
17.220,0.0,0.0,0.00,0.000,0.000,0.000,0.00000,0
17.231,0.0,0.0,0.00,0.000,0.000,0.000,0.00000,0
17.241,0.0,0.0,0.00,0.000,0.000,0.000,0.00000,0
17.251,0.0,0.0,0.00,0.000,0.000,0.000,0.00000,0
17.261,0.0,0.0,0.00,0.000,0.000,0.000,0.00000,0
17.271,0.0,0.0,0.00,0.000,0.000,0.000,0.00000,0
17.281,0.0,0.0,0.00,0.000,0.000,0.000,0.00000,0
17.291,0.0,0.0,0.00,0.000,0.000,0.000,0.00000,0
17.301,0.0,0.0,0.00,0.000,0.000,0.000,0.00000,0
17.312,0.0,0.0,0.00,0.000,0.000,0.000,0.00000,0
17.322,0.0,0.0,0.00,0.000,0.000,0.000,0.00000,0
17.332,0.0,0.0,0.00,0.000,0.000,0.000,0.00000,0
17.342,0.0,0.0,0.00,0.000,0.000,0.000,0.00000,0
17.352,0.0,0.0,0.00,0.000,0.000,0.000,0.00000,0
17.362,0.0,0.0,0.00,0.000,0.000,0.000,0.00000,0
17.372,0.0,0.0,0.00,0.000,0.000,0.000,0.00000,0
17.383,0.0,0.0,0.00,0.000,0.000,0.000,0.00000,0
17.393,0.0,0.0,0.00,0.000,0.000,0.000,0.00000,0
17.403,0.0,0.0,0.00,0.000,0.000,0.000,0.00000,0
17.413,0.0,0.0,0.00,0.000,0.000,0.000,0.00000,0
17.423,0.0,0.0,0.00,0.000,0.000,0.000,0.00000,0
17.433,0.0,0.0,0.00,0.000,0.000,0.000,0.00000,0
17.443,0.0,0.0,0.00,0.000,0.000,0.000,0.00000,0
17.453,0.0,0.0,0.00,0.000,0.000,0.000,0.00000,0
17.464,0.0,0.0,0.00,0.000,0.000,0.000,0.00000,0
17.474,0.0,0.0,0.00,0.000,0.000,0.000,0.00000,0
17.484,0.0,0.0,0.00,0.000,0.000,0.000,0.00000,0
17.494,0.0,0.0,0.00,0.000,0.000,0.000,0.00000,0
17.504,0.0,0.0,0.00,0.000,0.000,0.000,0.00000,0
17.514,0.0,0.0,0.00,0.000,0.000,0.000,0.00000,0
17.524,0.0,0.0,0.00,0.000,0.000,0.000,0.00000,0
17.535,0.0,0.0,0.00,0.000,0.000,0.000,0.00000,0
17.545,0.0,0.0,0.00,0.000,0.000,0.000,0.00000,0
17.555,0.0,0.0,0.00,0.000,0.000,0.000,0.00000,0
17.565,0.0,0.0,0.00,0.000,0.000,0.000,0.00000,0
17.575,0.0,0.0,0.00,0.000,0.000,0.000,0.00000,0
17.585,0.0,0.0,0.00,0.000,0.000,0.000,0.00000,0
17.595,0.0,0.0,0.00,0.000,0.000,0.000,0.00000,0
17.606,0.0,0.0,0.00,0.000,0.000,0.000,0.00000,0
17.616,0.0,0.0,0.00,0.000,0.000,0.000,0.00000,0
17.626,0.0,0.0,0.00,0.000,0.000,0.000,0.00000,0
17.636,0.0,0.0,0.00,0.000,0.000,0.000,0.00000,0
17.646,0.0,0.0,0.00,0.000,0.000,0.000,0.00000,0
17.656,0.0,0.0,0.00,0.000,0.000,0.000,0.00000,0
17.666,0.0,0.0,0.00,0.000,0.000,0.000,0.00000,0
17.677,0.0,0.0,0.00,0.000,0.000,0.000,0.00000,0
17.687,0.0,0.0,0.00,0.000,0.000,0.000,0.00000,0
17.697,0.0,0.0,0.00,0.000,0.000,0.000,0.00000,0
17.707,0.0,0.0,0.00,0.000,0.000,0.000,0.00000,0
17.717,0.0,0.0,0.00,0.000,0.000,0.000,0.00000,0
17.727,0.0,0.0,0.00,0.000,0.000,0.000,0.00000,0
17.737,0.0,0.0,0.00,0.000,0.000,0.000,0.00000,0
17.747,0.0,0.0,0.00,0.000,0.000,0.000,0.00000,0
17.758,0.0,0.0,0.00,0.000,0.000,0.000,0.00000,0
17.768,0.0,0.0,0.00,0.000,0.000,0.000,0.00000,0
17.778,0.0,0.0,0.00,0.000,0.000,0.000,0.00000,0
17.788,0.0,0.0,0.00,0.000,0.000,0.000,0.00000,0
17.798,0.0,0.0,0.00,0.000,0.000,0.000,0.00000,0
17.808,0.0,0.0,0.00,0.000,0.000,0.000,0.00000,0
17.818,0.0,0.0,0.00,0.000,0.000,0.000,0.00000,0
17.829,0.0,0.0,0.00,0.000,0.000,0.000,0.00000,0
17.839,0.0,0.0,0.00,0.000,0.000,0.000,0.00000,0
17.849,0.0,0.0,0.00,0.000,0.000,0.000,0.00000,0
17.859,0.0,0.0,0.00,0.000,0.000,0.000,0.00000,0
17.869,0.0,0.0,0.00,0.000,0.000,0.000,0.00000,0
17.879,0.0,0.0,0.00,0.000,0.000,0.000,0.00000,0
17.889,0.0,0.0,0.00,0.000,0.000,0.000,0.00000,0
17.899,0.0,0.0,0.00,0.000,0.000,0.000,0.00000,0
17.909,0.0,0.0,0.00,0.000,0.000,0.000,0.00000,0
17.920,0.0,0.0,0.00,0.000,0.000,0.000,0.00000,0
17.930,0.0,0.0,0.00,0.000,0.000,0.000,0.00000,0
17.940,0.0,0.0,0.00,0.000,0.000,0.000,0.00000,0
17.950,0.0,0.0,0.00,0.000,0.000,0.000,0.00000,0
17.960,0.0,0.0,0.00,0.000,0.000,0.000,0.00000,0
17.970,0.0,0.0,0.00,0.000,0.000,0.000,0.00000,0
17.980,0.0,0.0,0.00,0.000,0.000,0.000,0.00000,0
17.991,0.0,0.0,0.00,0.000,0.000,0.000,0.00000,0
18.001,0.0,0.0,0.00,0.000,0.000,0.000,0.00000,0
18.011,0.0,0.0,0.00,0.000,0.000,0.000,0.00000,0
18.021,0.0,0.0,0.00,0.000,0.000,0.000,0.00000,0
18.031,0.0,0.0,0.00,0.000,0.000,0.000,0.00000,0
18.041,0.0,0.0,0.00,0.000,0.000,0.000,0.00000,0
18.051,0.0,0.0,0.00,0.000,0.000,0.000,0.00000,0
18.062,0.0,0.0,0.00,0.000,0.000,0.000,0.00000,0
18.072,0.0,0.0,0.00,0.000,0.000,0.000,0.00000,0
18.082,0.0,0.0,0.00,0.000,0.000,0.000,0.00000,0
18.092,0.0,0.0,0.00,0.000,0.000,0.000,0.00000,0
18.102,0.0,0.0,0.00,0.000,0.000,0.000,0.00000,0
18.112,0.0,0.0,0.00,0.000,0.000,0.000,0.00000,0
18.122,0.0,0.0,0.00,0.000,0.000,0.000,0.00000,0
18.133,0.0,0.0,0.00,0.000,0.000,0.000,0.00000,0
18.143,0.0,0.0,0.00,0.000,0.000,0.000,0.00000,0
18.153,0.0,0.0,0.00,0.000,0.000,0.000,0.00000,0
18.163,0.0,0.0,0.00,0.000,0.000,0.000,0.00000,0
18.173,0.0,0.0,0.00,0.000,0.000,0.000,0.00000,0
18.183,0.0,0.0,0.00,0.000,0.000,0.000,0.00000,0
18.193,0.0,0.0,0.00,0.000,0.000,0.000,0.00000,0
18.203,0.0,0.0,0.00,0.000,0.000,0.000,0.00000,0
18.214,0.0,0.0,0.00,0.000,0.000,0.000,0.00000,0
18.224,0.0,0.0,0.00,0.000,0.000,0.000,0.00000,0
18.234,0.0,0.0,0.00,0.000,0.000,0.000,0.00000,0
18.244,0.0,0.0,0.00,0.000,0.000,0.000,0.00000,0
18.254,0.0,0.0,0.00,0.000,0.000,0.000,0.00000,0
18.264,0.0,0.0,0.00,0.000,0.000,0.000,0.00000,0
18.275,0.0,0.0,0.00,0.000,0.000,0.000,0.00000,0
18.285,0.0,0.0,0.00,0.000,0.000,0.000,0.00000,0
18.295,0.0,0.0,0.00,0.000,0.000,0.000,0.00000,0
18.305,0.0,0.0,0.00,0.000,0.000,0.000,0.00000,0
18.315,0.0,0.0,0.00,0.000,0.000,0.000,0.00000,0
18.325,0.0,0.0,0.00,0.000,0.000,0.000,0.00000,0
18.335,0.0,0.0,0.00,0.000,0.000,0.000,0.00000,0
18.345,0.0,0.0,0.00,0.000,0.000,0.000,0.00000,0
18.356,0.0,0.0,0.00,0.000,0.000,0.000,0.00000,0
18.366,0.0,0.0,0.00,0.000,0.000,0.000,0.00000,0
18.376,0.0,0.0,0.00,0.000,0.000,0.000,0.00000,0
18.386,0.0,0.0,0.00,0.000,0.000,0.000,0.00000,0
18.396,0.0,0.0,0.00,0.000,0.000,0.000,0.00000,0
18.406,0.0,0.0,0.00,0.000,0.000,0.000,0.00000,0
18.416,0.0,0.0,0.00,0.000,0.000,0.000,0.00000,0
18.427,0.0,0.0,0.00,0.000,0.000,0.000,0.00000,0
18.437,0.0,0.0,0.00,0.000,0.000,0.000,0.00000,0
18.447,0.0,0.0,0.00,0.000,0.000,0.000,0.00000,0
18.457,0.0,0.0,0.00,0.000,0.000,0.000,0.00000,0
18.467,0.0,0.0,0.00,0.000,0.000,0.000,0.00000,0
18.477,0.0,0.0,0.00,0.000,0.000,0.000,0.00000,0
18.487,0.0,0.0,0.00,0.000,0.000,0.000,0.00000,0
18.497,0.0,0.0,0.00,0.000,0.000,0.000,0.00000,0
18.508,0.0,0.0,0.00,0.000,0.000,0.000,0.00000,0
18.518,0.0,0.0,0.00,0.000,0.000,0.000,0.00000,0
18.528,0.0,0.0,0.00,0.000,0.000,0.000,0.00000,0
18.538,0.0,0.0,0.00,0.000,0.000,0.000,0.00000,0
18.548,0.0,0.0,0.00,0.000,0.000,0.000,0.00000,0
18.558,0.0,0.0,0.00,0.000,0.000,0.000,0.00000,0
18.568,0.0,0.0,0.00,0.000,0.000,0.000,0.00000,0
18.579,0.0,0.0,0.00,0.000,0.000,0.000,0.00000,0
18.589,0.0,0.0,0.00,0.000,0.000,0.000,0.00000,0
18.599,0.0,0.0,0.00,0.000,0.000,0.000,0.00000,0
18.609,0.0,0.0,0.00,0.000,0.000,0.000,0.00000,0
18.619,0.0,0.0,0.00,0.000,0.000,0.000,0.00000,0
18.629,0.0,0.0,0.00,0.000,0.000,0.000,0.00000,0
18.639,0.0,0.0,0.00,0.000,0.000,0.000,0.00000,0
18.649,0.0,0.0,0.00,0.000,0.000,0.000,0.00000,0
18.660,0.0,0.0,0.00,0.000,0.000,0.000,0.00000,0
18.670,0.0,0.0,0.00,0.000,0.000,0.000,0.00000,0
18.680,0.0,0.0,0.00,0.000,0.000,0.000,0.00000,0
18.690,0.0,0.0,0.00,0.000,0.000,0.000,0.00000,0
18.700,0.0,0.0,0.00,0.000,0.000,0.000,0.00000,0
18.710,0.0,0.0,0.00,0.000,0.000,0.000,0.00000,0
18.720,0.0,0.0,0.00,0.000,0.000,0.000,0.00000,0
18.731,0.0,0.0,0.00,0.000,0.000,0.000,0.00000,0
18.741,0.0,0.0,0.00,0.000,0.000,0.000,0.00000,0
18.751,0.0,0.0,0.00,0.000,0.000,0.000,0.00000,0
18.761,0.0,0.0,0.00,0.000,0.000,0.000,0.00000,0
18.771,0.0,0.0,0.00,0.000,0.000,0.000,0.00000,0
18.781,0.0,0.0,0.00,0.000,0.000,0.000,0.00000,0
18.791,0.0,0.0,0.00,0.000,0.000,0.000,0.00000,0
18.801,0.0,0.0,0.00,0.000,0.000,0.000,0.00000,0
18.812,0.0,0.0,0.00,0.000,0.000,0.000,0.00000,0
18.822,0.0,0.0,0.00,0.000,0.000,0.000,0.00000,0
18.832,0.0,0.0,0.00,0.000,0.000,0.000,0.00000,0
18.842,0.0,0.0,0.00,0.000,0.000,0.000,0.00000,0
18.852,0.0,0.0,0.00,0.000,0.000,0.000,0.00000,0
18.862,0.0,0.0,0.00,0.000,0.000,0.000,0.00000,0
18.872,0.0,0.0,0.00,0.000,0.000,0.000,0.00000,0
18.882,0.0,0.0,0.00,0.000,0.000,0.000,0.00000,0
18.893,0.0,0.0,0.00,0.000,0.000,0.000,0.00000,0
18.903,0.0,0.0,0.00,0.000,0.000,0.000,0.00000,0
18.913,0.0,0.0,0.00,0.000,0.000,0.000,0.00000,0
18.923,0.0,0.0,0.00,0.000,0.000,0.000,0.00000,0
18.933,0.0,0.0,0.00,0.000,0.000,0.000,0.00000,0
18.943,0.0,0.0,0.00,0.000,0.000,0.000,0.00000,0
18.953,0.0,0.0,0.00,0.000,0.000,0.000,0.00000,0
18.963,0.0,0.0,0.00,0.000,0.000,0.000,0.00000,0
18.974,0.0,0.0,0.00,0.000,0.000,0.000,0.00000,0
18.984,0.0,0.0,0.00,0.000,0.000,0.000,0.00000,0
18.994,0.0,0.0,0.00,0.000,0.000,0.000,0.00000,0
19.004,0.0,0.0,0.00,0.000,0.000,0.000,0.00000,0
19.014,0.0,0.0,0.00,0.000,0.000,0.000,0.00000,0
19.024,0.0,0.0,0.00,0.000,0.000,0.000,0.00000,0
19.034,0.0,0.0,0.00,0.000,0.000,0.000,0.00000,0
19.045,0.0,0.0,0.00,0.000,0.000,0.000,0.00000,0
19.055,0.0,0.0,0.00,0.000,0.000,0.000,0.00000,0
19.065,0.0,0.0,0.00,0.000,0.000,0.000,0.00000,0
19.075,0.0,0.0,0.00,0.000,0.000,0.000,0.00000,0
19.085,0.0,0.0,0.00,0.000,0.000,0.000,0.00000,0
19.095,0.0,0.0,0.00,0.000,0.000,0.000,0.00000,0
19.106,0.0,0.0,0.00,0.000,0.000,0.000,0.00000,0
19.116,0.0,0.0,0.00,0.000,0.000,0.000,0.00000,0
19.127,0.0,0.0,0.00,0.000,0.000,0.000,0.00000,0
19.137,0.0,0.0,0.00,0.000,0.000,0.000,0.00000,0
19.147,0.0,0.0,0.00,0.000,0.000,0.000,0.00000,0
19.157,0.0,0.0,0.00,0.000,0.000,0.000,0.00000,0
19.167,0.0,0.0,0.00,0.000,0.000,0.000,0.00000,0
19.177,0.0,0.0,0.00,0.000,0.000,0.000,0.00000,0
19.187,0.0,0.0,0.00,0.000,0.000,0.000,0.00000,0
19.197,0.0,0.0,0.00,0.000,0.000,0.000,0.00000,0
19.208,0.0,0.0,0.00,0.000,0.000,0.000,0.00000,0
19.218,0.0,0.0,0.00,0.000,0.000,0.000,0.00000,0
19.228,0.0,0.0,0.00,0.000,0.000,0.000,0.00000,0
19.238,0.0,0.0,0.00,0.000,0.000,0.000,0.00000,0
19.248,0.0,0.0,0.00,0.000,0.000,0.000,0.00000,0
19.258,0.0,0.0,0.00,0.000,0.000,0.000,0.00000,0
19.269,0.0,0.0,0.00,0.000,0.000,0.000,0.00000,0
19.279,0.0,0.0,0.00,0.000,0.000,0.000,0.00000,0
19.289,0.0,0.0,0.00,0.000,0.000,0.000,0.00000,0
19.299,0.0,0.0,0.00,0.000,0.000,0.000,0.00000,0
19.309,0.0,0.0,0.00,0.000,0.000,0.000,0.00000,0
19.319,0.0,0.0,0.00,0.000,0.000,0.000,0.00000,0
19.329,0.0,0.0,0.00,0.000,0.000,0.000,0.00000,0
19.339,0.0,0.0,0.00,0.000,0.000,0.000,0.00000,0
19.350,0.0,0.0,0.00,0.000,0.000,0.000,0.00000,0
19.360,0.0,0.0,0.00,0.000,0.000,0.000,0.00000,0
19.370,0.0,0.0,0.00,0.000,0.000,0.000,0.00000,0
19.380,0.0,0.0,0.00,0.000,0.000,0.000,0.00000,0
19.390,0.0,0.0,0.00,0.000,0.000,0.000,0.00000,0
19.400,0.0,0.0,0.00,0.000,0.000,0.000,0.00000,0
19.410,0.0,0.0,0.00,0.000,0.000,0.000,0.00000,0
19.421,0.0,0.0,0.00,0.000,0.000,0.000,0.00000,0
19.431,0.0,0.0,0.00,0.000,0.000,0.000,0.00000,0
19.441,0.0,0.0,0.00,0.000,0.000,0.000,0.00000,0
19.451,0.0,0.0,0.00,0.000,0.000,0.000,0.00000,0
19.461,0.0,0.0,0.00,0.000,0.000,0.000,0.00000,0
19.471,0.0,0.0,0.00,0.000,0.000,0.000,0.00000,0
19.481,0.0,0.0,0.00,0.000,0.000,0.000,0.00000,0
19.491,0.0,0.0,0.00,0.000,0.000,0.000,0.00000,0
19.502,0.0,0.0,0.00,0.000,0.000,0.000,0.00000,0
19.512,0.0,0.0,0.00,0.000,0.000,0.000,0.00000,0
19.522,0.0,0.0,0.00,0.000,0.000,0.000,0.00000,0
19.532,0.0,0.0,0.00,0.000,0.000,0.000,0.00000,0
19.542,0.0,0.0,0.00,0.000,0.000,0.000,0.00000,0
19.552,0.0,0.0,0.00,0.000,0.000,0.000,0.00000,0
19.562,0.0,0.0,0.00,0.000,0.000,0.000,0.00000,0
19.573,0.0,0.0,0.00,0.000,0.000,0.000,0.00000,0
19.583,0.0,0.0,0.00,0.000,0.000,0.000,0.00000,0
19.593,0.0,0.0,0.00,0.000,0.000,0.000,0.00000,0
19.603,0.0,0.0,0.00,0.000,0.000,0.000,0.00000,0
19.613,0.0,0.0,0.00,0.000,0.000,0.000,0.00000,0
19.623,0.0,0.0,0.00,0.000,0.000,0.000,0.00000,0
19.633,0.0,0.0,0.00,0.000,0.000,0.000,0.00000,0
19.643,0.0,0.0,0.00,0.000,0.000,0.000,0.00000,0
19.654,0.0,0.0,0.00,0.000,0.000,0.000,0.00000,0
19.664,0.0,0.0,0.00,0.000,0.000,0.000,0.00000,0
19.674,0.0,0.0,0.00,0.000,0.000,0.000,0.00000,0
19.684,0.0,0.0,0.00,0.000,0.000,0.000,0.00000,0
19.694,0.0,0.0,0.00,0.000,0.000,0.000,0.00000,0
19.704,0.0,0.0,0.00,0.000,0.000,0.000,0.00000,0
19.714,0.0,0.0,0.00,0.000,0.000,0.000,0.00000,0
19.725,0.0,0.0,0.00,0.000,0.000,0.000,0.00000,0
19.735,0.0,0.0,0.00,0.000,0.000,0.000,0.00000,0
19.745,0.0,0.0,0.00,0.000,0.000,0.000,0.00000,0
19.755,0.0,0.0,0.00,0.000,0.000,0.000,0.00000,0
19.765,0.0,0.0,0.00,0.000,0.000,0.000,0.00000,0
19.775,0.0,0.0,0.00,0.000,0.000,0.000,0.00000,0
19.785,0.0,0.0,0.00,0.000,0.000,0.000,0.00000,0
19.795,0.0,0.0,0.00,0.000,0.000,0.000,0.00000,0
19.806,0.0,0.0,0.00,0.000,0.000,0.000,0.00000,0
19.816,0.0,0.0,0.00,0.000,0.000,0.000,0.00000,0
19.826,0.0,0.0,0.00,0.000,0.000,0.000,0.00000,0
19.836,0.0,0.0,0.00,0.000,0.000,0.000,0.00000,0
19.846,0.0,0.0,0.00,0.000,0.000,0.000,0.00000,0
19.856,0.0,0.0,0.00,0.000,0.000,0.000,0.00000,0
19.866,0.0,0.0,0.00,0.000,0.000,0.000,0.00000,0
19.876,0.0,0.0,0.00,0.000,0.000,0.000,0.00000,0
19.887,0.0,0.0,0.00,0.000,0.000,0.000,0.00000,0
19.897,0.0,0.0,0.00,0.000,0.000,0.000,0.00000,0
19.907,0.0,0.0,0.00,0.000,0.000,0.000,0.00000,0
19.917,0.0,0.0,0.00,0.000,0.000,0.000,0.00000,0
19.927,0.0,0.0,0.00,0.000,0.000,0.000,0.00000,0
19.937,0.0,0.0,0.00,0.000,0.000,0.000,0.00000,0
19.947,0.0,0.0,0.00,0.000,0.000,0.000,0.00000,0
19.958,0.0,0.0,0.00,0.000,0.000,0.000,0.00000,0
19.968,0.0,0.0,0.00,0.000,0.000,0.000,0.00000,0
19.978,0.0,0.0,0.00,0.000,0.000,0.000,0.00000,0
19.988,0.0,0.0,0.00,0.000,0.000,0.000,0.00000,0
19.998,0.0,0.0,0.00,0.000,0.000,0.000,0.00000,0
20.008,0.0,0.0,0.00,0.000,0.000,0.000,0.00000,0
20.019,0.0,0.0,0.00,0.000,0.000,0.000,0.00000,0
20.029,0.0,0.0,0.00,0.000,0.000,0.000,0.00000,0
20.039,0.0,0.0,0.00,0.000,0.000,0.000,0.00000,0
20.049,0.0,0.0,0.00,0.000,0.000,0.000,0.00000,0
20.059,0.0,0.0,0.00,0.000,0.000,0.000,0.00000,0
20.069,0.0,0.0,0.00,0.000,0.000,0.000,0.00000,0
20.079,0.0,0.0,0.00,0.000,0.000,0.000,0.00000,0
20.089,0.0,0.0,0.00,0.000,0.000,0.000,0.00000,0
20.100,0.0,0.0,0.00,0.000,0.000,0.000,0.00000,0
20.110,0.0,0.0,0.00,0.000,0.000,0.000,0.00000,0
20.120,0.0,0.0,0.00,0.000,0.000,0.000,0.00000,0
20.130,0.0,0.0,0.00,0.000,0.000,0.000,0.00000,0
20.140,0.0,0.0,0.00,0.000,0.000,0.000,0.00000,0
20.150,0.0,0.0,0.00,0.000,0.000,0.000,0.00000,0
20.160,0.0,0.0,0.00,0.000,0.000,0.000,0.00000,0
20.171,0.0,0.0,0.00,0.000,0.000,0.000,0.00000,0
20.181,0.0,0.0,0.00,0.000,0.000,0.000,0.00000,0
20.191,0.0,0.0,0.00,0.000,0.000,0.000,0.00000,0
20.201,0.0,0.0,0.00,0.000,0.000,0.000,0.00000,0
20.211,0.0,0.0,0.00,0.000,0.000,0.000,0.00000,0
20.221,0.0,0.0,0.00,0.000,0.000,0.000,0.00000,0
20.231,0.0,0.0,0.00,0.000,0.000,0.000,0.00000,0
20.242,0.0,0.0,0.00,0.000,0.000,0.000,0.00000,0
20.252,0.0,0.0,0.00,0.000,0.000,0.000,0.00000,0
20.262,0.0,0.0,0.00,0.000,0.000,0.000,0.00000,0
20.272,0.0,0.0,0.00,0.000,0.000,0.000,0.00000,0
20.282,0.0,0.0,0.00,0.000,0.000,0.000,0.00000,0
20.292,0.0,0.0,0.00,0.000,0.000,0.000,0.00000,0
20.302,0.0,0.0,0.00,0.000,0.000,0.000,0.00000,0
20.313,0.0,0.0,0.00,0.000,0.000,0.000,0.00000,0
20.323,0.0,0.0,0.00,0.000,0.000,0.000,0.00000,0
20.333,0.0,0.0,0.00,0.000,0.000,0.000,0.00000,0
20.343,0.0,0.0,0.00,0.000,0.000,0.000,0.00000,0
20.353,0.0,0.0,0.00,0.000,0.000,0.000,0.00000,0
20.363,0.0,0.0,0.00,0.000,0.000,0.000,0.00000,0
20.373,0.0,0.0,0.00,0.000,0.000,0.000,0.00000,0
20.384,0.0,0.0,0.00,0.000,0.000,0.000,0.00000,0
20.394,0.0,0.0,0.00,0.000,0.000,0.000,0.00000,0
20.404,0.0,0.0,0.00,0.000,0.000,0.000,0.00000,0
20.414,0.0,0.0,0.00,0.000,0.000,0.000,0.00000,0
20.424,0.0,0.0,0.00,0.000,0.000,0.000,0.00000,0
20.434,0.0,0.0,0.00,0.000,0.000,0.000,0.00000,0
20.444,0.0,0.0,0.00,0.000,0.000,0.000,0.00000,0
20.454,0.0,0.0,0.00,0.000,0.000,0.000,0.00000,0
20.465,0.0,0.0,0.00,0.000,0.000,0.000,0.00000,0
20.475,0.0,0.0,0.00,0.000,0.000,0.000,0.00000,0
20.485,0.0,0.0,0.00,0.000,0.000,0.000,0.00000,0
20.495,0.0,0.0,0.00,0.000,0.000,0.000,0.00000,0
20.505,0.0,0.0,0.00,0.000,0.000,0.000,0.00000,0
20.515,0.0,0.0,0.00,0.000,0.000,0.000,0.00000,0
20.526,0.0,0.0,0.00,0.000,0.000,0.000,0.00000,0
20.536,0.0,0.0,0.00,0.000,0.000,0.000,0.00000,0
20.546,0.0,0.0,0.00,0.000,0.000,0.000,0.00000,0
20.556,0.0,0.0,0.00,0.000,0.000,0.000,0.00000,0
20.566,0.0,0.0,0.00,0.000,0.000,0.000,0.00000,0
20.576,0.0,0.0,0.00,0.000,0.000,0.000,0.00000,0
20.586,0.0,0.0,0.00,0.000,0.000,0.000,0.00000,0
20.596,0.0,0.0,0.00,0.000,0.000,0.000,0.00000,0
20.607,0.0,0.0,0.00,0.000,0.000,0.000,0.00000,0
20.617,0.0,0.0,0.00,0.000,0.000,0.000,0.00000,0
20.627,0.0,0.0,0.00,0.000,0.000,0.000,0.00000,0
20.637,0.0,0.0,0.00,0.000,0.000,0.000,0.00000,0
20.647,0.0,0.0,0.00,0.000,0.000,0.000,0.00000,0
20.657,0.0,0.0,0.00,0.000,0.000,0.000,0.00000,0
20.667,0.0,0.0,0.00,0.000,0.000,0.000,0.00000,0
20.677,0.0,0.0,0.00,0.000,0.000,0.000,0.00000,0
20.688,0.0,0.0,0.00,0.000,0.000,0.000,0.00000,0
20.698,0.0,0.0,0.00,0.000,0.000,0.000,0.00000,0
20.709,0.0,0.0,0.00,0.000,0.000,0.000,0.00000,0
20.719,0.0,0.0,0.00,0.000,0.000,0.000,0.00000,0
20.729,0.0,0.0,0.00,0.000,0.000,0.000,0.00000,0
20.739,0.0,0.0,0.00,0.000,0.000,0.000,0.00000,0
20.749,0.0,0.0,0.00,0.000,0.000,0.000,0.00000,0
20.759,0.0,0.0,0.00,0.000,0.000,0.000,0.00000,0
20.770,0.0,0.0,0.00,0.000,0.000,0.000,0.00000,0
20.780,0.0,0.0,0.00,0.000,0.000,0.000,0.00000,0
20.790,0.0,0.0,0.00,0.000,0.000,0.000,0.00000,0
20.800,0.0,0.0,0.00,0.000,0.000,0.000,0.00000,0
20.810,0.0,0.0,0.00,0.000,0.000,0.000,0.00000,0
20.820,0.0,0.0,0.00,0.000,0.000,0.000,0.00000,0
20.830,0.0,0.0,0.00,0.000,0.000,0.000,0.00000,0
20.840,0.0,0.0,0.00,0.000,0.000,0.000,0.00000,0
20.851,0.0,0.0,0.00,0.000,0.000,0.000,0.00000,0
20.861,0.0,0.0,0.00,0.000,0.000,0.000,0.00000,0
20.871,0.0,0.0,0.00,0.000,0.000,0.000,0.00000,0
20.881,0.0,0.0,0.00,0.000,0.000,0.000,0.00000,0
20.891,0.0,0.0,0.00,0.000,0.000,0.000,0.00000,0
20.901,0.0,0.0,0.00,0.000,0.000,0.000,0.00000,0
20.911,0.0,0.0,0.00,0.000,0.000,0.000,0.00000,0
20.922,0.0,0.0,0.00,0.000,0.000,0.000,0.00000,0
20.932,0.0,0.0,0.00,0.000,0.000,0.000,0.00000,0
20.942,0.0,0.0,0.00,0.000,0.000,0.000,0.00000,0
20.952,0.0,0.0,0.00,0.000,0.000,0.000,0.00000,0
20.962,0.0,0.0,0.00,0.000,0.000,0.000,0.00000,0
20.972,0.0,0.0,0.00,0.000,0.000,0.000,0.00000,0
20.982,0.0,0.0,0.00,0.000,0.000,0.000,0.00000,0
20.992,0.0,0.0,0.00,0.000,0.000,0.000,0.00000,0
21.003,0.0,0.0,0.00,0.000,0.000,0.000,0.00000,0
21.013,0.0,0.0,0.00,0.000,0.000,0.000,0.00000,0
21.023,0.0,0.0,0.00,0.000,0.000,0.000,0.00000,0
21.033,0.0,0.0,0.00,0.000,0.000,0.000,0.00000,0
21.043,0.0,0.0,0.00,0.000,0.000,0.000,0.00000,0
21.053,0.0,0.0,0.00,0.000,0.000,0.000,0.00000,0
21.063,0.0,0.0,0.00,0.000,0.000,0.000,0.00000,0
21.074,0.0,0.0,0.00,0.000,0.000,0.000,0.00000,0
21.084,0.0,0.0,0.00,0.000,0.000,0.000,0.00000,0
21.094,0.0,0.0,0.00,0.000,0.000,0.000,0.00000,0
21.104,0.0,0.0,0.00,0.000,0.000,0.000,0.00000,0
21.114,0.0,0.0,0.00,0.000,0.000,0.000,0.00000,0
21.124,0.0,0.0,0.00,0.000,0.000,0.000,0.00000,0
21.134,0.0,0.0,0.00,0.000,0.000,0.000,0.00000,0
21.144,0.0,0.0,0.00,0.000,0.000,0.000,0.00000,0
21.155,0.0,0.0,0.00,0.000,0.000,0.000,0.00000,0
21.165,0.0,0.0,0.00,0.000,0.000,0.000,0.00000,0
21.175,0.0,0.0,0.00,0.000,0.000,0.000,0.00000,0
21.185,0.0,0.0,0.00,0.000,0.000,0.000,0.00000,0
21.195,0.0,0.0,0.00,0.000,0.000,0.000,0.00000,0
21.205,0.0,0.0,0.00,0.000,0.000,0.000,0.00000,0
21.215,0.0,0.0,0.00,0.000,0.000,0.000,0.00000,0
21.226,0.0,0.0,0.00,0.000,0.000,0.000,0.00000,0
21.236,0.0,0.0,0.00,0.000,0.000,0.000,0.00000,0
21.246,0.0,0.0,0.00,0.000,0.000,0.000,0.00000,0
21.256,0.0,0.0,0.00,0.000,0.000,0.000,0.00000,0
21.266,0.0,0.0,0.00,0.000,0.000,0.000,0.00000,0
21.276,0.0,0.0,0.00,0.000,0.000,0.000,0.00000,0
21.286,0.0,0.0,0.00,0.000,0.000,0.000,0.00000,0
21.297,0.0,0.0,0.00,0.000,0.000,0.000,0.00000,0
21.307,0.0,0.0,0.00,0.000,0.000,0.000,0.00000,0
21.317,0.0,0.0,0.00,0.000,0.000,0.000,0.00000,0
21.327,0.0,0.0,0.00,0.000,0.000,0.000,0.00000,0
21.337,0.0,0.0,0.00,0.000,0.000,0.000,0.00000,0
21.347,0.0,0.0,0.00,0.000,0.000,0.000,0.00000,0
21.357,0.0,0.0,0.00,0.000,0.000,0.000,0.00000,0
21.367,0.0,0.0,0.00,0.000,0.000,0.000,0.00000,0
21.378,0.0,0.0,0.00,0.000,0.000,0.000,0.00000,0
21.388,0.0,0.0,0.00,0.000,0.000,0.000,0.00000,0
21.398,0.0,0.0,0.00,0.000,0.000,0.000,0.00000,0
21.408,0.0,0.0,0.00,0.000,0.000,0.000,0.00000,0
21.418,0.0,0.0,0.00,0.000,0.000,0.000,0.00000,0
21.428,0.0,0.0,0.00,0.000,0.000,0.000,0.00000,0
21.438,0.0,0.0,0.00,0.000,0.000,0.000,0.00000,0
21.449,0.0,0.0,0.00,0.000,0.000,0.000,0.00000,0
21.459,0.0,0.0,0.00,0.000,0.000,0.000,0.00000,0
21.469,0.0,0.0,0.00,0.000,0.000,0.000,0.00000,0
21.479,0.0,0.0,0.00,0.000,0.000,0.000,0.00000,0
21.489,0.0,0.0,0.00,0.000,0.000,0.000,0.00000,0
21.499,0.0,0.0,0.00,0.000,0.000,0.000,0.00000,0
21.509,0.0,0.0,0.00,0.000,0.000,0.000,0.00000,0
21.519,0.0,0.0,0.00,0.000,0.000,0.000,0.00000,0
21.530,0.0,0.0,0.00,0.000,0.000,0.000,0.00000,0
21.540,0.0,0.0,0.00,0.000,0.000,0.000,0.00000,0
21.550,0.0,0.0,0.00,0.000,0.000,0.000,0.00000,0
21.560,0.0,0.0,0.00,0.000,0.000,0.000,0.00000,0
21.570,0.0,0.0,0.00,0.000,0.000,0.000,0.00000,0
21.580,0.0,0.0,0.00,0.000,0.000,0.000,0.00000,0
21.590,0.0,0.0,0.00,0.000,0.000,0.000,0.00000,0
21.600,0.0,0.0,0.00,0.000,0.000,0.000,0.00000,0
21.611,0.0,0.0,0.00,0.000,0.000,0.000,0.00000,0
21.621,0.0,0.0,0.00,0.000,0.000,0.000,0.00000,0
21.631,0.0,0.0,0.00,0.000,0.000,0.000,0.00000,0
21.641,0.0,0.0,0.00,0.000,0.000,0.000,0.00000,0
21.651,0.0,0.0,0.00,0.000,0.000,0.000,0.00000,0
21.661,0.0,0.0,0.00,0.000,0.000,0.000,0.00000,0
21.671,0.0,0.0,0.00,0.000,0.000,0.000,0.00000,0
21.682,0.0,0.0,0.00,0.000,0.000,0.000,0.00000,0
21.692,0.0,0.0,0.00,0.000,0.000,0.000,0.00000,0
21.702,0.0,0.0,0.00,0.000,0.000,0.000,0.00000,0
21.712,0.0,0.0,0.00,0.000,0.000,0.000,0.00000,0
21.722,0.0,0.0,0.00,0.000,0.000,0.000,0.00000,0
21.732,0.0,0.0,0.00,0.000,0.000,0.000,0.00000,0
21.742,0.0,0.0,0.00,0.000,0.000,0.000,0.00000,0
21.753,0.0,0.0,0.00,0.000,0.000,0.000,0.00000,0
21.763,0.0,0.0,0.00,0.000,0.000,0.000,0.00000,0
21.773,0.0,0.0,0.00,0.000,0.000,0.000,0.00000,0
21.783,0.0,0.0,0.00,0.000,0.000,0.000,0.00000,0
21.793,0.0,0.0,0.00,0.000,0.000,0.000,0.00000,0
21.803,0.0,0.0,0.00,0.000,0.000,0.000,0.00000,0
21.813,0.0,0.0,0.00,0.000,0.000,0.000,0.00000,0
21.824,0.0,0.0,0.00,0.000,0.000,0.000,0.00000,0
21.834,0.0,0.0,0.00,0.000,0.000,0.000,0.00000,0
21.844,0.0,0.0,0.00,0.000,0.000,0.000,0.00000,0
21.854,0.0,0.0,0.00,0.000,0.000,0.000,0.00000,0
21.864,0.0,0.0,0.00,0.000,0.000,0.000,0.00000,0
21.874,0.0,0.0,0.00,0.000,0.000,0.000,0.00000,0
21.884,0.0,0.0,0.00,0.000,0.000,0.000,0.00000,0
21.894,0.0,0.0,0.00,0.000,0.000,0.000,0.00000,0
21.905,0.0,0.0,0.00,0.000,0.000,0.000,0.00000,0
21.915,0.0,0.0,0.00,0.000,0.000,0.000,0.00000,0
21.925,0.0,0.0,0.00,0.000,0.000,0.000,0.00000,0
21.935,0.0,0.0,0.00,0.000,0.000,0.000,0.00000,0
21.945,0.0,0.0,0.00,0.000,0.000,0.000,0.00000,0
21.955,0.0,0.0,0.00,0.000,0.000,0.000,0.00000,0
21.965,0.0,0.0,0.00,0.000,0.000,0.000,0.00000,0
21.976,0.0,0.0,0.00,0.000,0.000,0.000,0.00000,0
21.986,0.0,0.0,0.00,0.000,0.000,0.000,0.00000,0
21.996,0.0,0.0,0.00,0.000,0.000,0.000,0.00000,0
22.006,0.0,0.0,0.00,0.000,0.000,0.000,0.00000,0
22.016,0.0,0.0,0.00,0.000,0.000,0.000,0.00000,0
22.026,0.0,0.0,0.00,0.000,0.000,0.000,0.00000,0
22.036,0.0,0.0,0.00,0.000,0.000,0.000,0.00000,0
22.047,0.0,0.0,0.00,0.000,0.000,0.000,0.00000,0
22.057,0.0,0.0,0.00,0.000,0.000,0.000,0.00000,0
22.067,0.0,0.0,0.00,0.000,0.000,0.000,0.00000,0
22.077,0.0,0.0,0.00,0.000,0.000,0.000,0.00000,0
22.087,0.0,0.0,0.00,0.000,0.000,0.000,0.00000,0
22.097,0.0,0.0,0.00,0.000,0.000,0.000,0.00000,0
22.107,0.0,0.0,0.00,0.000,0.000,0.000,0.00000,0
22.117,0.0,0.0,0.00,0.000,0.000,0.000,0.00000,0
22.128,0.0,0.0,0.00,0.000,0.000,0.000,0.00000,0
22.138,0.0,0.0,0.00,0.000,0.000,0.000,0.00000,0
22.148,0.0,0.0,0.00,0.000,0.000,0.000,0.00000,0
22.158,0.0,0.0,0.00,0.000,0.000,0.000,0.00000,0
22.168,0.0,0.0,0.00,0.000,0.000,0.000,0.00000,0
22.178,0.0,0.0,0.00,0.000,0.000,0.000,0.00000,0
22.188,0.0,0.0,0.00,0.000,0.000,0.000,0.00000,0
22.199,0.0,0.0,0.00,0.000,0.000,0.000,0.00000,0
22.209,0.0,0.0,0.00,0.000,0.000,0.000,0.00000,0
22.219,0.0,0.0,0.00,0.000,0.000,0.000,0.00000,0
22.229,0.0,0.0,0.00,0.000,0.000,0.000,0.00000,0
22.239,0.0,0.0,0.00,0.000,0.000,0.000,0.00000,0
22.249,0.0,0.0,0.00,0.000,0.000,0.000,0.00000,0
22.259,0.0,0.0,0.00,0.000,0.000,0.000,0.00000,0
22.269,0.0,0.0,0.00,0.000,0.000,0.000,0.00000,0
22.280,0.0,0.0,0.00,0.000,0.000,0.000,0.00000,0
22.290,0.0,0.0,0.00,0.000,0.000,0.000,0.00000,0
22.300,0.0,0.0,0.00,0.000,0.000,0.000,0.00000,0
22.311,0.0,0.0,0.00,0.000,0.000,0.000,0.00000,0
22.322,0.0,0.0,0.00,0.000,0.000,0.000,0.00000,0
22.332,0.0,0.0,0.00,0.000,0.000,0.000,0.00000,0
22.342,0.0,0.0,0.00,0.000,0.000,0.000,0.00000,0
22.352,0.0,0.0,0.00,0.000,0.000,0.000,0.00000,0
22.362,0.0,0.0,0.00,0.000,0.000,0.000,0.00000,0
22.372,0.0,0.0,0.00,0.000,0.000,0.000,0.00000,0
22.382,0.0,0.0,0.00,0.000,0.000,0.000,0.00000,0
22.392,0.0,0.0,0.00,0.000,0.000,0.000,0.00000,0
22.403,0.0,0.0,0.00,0.000,0.000,0.000,0.00000,0
22.413,0.0,0.0,0.00,0.000,0.000,0.000,0.00000,0
22.423,0.0,0.0,0.00,0.000,0.000,0.000,0.00000,0
22.433,0.0,0.0,0.00,0.000,0.000,0.000,0.00000,0
22.443,0.0,0.0,0.00,0.000,0.000,0.000,0.00000,0
22.453,0.0,0.0,0.00,0.000,0.000,0.000,0.00000,0
22.463,0.0,0.0,0.00,0.000,0.000,0.000,0.00000,0
22.474,0.0,0.0,0.00,0.000,0.000,0.000,0.00000,0
22.484,0.0,0.0,0.00,0.000,0.000,0.000,0.00000,0
22.494,0.0,0.0,0.00,0.000,0.000,0.000,0.00000,0
22.504,0.0,0.0,0.00,0.000,0.000,0.000,0.00000,0
22.514,0.0,0.0,0.00,0.000,0.000,0.000,0.00000,0
22.524,0.0,0.0,0.00,0.000,0.000,0.000,0.00000,0
22.534,0.0,0.0,0.00,0.000,0.000,0.000,0.00000,0
22.544,0.0,0.0,0.00,0.000,0.000,0.000,0.00000,0
22.555,0.0,0.0,0.00,0.000,0.000,0.000,0.00000,0
22.565,0.0,0.0,0.00,0.000,0.000,0.000,0.00000,0
22.575,0.0,0.0,0.00,0.000,0.000,0.000,0.00000,0
22.585,0.0,0.0,0.00,0.000,0.000,0.000,0.00000,0
22.595,0.0,0.0,0.00,0.000,0.000,0.000,0.00000,0
22.605,0.0,0.0,0.00,0.000,0.000,0.000,0.00000,0
22.615,0.0,0.0,0.00,0.000,0.000,0.000,0.00000,0
22.626,0.0,0.0,0.00,0.000,0.000,0.000,0.00000,0
22.636,0.0,0.0,0.00,0.000,0.000,0.000,0.00000,0
22.646,0.0,0.0,0.00,0.000,0.000,0.000,0.00000,0
22.656,0.0,0.0,0.00,0.000,0.000,0.000,0.00000,0
22.666,0.0,0.0,0.00,0.000,0.000,0.000,0.00000,0
22.676,0.0,0.0,0.00,0.000,0.000,0.000,0.00000,0
22.686,0.0,0.0,0.00,0.000,0.000,0.000,0.00000,0
22.696,0.0,0.0,0.00,0.000,0.000,0.000,0.00000,0
22.707,0.0,0.0,0.00,0.000,0.000,0.000,0.00000,0
22.717,0.0,0.0,0.00,0.000,0.000,0.000,0.00000,0
22.727,0.0,0.0,0.00,0.000,0.000,0.000,0.00000,0
22.737,0.0,0.0,0.00,0.000,0.000,0.000,0.00000,0
22.747,0.0,0.0,0.00,0.000,0.000,0.000,0.00000,0
22.757,0.0,0.0,0.00,0.000,0.000,0.000,0.00000,0
22.767,0.0,0.0,0.00,0.000,0.000,0.000,0.00000,0
22.777,0.0,0.0,0.00,0.000,0.000,0.000,0.00000,0
22.788,0.0,0.0,0.00,0.000,0.000,0.000,0.00000,0
22.798,0.0,0.0,0.00,0.000,0.000,0.000,0.00000,0
22.808,0.0,0.0,0.00,0.000,0.000,0.000,0.00000,0
22.818,0.0,0.0,0.00,0.000,0.000,0.000,0.00000,0
22.828,0.0,0.0,0.00,0.000,0.000,0.000,0.00000,0
22.838,0.0,0.0,0.00,0.000,0.000,0.000,0.00000,0
22.848,0.0,0.0,0.00,0.000,0.000,0.000,0.00000,0
22.858,0.0,0.0,0.00,0.000,0.000,0.000,0.00000,0
22.869,0.0,0.0,0.00,0.000,0.000,0.000,0.00000,0
22.879,0.0,0.0,0.00,0.000,0.000,0.000,0.00000,0
22.889,0.0,0.0,0.00,0.000,0.000,0.000,0.00000,0
22.899,0.0,0.0,0.00,0.000,0.000,0.000,0.00000,0
22.909,0.0,0.0,0.00,0.000,0.000,0.000,0.00000,0
22.919,0.0,0.0,0.00,0.000,0.000,0.000,0.00000,0
22.929,0.0,0.0,0.00,0.000,0.000,0.000,0.00000,0
22.940,0.0,0.0,0.00,0.000,0.000,0.000,0.00000,0
22.950,0.0,0.0,0.00,0.000,0.000,0.000,0.00000,0
22.960,0.0,0.0,0.00,0.000,0.000,0.000,0.00000,0
22.970,0.0,0.0,0.00,0.000,0.000,0.000,0.00000,0
22.980,0.0,0.0,0.00,0.000,0.000,0.000,0.00000,0
22.990,0.0,0.0,0.00,0.000,0.000,0.000,0.00000,0
23.000,0.0,0.0,0.00,0.000,0.000,0.000,0.00000,0
23.010,0.0,0.0,0.00,0.000,0.000,0.000,0.00000,0
23.021,0.0,0.0,0.00,0.000,0.000,0.000,0.00000,0
23.031,0.0,0.0,0.00,0.000,0.000,0.000,0.00000,0
23.041,0.0,0.0,0.00,0.000,0.000,0.000,0.00000,0
23.051,0.0,0.0,0.00,0.000,0.000,0.000,0.00000,0
23.063,0.0,0.0,0.00,0.000,0.000,0.000,0.00000,0
23.073,0.0,0.0,0.00,0.000,0.000,0.000,0.00000,0
23.083,0.0,0.0,0.00,0.000,0.000,0.000,0.00000,0
23.093,0.0,0.0,0.00,0.000,0.000,0.000,0.00000,0
23.103,0.0,0.0,0.00,0.000,0.000,0.000,0.00000,0
23.113,0.0,0.0,0.00,0.000,0.000,0.000,0.00000,0
23.123,0.0,0.0,0.00,0.000,0.000,0.000,0.00000,0
23.134,0.0,0.0,0.00,0.000,0.000,0.000,0.00000,0
23.144,0.0,0.0,0.00,0.000,0.000,0.000,0.00000,0
23.154,0.0,0.0,0.00,0.000,0.000,0.000,0.00000,0
23.164,0.0,0.0,0.00,0.000,0.000,0.000,0.00000,0
23.174,0.0,0.0,0.00,0.000,0.000,0.000,0.00000,0
23.184,0.0,0.0,0.00,0.000,0.000,0.000,0.00000,0
23.194,0.0,0.0,0.00,0.000,0.000,0.000,0.00000,0
23.205,0.0,0.0,0.00,0.000,0.000,0.000,0.00000,0
23.215,0.0,0.0,0.00,0.000,0.000,0.000,0.00000,0
23.225,0.0,0.0,0.00,0.000,0.000,0.000,0.00000,0
23.235,0.0,0.0,0.00,0.000,0.000,0.000,0.00000,0
23.245,0.0,0.0,0.00,0.000,0.000,0.000,0.00000,0
23.255,0.0,0.0,0.00,0.000,0.000,0.000,0.00000,0
23.265,0.0,0.0,0.00,0.000,0.000,0.000,0.00000,0
23.276,0.0,0.0,0.00,0.000,0.000,0.000,0.00000,0
23.286,0.0,0.0,0.00,0.000,0.000,0.000,0.00000,0
23.296,0.0,0.0,0.00,0.000,0.000,0.000,0.00000,0
23.306,0.0,0.0,0.00,0.000,0.000,0.000,0.00000,0
23.316,0.0,0.0,0.00,0.000,0.000,0.000,0.00000,0
23.326,0.0,0.0,0.00,0.000,0.000,0.000,0.00000,0
23.336,0.0,0.0,0.00,0.000,0.000,0.000,0.00000,0
23.347,0.0,0.0,0.00,0.000,0.000,0.000,0.00000,0
23.357,0.0,0.0,0.00,0.000,0.000,0.000,0.00000,0
23.367,0.0,0.0,0.00,0.000,0.000,0.000,0.00000,0
23.377,0.0,0.0,0.00,0.000,0.000,0.000,0.00000,0
23.387,0.0,0.0,0.00,0.000,0.000,0.000,0.00000,0
23.397,0.0,0.0,0.00,0.000,0.000,0.000,0.00000,0
23.407,0.0,0.0,0.00,0.000,0.000,0.000,0.00000,0
23.418,0.0,0.0,0.00,0.000,0.000,0.000,0.00000,0
23.428,0.0,0.0,0.00,0.000,0.000,0.000,0.00000,0
23.438,0.0,0.0,0.00,0.000,0.000,0.000,0.00000,0
23.448,0.0,0.0,0.00,0.000,0.000,0.000,0.00000,0
23.458,0.0,0.0,0.00,0.000,0.000,0.000,0.00000,0
23.468,0.0,0.0,0.00,0.000,0.000,0.000,0.00000,0
23.478,0.0,0.0,0.00,0.000,0.000,0.000,0.00000,0
23.489,0.0,0.0,0.00,0.000,0.000,0.000,0.00000,0
23.499,0.0,0.0,0.00,0.000,0.000,0.000,0.00000,0
23.509,0.0,0.0,0.00,0.000,0.000,0.000,0.00000,0
23.519,0.0,0.0,0.00,0.000,0.000,0.000,0.00000,0
23.529,0.0,0.0,0.00,0.000,0.000,0.000,0.00000,0
23.539,0.0,0.0,0.00,0.000,0.000,0.000,0.00000,0
23.549,0.0,0.0,0.00,0.000,0.000,0.000,0.00000,0
23.559,0.0,0.0,0.00,0.000,0.000,0.000,0.00000,0
23.570,0.0,0.0,0.00,0.000,0.000,0.000,0.00000,0
23.580,0.0,0.0,0.00,0.000,0.000,0.000,0.00000,0
23.590,0.0,0.0,0.00,0.000,0.000,0.000,0.00000,0
23.600,0.0,0.0,0.00,0.000,0.000,0.000,0.00000,0
23.610,0.0,0.0,0.00,0.000,0.000,0.000,0.00000,0
23.620,0.0,0.0,0.00,0.000,0.000,0.000,0.00000,0
23.630,0.0,0.0,0.00,0.000,0.000,0.000,0.00000,0
23.640,0.0,0.0,0.00,0.000,0.000,0.000,0.00000,0
23.651,0.0,0.0,0.00,0.000,0.000,0.000,0.00000,0
23.661,0.0,0.0,0.00,0.000,0.000,0.000,0.00000,0
23.671,0.0,0.0,0.00,0.000,0.000,0.000,0.00000,0
23.681,0.0,0.0,0.00,0.000,0.000,0.000,0.00000,0
23.691,0.0,0.0,0.00,0.000,0.000,0.000,0.00000,0
23.701,0.0,0.0,0.00,0.000,0.000,0.000,0.00000,0
23.711,0.0,0.0,0.00,0.000,0.000,0.000,0.00000,0
23.721,0.0,0.0,0.00,0.000,0.000,0.000,0.00000,0
23.732,0.0,0.0,0.00,0.000,0.000,0.000,0.00000,0
23.742,0.0,0.0,0.00,0.000,0.000,0.000,0.00000,0
23.752,0.0,0.0,0.00,0.000,0.000,0.000,0.00000,0
23.762,0.0,0.0,0.00,0.000,0.000,0.000,0.00000,0
23.772,0.0,0.0,0.00,0.000,0.000,0.000,0.00000,0
23.782,0.0,0.0,0.00,0.000,0.000,0.000,0.00000,0
23.792,0.0,0.0,0.00,0.000,0.000,0.000,0.00000,0
23.802,0.0,0.0,0.00,0.000,0.000,0.000,0.00000,0
23.813,0.0,0.0,0.00,0.000,0.000,0.000,0.00000,0
23.823,0.0,0.0,0.00,0.000,0.000,0.000,0.00000,0
23.833,0.0,0.0,0.00,0.000,0.000,0.000,0.00000,0
23.843,0.0,0.0,0.00,0.000,0.000,0.000,0.00000,0
23.853,0.0,0.0,0.00,0.000,0.000,0.000,0.00000,0
23.863,0.0,0.0,0.00,0.000,0.000,0.000,0.00000,0
23.873,0.0,0.0,0.00,0.000,0.000,0.000,0.00000,0
23.884,0.0,0.0,0.00,0.000,0.000,0.000,0.00000,0
23.894,0.0,0.0,0.00,0.000,0.000,0.000,0.00000,0
23.904,0.0,0.0,0.00,0.000,0.000,0.000,0.00000,0
23.914,0.0,0.0,0.00,0.000,0.000,0.000,0.00000,0
23.924,0.0,0.0,0.00,0.000,0.000,0.000,0.00000,0
23.934,0.0,0.0,0.00,0.000,0.000,0.000,0.00000,0
23.944,0.0,0.0,0.00,0.000,0.000,0.000,0.00000,0
23.955,0.0,0.0,0.00,0.000,0.000,0.000,0.00000,0
23.965,0.0,0.0,0.00,0.000,0.000,0.000,0.00000,0
23.975,0.0,0.0,0.00,0.000,0.000,0.000,0.00000,0
23.985,0.0,0.0,0.00,0.000,0.000,0.000,0.00000,0
23.995,0.0,0.0,0.00,0.000,0.000,0.000,0.00000,0
24.005,0.0,0.0,0.00,0.000,0.000,0.000,0.00000,0
24.015,0.0,0.0,1.60,-0.390,0.150,-9.490,0.00000,0
24.026,0.0,0.0,1.60,-0.390,0.150,-9.490,0.00000,0
24.036,0.0,0.0,1.60,-0.390,0.150,-9.490,0.00000,0
24.046,0.0,0.0,1.60,-0.390,0.150,-9.490,0.00000,0
24.056,0.0,0.0,1.60,-0.390,0.150,-9.490,0.00000,0
24.066,0.0,0.0,1.60,-0.420,0.190,-9.420,0.00000,0
24.076,0.0,0.0,1.60,-0.420,0.190,-9.420,0.00000,0
24.087,0.0,0.0,1.60,-0.420,0.190,-9.420,0.00000,0
24.097,0.0,0.0,1.60,-0.420,0.190,-9.420,0.00000,0
24.107,0.0,0.0,1.60,-0.420,0.190,-9.420,0.00000,0
24.117,0.0,0.0,1.60,-0.380,0.140,-9.440,0.00000,0
24.127,0.0,0.0,1.60,-0.380,0.140,-9.440,0.00000,0
24.137,0.0,0.0,1.60,-0.380,0.140,-9.440,0.00000,0
24.147,0.0,0.0,1.60,-0.380,0.140,-9.440,0.00000,0
24.158,0.0,0.0,1.60,-0.400,0.170,-9.480,0.00000,0
24.168,0.0,0.0,1.60,-0.400,0.170,-9.480,0.00000,0
24.178,0.0,0.0,1.60,-0.400,0.170,-9.480,0.00000,0
24.188,0.0,0.0,1.60,-0.400,0.170,-9.480,0.00000,0
24.198,0.0,0.0,1.60,-0.400,0.170,-9.480,0.00000,0
24.208,0.0,0.0,1.60,-0.400,0.170,-9.480,0.00000,0
24.218,0.0,0.0,1.60,-0.440,0.150,-9.490,0.00000,0
24.229,0.0,0.0,1.60,-0.440,0.150,-9.490,0.00000,0
24.239,0.0,0.0,1.60,-0.440,0.150,-9.490,0.00000,0
24.249,0.0,0.0,1.60,-0.440,0.150,-9.490,0.00000,0
24.259,0.0,0.0,1.60,-0.390,0.180,-9.490,0.00000,0
24.269,0.0,0.0,1.60,-0.390,0.180,-9.490,0.00000,0
24.279,0.0,0.0,1.60,-0.390,0.180,-9.490,0.00000,0
24.289,0.0,0.0,1.60,-0.390,0.180,-9.490,0.00000,0
24.300,0.0,0.0,1.60,-0.390,0.180,-9.490,0.00000,0
24.310,0.0,0.0,1.60,-0.390,0.180,-9.490,0.00000,0
24.320,0.0,0.0,1.60,-0.410,0.130,-9.430,0.00000,0
24.330,0.0,0.0,1.60,-0.410,0.130,-9.430,0.00000,0
24.340,0.0,0.0,1.60,-0.410,0.130,-9.430,0.00000,0
24.350,0.0,0.0,1.60,-0.410,0.130,-9.430,0.00000,0
24.360,0.0,0.0,1.60,-0.420,0.130,-9.450,0.00000,0
24.371,0.0,0.0,1.60,-0.420,0.130,-9.450,0.00000,0
24.381,0.0,0.0,1.60,-0.420,0.130,-9.450,0.00000,0
24.391,0.0,0.0,1.60,-0.420,0.130,-9.450,0.00000,0
24.401,0.0,0.0,1.60,-0.420,0.130,-9.450,0.00000,0
24.411,0.0,0.0,1.60,-0.420,0.130,-9.450,0.00000,0
24.421,0.0,0.0,1.60,-0.400,0.170,-9.480,0.00000,0
24.431,0.0,0.0,1.60,-0.400,0.170,-9.480,0.00000,0
24.441,0.0,0.0,1.60,-0.400,0.170,-9.480,0.00000,0
24.452,0.0,0.0,1.60,-0.400,0.170,-9.480,0.00000,0
24.462,0.0,0.0,1.60,-0.400,0.090,-9.510,0.00000,0
24.472,0.0,0.0,1.60,-0.400,0.090,-9.510,0.00000,0
24.482,0.0,0.0,1.60,-0.400,0.090,-9.510,0.00000,0
24.492,0.0,0.0,1.60,-0.400,0.090,-9.510,0.00000,0
24.502,0.0,0.0,1.60,-0.400,0.090,-9.510,0.00000,0
24.512,0.0,0.0,1.60,-0.400,0.090,-9.510,0.00000,0
24.522,0.0,0.0,1.60,-0.390,0.120,-9.520,0.00000,0
24.533,0.0,0.0,1.60,-0.390,0.120,-9.520,0.00000,0
24.543,0.0,0.0,1.60,-0.390,0.120,-9.520,0.00000,0
24.553,0.0,0.0,1.60,-0.390,0.120,-9.520,0.00000,0
24.563,0.0,0.0,1.60,-0.410,0.140,-9.500,0.00000,0
24.573,0.0,0.0,1.60,-0.410,0.140,-9.500,0.00000,0
24.583,0.0,0.0,1.60,-0.410,0.140,-9.500,0.00000,0
24.593,0.0,0.0,1.60,-0.410,0.140,-9.500,0.00000,0
24.604,0.0,0.0,1.60,-0.410,0.140,-9.500,0.00000,0
24.614,0.0,0.0,1.60,-0.440,0.180,-9.430,0.00000,0
24.624,0.0,0.0,1.60,-0.440,0.180,-9.430,0.00000,0
24.634,0.0,0.0,1.60,-0.440,0.180,-9.430,0.00000,0
24.644,0.0,0.0,1.60,-0.440,0.180,-9.430,0.00000,0
24.654,0.0,0.0,1.60,-0.440,0.180,-9.430,0.00000,0
24.664,0.0,0.0,1.60,-0.410,0.140,-9.490,0.00000,0
24.675,0.0,0.0,1.60,-0.410,0.140,-9.490,0.00000,0
24.685,0.0,0.0,1.60,-0.410,0.140,-9.490,0.00000,0
24.695,0.0,0.0,1.60,-0.410,0.140,-9.490,0.00000,0
24.705,0.0,0.0,1.60,-0.410,0.140,-9.490,0.00000,0
24.715,0.0,0.0,1.60,-0.410,0.130,-9.450,0.00000,0
24.725,0.0,0.0,1.60,-0.410,0.130,-9.450,0.00000,0
24.736,0.0,0.0,1.60,-0.410,0.130,-9.450,0.00000,0
24.746,0.0,0.0,1.60,-0.410,0.130,-9.450,0.00000,0
24.756,0.0,0.0,1.60,-0.410,0.130,-9.450,0.00000,0
24.766,0.0,0.0,1.60,-0.410,0.090,-9.420,0.00000,0
24.776,0.0,0.0,1.60,-0.410,0.090,-9.420,0.00000,0
24.786,0.0,0.0,1.60,-0.410,0.090,-9.420,0.00000,0
24.796,0.0,0.0,1.60,-0.410,0.090,-9.420,0.00000,0
24.806,0.0,0.0,1.60,-0.410,0.090,-9.420,0.00000,0
24.817,0.0,0.0,1.60,-0.390,0.150,-9.460,0.00000,0
24.827,0.0,0.0,1.60,-0.390,0.150,-9.460,0.00000,0
24.837,0.0,0.0,1.60,-0.390,0.150,-9.460,0.00000,0
24.847,0.0,0.0,1.60,-0.390,0.150,-9.460,0.00000,0
24.857,0.0,0.0,1.60,-0.400,0.160,-9.480,0.00000,0
24.867,0.0,0.0,1.60,-0.400,0.160,-9.480,0.00000,0
24.877,0.0,0.0,1.60,-0.400,0.160,-9.480,0.00000,0
24.888,0.0,0.0,1.60,-0.400,0.160,-9.480,0.00000,0
24.898,0.0,0.0,1.60,-0.400,0.160,-9.480,0.00000,0
24.908,0.0,0.0,1.60,-0.400,0.160,-9.480,0.00000,0
24.918,0.0,0.0,1.60,-0.400,0.150,-9.430,0.00000,0
24.928,0.0,0.0,1.60,-0.400,0.150,-9.430,0.00000,0
24.938,0.0,0.0,1.60,-0.400,0.150,-9.430,0.00000,0
24.948,0.0,0.0,1.60,-0.400,0.150,-9.430,0.00000,0
24.958,0.0,0.0,1.60,-0.400,0.110,-9.430,0.00000,0
24.969,0.0,0.0,1.60,-0.400,0.110,-9.430,0.00000,0
24.979,0.0,0.0,1.60,-0.400,0.110,-9.430,0.00000,0
24.989,0.0,0.0,1.60,-0.400,0.110,-9.430,0.00000,0
24.999,0.0,0.0,1.60,-0.400,0.110,-9.430,0.00000,0
25.009,0.0,0.0,1.60,-0.400,0.110,-9.430,0.00000,0
25.019,0.0,0.0,1.60,-0.400,0.110,-9.430,0.00000,0
25.030,0.0,0.0,1.60,-0.430,0.140,-9.430,0.00000,0
25.040,0.0,0.0,1.60,-0.430,0.140,-9.430,0.00000,0
25.050,0.0,0.0,1.60,-0.430,0.140,-9.430,0.00000,0
25.060,0.0,0.0,1.60,-0.400,0.150,-9.500,0.00000,0
25.070,0.0,0.0,1.60,-0.400,0.150,-9.500,0.00000,0
25.080,0.0,0.0,1.60,-0.400,0.150,-9.500,0.00000,0
25.091,0.0,0.0,1.60,-0.400,0.150,-9.500,0.00000,0
25.101,0.0,0.0,1.60,-0.400,0.150,-9.500,0.00000,0
25.111,0.0,0.0,1.60,-0.400,0.150,-9.500,0.00000,0
25.121,0.0,0.0,1.60,-0.430,0.120,-9.380,0.00000,0
25.131,0.0,0.0,1.60,-0.430,0.120,-9.380,0.00000,0
25.141,0.0,0.0,1.60,-0.430,0.120,-9.380,0.00000,0
25.151,0.0,0.0,1.60,-0.430,0.120,-9.380,0.00000,0
25.162,0.0,0.0,1.60,-0.360,0.110,-9.440,0.00000,0
25.172,0.0,0.0,1.60,-0.360,0.110,-9.440,0.00000,0
25.182,0.0,0.0,1.60,-0.360,0.110,-9.440,0.00000,0
25.192,0.0,0.0,1.60,-0.360,0.110,-9.440,0.00000,0
25.202,0.0,0.0,1.60,-0.360,0.110,-9.440,0.00000,0
25.212,0.0,0.0,1.60,-0.400,0.170,-9.450,0.00000,0
25.222,0.0,0.0,1.60,-0.400,0.170,-9.450,0.00000,0
25.233,0.0,0.0,1.60,-0.400,0.170,-9.450,0.00000,0
25.243,0.0,0.0,1.60,-0.400,0.170,-9.450,0.00000,0
25.253,0.0,0.0,1.60,-0.400,0.170,-9.450,0.00000,0
25.263,0.0,0.0,1.60,-0.470,0.110,-9.470,0.00000,0
25.273,0.0,0.0,1.60,-0.470,0.110,-9.470,0.00000,0
25.283,0.0,0.0,1.60,-0.470,0.110,-9.470,0.00000,0
25.293,0.0,0.0,1.60,-0.470,0.110,-9.470,0.00000,0
25.303,0.0,0.0,1.60,-0.470,0.110,-9.470,0.00000,0
25.314,0.0,0.0,1.60,-0.410,0.150,-9.430,0.00000,0
25.324,0.0,0.0,1.60,-0.410,0.150,-9.430,0.00000,0
25.334,0.0,0.0,1.60,-0.410,0.150,-9.430,0.00000,0
25.344,0.0,0.0,1.60,-0.410,0.150,-9.430,0.00000,0
25.354,0.0,0.0,1.60,-0.410,0.150,-9.430,0.00000,0
25.364,0.0,0.0,1.60,-0.390,0.230,-9.410,0.00000,0
25.374,0.0,0.0,1.60,-0.390,0.230,-9.410,0.00000,0
25.385,0.0,0.0,1.60,-0.390,0.230,-9.410,0.00000,0
25.395,0.0,0.0,1.60,-0.390,0.230,-9.410,0.00000,0
25.405,0.0,0.0,1.60,-0.390,0.230,-9.410,0.00000,0
25.415,0.0,0.0,1.60,-0.350,0.130,-9.510,0.00000,0
25.425,0.0,0.0,1.60,-0.350,0.130,-9.510,0.00000,0
25.435,0.0,0.0,1.60,-0.350,0.130,-9.510,0.00000,0
25.445,0.0,0.0,1.60,-0.350,0.130,-9.510,0.00000,0
25.455,0.0,0.0,1.60,-0.350,0.130,-9.510,0.00000,0
25.466,0.0,0.0,1.60,-0.480,0.150,-9.480,0.00000,0
25.476,0.0,0.0,1.60,-0.480,0.150,-9.480,0.00000,0
25.486,0.0,0.0,1.60,-0.480,0.150,-9.480,0.00000,0
25.496,0.0,0.0,1.60,-0.480,0.150,-9.480,0.00000,0
25.506,0.0,0.0,1.60,-0.480,0.150,-9.480,0.00000,0
25.517,0.0,0.0,1.60,-0.480,0.150,-9.480,0.00000,0
25.527,0.0,0.0,1.60,-0.350,0.170,-9.440,0.00000,0
25.537,0.0,0.0,1.60,-0.350,0.170,-9.440,0.00000,0
25.547,0.0,0.0,1.60,-0.350,0.170,-9.440,0.00000,0
25.557,0.0,0.0,1.60,-0.420,0.140,-9.510,0.00000,0
25.567,0.0,0.0,1.60,-0.420,0.140,-9.510,0.00000,0
25.578,0.0,0.0,1.60,-0.420,0.140,-9.510,0.00000,0
25.588,0.0,0.0,1.60,-0.420,0.140,-9.510,0.00000,0
25.598,0.0,0.0,1.60,-0.420,0.140,-9.510,0.00000,0
25.608,0.0,0.0,1.60,-0.420,0.140,-9.510,0.00000,0
25.618,0.0,0.0,1.60,-0.410,0.110,-9.520,0.00000,0
25.628,0.0,0.0,1.60,-0.410,0.110,-9.520,0.00000,0
25.639,0.0,0.0,1.60,-0.410,0.110,-9.520,0.00000,0
25.649,0.0,0.0,1.60,-0.410,0.110,-9.520,0.00000,0
25.659,0.0,0.0,1.60,-0.360,0.140,-9.440,0.00000,0
25.669,0.0,0.0,1.60,-0.360,0.140,-9.440,0.00000,0
25.679,0.0,0.0,1.60,-0.360,0.140,-9.440,0.00000,0
25.689,0.0,0.0,1.60,-0.360,0.140,-9.440,0.00000,0
25.699,0.0,0.0,1.60,-0.360,0.140,-9.440,0.00000,0
25.709,0.0,0.0,1.60,-0.360,0.140,-9.440,0.00000,0
25.719,0.0,0.0,1.60,-0.430,0.130,-9.460,0.00000,0
25.730,0.0,0.0,1.60,-0.430,0.130,-9.460,0.00000,0
25.740,0.0,0.0,1.60,-0.430,0.130,-9.460,0.00000,0
25.750,0.0,0.0,1.60,-0.430,0.130,-9.460,0.00000,0
25.760,0.0,0.0,1.60,-0.370,0.170,-9.460,0.00000,0
25.770,0.0,0.0,1.60,-0.370,0.170,-9.460,0.00000,0
25.780,0.0,0.0,1.60,-0.370,0.170,-9.460,0.00000,0
25.790,0.0,0.0,1.60,-0.370,0.170,-9.460,0.00000,0
25.801,0.0,0.0,1.60,-0.370,0.170,-9.460,0.00000,0
25.811,0.0,0.0,1.60,-0.370,0.170,-9.460,0.00000,0
25.821,0.0,0.0,1.60,-0.450,0.100,-9.480,0.00000,0
25.831,0.0,0.0,1.60,-0.450,0.100,-9.480,0.00000,0
25.841,0.0,0.0,1.60,-0.450,0.100,-9.480,0.00000,0
25.851,0.0,0.0,1.60,-0.450,0.100,-9.480,0.00000,0
25.861,0.0,0.0,1.60,-0.340,0.210,-9.420,0.00000,0
25.872,0.0,0.0,1.60,-0.340,0.210,-9.420,0.00000,0
25.882,0.0,0.0,1.60,-0.340,0.210,-9.420,0.00000,0
25.892,0.0,0.0,1.60,-0.340,0.210,-9.420,0.00000,0
25.902,0.0,0.0,1.60,-0.340,0.210,-9.420,0.00000,0
25.912,0.0,0.0,1.60,-0.340,0.210,-9.420,0.00000,0
25.922,0.0,0.0,1.60,-0.420,0.140,-9.490,0.00000,0
25.932,0.0,0.0,1.60,-0.420,0.140,-9.490,0.00000,0
25.943,0.0,0.0,1.60,-0.420,0.140,-9.490,0.00000,0
25.953,0.0,0.0,1.60,-0.420,0.140,-9.490,0.00000,0
25.963,0.0,0.0,1.60,-0.400,0.130,-9.460,0.00000,0
25.973,0.0,0.0,1.60,-0.400,0.130,-9.460,0.00000,0
25.983,0.0,0.0,1.60,-0.400,0.130,-9.460,0.00000,0
25.993,0.0,0.0,1.60,-0.400,0.130,-9.460,0.00000,0
26.003,0.0,0.0,1.60,-0.400,0.130,-9.460,0.00000,0
26.013,0.0,0.0,1.60,-0.400,0.120,-9.500,0.00000,0
26.024,0.0,0.0,1.60,-0.400,0.120,-9.500,0.00000,0
26.034,0.0,0.0,1.60,-0.400,0.120,-9.500,0.00000,0
26.044,0.0,0.0,1.60,-0.400,0.120,-9.500,0.00000,0
26.054,0.0,0.0,1.60,-0.400,0.120,-9.500,0.00000,0
26.064,0.0,0.0,1.60,-0.450,0.100,-9.460,0.00000,0
26.074,0.0,0.0,1.60,-0.450,0.100,-9.460,0.00000,0
26.084,0.0,0.0,1.60,-0.450,0.100,-9.460,0.00000,0
26.095,0.0,0.0,1.60,-0.450,0.100,-9.460,0.00000,0
26.105,0.0,0.0,1.60,-0.450,0.100,-9.460,0.00000,0
26.115,0.0,0.0,1.60,-0.350,0.170,-9.480,0.00000,0
26.125,0.0,0.0,1.60,-0.350,0.170,-9.480,0.00000,0
26.135,0.0,0.0,1.60,-0.350,0.170,-9.480,0.00000,0
26.145,0.0,0.0,1.60,-0.350,0.170,-9.480,0.00000,0
26.155,0.0,0.0,1.60,-0.350,0.170,-9.480,0.00000,0
26.166,0.0,0.0,1.60,-0.400,0.130,-9.430,0.00000,0
26.176,0.0,0.0,1.60,-0.400,0.130,-9.430,0.00000,0
26.186,0.0,0.0,1.60,-0.400,0.130,-9.430,0.00000,0
26.196,0.0,0.0,1.60,-0.400,0.130,-9.430,0.00000,0
26.206,0.0,0.0,1.60,-0.400,0.130,-9.430,0.00000,0
26.216,0.0,0.0,1.60,-0.380,0.120,-9.450,0.00000,0
26.226,0.0,0.0,1.60,-0.380,0.120,-9.450,0.00000,0
26.236,0.0,0.0,1.60,-0.380,0.120,-9.450,0.00000,0
26.247,0.0,0.0,1.60,-0.380,0.120,-9.450,0.00000,0
26.257,0.0,0.0,1.60,-0.380,0.120,-9.450,0.00000,0
26.267,0.0,0.0,1.60,-0.370,0.120,-9.490,0.00000,0
26.277,0.0,0.0,1.60,-0.370,0.120,-9.490,0.00000,0
26.287,0.0,0.0,1.60,-0.370,0.120,-9.490,0.00000,0
26.297,0.0,0.0,1.60,-0.370,0.120,-9.490,0.00000,0
26.307,0.0,0.0,1.60,-0.370,0.120,-9.490,0.00000,0
26.318,0.0,0.0,1.60,-0.400,0.130,-9.490,0.00000,0
26.328,0.0,0.0,1.60,-0.400,0.130,-9.490,0.00000,0
26.338,0.0,0.0,1.60,-0.400,0.130,-9.490,0.00000,0
26.348,0.0,0.0,1.60,-0.400,0.130,-9.490,0.00000,0
26.358,0.0,0.0,1.60,-0.410,0.130,-9.450,0.00000,0
26.368,0.0,0.0,1.60,-0.410,0.130,-9.450,0.00000,0
26.379,0.0,0.0,1.60,-0.410,0.130,-9.450,0.00000,0
26.389,0.0,0.0,1.60,-0.410,0.130,-9.450,0.00000,0
26.399,0.0,0.0,1.60,-0.410,0.130,-9.450,0.00000,0
26.409,0.0,0.0,1.60,-0.410,0.130,-9.450,0.00000,0
26.419,0.0,0.0,1.60,-0.410,0.130,-9.450,0.00000,0
26.429,0.0,0.0,1.60,-0.410,0.130,-9.450,0.00000,0
26.439,0.0,0.0,1.60,-0.410,0.130,-9.450,0.00000,0
26.450,0.0,0.0,1.60,-0.410,0.130,-9.450,0.00000,0
26.460,0.0,0.0,1.60,-0.410,0.130,-9.450,0.00000,0
26.470,0.0,0.0,1.60,-0.410,0.130,-9.450,0.00000,0
26.480,0.0,0.0,1.60,-0.410,0.130,-9.450,0.00000,0
26.490,0.0,0.0,1.60,-0.410,0.130,-9.450,0.00000,0
26.500,0.0,0.0,1.60,-0.410,0.130,-9.450,0.00000,0
26.510,0.0,0.0,1.60,-0.410,0.130,-9.450,0.00000,0
26.520,0.0,0.0,1.60,-0.410,0.130,-9.450,0.00000,0
26.531,0.0,0.0,1.60,-0.410,0.130,-9.450,0.00000,0
26.541,0.0,0.0,1.60,-0.410,0.130,-9.450,0.00000,0
26.551,0.0,0.0,1.60,-0.410,0.130,-9.450,0.00000,0
26.561,0.0,0.0,1.60,-0.410,0.130,-9.450,0.00000,0
26.571,0.0,0.0,1.60,-0.410,0.130,-9.450,0.00000,0
26.581,0.0,0.0,1.60,-0.410,0.130,-9.450,0.00000,0
26.592,0.0,0.0,1.60,-0.410,0.130,-9.450,0.00000,0
26.602,0.0,0.0,1.60,-0.410,0.130,-9.450,0.00000,0
26.612,0.0,0.0,1.60,-0.410,0.130,-9.450,0.00000,0
26.622,0.0,0.0,1.60,-0.410,0.130,-9.450,0.00000,0
26.632,0.0,0.0,1.60,-0.410,0.130,-9.450,0.00000,0
26.642,0.0,0.0,1.60,-0.410,0.130,-9.450,0.00000,0
26.652,0.0,0.0,1.60,-0.410,0.130,-9.450,0.00000,0
26.662,0.0,0.0,1.60,-0.410,0.130,-9.450,0.00000,0
26.673,0.0,0.0,1.60,-0.410,0.130,-9.450,0.00000,0
26.683,0.0,0.0,1.60,-0.410,0.130,-9.450,0.00000,0
26.693,0.0,0.0,1.60,-0.410,0.130,-9.450,0.00000,0
26.703,0.0,0.0,1.60,-0.410,0.130,-9.450,0.00000,0
26.713,0.0,0.0,1.60,-0.410,0.130,-9.450,0.00000,0
26.723,0.0,0.0,1.60,-0.410,0.130,-9.450,0.00000,0
26.733,0.0,0.0,1.60,-0.410,0.130,-9.450,0.00000,0
26.743,0.0,0.0,1.60,-0.410,0.130,-9.450,0.00000,0
26.754,0.0,0.0,1.60,-0.410,0.130,-9.450,0.00000,0
26.764,0.0,0.0,1.60,-0.410,0.130,-9.450,0.00000,0
26.774,0.0,0.0,1.60,-0.410,0.130,-9.450,0.00000,0
26.784,0.0,0.0,1.60,-0.410,0.130,-9.450,0.00000,0
26.794,0.0,0.0,1.60,-0.410,0.130,-9.450,0.00000,0
26.804,0.0,0.0,1.60,-0.410,0.130,-9.450,0.00000,0
26.814,0.0,0.0,1.60,-0.410,0.130,-9.450,0.00000,0
26.824,0.0,0.0,1.60,-0.410,0.130,-9.450,0.00000,0
26.835,0.0,0.0,1.60,-0.410,0.130,-9.450,0.00000,0
26.845,0.0,0.0,1.60,-0.410,0.130,-9.450,0.00000,0
26.855,0.0,0.0,1.60,-0.410,0.130,-9.450,0.00000,0
26.865,0.0,0.0,1.60,-0.410,0.130,-9.450,0.00000,0
26.875,0.0,0.0,1.60,-0.410,0.130,-9.450,0.00000,0
26.885,0.0,0.0,1.60,-0.410,0.130,-9.450,0.00000,0
26.895,0.0,0.0,1.60,-0.410,0.130,-9.450,0.00000,0
26.906,0.0,0.0,1.60,-0.410,0.130,-9.450,0.00000,0
26.916,0.0,0.0,1.60,-0.410,0.130,-9.450,0.00000,0
26.926,0.0,0.0,1.60,-0.410,0.130,-9.450,0.00000,0
26.936,0.0,0.0,1.60,-0.410,0.130,-9.450,0.00000,0
26.946,0.0,0.0,1.60,-0.410,0.130,-9.450,0.00000,0
26.956,0.0,0.0,1.60,-0.410,0.130,-9.450,0.00000,0
26.966,0.0,0.0,1.60,-0.410,0.130,-9.450,0.00000,0
26.976,0.0,0.0,1.60,-0.410,0.130,-9.450,0.00000,0
26.987,0.0,0.0,1.60,-0.410,0.130,-9.450,0.00000,0
26.997,0.0,0.0,1.60,-0.410,0.130,-9.450,0.00000,0
27.007,0.0,0.0,1.60,-0.410,0.130,-9.450,0.00000,0
27.017,0.0,0.0,1.60,-0.410,0.130,-9.450,0.00000,0
27.027,0.0,0.0,1.60,-0.410,0.130,-9.450,0.00000,0
27.037,0.0,0.0,1.60,-0.410,0.130,-9.450,0.00000,0
27.047,0.0,0.0,1.60,-0.410,0.130,-9.450,0.00000,0
27.057,0.0,0.0,1.60,-0.410,0.130,-9.450,0.00000,0
27.068,0.0,0.0,1.60,-0.410,0.130,-9.450,0.00000,0
27.078,0.0,0.0,1.60,-0.410,0.130,-9.450,0.00000,0
27.088,0.0,0.0,1.60,-0.410,0.130,-9.450,0.00000,0
27.098,0.0,0.0,1.60,-0.410,0.130,-9.450,0.00000,0
27.108,0.0,0.0,1.60,-0.410,0.130,-9.450,0.00000,0
27.118,0.0,0.0,1.60,-0.410,0.130,-9.450,0.00000,0
27.128,0.0,0.0,1.60,-0.410,0.130,-9.450,0.00000,0
27.139,0.0,0.0,1.60,-0.410,0.130,-9.450,0.00000,0
27.149,0.0,0.0,1.60,-0.410,0.130,-9.450,0.00000,0
27.159,0.0,0.0,1.60,-0.410,0.130,-9.450,0.00000,0
27.169,0.0,0.0,1.60,-0.410,0.130,-9.450,0.00000,0
27.179,0.0,0.0,1.60,-0.410,0.130,-9.450,0.00000,0
27.189,0.0,0.0,1.60,-0.410,0.130,-9.450,0.00000,0
27.199,0.0,0.0,1.60,-0.410,0.130,-9.450,0.00000,0
27.210,0.0,0.0,1.60,-0.410,0.130,-9.450,0.00000,0
27.220,0.0,0.0,1.60,-0.410,0.130,-9.450,0.00000,0
27.230,0.0,0.0,1.60,-0.410,0.130,-9.450,0.00000,0
27.240,0.0,0.0,1.60,-0.410,0.130,-9.450,0.00000,0
27.250,0.0,0.0,1.60,-0.410,0.130,-9.450,0.00000,0
27.260,0.0,0.0,1.60,-0.410,0.130,-9.450,0.00000,0
27.270,0.0,0.0,1.60,-0.410,0.130,-9.450,0.00000,0
27.281,0.0,0.0,1.60,-0.410,0.130,-9.450,0.00000,0
27.291,0.0,0.0,1.60,-0.410,0.130,-9.450,0.00000,0
27.301,0.0,0.0,1.60,-0.410,0.130,-9.450,0.00000,0
27.311,0.0,0.0,1.60,-0.410,0.130,-9.450,0.00000,0
27.321,0.0,0.0,1.60,-0.410,0.130,-9.450,0.00000,0
27.331,0.0,0.0,1.60,-0.410,0.130,-9.450,0.00000,0
27.342,0.0,0.0,1.60,-0.410,0.130,-9.450,0.00000,0
27.352,0.0,0.0,1.60,-0.410,0.130,-9.450,0.00000,0
27.362,0.0,0.0,1.60,-0.410,0.130,-9.450,0.00000,0
27.372,0.0,0.0,1.60,-0.410,0.130,-9.450,0.00000,0
27.382,0.0,0.0,1.60,-0.410,0.130,-9.450,0.00000,0
27.392,0.0,0.0,1.60,-0.410,0.130,-9.450,0.00000,0
27.402,0.0,0.0,1.60,-0.410,0.130,-9.450,0.00000,0
27.413,0.0,0.0,1.60,-0.410,0.130,-9.450,0.00000,0
27.423,0.0,0.0,1.60,-0.410,0.130,-9.450,0.00000,0
27.433,0.0,0.0,1.60,-0.410,0.130,-9.450,0.00000,0
27.443,0.0,0.0,1.60,-0.410,0.130,-9.450,0.00000,0
27.453,0.0,0.0,1.60,-0.410,0.130,-9.450,0.00000,0
27.463,0.0,0.0,1.60,-0.410,0.130,-9.450,0.00000,0
27.473,0.0,0.0,1.60,-0.410,0.130,-9.450,0.00000,0
27.484,0.0,0.0,1.60,-0.410,0.130,-9.450,0.00000,0
27.494,0.0,0.0,1.60,-0.410,0.130,-9.450,0.00000,0
27.504,0.0,0.0,1.60,-0.410,0.130,-9.450,0.00000,0
27.514,0.0,0.0,1.60,-0.410,0.130,-9.450,0.00000,0
27.524,0.0,0.0,1.60,-0.410,0.130,-9.450,0.00000,0
27.534,0.0,0.0,1.60,-0.410,0.130,-9.450,0.00000,0
27.544,0.0,0.0,1.60,-0.410,0.130,-9.450,0.00000,0
27.554,0.0,0.0,1.60,-0.410,0.130,-9.450,0.00000,0
27.565,0.0,0.0,1.60,-0.410,0.130,-9.450,0.00000,0
27.575,0.0,0.0,1.60,-0.410,0.130,-9.450,0.00000,0
27.585,0.0,0.0,1.60,-0.410,0.130,-9.450,0.00000,0
27.595,0.0,0.0,1.60,-0.410,0.130,-9.450,0.00000,0
27.605,0.0,0.0,1.60,-0.410,0.130,-9.450,0.00000,0
27.615,0.0,0.0,1.60,-0.410,0.130,-9.450,0.00000,0
27.625,0.0,0.0,1.60,-0.410,0.130,-9.450,0.00000,0
27.636,0.0,0.0,1.60,-0.410,0.130,-9.450,0.00000,0
27.646,0.0,0.0,1.60,-0.410,0.130,-9.450,0.00000,0
27.656,0.0,0.0,1.60,-0.410,0.130,-9.450,0.00000,0
27.666,0.0,0.0,1.60,-0.410,0.130,-9.450,0.00000,0
27.676,0.0,0.0,1.60,-0.410,0.130,-9.450,0.00000,0
27.686,0.0,0.0,1.60,-0.410,0.130,-9.450,0.00000,0
27.696,0.0,0.0,1.60,-0.410,0.130,-9.450,0.00000,0
27.707,0.0,0.0,1.60,-0.410,0.130,-9.450,0.00000,0
27.717,0.0,0.0,1.60,-0.410,0.130,-9.450,0.00000,0
27.727,0.0,0.0,1.60,-0.410,0.130,-9.450,0.00000,0
27.737,0.0,0.0,1.60,-0.410,0.130,-9.450,0.00000,0
27.747,0.0,0.0,1.60,-0.410,0.130,-9.450,0.00000,0
27.757,0.0,0.0,1.60,-0.410,0.130,-9.450,0.00000,0
27.767,0.0,0.0,1.60,-0.410,0.130,-9.450,0.00000,0
27.777,0.0,0.0,1.60,-0.410,0.130,-9.450,0.00000,0
27.788,0.0,0.0,1.60,-0.410,0.130,-9.450,0.00000,0
27.798,0.0,0.0,1.60,-0.410,0.130,-9.450,0.00000,0
27.808,0.0,0.0,1.60,-0.410,0.130,-9.450,0.00000,0
27.818,0.0,0.0,1.60,-0.410,0.130,-9.450,0.00000,0
27.828,0.0,0.0,1.60,-0.410,0.130,-9.450,0.00000,0
27.838,0.0,0.0,1.60,-0.410,0.130,-9.450,0.00000,0
27.848,0.0,0.0,1.60,-0.410,0.130,-9.450,0.00000,0
27.859,0.0,0.0,1.60,-0.410,0.130,-9.450,0.00000,0
27.869,0.0,0.0,1.60,-0.410,0.130,-9.450,0.00000,0
27.879,0.0,0.0,1.60,-0.410,0.130,-9.450,0.00000,0
27.889,0.0,0.0,1.60,-0.410,0.130,-9.450,0.00000,0
27.899,0.0,0.0,1.60,-0.410,0.130,-9.450,0.00000,0
27.909,0.0,0.0,1.60,-0.410,0.130,-9.450,0.00000,0
27.920,0.0,0.0,1.60,-0.410,0.130,-9.450,0.00000,0
27.930,0.0,0.0,1.60,-0.410,0.130,-9.450,0.00000,0
27.940,0.0,0.0,1.60,-0.410,0.130,-9.450,0.00000,0
27.950,0.0,0.0,1.60,-0.410,0.130,-9.450,0.00000,0
27.960,0.0,0.0,1.60,-0.410,0.130,-9.450,0.00000,0
27.971,0.0,0.0,1.60,-0.410,0.130,-9.450,0.00000,0
27.981,0.0,0.0,1.60,-0.410,0.130,-9.450,0.00000,0
27.991,0.0,0.0,1.60,-0.410,0.130,-9.450,0.00000,0
28.001,0.0,0.0,1.60,-0.410,0.130,-9.450,0.00000,0
28.012,0.0,0.0,1.60,-0.410,0.130,-9.450,0.00000,0
28.022,0.0,0.0,1.60,-0.410,0.130,-9.450,0.00000,0
28.032,0.0,0.0,1.60,-0.410,0.130,-9.450,0.00000,0
28.042,0.0,0.0,1.60,-0.410,0.130,-9.450,0.00000,0
28.052,0.0,0.0,1.60,-0.410,0.130,-9.450,0.00000,0
28.062,0.0,0.0,1.60,-0.410,0.130,-9.450,0.00000,0
28.072,0.0,0.0,1.60,-0.410,0.130,-9.450,0.00000,0
28.083,0.0,0.0,1.60,-0.410,0.130,-9.450,0.00000,0
28.093,0.0,0.0,1.60,-0.410,0.130,-9.450,0.00000,0
28.103,0.0,0.0,1.60,-0.410,0.130,-9.450,0.00000,0
28.113,0.0,0.0,1.60,-0.410,0.130,-9.450,0.00000,0
28.123,0.0,0.0,1.60,-0.410,0.130,-9.450,0.00000,0
28.133,0.0,0.0,1.60,-0.410,0.130,-9.450,0.00000,0
28.143,0.0,0.0,1.60,-0.410,0.130,-9.450,0.00000,0
28.154,0.0,0.0,1.60,-0.410,0.130,-9.450,0.00000,0
28.164,0.0,0.0,1.60,-0.410,0.130,-9.450,0.00000,0
28.174,0.0,0.0,1.60,-0.410,0.130,-9.450,0.00000,0
28.184,0.0,0.0,1.60,-0.410,0.130,-9.450,0.00000,0
28.194,0.0,0.0,1.60,-0.410,0.130,-9.450,0.00000,0
28.204,0.0,0.0,1.60,-0.410,0.130,-9.450,0.00000,0
28.214,0.0,0.0,1.60,-0.410,0.130,-9.450,0.00000,0
28.225,0.0,0.0,1.60,-0.410,0.130,-9.450,0.00000,0
28.235,0.0,0.0,1.60,-0.410,0.130,-9.450,0.00000,0
28.245,0.0,0.0,1.60,-0.410,0.130,-9.450,0.00000,0
28.255,0.0,0.0,1.60,-0.410,0.130,-9.450,0.00000,0
28.265,0.0,0.0,1.60,-0.410,0.130,-9.450,0.00000,0
28.275,0.0,0.0,1.60,-0.410,0.130,-9.450,0.00000,0
28.285,0.0,0.0,1.60,-0.410,0.130,-9.450,0.00000,0
28.296,0.0,0.0,1.60,-0.410,0.130,-9.450,0.00000,0
28.306,0.0,0.0,1.60,-0.410,0.130,-9.450,0.00000,0
28.316,0.0,0.0,1.60,-0.410,0.130,-9.450,0.00000,0
28.326,0.0,0.0,1.60,-0.410,0.130,-9.450,0.00000,0
28.336,0.0,0.0,1.60,-0.410,0.130,-9.450,0.00000,0
28.346,0.0,0.0,1.60,-0.410,0.130,-9.450,0.00000,0
28.356,0.0,0.0,1.60,-0.410,0.130,-9.450,0.00000,0
28.367,0.0,0.0,1.60,-0.410,0.130,-9.450,0.00000,0
28.377,0.0,0.0,1.60,-0.410,0.130,-9.450,0.00000,0
28.387,0.0,0.0,1.60,-0.410,0.130,-9.450,0.00000,0
28.397,0.0,0.0,1.60,-0.410,0.130,-9.450,0.00000,0
28.407,0.0,0.0,1.60,-0.410,0.130,-9.450,0.00000,0
28.417,0.0,0.0,1.60,-0.410,0.130,-9.450,0.00000,0
28.428,0.0,0.0,1.60,-0.410,0.130,-9.450,0.00000,0
28.438,0.0,0.0,1.60,-0.410,0.130,-9.450,0.00000,0
28.448,0.0,0.0,1.60,-0.410,0.130,-9.450,0.00000,0
28.458,0.0,0.0,1.60,-0.410,0.130,-9.450,0.00000,0
28.468,0.0,0.0,1.60,-0.410,0.130,-9.450,0.00000,0
28.478,0.0,0.0,1.60,-0.410,0.130,-9.450,0.00000,0
28.488,0.0,0.0,1.60,-0.410,0.130,-9.450,0.00000,0
28.499,0.0,0.0,1.60,-0.410,0.130,-9.450,0.00000,0
28.509,0.0,0.0,1.60,-0.410,0.130,-9.450,0.00000,0
28.519,0.0,0.0,1.60,-0.410,0.130,-9.450,0.00000,0
28.529,0.0,0.0,1.60,-0.410,0.130,-9.450,0.00000,0
28.539,0.0,0.0,1.60,-0.410,0.130,-9.450,0.00000,0
28.549,0.0,0.0,1.60,-0.410,0.130,-9.450,0.00000,0
28.559,0.0,0.0,1.60,-0.410,0.130,-9.450,0.00000,0
28.569,0.0,0.0,1.60,-0.410,0.130,-9.450,0.00000,0
28.580,0.0,0.0,1.60,-0.410,0.130,-9.450,0.00000,0
28.590,0.0,0.0,1.60,-0.410,0.130,-9.450,0.00000,0
28.600,0.0,0.0,1.60,-0.410,0.130,-9.450,0.00000,0
28.610,0.0,0.0,1.60,-0.410,0.130,-9.450,0.00000,0
28.620,0.0,0.0,1.60,-0.410,0.130,-9.450,0.00000,0
28.630,0.0,0.0,1.60,-0.410,0.130,-9.450,0.00000,0
28.640,0.0,0.0,1.60,-0.410,0.130,-9.450,0.00000,0
28.650,0.0,0.0,1.60,-0.410,0.130,-9.450,0.00000,0
28.661,0.0,0.0,1.60,-0.410,0.130,-9.450,0.00000,0
28.671,0.0,0.0,1.60,-0.410,0.130,-9.450,0.00000,0
28.681,0.0,0.0,1.60,-0.410,0.130,-9.450,0.00000,0
28.691,0.0,0.0,1.60,-0.410,0.130,-9.450,0.00000,0
28.701,0.0,0.0,1.60,-0.410,0.130,-9.450,0.00000,0
28.711,0.0,0.0,1.60,-0.410,0.130,-9.450,0.00000,0
28.722,0.0,0.0,1.60,-0.410,0.130,-9.450,0.00000,0
28.732,0.0,0.0,1.60,-0.410,0.130,-9.450,0.00000,0
28.742,0.0,0.0,1.60,-0.410,0.130,-9.450,0.00000,0
28.753,0.0,0.0,1.60,-0.410,0.130,-9.450,0.00000,0
28.763,0.0,0.0,1.60,-0.410,0.130,-9.450,0.00000,0
28.773,0.0,0.0,1.60,-0.410,0.130,-9.450,0.00000,0
28.783,0.0,0.0,1.60,-0.410,0.130,-9.450,0.00000,0
28.793,0.0,0.0,1.60,-0.410,0.130,-9.450,0.00000,0
28.803,0.0,0.0,1.60,-0.410,0.130,-9.450,0.00000,0
28.813,0.0,0.0,1.60,-0.410,0.130,-9.450,0.00000,0
28.824,0.0,0.0,1.60,-0.410,0.130,-9.450,0.00000,0
28.834,0.0,0.0,1.60,-0.410,0.130,-9.450,0.00000,0
28.844,0.0,0.0,1.60,-0.410,0.130,-9.450,0.00000,0
28.854,0.0,0.0,1.60,-0.410,0.130,-9.450,0.00000,0
28.864,0.0,0.0,1.60,-0.410,0.130,-9.450,0.00000,0
28.874,0.0,0.0,1.60,-0.410,0.130,-9.450,0.00000,0
28.885,0.0,0.0,1.60,-0.410,0.130,-9.450,0.00000,0
28.895,0.0,0.0,1.60,-0.410,0.130,-9.450,0.00000,0
28.905,0.0,0.0,1.60,-0.410,0.130,-9.450,0.00000,0
28.915,0.0,0.0,1.60,-0.410,0.130,-9.450,0.00000,0
28.925,0.0,0.0,1.60,-0.410,0.130,-9.450,0.00000,0
28.935,0.0,0.0,1.60,-0.410,0.130,-9.450,0.00000,0
28.945,0.0,0.0,1.60,-0.410,0.130,-9.450,0.00000,0
28.955,0.0,0.0,1.60,-0.410,0.130,-9.450,0.00000,0
28.966,0.0,0.0,1.60,-0.410,0.130,-9.450,0.00000,0
28.976,0.0,0.0,1.60,-0.410,0.130,-9.450,0.00000,0
28.986,0.0,0.0,1.60,-0.410,0.130,-9.450,0.00000,0
28.996,0.0,0.0,1.60,-0.410,0.130,-9.450,0.00000,0
29.006,0.0,0.0,1.60,-0.410,0.130,-9.450,0.00000,0
29.016,0.0,0.0,1.60,-0.410,0.130,-9.450,0.00000,0
29.026,0.0,0.0,1.60,-0.410,0.130,-9.450,0.00000,0
29.037,0.0,0.0,1.60,-0.410,0.130,-9.450,0.00000,0
29.047,0.0,0.0,1.60,-0.410,0.130,-9.450,0.00000,0
29.057,0.0,0.0,1.60,-0.410,0.130,-9.450,0.00000,0
29.067,0.0,0.0,1.60,-0.410,0.130,-9.450,0.00000,0
29.077,0.0,0.0,1.60,-0.410,0.130,-9.450,0.00000,0
29.087,0.0,0.0,1.60,-0.410,0.130,-9.450,0.00000,0
29.097,0.0,0.0,1.60,-0.410,0.130,-9.450,0.00000,0
29.108,0.0,0.0,1.60,-0.410,0.130,-9.450,0.00000,0
29.118,0.0,0.0,1.60,-0.410,0.130,-9.450,0.00000,0
29.128,0.0,0.0,1.60,-0.410,0.130,-9.450,0.00000,0
29.138,0.0,0.0,1.60,-0.410,0.130,-9.450,0.00000,0
29.148,0.0,0.0,1.60,-0.410,0.130,-9.450,0.00000,0
29.158,0.0,0.0,1.60,-0.410,0.130,-9.450,0.00000,0
29.168,0.0,0.0,1.60,-0.410,0.130,-9.450,0.00000,0
29.178,0.0,0.0,1.60,-0.410,0.130,-9.450,0.00000,0
29.189,0.0,0.0,1.60,-0.410,0.130,-9.450,0.00000,0
29.199,0.0,0.0,1.60,-0.410,0.130,-9.450,0.00000,0
29.209,0.0,0.0,1.60,-0.410,0.130,-9.450,0.00000,0
29.219,0.0,0.0,1.60,-0.410,0.130,-9.450,0.00000,0
29.229,0.0,0.0,1.60,-0.410,0.130,-9.450,0.00000,0
29.239,0.0,0.0,1.60,-0.410,0.130,-9.450,0.00000,0
29.249,0.0,0.0,1.60,-0.410,0.130,-9.450,0.00000,0
29.260,0.0,0.0,1.60,-0.410,0.130,-9.450,0.00000,0
29.270,0.0,0.0,1.60,-0.410,0.130,-9.450,0.00000,0
29.280,0.0,0.0,1.60,-0.410,0.130,-9.450,0.00000,0
29.290,0.0,0.0,1.60,-0.410,0.130,-9.450,0.00000,0
29.300,0.0,0.0,1.60,-0.410,0.130,-9.450,0.00000,0
29.310,0.0,0.0,1.60,-0.410,0.130,-9.450,0.00000,0
29.320,0.0,0.0,1.60,-0.410,0.130,-9.450,0.00000,0
29.330,0.0,0.0,1.60,-0.410,0.130,-9.450,0.00000,0
29.341,0.0,0.0,1.60,-0.410,0.130,-9.450,0.00000,0
29.351,0.0,0.0,1.60,-0.410,0.130,-9.450,0.00000,0
29.361,0.0,0.0,1.60,-0.410,0.130,-9.450,0.00000,0
29.371,0.0,0.0,1.60,-0.410,0.130,-9.450,0.00000,0
29.381,0.0,0.0,1.60,-0.410,0.130,-9.450,0.00000,0
29.391,0.0,0.0,1.60,-0.410,0.130,-9.450,0.00000,0
29.401,0.0,0.0,1.60,-0.410,0.130,-9.450,0.00000,0
29.412,0.0,0.0,1.60,-0.410,0.130,-9.450,0.00000,0
29.422,0.0,0.0,1.60,-0.410,0.130,-9.450,0.00000,0
29.432,0.0,0.0,1.60,-0.410,0.130,-9.450,0.00000,0
29.442,0.0,0.0,1.60,-0.410,0.130,-9.450,0.00000,0
29.452,0.0,0.0,1.60,-0.410,0.130,-9.450,0.00000,0
29.462,0.0,0.0,1.60,-0.410,0.130,-9.450,0.00000,0
29.473,0.0,0.0,1.60,-0.410,0.130,-9.450,0.00000,0
29.484,0.0,0.0,1.60,-0.410,0.130,-9.450,0.00000,0
29.494,0.0,0.0,1.60,-0.410,0.130,-9.450,0.00000,0
29.504,0.0,0.0,1.60,-0.410,0.130,-9.450,0.00000,0
29.514,0.0,0.0,1.60,-0.410,0.130,-9.450,0.00000,0
29.524,0.0,0.0,1.60,-0.410,0.130,-9.450,0.00000,0
29.534,0.0,0.0,1.60,-0.410,0.130,-9.450,0.00000,0
29.544,0.0,0.0,1.60,-0.410,0.130,-9.450,0.00000,0
29.555,0.0,0.0,1.60,-0.410,0.130,-9.450,0.00000,0
29.565,0.0,0.0,1.60,-0.410,0.130,-9.450,0.00000,0
29.575,0.0,0.0,1.60,-0.410,0.130,-9.450,0.00000,0
29.585,0.0,0.0,1.60,-0.410,0.130,-9.450,0.00000,0
29.595,0.0,0.0,1.60,-0.410,0.130,-9.450,0.00000,0
29.605,0.0,0.0,1.60,-0.410,0.130,-9.450,0.00000,0
29.615,0.0,0.0,1.60,-0.410,0.130,-9.450,0.00000,0
29.626,0.0,0.0,1.60,-0.410,0.130,-9.450,0.00000,0
29.636,0.0,0.0,1.60,-0.410,0.130,-9.450,0.00000,0
29.646,0.0,0.0,1.60,-0.410,0.130,-9.450,0.00000,0
29.656,0.0,0.0,1.60,-0.410,0.130,-9.450,0.00000,0
29.666,0.0,0.0,1.60,-0.410,0.130,-9.450,0.00000,0
29.676,0.0,0.0,1.60,-0.410,0.130,-9.450,0.00000,0
29.686,0.0,0.0,1.60,-0.410,0.130,-9.450,0.00000,0
29.697,0.0,0.0,1.60,-0.410,0.130,-9.450,0.00000,0
29.707,0.0,0.0,1.60,-0.410,0.130,-9.450,0.00000,0
29.717,0.0,0.0,1.60,-0.410,0.130,-9.450,0.00000,0
29.727,0.0,0.0,1.60,-0.410,0.130,-9.450,0.00000,0
29.737,0.0,0.0,1.60,-0.410,0.130,-9.450,0.00000,0
29.747,0.0,0.0,1.60,-0.410,0.130,-9.450,0.00000,0
29.757,0.0,0.0,1.60,-0.410,0.130,-9.450,0.00000,0
29.768,0.0,0.0,1.60,-0.410,0.130,-9.450,0.00000,0
29.778,0.0,0.0,1.60,-0.410,0.130,-9.450,0.00000,0
29.788,0.0,0.0,1.60,-0.410,0.130,-9.450,0.00000,0
29.798,0.0,0.0,1.60,-0.410,0.130,-9.450,0.00000,0
29.808,0.0,0.0,1.60,-0.410,0.130,-9.450,0.00000,0
29.818,0.0,0.0,1.60,-0.410,0.130,-9.450,0.00000,0
29.828,0.0,0.0,1.60,-0.410,0.130,-9.450,0.00000,0
29.839,0.0,0.0,1.60,-0.410,0.130,-9.450,0.00000,0
29.849,0.0,0.0,1.60,-0.410,0.130,-9.450,0.00000,0
29.859,0.0,0.0,1.60,-0.410,0.130,-9.450,0.00000,0
29.869,0.0,0.0,1.60,-0.410,0.130,-9.450,0.00000,0
29.879,0.0,0.0,1.60,-0.410,0.130,-9.450,0.00000,0
29.889,0.0,0.0,1.60,-0.410,0.130,-9.450,0.00000,0
29.899,0.0,0.0,1.60,-0.410,0.130,-9.450,0.00000,0
29.909,0.0,0.0,1.60,-0.410,0.130,-9.450,0.00000,0
29.920,0.0,0.0,1.60,-0.410,0.130,-9.450,0.00000,0
29.930,0.0,0.0,1.60,-0.410,0.130,-9.450,0.00000,0
29.940,0.0,0.0,1.60,-0.410,0.130,-9.450,0.00000,0
29.950,0.0,0.0,1.60,-0.410,0.130,-9.450,0.00000,0
29.960,0.0,0.0,1.60,-0.410,0.130,-9.450,0.00000,0
29.970,0.0,0.0,1.60,-0.410,0.130,-9.450,0.00000,0
29.980,0.0,0.0,1.60,-0.410,0.130,-9.450,0.00000,0
29.990,0.0,0.0,1.60,-0.410,0.130,-9.450,0.00000,0
30.001,0.0,0.0,1.60,-0.410,0.130,-9.450,0.00000,0
30.011,0.0,0.0,1.60,-0.410,0.130,-9.450,0.00000,0
30.021,0.0,0.0,1.60,-0.410,0.130,-9.450,0.00000,0
30.031,0.0,0.0,1.60,-0.410,0.130,-9.450,0.00000,0
30.041,0.0,0.0,1.60,-0.410,0.130,-9.450,0.00000,0
30.051,0.0,0.0,1.60,-0.410,0.130,-9.450,0.00000,0
30.061,0.0,0.0,1.60,-0.410,0.130,-9.450,0.00000,0
30.071,0.0,0.0,1.60,-0.410,0.130,-9.450,0.00000,0
30.082,0.0,0.0,1.60,-0.410,0.130,-9.450,0.00000,0
30.092,0.0,0.0,1.60,-0.410,0.130,-9.450,0.00000,0
30.102,0.0,0.0,1.60,-0.410,0.130,-9.450,0.00000,0
30.112,0.0,0.0,1.60,-0.410,0.130,-9.450,0.00000,0
30.122,0.0,0.0,1.60,-0.410,0.130,-9.450,0.00000,0
30.132,0.0,0.0,1.60,-0.410,0.130,-9.450,0.00000,0
30.142,0.0,0.0,1.60,-0.410,0.130,-9.450,0.00000,0
30.153,0.0,0.0,1.60,-0.410,0.130,-9.450,0.00000,0
30.163,0.0,0.0,1.60,-0.410,0.130,-9.450,0.00000,0
30.173,0.0,0.0,1.60,-0.410,0.130,-9.450,0.00000,0
30.183,0.0,0.0,1.60,-0.410,0.130,-9.450,0.00000,0
30.193,0.0,0.0,1.60,-0.410,0.130,-9.450,0.00000,0
30.203,0.0,0.0,1.60,-0.410,0.130,-9.450,0.00000,0
30.213,0.0,0.0,1.60,-0.410,0.130,-9.450,0.00000,0
30.223,0.0,0.0,1.60,-0.410,0.130,-9.450,0.00000,0
30.234,0.0,0.0,1.60,-0.410,0.130,-9.450,0.00000,0
30.244,0.0,0.0,1.60,-0.410,0.130,-9.450,0.00000,0
30.254,0.0,0.0,1.60,-0.410,0.130,-9.450,0.00000,0
30.264,0.0,0.0,1.60,-0.410,0.130,-9.450,0.00000,0
30.275,0.0,0.0,1.60,-0.410,0.130,-9.450,0.00000,0
30.285,0.0,0.0,1.60,-0.410,0.130,-9.450,0.00000,0
30.295,0.0,0.0,1.60,-0.410,0.130,-9.450,0.00000,0
30.305,0.0,0.0,1.60,-0.410,0.130,-9.450,0.00000,0
30.316,0.0,0.0,1.60,-0.410,0.130,-9.450,0.00000,0
30.326,0.0,0.0,1.60,-0.410,0.130,-9.450,0.00000,0
30.336,0.0,0.0,1.60,-0.410,0.130,-9.450,0.00000,0
30.346,0.0,0.0,1.60,-0.410,0.130,-9.450,0.00000,0
30.356,0.0,0.0,1.60,-0.410,0.130,-9.450,0.00000,0
30.366,0.0,0.0,1.60,-0.410,0.130,-9.450,0.00000,0
30.376,0.0,0.0,1.60,-0.410,0.130,-9.450,0.00000,0
30.387,0.0,0.0,1.60,-0.410,0.130,-9.450,0.00000,0
30.397,0.0,0.0,1.60,-0.410,0.130,-9.450,0.00000,0
30.407,0.0,0.0,1.60,-0.410,0.130,-9.450,0.00000,0
30.417,0.0,0.0,1.60,-0.410,0.130,-9.450,0.00000,0
30.427,0.0,0.0,1.60,-0.410,0.130,-9.450,0.00000,0
30.437,0.0,0.0,1.60,-0.410,0.130,-9.450,0.00000,0
30.448,0.0,0.0,1.60,-0.410,0.130,-9.450,0.00000,0
30.458,0.0,0.0,1.60,-0.410,0.130,-9.450,0.00000,0
30.468,0.0,0.0,1.60,-0.410,0.130,-9.450,0.00000,0
30.478,0.0,0.0,1.60,-0.410,0.130,-9.450,0.00000,0
30.488,0.0,0.0,1.60,-0.410,0.130,-9.450,0.00000,0
30.498,0.0,0.0,1.60,-0.410,0.130,-9.450,0.00000,0
30.508,0.0,0.0,1.60,-0.410,0.130,-9.450,0.00000,0
30.519,0.0,0.0,1.60,-0.410,0.130,-9.450,0.00000,0
30.529,0.0,0.0,1.60,-0.410,0.130,-9.450,0.00000,0
30.539,0.0,0.0,1.60,-0.410,0.130,-9.450,0.00000,0
30.549,0.0,0.0,1.60,-0.410,0.130,-9.450,0.00000,0
30.559,0.0,0.0,1.60,-0.410,0.130,-9.450,0.00000,0
30.569,0.0,0.0,1.60,-0.410,0.130,-9.450,0.00000,0
30.579,0.0,0.0,1.60,-0.410,0.130,-9.450,0.00000,0
30.590,0.0,0.0,1.60,-0.410,0.130,-9.450,0.00000,0
30.600,0.0,0.0,1.60,-0.410,0.130,-9.450,0.00000,0
30.610,0.0,0.0,1.60,-0.410,0.130,-9.450,0.00000,0
30.620,0.0,0.0,1.60,-0.410,0.130,-9.450,0.00000,0
30.630,0.0,0.0,1.60,-0.410,0.130,-9.450,0.00000,0
30.640,0.0,0.0,1.60,-0.410,0.130,-9.450,0.00000,0
30.650,0.0,0.0,1.60,-0.410,0.130,-9.450,0.00000,0
30.660,0.0,0.0,1.60,-0.410,0.130,-9.450,0.00000,0
30.671,0.0,0.0,1.60,-0.410,0.130,-9.450,0.00000,0
30.681,0.0,0.0,1.60,-0.410,0.130,-9.450,0.00000,0
30.691,0.0,0.0,1.60,-0.410,0.130,-9.450,0.00000,0
30.701,0.0,0.0,1.60,-0.410,0.130,-9.450,0.00000,0
30.711,0.0,0.0,1.60,-0.410,0.130,-9.450,0.00000,0
30.721,0.0,0.0,1.60,-0.410,0.130,-9.450,0.00000,0
30.731,0.0,0.0,1.60,-0.410,0.130,-9.450,0.00000,0
30.741,0.0,0.0,1.60,-0.410,0.130,-9.450,0.00000,0
30.752,0.0,0.0,1.60,-0.410,0.130,-9.450,0.00000,0
30.762,0.0,0.0,1.60,-0.410,0.130,-9.450,0.00000,0
30.772,0.0,0.0,1.60,-0.410,0.130,-9.450,0.00000,0
30.782,0.0,0.0,1.60,-0.410,0.130,-9.450,0.00000,0
30.792,0.0,0.0,1.60,-0.410,0.130,-9.450,0.00000,0
30.802,0.0,0.0,1.60,-0.410,0.130,-9.450,0.00000,0
30.812,0.0,0.0,1.60,-0.410,0.130,-9.450,0.00000,0
30.822,0.0,0.0,1.60,-0.410,0.130,-9.450,0.00000,0
30.833,0.0,0.0,1.60,-0.410,0.130,-9.450,0.00000,0
30.843,0.0,0.0,1.60,-0.410,0.130,-9.450,0.00000,0
30.853,0.0,0.0,1.60,-0.410,0.130,-9.450,0.00000,0
30.863,0.0,0.0,1.60,-0.410,0.130,-9.450,0.00000,0
30.873,0.0,0.0,1.60,-0.410,0.130,-9.450,0.00000,0
30.883,0.0,0.0,1.60,-0.410,0.130,-9.450,0.00000,0
30.893,0.0,0.0,1.60,-0.410,0.130,-9.450,0.00000,0
30.904,0.0,0.0,1.60,-0.410,0.130,-9.450,0.00000,0
30.914,0.0,0.0,1.60,-0.410,0.130,-9.450,0.00000,0
30.924,0.0,0.0,1.60,-0.410,0.130,-9.450,0.00000,0
30.934,0.0,0.0,1.60,-0.410,0.130,-9.450,0.00000,0
30.944,0.0,0.0,1.60,-0.410,0.130,-9.450,0.00000,0
30.954,0.0,0.0,1.60,-0.410,0.130,-9.450,0.00000,0
30.964,0.0,0.0,1.60,-0.410,0.130,-9.450,0.00000,0
30.974,0.0,0.0,1.60,-0.410,0.130,-9.450,0.00000,0
30.985,0.0,0.0,1.60,-0.410,0.130,-9.450,0.00000,0
30.995,0.0,0.0,1.60,-0.410,0.130,-9.450,0.00000,0
31.005,0.0,0.0,1.60,-0.410,0.130,-9.450,0.00000,0
31.015,0.0,0.0,1.60,-0.410,0.130,-9.450,0.00000,0
31.026,0.0,0.0,1.60,-0.410,0.130,-9.450,0.00000,0
31.036,0.0,0.0,1.60,-0.410,0.130,-9.450,0.00000,0
31.046,0.0,0.0,1.60,-0.410,0.130,-9.450,0.00000,0
31.057,0.0,0.0,1.60,-0.410,0.130,-9.450,0.00000,0
31.067,0.0,0.0,1.60,-0.410,0.130,-9.450,0.00000,0
31.077,0.0,0.0,1.60,-0.410,0.130,-9.450,0.00000,0
31.087,0.0,0.0,1.60,-0.410,0.130,-9.450,0.00000,0
31.097,0.0,0.0,1.60,-0.410,0.130,-9.450,0.00000,0
31.107,0.0,0.0,1.60,-0.410,0.130,-9.450,0.00000,0
31.117,0.0,0.0,1.60,-0.410,0.130,-9.450,0.00000,0
31.128,0.0,0.0,1.60,-0.410,0.130,-9.450,0.00000,0
31.138,0.0,0.0,1.60,-0.410,0.130,-9.450,0.00000,0
31.148,0.0,0.0,1.60,-0.410,0.130,-9.450,0.00000,0
31.158,0.0,0.0,1.60,-0.410,0.130,-9.450,0.00000,0
31.168,0.0,0.0,1.60,-0.410,0.130,-9.450,0.00000,0
31.178,0.0,0.0,1.60,-0.410,0.130,-9.450,0.00000,0
31.188,0.0,0.0,1.60,-0.410,0.130,-9.450,0.00000,0
31.199,0.0,0.0,1.60,-0.410,0.130,-9.450,0.00000,0
31.209,0.0,0.0,1.60,-0.410,0.130,-9.450,0.00000,0
31.219,0.0,0.0,1.60,-0.410,0.130,-9.450,0.00000,0
31.229,0.0,0.0,1.60,-0.410,0.130,-9.450,0.00000,0
31.239,0.0,0.0,1.60,-0.410,0.130,-9.450,0.00000,0
31.249,0.0,0.0,1.60,-0.410,0.130,-9.450,0.00000,0
31.259,0.0,0.0,1.60,-0.410,0.130,-9.450,0.00000,0
31.269,0.0,0.0,1.60,-0.410,0.130,-9.450,0.00000,0
31.280,0.0,0.0,1.60,-0.410,0.130,-9.450,0.00000,0
31.290,0.0,0.0,1.60,-0.410,0.130,-9.450,0.00000,0
31.300,0.0,0.0,1.60,-0.410,0.130,-9.450,0.00000,0
31.310,0.0,0.0,1.60,-0.410,0.130,-9.450,0.00000,0
31.320,0.0,0.0,1.60,-0.410,0.130,-9.450,0.00000,0
31.330,0.0,0.0,1.60,-0.410,0.130,-9.450,0.00000,0
31.340,0.0,0.0,1.60,-0.410,0.130,-9.450,0.00000,0
31.351,0.0,0.0,1.60,-0.410,0.130,-9.450,0.00000,0
31.361,0.0,0.0,1.60,-0.410,0.130,-9.450,0.00000,0
31.371,0.0,0.0,1.60,-0.410,0.130,-9.450,0.00000,0
31.381,0.0,0.0,1.60,-0.410,0.130,-9.450,0.00000,0
31.391,0.0,0.0,1.60,-0.410,0.130,-9.450,0.00000,0
31.401,0.0,0.0,1.60,-0.410,0.130,-9.450,0.00000,0
31.411,0.0,0.0,1.60,-0.410,0.130,-9.450,0.00000,0
31.422,0.0,0.0,1.60,-0.410,0.130,-9.450,0.00000,0
31.432,0.0,0.0,1.60,-0.410,0.130,-9.450,0.00000,0
31.442,0.0,0.0,1.60,-0.410,0.130,-9.450,0.00000,0
31.452,0.0,0.0,1.60,-0.410,0.130,-9.450,0.00000,0
31.462,0.0,0.0,1.60,-0.410,0.130,-9.450,0.00000,0
31.472,0.0,0.0,1.60,-0.410,0.130,-9.450,0.00000,0
31.482,0.0,0.0,1.60,-0.410,0.130,-9.450,0.00000,0
31.493,0.0,0.0,1.60,-0.410,0.130,-9.450,0.00000,0
31.503,0.0,0.0,1.60,-0.410,0.130,-9.450,0.00000,0
31.513,0.0,0.0,1.60,-0.410,0.130,-9.450,0.00000,0
31.523,0.0,0.0,1.60,-0.410,0.130,-9.450,0.00000,0
31.533,0.0,0.0,1.60,-0.410,0.130,-9.450,0.00000,0
31.543,0.0,0.0,1.60,-0.410,0.130,-9.450,0.00000,0
31.553,0.0,0.0,1.60,-0.410,0.130,-9.450,0.00000,0
31.563,0.0,0.0,1.60,-0.410,0.130,-9.450,0.00000,0
31.574,0.0,0.0,1.60,-0.410,0.130,-9.450,0.00000,0
31.584,0.0,0.0,1.60,-0.410,0.130,-9.450,0.00000,0
31.594,0.0,0.0,1.60,-0.410,0.130,-9.450,0.00000,0
31.604,0.0,0.0,1.60,-0.410,0.130,-9.450,0.00000,0
31.614,0.0,0.0,1.60,-0.410,0.130,-9.450,0.00000,0
31.624,0.0,0.0,1.60,-0.410,0.130,-9.450,0.00000,0
31.634,0.0,0.0,1.60,-0.410,0.130,-9.450,0.00000,0
31.645,0.0,0.0,1.60,-0.410,0.130,-9.450,0.00000,0
31.655,0.0,0.0,1.60,-0.410,0.130,-9.450,0.00000,0
31.665,0.0,0.0,1.60,-0.410,0.130,-9.450,0.00000,0
31.675,0.0,0.0,1.60,-0.410,0.130,-9.450,0.00000,0
31.685,0.0,0.0,1.60,-0.410,0.130,-9.450,0.00000,0
31.695,0.0,0.0,1.60,-0.410,0.130,-9.450,0.00000,0
31.705,0.0,0.0,1.60,-0.410,0.130,-9.450,0.00000,0
31.715,0.0,0.0,1.60,-0.410,0.130,-9.450,0.00000,0
31.726,0.0,0.0,1.60,-0.410,0.130,-9.450,0.00000,0
31.736,0.0,0.0,1.60,-0.410,0.130,-9.450,0.00000,0
31.746,0.0,0.0,1.60,-0.410,0.130,-9.450,0.00000,0
31.756,0.0,0.0,1.60,-0.410,0.130,-9.450,0.00000,0
31.766,0.0,0.0,1.60,-0.410,0.130,-9.450,0.00000,0
31.776,0.0,0.0,1.60,-0.410,0.130,-9.450,0.00000,0
31.786,0.0,0.0,1.60,-0.410,0.130,-9.450,0.00000,0
31.797,0.0,0.0,1.60,-0.410,0.130,-9.450,0.00000,0
31.807,0.0,0.0,1.60,-0.410,0.130,-9.450,0.00000,0
31.817,0.0,0.0,1.60,-0.410,0.130,-9.450,0.00000,0
31.827,0.0,0.0,1.60,-0.410,0.130,-9.450,0.00000,0
31.837,0.0,0.0,1.60,-0.410,0.130,-9.450,0.00000,0
31.847,0.0,0.0,1.60,-0.410,0.130,-9.450,0.00000,0
31.857,0.0,0.0,1.60,-0.410,0.130,-9.450,0.00000,0
31.867,0.0,0.0,1.60,-0.410,0.130,-9.450,0.00000,0
31.878,0.0,0.0,1.60,-0.410,0.130,-9.450,0.00000,0
31.888,0.0,0.0,1.60,-0.410,0.130,-9.450,0.00000,0
31.898,0.0,0.0,1.60,-0.410,0.130,-9.450,0.00000,0
31.908,0.0,0.0,1.60,-0.410,0.130,-9.450,0.00000,0
31.918,0.0,0.0,1.60,-0.410,0.130,-9.450,0.00000,0
31.928,0.0,0.0,1.60,-0.410,0.130,-9.450,0.00000,0
31.938,0.0,0.0,1.60,-0.410,0.130,-9.450,0.00000,0
31.949,0.0,0.0,1.60,-0.410,0.130,-9.450,0.00000,0
31.959,0.0,0.0,1.60,-0.410,0.130,-9.450,0.00000,0
31.969,0.0,0.0,1.60,-0.410,0.130,-9.450,0.00000,0
31.979,0.0,0.0,1.60,-0.410,0.130,-9.450,0.00000,0
31.989,0.0,0.0,1.60,-0.410,0.130,-9.450,0.00000,0
31.999,0.0,0.0,1.60,-0.410,0.130,-9.450,0.00000,0
32.009,0.0,0.0,1.60,-0.410,0.130,-9.450,0.00000,0
32.020,0.0,0.0,1.60,-0.410,0.130,-9.450,0.00000,0
32.030,0.0,0.0,1.60,-0.410,0.130,-9.450,0.00000,0
32.040,0.0,0.0,1.60,-0.410,0.130,-9.450,0.00000,0
32.050,0.0,0.0,1.60,-0.410,0.130,-9.450,0.00000,0
32.060,0.0,0.0,1.60,-0.410,0.130,-9.450,0.00000,0
32.070,0.0,0.0,1.60,-0.410,0.130,-9.450,0.00000,0
32.080,0.0,0.0,1.60,-0.410,0.130,-9.450,0.00000,0
32.091,0.0,0.0,1.60,-0.410,0.130,-9.450,0.00000,0
32.101,0.0,0.0,1.60,-0.410,0.130,-9.450,0.00000,0
32.111,0.0,0.0,1.60,-0.410,0.130,-9.450,0.00000,0
32.121,0.0,0.0,1.60,-0.410,0.130,-9.450,0.00000,0
32.131,0.0,0.0,1.60,-0.410,0.130,-9.450,0.00000,0
32.141,0.0,0.0,1.60,-0.410,0.130,-9.450,0.00000,0
32.151,0.0,0.0,1.60,-0.410,0.130,-9.450,0.00000,0
32.162,0.0,0.0,1.60,-0.410,0.130,-9.450,0.00000,0
32.172,0.0,0.0,1.60,-0.410,0.130,-9.450,0.00000,0
32.182,0.0,0.0,1.60,-0.410,0.130,-9.450,0.00000,0
32.192,0.0,0.0,1.60,-0.410,0.130,-9.450,0.00000,0
32.202,0.0,0.0,1.60,-0.410,0.130,-9.450,0.00000,0
32.212,0.0,0.0,1.60,-0.410,0.130,-9.450,0.00000,0
32.222,0.0,0.0,1.60,-0.410,0.130,-9.450,0.00000,0
32.232,0.0,0.0,1.60,-0.410,0.130,-9.450,0.00000,0
32.243,0.0,0.0,1.60,-0.410,0.130,-9.450,0.00000,0
32.253,0.0,0.0,1.60,-0.410,0.130,-9.450,0.00000,0
32.263,0.0,0.0,1.60,-0.410,0.130,-9.450,0.00000,0
32.273,0.0,0.0,1.60,-0.410,0.130,-9.450,0.00000,0
32.283,0.0,0.0,1.60,-0.410,0.130,-9.450,0.00000,0
32.293,0.0,0.0,1.60,-0.410,0.130,-9.450,0.00000,0
32.303,0.0,0.0,1.60,-0.410,0.130,-9.450,0.00000,0
32.314,0.0,0.0,1.60,-0.410,0.130,-9.450,0.00000,0
32.324,0.0,0.0,1.60,-0.410,0.130,-9.450,0.00000,0
32.334,0.0,0.0,1.60,-0.410,0.130,-9.450,0.00000,0
32.344,0.0,0.0,1.60,-0.410,0.130,-9.450,0.00000,0
32.354,0.0,0.0,1.60,-0.410,0.130,-9.450,0.00000,0
32.364,0.0,0.0,1.60,-0.410,0.130,-9.450,0.00000,0
32.374,0.0,0.0,1.60,-0.410,0.130,-9.450,0.00000,0
32.384,0.0,0.0,1.60,-0.410,0.130,-9.450,0.00000,0
32.395,0.0,0.0,1.60,-0.410,0.130,-9.450,0.00000,0
32.405,0.0,0.0,1.60,-0.410,0.130,-9.450,0.00000,0
32.415,0.0,0.0,1.60,-0.410,0.130,-9.450,0.00000,0
32.425,0.0,0.0,1.60,-0.410,0.130,-9.450,0.00000,0
32.435,0.0,0.0,1.60,-0.410,0.130,-9.450,0.00000,0
32.445,0.0,0.0,1.60,-0.410,0.130,-9.450,0.00000,0
32.456,0.0,0.0,1.60,-0.410,0.130,-9.450,0.00000,0
32.466,0.0,0.0,1.60,-0.410,0.130,-9.450,0.00000,0
32.476,0.0,0.0,1.60,-0.410,0.130,-9.450,0.00000,0
32.486,0.0,0.0,1.60,-0.410,0.130,-9.450,0.00000,0
32.496,0.0,0.0,1.60,-0.410,0.130,-9.450,0.00000,0
32.506,0.0,0.0,1.60,-0.410,0.130,-9.450,0.00000,0
32.516,0.0,0.0,1.60,-0.410,0.130,-9.450,0.00000,0
32.526,0.0,0.0,1.60,-0.410,0.130,-9.450,0.00000,0
32.537,0.0,0.0,1.60,-0.410,0.130,-9.450,0.00000,0
32.547,0.0,0.0,1.60,-0.410,0.130,-9.450,0.00000,0
32.557,0.0,0.0,1.60,-0.410,0.130,-9.450,0.00000,0
32.567,0.0,0.0,1.60,-0.410,0.130,-9.450,0.00000,0
32.578,0.0,0.0,1.60,-0.410,0.130,-9.450,0.00000,0
32.589,0.0,0.0,1.60,-0.410,0.130,-9.450,0.00000,0
32.599,0.0,0.0,1.60,-0.410,0.130,-9.450,0.00000,0
32.609,0.0,0.0,1.60,-0.410,0.130,-9.450,0.00000,0
32.619,0.0,0.0,1.60,-0.410,0.130,-9.450,0.00000,0
32.629,0.0,0.0,1.60,-0.410,0.130,-9.450,0.00000,0
32.639,0.0,0.0,1.60,-0.410,0.130,-9.450,0.00000,0
32.650,0.0,0.0,1.60,-0.410,0.130,-9.450,0.00000,0
32.660,0.0,0.0,1.60,-0.410,0.130,-9.450,0.00000,0
32.670,0.0,0.0,1.60,-0.410,0.130,-9.450,0.00000,0
32.680,0.0,0.0,1.60,-0.410,0.130,-9.450,0.00000,0
32.690,0.0,0.0,1.60,-0.410,0.130,-9.450,0.00000,0
32.700,0.0,0.0,1.60,-0.410,0.130,-9.450,0.00000,0
32.710,0.0,0.0,1.60,-0.410,0.130,-9.450,0.00000,0
32.720,0.0,0.0,1.60,-0.410,0.130,-9.450,0.00000,0
32.731,0.0,0.0,1.60,-0.410,0.130,-9.450,0.00000,0
32.741,0.0,0.0,1.60,-0.410,0.130,-9.450,0.00000,0
32.751,0.0,0.0,1.60,-0.410,0.130,-9.450,0.00000,0
32.761,0.0,0.0,1.60,-0.410,0.130,-9.450,0.00000,0
32.771,0.0,0.0,1.60,-0.410,0.130,-9.450,0.00000,0
32.781,0.0,0.0,1.60,-0.410,0.130,-9.450,0.00000,0
32.791,0.0,0.0,1.60,-0.410,0.130,-9.450,0.00000,0
32.802,0.0,0.0,1.60,-0.410,0.130,-9.450,0.00000,0
32.812,0.0,0.0,1.60,-0.410,0.130,-9.450,0.00000,0
32.822,0.0,0.0,1.60,-0.410,0.130,-9.450,0.00000,0
32.832,0.0,0.0,1.60,-0.410,0.130,-9.450,0.00000,0
32.842,0.0,0.0,1.60,-0.410,0.130,-9.450,0.00000,0
32.852,0.0,0.0,1.60,-0.410,0.130,-9.450,0.00000,0
32.862,0.0,0.0,1.60,-0.410,0.130,-9.450,0.00000,0
32.872,0.0,0.0,1.60,-0.410,0.130,-9.450,0.00000,0
32.883,0.0,0.0,1.60,-0.410,0.130,-9.450,0.00000,0
32.893,0.0,0.0,1.60,-0.410,0.130,-9.450,0.00000,0
32.903,0.0,0.0,1.60,-0.410,0.130,-9.450,0.00000,0
32.913,0.0,0.0,1.60,-0.410,0.130,-9.450,0.00000,0
32.923,0.0,0.0,1.60,-0.410,0.130,-9.450,0.00000,0
32.933,0.0,0.0,1.60,-0.410,0.130,-9.450,0.00000,0
32.944,0.0,0.0,1.60,-0.410,0.130,-9.450,0.00000,0
32.954,0.0,0.0,1.60,-0.410,0.130,-9.450,0.00000,0
32.964,0.0,0.0,1.60,-0.410,0.130,-9.450,0.00000,0
32.974,0.0,0.0,1.60,-0.410,0.130,-9.450,0.00000,0
32.984,0.0,0.0,1.60,-0.410,0.130,-9.450,0.00000,0
32.994,0.0,0.0,1.60,-0.410,0.130,-9.450,0.00000,0
33.005,0.0,0.0,1.60,-0.410,0.130,-9.450,0.00000,0
33.015,0.0,0.0,1.60,-0.410,0.130,-9.450,0.00000,0
33.025,0.0,0.0,1.60,-0.410,0.130,-9.450,0.00000,0
33.035,0.0,0.0,1.60,-0.410,0.130,-9.450,0.00000,0
33.045,0.0,0.0,1.60,-0.410,0.130,-9.450,0.00000,0
33.055,0.0,0.0,1.60,-0.410,0.130,-9.450,0.00000,0
33.065,0.0,0.0,1.60,-0.410,0.130,-9.450,0.00000,0
33.076,0.0,0.0,1.60,-0.410,0.130,-9.450,0.00000,0
33.086,0.0,0.0,1.60,-0.410,0.130,-9.450,0.00000,0
33.096,0.0,0.0,1.60,-0.410,0.130,-9.450,0.00000,0
33.106,0.0,0.0,1.60,-0.410,0.130,-9.450,0.00000,0
33.116,0.0,0.0,1.60,-0.410,0.130,-9.450,0.00000,0
33.126,0.0,0.0,1.60,-0.410,0.130,-9.450,0.00000,0
33.136,0.0,0.0,1.60,-0.410,0.130,-9.450,0.00000,0
33.147,0.0,0.0,1.60,-0.410,0.130,-9.450,0.00000,0
33.157,0.0,0.0,1.60,-0.410,0.130,-9.450,0.00000,0
33.167,0.0,0.0,1.60,-0.410,0.130,-9.450,0.00000,0
33.177,0.0,0.0,1.60,-0.410,0.130,-9.450,0.00000,0
33.187,0.0,0.0,1.60,-0.410,0.130,-9.450,0.00000,0
33.197,0.0,0.0,1.60,-0.410,0.130,-9.450,0.00000,0
33.207,0.0,0.0,1.60,-0.410,0.130,-9.450,0.00000,0
33.217,0.0,0.0,1.60,-0.410,0.130,-9.450,0.00000,0
33.228,0.0,0.0,1.60,-0.410,0.130,-9.450,0.00000,0
33.238,0.0,0.0,1.60,-0.410,0.130,-9.450,0.00000,0
33.248,0.0,0.0,1.60,-0.410,0.130,-9.450,0.00000,0
33.258,0.0,0.0,1.60,-0.410,0.130,-9.450,0.00000,0
33.268,0.0,0.0,1.60,-0.410,0.130,-9.450,0.00000,0
33.278,0.0,0.0,1.60,-0.410,0.130,-9.450,0.00000,0
33.288,0.0,0.0,1.60,-0.410,0.130,-9.450,0.00000,0
33.299,0.0,0.0,1.60,-0.410,0.130,-9.450,0.00000,0
33.309,0.0,0.0,1.60,-0.410,0.130,-9.450,0.00000,0
33.319,0.0,0.0,1.60,-0.410,0.130,-9.450,0.00000,0
33.330,0.0,0.0,1.60,-0.410,0.130,-9.450,0.00000,0
33.340,0.0,0.0,1.60,-0.410,0.130,-9.450,0.00000,0
33.350,0.0,0.0,1.60,-0.410,0.130,-9.450,0.00000,0
33.360,0.0,0.0,1.60,-0.410,0.130,-9.450,0.00000,0
33.370,0.0,0.0,1.60,-0.410,0.130,-9.450,0.00000,0
33.380,0.0,0.0,1.60,-0.410,0.130,-9.450,0.00000,0
33.391,0.0,0.0,1.60,-0.410,0.130,-9.450,0.00000,0
33.401,0.0,0.0,1.60,-0.410,0.130,-9.450,0.00000,0
33.411,0.0,0.0,1.60,-0.410,0.130,-9.450,0.00000,0
33.421,0.0,0.0,1.60,-0.410,0.130,-9.450,0.00000,0
33.431,0.0,0.0,1.60,-0.410,0.130,-9.450,0.00000,0
33.441,0.0,0.0,1.60,-0.410,0.130,-9.450,0.00000,0
33.451,0.0,0.0,1.60,-0.410,0.130,-9.450,0.00000,0
33.462,0.0,0.0,1.60,-0.410,0.130,-9.450,0.00000,0
33.472,0.0,0.0,1.60,-0.410,0.130,-9.450,0.00000,0
33.482,0.0,0.0,1.60,-0.410,0.130,-9.450,0.00000,0
33.492,0.0,0.0,1.60,-0.410,0.130,-9.450,0.00000,0
33.502,0.0,0.0,1.60,-0.410,0.130,-9.450,0.00000,0
33.512,0.0,0.0,1.60,-0.410,0.130,-9.450,0.00000,0
33.522,0.0,0.0,1.60,-0.410,0.130,-9.450,0.00000,0
33.533,0.0,0.0,1.60,-0.410,0.130,-9.450,0.00000,0
33.543,0.0,0.0,1.60,-0.410,0.130,-9.450,0.00000,0
33.553,0.0,0.0,1.60,-0.410,0.130,-9.450,0.00000,0
33.563,0.0,0.0,1.60,-0.410,0.130,-9.450,0.00000,0
33.573,0.0,0.0,1.60,-0.410,0.130,-9.450,0.00000,0
33.583,0.0,0.0,1.60,-0.410,0.130,-9.450,0.00000,0
33.593,0.0,0.0,1.60,-0.410,0.130,-9.450,0.00000,0
33.604,0.0,0.0,1.60,-0.410,0.130,-9.450,0.00000,0
33.614,0.0,0.0,1.60,-0.410,0.130,-9.450,0.00000,0
33.624,0.0,0.0,1.60,-0.410,0.130,-9.450,0.00000,0
33.634,0.0,0.0,1.60,-0.410,0.130,-9.450,0.00000,0
33.644,0.0,0.0,1.60,-0.410,0.130,-9.450,0.00000,0
33.654,0.0,0.0,1.60,-0.410,0.130,-9.450,0.00000,0
33.665,0.0,0.0,1.60,-0.410,0.130,-9.450,0.00000,0
33.675,0.0,0.0,1.60,-0.410,0.130,-9.450,0.00000,0
33.685,0.0,0.0,1.60,-0.410,0.130,-9.450,0.00000,0
33.695,0.0,0.0,1.60,-0.410,0.130,-9.450,0.00000,0
33.705,0.0,0.0,1.60,-0.410,0.130,-9.450,0.00000,0
33.715,0.0,0.0,1.60,-0.410,0.130,-9.450,0.00000,0
33.725,0.0,0.0,1.60,-0.410,0.130,-9.450,0.00000,0
33.735,0.0,0.0,1.60,-0.410,0.130,-9.450,0.00000,0
33.746,0.0,0.0,1.60,-0.410,0.130,-9.450,0.00000,0
33.756,0.0,0.0,1.60,-0.410,0.130,-9.450,0.00000,0
33.766,0.0,0.0,1.60,-0.410,0.130,-9.450,0.00000,0
33.776,0.0,0.0,1.60,-0.410,0.130,-9.450,0.00000,0
33.786,0.0,0.0,1.60,-0.410,0.130,-9.450,0.00000,0
33.796,0.0,0.0,1.60,-0.410,0.130,-9.450,0.00000,0
33.807,0.0,0.0,1.60,-0.410,0.130,-9.450,0.00000,0
33.817,0.0,0.0,1.60,-0.410,0.130,-9.450,0.00000,0
33.827,0.0,0.0,1.60,-0.410,0.130,-9.450,0.00000,0
33.837,0.0,0.0,1.60,-0.410,0.130,-9.450,0.00000,0
33.847,0.0,0.0,1.60,-0.410,0.130,-9.450,0.00000,0
33.857,0.0,0.0,1.60,-0.410,0.130,-9.450,0.00000,0
33.867,0.0,0.0,1.60,-0.410,0.130,-9.450,0.00000,0
33.877,0.0,0.0,1.60,-0.410,0.130,-9.450,0.00000,0
33.888,0.0,0.0,1.60,-0.410,0.130,-9.450,0.00000,0
33.898,0.0,0.0,1.60,-0.410,0.130,-9.450,0.00000,0
33.908,0.0,0.0,1.60,-0.410,0.130,-9.450,0.00000,0
33.918,0.0,0.0,1.60,-0.410,0.130,-9.450,0.00000,0
33.928,0.0,0.0,1.60,-0.410,0.130,-9.450,0.00000,0
33.938,0.0,0.0,1.60,-0.410,0.130,-9.450,0.00000,0
33.948,0.0,0.0,1.60,-0.410,0.130,-9.450,0.00000,0
33.958,0.0,0.0,1.60,-0.410,0.130,-9.450,0.00000,0
33.969,0.0,0.0,1.60,-0.410,0.130,-9.450,0.00000,0
33.979,0.0,0.0,1.60,-0.410,0.130,-9.450,0.00000,0
33.989,0.0,0.0,1.60,-0.410,0.130,-9.450,0.00000,0
33.999,0.0,0.0,1.60,-0.410,0.130,-9.450,0.00000,0
34.009,0.0,0.0,1.60,-0.410,0.130,-9.450,0.00000,0
34.019,0.0,0.0,1.60,-0.410,0.130,-9.450,0.00000,0
34.029,0.0,0.0,1.60,-0.410,0.130,-9.450,0.00000,0
34.039,0.0,0.0,1.60,-0.410,0.130,-9.450,0.00000,0
34.050,0.0,0.0,1.60,-0.410,0.130,-9.450,0.00000,0
34.060,0.0,0.0,1.60,-0.410,0.130,-9.450,0.00000,0
34.070,0.0,0.0,1.60,-0.410,0.130,-9.450,0.00000,0
34.080,0.0,0.0,1.60,-0.410,0.130,-9.450,0.00000,0
34.090,0.0,0.0,1.60,-0.410,0.130,-9.450,0.00000,0
34.100,0.0,0.0,1.60,-0.410,0.130,-9.450,0.00000,0
34.111,0.0,0.0,1.60,-0.410,0.130,-9.450,0.00000,0
34.121,0.0,0.0,1.60,-0.410,0.130,-9.450,0.00000,0
34.131,0.0,0.0,1.60,-0.410,0.130,-9.450,0.00000,0
34.141,0.0,0.0,1.60,-0.410,0.130,-9.450,0.00000,0
34.151,0.0,0.0,1.60,-0.410,0.130,-9.450,0.00000,0
34.161,0.0,0.0,1.60,-0.410,0.130,-9.450,0.00000,0
34.171,0.0,0.0,1.60,-0.410,0.130,-9.450,0.00000,0
34.181,0.0,0.0,1.60,-0.410,0.130,-9.450,0.00000,0
34.192,0.0,0.0,1.60,-0.410,0.130,-9.450,0.00000,0
34.202,0.0,0.0,1.60,-0.410,0.130,-9.450,0.00000,0
34.212,0.0,0.0,1.60,-0.410,0.130,-9.450,0.00000,0
34.222,0.0,0.0,1.60,-0.410,0.130,-9.450,0.00000,0
34.232,0.0,0.0,1.60,-0.410,0.130,-9.450,0.00000,0
34.242,0.0,0.0,1.60,-0.410,0.130,-9.450,0.00000,0
34.252,0.0,0.0,1.60,-0.410,0.130,-9.450,0.00000,0
34.263,0.0,0.0,1.60,-0.410,0.130,-9.450,0.00000,0
34.273,0.0,0.0,1.60,-0.410,0.130,-9.450,0.00000,0
34.283,0.0,0.0,1.60,-0.410,0.130,-9.450,0.00000,0
34.293,0.0,0.0,1.60,-0.410,0.130,-9.450,0.00000,0
34.303,0.0,0.0,1.60,-0.410,0.130,-9.450,0.00000,0
34.313,0.0,0.0,1.60,-0.410,0.130,-9.450,0.00000,0
34.323,0.0,0.0,1.60,-0.410,0.130,-9.450,0.00000,0
34.333,0.0,0.0,1.60,-0.410,0.130,-9.450,0.00000,0
34.344,0.0,0.0,1.60,-0.410,0.130,-9.450,0.00000,0
34.354,0.0,0.0,1.60,-0.410,0.130,-9.450,0.00000,0
34.364,0.0,0.0,1.60,-0.410,0.130,-9.450,0.00000,0
34.374,0.0,0.0,1.60,-0.410,0.130,-9.450,0.00000,0
34.384,0.0,0.0,1.60,-0.410,0.130,-9.450,0.00000,0
34.394,0.0,0.0,1.60,-0.410,0.130,-9.450,0.00000,0
34.404,0.0,0.0,1.60,-0.410,0.130,-9.450,0.00000,0
34.415,0.0,0.0,1.60,-0.410,0.130,-9.450,0.00000,0
34.425,0.0,0.0,1.60,-0.410,0.130,-9.450,0.00000,0
34.435,0.0,0.0,1.60,-0.410,0.130,-9.450,0.00000,0
34.445,0.0,0.0,1.60,-0.410,0.130,-9.450,0.00000,0
34.455,0.0,0.0,1.60,-0.410,0.130,-9.450,0.00000,0
34.465,0.0,0.0,1.60,-0.410,0.130,-9.450,0.00000,0
34.475,0.0,0.0,1.60,-0.410,0.130,-9.450,0.00000,0
34.486,0.0,0.0,1.60,-0.410,0.130,-9.450,0.00000,0
34.496,0.0,0.0,1.60,-0.410,0.130,-9.450,0.00000,0
34.506,0.0,0.0,1.60,-0.410,0.130,-9.450,0.00000,0
34.516,0.0,0.0,1.60,-0.410,0.130,-9.450,0.00000,0
34.526,0.0,0.0,1.60,-0.410,0.130,-9.450,0.00000,0
34.536,0.0,0.0,1.60,-0.410,0.130,-9.450,0.00000,0
34.546,0.0,0.0,1.60,-0.410,0.130,-9.450,0.00000,0
34.557,0.0,0.0,1.60,-0.410,0.130,-9.450,0.00000,0
34.567,0.0,0.0,1.60,-0.410,0.130,-9.450,0.00000,0
34.577,0.0,0.0,1.60,-0.410,0.130,-9.450,0.00000,0
34.587,0.0,0.0,1.60,-0.410,0.130,-9.450,0.00000,0
34.597,0.0,0.0,1.60,-0.410,0.130,-9.450,0.00000,0
34.607,0.0,0.0,1.60,-0.410,0.130,-9.450,0.00000,0
34.617,0.0,0.0,1.60,-0.410,0.130,-9.450,0.00000,0
34.628,0.0,0.0,1.60,-0.410,0.130,-9.450,0.00000,0
34.638,0.0,0.0,1.60,-0.410,0.130,-9.450,0.00000,0
34.648,0.0,0.0,1.60,-0.410,0.130,-9.450,0.00000,0
34.658,0.0,0.0,1.60,-0.410,0.130,-9.450,0.00000,0
34.668,0.0,0.0,1.60,-0.410,0.130,-9.450,0.00000,0
34.678,0.0,0.0,1.60,-0.410,0.130,-9.450,0.00000,0
34.688,0.0,0.0,1.60,-0.410,0.130,-9.450,0.00000,0
34.698,0.0,0.0,1.60,-0.410,0.130,-9.450,0.00000,0
34.709,0.0,0.0,1.60,-0.410,0.130,-9.450,0.00000,0
34.719,0.0,0.0,1.60,-0.410,0.130,-9.450,0.00000,0
34.729,0.0,0.0,1.60,-0.410,0.130,-9.450,0.00000,0
34.739,0.0,0.0,1.60,-0.410,0.130,-9.450,0.00000,0
34.749,0.0,0.0,1.60,-0.410,0.130,-9.450,0.00000,0
34.759,0.0,0.0,1.60,-0.410,0.130,-9.450,0.00000,0
34.769,0.0,0.0,1.60,-0.410,0.130,-9.450,0.00000,0
34.779,0.0,0.0,1.60,-0.410,0.130,-9.450,0.00000,0
34.790,0.0,0.0,1.60,-0.410,0.130,-9.450,0.00000,0
34.800,0.0,0.0,1.60,-0.410,0.130,-9.450,0.00000,0
34.810,0.0,0.0,1.60,-0.410,0.130,-9.450,0.00000,0
34.820,0.0,0.0,1.60,-0.410,0.130,-9.450,0.00000,0
34.830,0.0,0.0,1.60,-0.410,0.130,-9.450,0.00000,0
34.840,0.0,0.0,1.60,-0.410,0.130,-9.450,0.00000,0
34.850,0.0,0.0,1.60,-0.410,0.130,-9.450,0.00000,0
34.861,0.0,0.0,1.60,-0.410,0.130,-9.450,0.00000,0
34.871,0.0,0.0,1.60,-0.410,0.130,-9.450,0.00000,0
34.881,0.0,0.0,1.60,-0.410,0.130,-9.450,0.00000,0
34.891,0.0,0.0,1.60,-0.410,0.130,-9.450,0.00000,0
34.901,0.0,0.0,1.60,-0.410,0.130,-9.450,0.00000,0
34.911,0.0,0.0,1.60,-0.410,0.130,-9.450,0.00000,0
34.921,0.0,0.0,1.60,-0.410,0.130,-9.450,0.00000,0
34.931,0.0,0.0,1.60,-0.410,0.130,-9.450,0.00000,0
34.942,0.0,0.0,1.60,-0.410,0.130,-9.450,0.00000,0
34.952,0.0,0.0,1.60,-0.410,0.130,-9.450,0.00000,0
34.962,0.0,0.0,1.60,-0.410,0.130,-9.450,0.00000,0
34.972,0.0,0.0,1.60,-0.410,0.130,-9.450,0.00000,0
34.983,0.0,0.0,1.60,-0.410,0.130,-9.450,0.00000,0
34.993,0.0,0.0,1.60,-0.410,0.130,-9.450,0.00000,0
35.003,0.0,0.0,1.60,-0.410,0.130,-9.450,0.00000,0
35.013,0.0,0.0,1.60,-0.410,0.130,-9.450,0.00000,0
35.023,0.0,0.0,1.60,-0.410,0.130,-9.450,0.00000,0
35.033,0.0,0.0,1.60,-0.410,0.130,-9.450,0.00000,0
35.044,0.0,0.0,1.60,-0.410,0.130,-9.450,0.00000,0
35.054,0.0,0.0,1.60,-0.410,0.130,-9.450,0.00000,0
35.064,0.0,0.0,1.60,-0.410,0.130,-9.450,0.00000,0
35.074,0.0,0.0,1.60,-0.410,0.130,-9.450,0.00000,0
35.084,0.0,0.0,1.60,-0.410,0.130,-9.450,0.00000,0
35.094,0.0,0.0,1.60,-0.410,0.130,-9.450,0.00000,0
35.104,0.0,0.0,1.60,-0.410,0.130,-9.450,0.00000,0
35.115,0.0,0.0,1.60,-0.410,0.130,-9.450,0.00000,0
35.125,0.0,0.0,1.60,-0.410,0.130,-9.450,0.00000,0
35.135,0.0,0.0,1.60,-0.410,0.130,-9.450,0.00000,0
35.145,0.0,0.0,1.60,-0.410,0.130,-9.450,0.00000,0
35.155,0.0,0.0,1.60,-0.410,0.130,-9.450,0.00000,0
35.165,0.0,0.0,1.60,-0.410,0.130,-9.450,0.00000,0
35.175,0.0,0.0,1.60,-0.410,0.130,-9.450,0.00000,0
35.186,0.0,0.0,1.60,-0.410,0.130,-9.450,0.00000,0
35.196,0.0,0.0,1.60,-0.410,0.130,-9.450,0.00000,0
35.206,0.0,0.0,1.60,-0.410,0.130,-9.450,0.00000,0
35.216,0.0,0.0,1.60,-0.410,0.130,-9.450,0.00000,0
35.226,0.0,0.0,1.60,-0.410,0.130,-9.450,0.00000,0
35.236,0.0,0.0,1.60,-0.410,0.130,-9.450,0.00000,0
35.246,0.0,0.0,1.60,-0.410,0.130,-9.450,0.00000,0
35.257,0.0,0.0,1.60,-0.410,0.130,-9.450,0.00000,0
35.267,0.0,0.0,1.60,-0.410,0.130,-9.450,0.00000,0
35.277,0.0,0.0,1.60,-0.410,0.130,-9.450,0.00000,0
35.287,0.0,0.0,1.60,-0.410,0.130,-9.450,0.00000,0
35.297,0.0,0.0,1.60,-0.410,0.130,-9.450,0.00000,0
35.307,0.0,0.0,1.60,-0.410,0.130,-9.450,0.00000,0
35.317,0.0,0.0,1.60,-0.410,0.130,-9.450,0.00000,0
35.328,0.0,0.0,1.60,-0.410,0.130,-9.450,0.00000,0
35.338,0.0,0.0,1.60,-0.410,0.130,-9.450,0.00000,0
35.348,0.0,0.0,1.60,-0.410,0.130,-9.450,0.00000,0
35.358,0.0,0.0,1.60,-0.410,0.130,-9.450,0.00000,0
35.368,0.0,0.0,1.60,-0.410,0.130,-9.450,0.00000,0
35.378,0.0,0.0,1.60,-0.410,0.130,-9.450,0.00000,0
35.388,0.0,0.0,1.60,-0.410,0.130,-9.450,0.00000,0
35.399,0.0,0.0,1.60,-0.410,0.130,-9.450,0.00000,0
35.409,0.0,0.0,1.60,-0.410,0.130,-9.450,0.00000,0
35.419,0.0,0.0,1.60,-0.410,0.130,-9.450,0.00000,0
35.429,0.0,0.0,1.60,-0.410,0.130,-9.450,0.00000,0
35.439,0.0,0.0,1.60,-0.410,0.130,-9.450,0.00000,0
35.449,0.0,0.0,1.60,-0.410,0.130,-9.450,0.00000,0
35.459,0.0,0.0,1.60,-0.410,0.130,-9.450,0.00000,0
35.470,0.0,0.0,1.60,-0.410,0.130,-9.450,0.00000,0
35.480,0.0,0.0,1.60,-0.410,0.130,-9.450,0.00000,0
35.490,0.0,0.0,1.60,-0.410,0.130,-9.450,0.00000,0
35.500,0.0,0.0,1.60,-0.410,0.130,-9.450,0.00000,0
35.510,0.0,0.0,1.60,-0.410,0.130,-9.450,0.00000,0
35.520,0.0,0.0,1.60,-0.410,0.130,-9.450,0.00000,0
35.530,0.0,0.0,1.60,-0.410,0.130,-9.450,0.00000,0
35.540,0.0,0.0,1.60,-0.410,0.130,-9.450,0.00000,0
35.551,0.0,0.0,1.60,-0.410,0.130,-9.450,0.00000,0
35.561,0.0,0.0,1.60,-0.410,0.130,-9.450,0.00000,0
35.571,0.0,0.0,1.60,-0.410,0.130,-9.450,0.00000,0
35.581,0.0,0.0,1.60,-0.410,0.130,-9.450,0.00000,0
35.591,0.0,0.0,1.60,-0.410,0.130,-9.450,0.00000,0
35.601,0.0,0.0,1.60,-0.410,0.130,-9.450,0.00000,0
35.611,0.0,0.0,1.60,-0.410,0.130,-9.450,0.00000,0
35.622,0.0,0.0,1.60,-0.410,0.130,-9.450,0.00000,0
35.632,0.0,0.0,1.60,-0.410,0.130,-9.450,0.00000,0
35.642,0.0,0.0,1.60,-0.410,0.130,-9.450,0.00000,0
35.652,0.0,0.0,1.60,-0.410,0.130,-9.450,0.00000,0
35.662,0.0,0.0,1.60,-0.410,0.130,-9.450,0.00000,0
35.672,0.0,0.0,1.60,-0.410,0.130,-9.450,0.00000,0
35.682,0.0,0.0,1.60,-0.410,0.130,-9.450,0.00000,0
35.692,0.0,0.0,1.60,-0.410,0.130,-9.450,0.00000,0
35.703,0.0,0.0,1.60,-0.410,0.130,-9.450,0.00000,0
35.713,0.0,0.0,1.60,-0.410,0.130,-9.450,0.00000,0
35.723,0.0,0.0,1.60,-0.410,0.130,-9.450,0.00000,0
35.734,0.0,0.0,1.60,-0.410,0.130,-9.450,0.00000,0
35.744,0.0,0.0,1.60,-0.410,0.130,-9.450,0.00000,0
35.754,0.0,0.0,1.60,-0.410,0.130,-9.450,0.00000,0
35.764,0.0,0.0,1.60,-0.410,0.130,-9.450,0.00000,0
35.774,0.0,0.0,1.60,-0.410,0.130,-9.450,0.00000,0
35.784,0.0,0.0,1.60,-0.410,0.130,-9.450,0.00000,0
35.795,0.0,0.0,1.60,-0.410,0.130,-9.450,0.00000,0
35.805,0.0,0.0,1.60,-0.410,0.130,-9.450,0.00000,0
35.815,0.0,0.0,1.60,-0.410,0.130,-9.450,0.00000,0
35.825,0.0,0.0,1.60,-0.410,0.130,-9.450,0.00000,0
35.835,0.0,0.0,1.60,-0.410,0.130,-9.450,0.00000,0
35.845,0.0,0.0,1.60,-0.410,0.130,-9.450,0.00000,0
35.856,0.0,0.0,1.60,-0.410,0.130,-9.450,0.00000,0
35.866,0.0,0.0,1.60,-0.410,0.130,-9.450,0.00000,0
35.876,0.0,0.0,1.60,-0.410,0.130,-9.450,0.00000,0
35.886,0.0,0.0,1.60,-0.410,0.130,-9.450,0.00000,0
35.896,0.0,0.0,1.60,-0.410,0.130,-9.450,0.00000,0
35.906,0.0,0.0,1.60,-0.410,0.130,-9.450,0.00000,0
35.916,0.0,0.0,1.60,-0.410,0.130,-9.450,0.00000,0
35.926,0.0,0.0,1.60,-0.410,0.130,-9.450,0.00000,0
35.937,0.0,0.0,1.60,-0.410,0.130,-9.450,0.00000,0
35.947,0.0,0.0,1.60,-0.410,0.130,-9.450,0.00000,0
35.957,0.0,0.0,1.60,-0.410,0.130,-9.450,0.00000,0
35.967,0.0,0.0,1.60,-0.410,0.130,-9.450,0.00000,0
35.977,0.0,0.0,1.60,-0.410,0.130,-9.450,0.00000,0
35.987,0.0,0.0,1.60,-0.410,0.130,-9.450,0.00000,0
35.997,0.0,0.0,1.60,-0.410,0.130,-9.450,0.00000,0
36.008,0.0,0.0,1.60,-0.410,0.130,-9.450,0.00000,0
36.018,0.0,0.0,1.60,-0.410,0.130,-9.450,0.00000,0
36.028,0.0,0.0,1.60,-0.410,0.130,-9.450,0.00000,0
36.038,0.0,0.0,1.60,-0.410,0.130,-9.450,0.00000,0
36.048,0.0,0.0,1.60,-0.410,0.130,-9.450,0.00000,0
36.058,0.0,0.0,1.60,-0.410,0.130,-9.450,0.00000,0
36.068,0.0,0.0,1.60,-0.410,0.130,-9.450,0.00000,0
36.078,0.0,0.0,1.60,-0.410,0.130,-9.450,0.00000,0
36.089,0.0,0.0,1.60,-0.410,0.130,-9.450,0.00000,0
36.099,0.0,0.0,1.60,-0.410,0.130,-9.450,0.00000,0
36.109,0.0,0.0,1.60,-0.410,0.130,-9.450,0.00000,0
36.119,0.0,0.0,1.60,-0.410,0.130,-9.450,0.00000,0
36.129,0.0,0.0,1.60,-0.410,0.130,-9.450,0.00000,0
36.139,0.0,0.0,1.60,-0.410,0.130,-9.450,0.00000,0
36.149,0.0,0.0,1.60,-0.410,0.130,-9.450,0.00000,0
36.160,0.0,0.0,1.60,-0.410,0.130,-9.450,0.00000,0
36.170,0.0,0.0,1.60,-0.410,0.130,-9.450,0.00000,0
36.180,0.0,0.0,1.60,-0.410,0.130,-9.450,0.00000,0
36.190,0.0,0.0,1.60,-0.410,0.130,-9.450,0.00000,0
36.200,0.0,0.0,1.60,-0.410,0.130,-9.450,0.00000,0
36.210,0.0,0.0,1.60,-0.410,0.130,-9.450,0.00000,0
36.220,0.0,0.0,1.60,-0.410,0.130,-9.450,0.00000,0
36.231,0.0,0.0,1.60,-0.410,0.130,-9.450,0.00000,0
36.241,0.0,0.0,1.60,-0.410,0.130,-9.450,0.00000,0
36.251,0.0,0.0,1.60,-0.410,0.130,-9.450,0.00000,0
36.261,0.0,0.0,1.60,-0.410,0.130,-9.450,0.00000,0
36.271,0.0,0.0,1.60,-0.410,0.130,-9.450,0.00000,0
36.281,0.0,0.0,1.60,-0.410,0.130,-9.450,0.00000,0
36.291,0.0,0.0,1.60,-0.410,0.130,-9.450,0.00000,0
36.302,0.0,0.0,1.60,-0.410,0.130,-9.450,0.00000,0
36.312,0.0,0.0,1.60,-0.410,0.130,-9.450,0.00000,0
36.322,0.0,0.0,1.60,-0.410,0.130,-9.450,0.00000,0
36.332,0.0,0.0,1.60,-0.410,0.130,-9.450,0.00000,0
36.342,0.0,0.0,1.60,-0.410,0.130,-9.450,0.00000,0
36.352,0.0,0.0,1.60,-0.410,0.130,-9.450,0.00000,0
36.362,0.0,0.0,1.60,-0.410,0.130,-9.450,0.00000,0
36.372,0.0,0.0,1.60,-0.410,0.130,-9.450,0.00000,0
36.383,0.0,0.0,1.60,-0.410,0.130,-9.450,0.00000,0
36.393,0.0,0.0,1.60,-0.410,0.130,-9.450,0.00000,0
36.403,0.0,0.0,1.60,-0.410,0.130,-9.450,0.00000,0
36.413,0.0,0.0,1.60,-0.410,0.130,-9.450,0.00000,0
36.423,0.0,0.0,1.60,-0.410,0.130,-9.450,0.00000,0
36.433,0.0,0.0,1.60,-0.410,0.130,-9.450,0.00000,0
36.443,0.0,0.0,1.60,-0.410,0.130,-9.450,0.00000,0
36.454,0.0,0.0,1.60,-0.410,0.130,-9.450,0.00000,0
36.464,0.0,0.0,1.60,-0.410,0.130,-9.450,0.00000,0
36.474,0.0,0.0,1.60,-0.410,0.130,-9.450,0.00000,0
36.484,0.0,0.0,1.60,-0.410,0.130,-9.450,0.00000,0
36.494,0.0,0.0,1.60,-0.410,0.130,-9.450,0.00000,0
36.504,0.0,0.0,1.60,-0.410,0.130,-9.450,0.00000,0
36.514,0.0,0.0,1.60,-0.410,0.130,-9.450,0.00000,0
36.525,0.0,0.0,1.60,-0.410,0.130,-9.450,0.00000,0
36.535,0.0,0.0,1.60,-0.410,0.130,-9.450,0.00000,0
36.546,0.0,0.0,1.60,-0.410,0.130,-9.450,0.00000,0
36.556,0.0,0.0,1.60,-0.410,0.130,-9.450,0.00000,0
36.566,0.0,0.0,1.60,-0.410,0.130,-9.450,0.00000,0
36.576,0.0,0.0,1.60,-0.410,0.130,-9.450,0.00000,0
36.586,0.0,0.0,1.60,-0.410,0.130,-9.450,0.00000,0
36.596,0.0,0.0,1.60,-0.410,0.130,-9.450,0.00000,0
36.606,0.0,0.0,1.60,-0.410,0.130,-9.450,0.00000,0
36.617,0.0,0.0,1.60,-0.410,0.130,-9.450,0.00000,0
36.627,0.0,0.0,1.60,-0.410,0.130,-9.450,0.00000,0
36.637,0.0,0.0,1.60,-0.410,0.130,-9.450,0.00000,0
36.647,0.0,0.0,1.60,-0.410,0.130,-9.450,0.00000,0
36.657,0.0,0.0,1.60,-0.410,0.130,-9.450,0.00000,0
36.667,0.0,0.0,1.60,-0.410,0.130,-9.450,0.00000,0
36.677,0.0,0.0,1.60,-0.410,0.130,-9.450,0.00000,0
36.687,0.0,0.0,1.60,-0.410,0.130,-9.450,0.00000,0
36.698,0.0,0.0,1.60,-0.410,0.130,-9.450,0.00000,0
36.708,0.0,0.0,1.60,-0.410,0.130,-9.450,0.00000,0
36.718,0.0,0.0,1.60,-0.410,0.130,-9.450,0.00000,0
36.728,0.0,0.0,1.60,-0.410,0.130,-9.450,0.00000,0
36.738,0.0,0.0,1.60,-0.410,0.130,-9.450,0.00000,0
36.748,0.0,0.0,1.60,-0.410,0.130,-9.450,0.00000,0
36.758,0.0,0.0,1.60,-0.410,0.130,-9.450,0.00000,0
36.769,0.0,0.0,1.60,-0.410,0.130,-9.450,0.00000,0
36.779,0.0,0.0,1.60,-0.410,0.130,-9.450,0.00000,0
36.789,0.0,0.0,1.60,-0.410,0.130,-9.450,0.00000,0
36.799,0.0,0.0,1.60,-0.410,0.130,-9.450,0.00000,0
36.809,0.0,0.0,1.60,-0.410,0.130,-9.450,0.00000,0
36.819,0.0,0.0,1.60,-0.410,0.130,-9.450,0.00000,0
36.829,0.0,0.0,1.60,-0.410,0.130,-9.450,0.00000,0
36.839,0.0,0.0,1.60,-0.410,0.130,-9.450,0.00000,0
36.850,0.0,0.0,1.60,-0.410,0.130,-9.450,0.00000,0
36.860,0.0,0.0,1.60,-0.410,0.130,-9.450,0.00000,0
36.870,0.0,0.0,1.60,-0.410,0.130,-9.450,0.00000,0
36.880,0.0,0.0,1.60,-0.410,0.130,-9.450,0.00000,0
36.890,0.0,0.0,1.60,-0.410,0.130,-9.450,0.00000,0
36.900,0.0,0.0,1.60,-0.410,0.130,-9.450,0.00000,0
36.911,0.0,0.0,1.60,-0.410,0.130,-9.450,0.00000,0
36.921,0.0,0.0,1.60,-0.410,0.130,-9.450,0.00000,0
36.931,0.0,0.0,1.60,-0.410,0.130,-9.450,0.00000,0
36.941,0.0,0.0,1.60,-0.410,0.130,-9.450,0.00000,0
36.951,0.0,0.0,1.60,-0.410,0.130,-9.450,0.00000,0
36.961,0.0,0.0,1.60,-0.410,0.130,-9.450,0.00000,0
36.971,0.0,0.0,1.60,-0.410,0.130,-9.450,0.00000,0
36.981,0.0,0.0,1.60,-0.410,0.130,-9.450,0.00000,0
36.992,0.0,0.0,1.60,-0.410,0.130,-9.450,0.00000,0
37.002,0.0,0.0,1.60,-0.410,0.130,-9.450,0.00000,0
37.012,0.0,0.0,1.60,-0.410,0.130,-9.450,0.00000,0
37.022,0.0,0.0,1.60,-0.410,0.130,-9.450,0.00000,0
37.032,0.0,0.0,1.60,-0.410,0.130,-9.450,0.00000,0
37.042,0.0,0.0,1.60,-0.410,0.130,-9.450,0.00000,0
37.052,0.0,0.0,1.60,-0.410,0.130,-9.450,0.00000,0
37.063,0.0,0.0,1.60,-0.410,0.130,-9.450,0.00000,0
37.073,0.0,0.0,1.60,-0.410,0.130,-9.450,0.00000,0
37.083,0.0,0.0,1.60,-0.410,0.130,-9.450,0.00000,0
37.093,0.0,0.0,1.60,-0.410,0.130,-9.450,0.00000,0
37.103,0.0,0.0,1.60,-0.410,0.130,-9.450,0.00000,0
37.113,0.0,0.0,1.60,-0.410,0.130,-9.450,0.00000,0
37.123,0.0,0.0,1.60,-0.410,0.130,-9.450,0.00000,0
37.133,0.0,0.0,1.60,-0.410,0.130,-9.450,0.00000,0
37.144,0.0,0.0,1.60,-0.410,0.130,-9.450,0.00000,0
37.154,0.0,0.0,1.60,-0.410,0.130,-9.450,0.00000,0
37.164,0.0,0.0,1.60,-0.410,0.130,-9.450,0.00000,0
37.174,0.0,0.0,1.60,-0.410,0.130,-9.450,0.00000,0
37.184,0.0,0.0,1.60,-0.410,0.130,-9.450,0.00000,0
37.194,0.0,0.0,1.60,-0.410,0.130,-9.450,0.00000,0
37.204,0.0,0.0,1.60,-0.410,0.130,-9.450,0.00000,0
37.214,0.0,0.0,1.60,-0.410,0.130,-9.450,0.00000,0
37.224,0.0,0.0,1.60,-0.410,0.130,-9.450,0.00000,0
37.235,0.0,0.0,1.60,-0.410,0.130,-9.450,0.00000,0
37.245,0.0,0.0,1.60,-0.410,0.130,-9.450,0.00000,0
37.255,0.0,0.0,1.60,-0.410,0.130,-9.450,0.00000,0
37.265,0.0,0.0,1.60,-0.410,0.130,-9.450,0.00000,0
37.275,0.0,0.0,1.60,-0.410,0.130,-9.450,0.00000,0
37.286,0.0,0.0,1.60,-0.410,0.130,-9.450,0.00000,0
37.297,0.0,0.0,1.60,-0.410,0.130,-9.450,0.00000,0
37.307,0.0,0.0,1.60,-0.410,0.130,-9.450,0.00000,0
37.317,0.0,0.0,1.60,-0.410,0.130,-9.450,0.00000,0
37.327,0.0,0.0,1.60,-0.410,0.130,-9.450,0.00000,0
37.337,0.0,0.0,1.60,-0.410,0.130,-9.450,0.00000,0
37.347,0.0,0.0,1.60,-0.410,0.130,-9.450,0.00000,0
37.357,0.0,0.0,1.60,-0.410,0.130,-9.450,0.00000,0
37.367,0.0,0.0,1.60,-0.410,0.130,-9.450,0.00000,0
37.378,0.0,0.0,1.60,-0.410,0.130,-9.450,0.00000,0
37.388,0.0,0.0,1.60,-0.410,0.130,-9.450,0.00000,0
37.398,0.0,0.0,1.60,-0.410,0.130,-9.450,0.00000,0
37.408,0.0,0.0,1.60,-0.410,0.130,-9.450,0.00000,0
37.418,0.0,0.0,1.60,-0.410,0.130,-9.450,0.00000,0
37.428,0.0,0.0,1.60,-0.410,0.130,-9.450,0.00000,0
37.438,0.0,0.0,1.60,-0.410,0.130,-9.450,0.00000,0
37.449,0.0,0.0,1.60,-0.410,0.130,-9.450,0.00000,0
37.459,0.0,0.0,1.60,-0.410,0.130,-9.450,0.00000,0
37.469,0.0,0.0,1.60,-0.410,0.130,-9.450,0.00000,0
37.479,0.0,0.0,1.60,-0.410,0.130,-9.450,0.00000,0
37.489,0.0,0.0,1.60,-0.410,0.130,-9.450,0.00000,0
37.499,0.0,0.0,1.60,-0.410,0.130,-9.450,0.00000,0
37.509,0.0,0.0,1.60,-0.410,0.130,-9.450,0.00000,0
37.520,0.0,0.0,1.60,-0.410,0.130,-9.450,0.00000,0
37.530,0.0,0.0,1.60,-0.410,0.130,-9.450,0.00000,0
37.540,0.0,0.0,1.60,-0.410,0.130,-9.450,0.00000,0
37.550,0.0,0.0,1.60,-0.410,0.130,-9.450,0.00000,0
37.560,0.0,0.0,1.60,-0.410,0.130,-9.450,0.00000,0
37.570,0.0,0.0,1.60,-0.410,0.130,-9.450,0.00000,0
37.580,0.0,0.0,1.60,-0.410,0.130,-9.450,0.00000,0
37.591,0.0,0.0,1.60,-0.410,0.130,-9.450,0.00000,0
37.601,0.0,0.0,1.60,-0.410,0.130,-9.450,0.00000,0
37.611,0.0,0.0,1.60,-0.410,0.130,-9.450,0.00000,0
37.621,0.0,0.0,1.60,-0.410,0.130,-9.450,0.00000,0
37.631,0.0,0.0,1.60,-0.410,0.130,-9.450,0.00000,0
37.641,0.0,0.0,1.60,-0.410,0.130,-9.450,0.00000,0
37.651,0.0,0.0,1.60,-0.410,0.130,-9.450,0.00000,0
37.661,0.0,0.0,1.60,-0.410,0.130,-9.450,0.00000,0
37.672,0.0,0.0,1.60,-0.410,0.130,-9.450,0.00000,0
37.682,0.0,0.0,1.60,-0.410,0.130,-9.450,0.00000,0
37.692,0.0,0.0,1.60,-0.410,0.130,-9.450,0.00000,0
37.702,0.0,0.0,1.60,-0.410,0.130,-9.450,0.00000,0
37.712,0.0,0.0,1.60,-0.410,0.130,-9.450,0.00000,0
37.722,0.0,0.0,1.60,-0.410,0.130,-9.450,0.00000,0
37.732,0.0,0.0,1.60,-0.410,0.130,-9.450,0.00000,0
37.743,0.0,0.0,1.60,-0.410,0.130,-9.450,0.00000,0
37.753,0.0,0.0,1.60,-0.410,0.130,-9.450,0.00000,0
37.763,0.0,0.0,1.60,-0.410,0.130,-9.450,0.00000,0
37.773,0.0,0.0,1.60,-0.410,0.130,-9.450,0.00000,0
37.783,0.0,0.0,1.60,-0.410,0.130,-9.450,0.00000,0
37.793,0.0,0.0,1.60,-0.410,0.130,-9.450,0.00000,0
37.803,0.0,0.0,1.60,-0.410,0.130,-9.450,0.00000,0
37.813,0.0,0.0,1.60,-0.410,0.130,-9.450,0.00000,0
37.824,0.0,0.0,1.60,-0.410,0.130,-9.450,0.00000,0
37.834,0.0,0.0,1.60,-0.410,0.130,-9.450,0.00000,0
37.844,0.0,0.0,1.60,-0.410,0.130,-9.450,0.00000,0
37.854,0.0,0.0,1.60,-0.410,0.130,-9.450,0.00000,0
37.864,0.0,0.0,1.60,-0.410,0.130,-9.450,0.00000,0
37.874,0.0,0.0,1.60,-0.410,0.130,-9.450,0.00000,0
37.884,0.0,0.0,1.60,-0.410,0.130,-9.450,0.00000,0
37.894,0.0,0.0,1.60,-0.410,0.130,-9.450,0.00000,0
37.905,0.0,0.0,1.60,-0.410,0.130,-9.450,0.00000,0
37.915,0.0,0.0,1.60,-0.410,0.130,-9.450,0.00000,0
37.925,0.0,0.0,1.60,-0.410,0.130,-9.450,0.00000,0
37.935,0.0,0.0,1.60,-0.410,0.130,-9.450,0.00000,0
37.945,0.0,0.0,1.60,-0.410,0.130,-9.450,0.00000,0
37.955,0.0,0.0,1.60,-0.410,0.130,-9.450,0.00000,0
37.965,0.0,0.0,1.60,-0.410,0.130,-9.450,0.00000,0
37.976,0.0,0.0,1.60,-0.410,0.130,-9.450,0.00000,0
37.986,0.0,0.0,1.60,-0.410,0.130,-9.450,0.00000,0
37.996,0.0,0.0,1.60,-0.410,0.130,-9.450,0.00000,0
38.006,0.0,0.0,1.60,-0.410,0.130,-9.450,0.00000,0
38.016,0.0,0.0,1.60,-0.410,0.130,-9.450,0.00000,0
38.026,0.0,0.0,1.60,-0.410,0.130,-9.450,0.00000,0
38.037,0.0,0.0,1.60,-0.410,0.130,-9.450,0.00000,0
38.047,0.0,0.0,1.60,-0.410,0.130,-9.450,0.00000,0
38.057,0.0,0.0,1.60,-0.410,0.130,-9.450,0.00000,0
38.067,0.0,0.0,1.60,-0.410,0.130,-9.450,0.00000,0
38.077,0.0,0.0,1.60,-0.410,0.130,-9.450,0.00000,0
38.087,0.0,0.0,1.60,-0.410,0.130,-9.450,0.00000,0
38.097,0.0,0.0,1.60,-0.410,0.130,-9.450,0.00000,0
38.108,0.0,0.0,1.60,-0.410,0.130,-9.450,0.00000,0
38.118,0.0,0.0,1.60,-0.410,0.130,-9.450,0.00000,0
38.128,0.0,0.0,1.60,-0.410,0.130,-9.450,0.00000,0
38.138,0.0,0.0,1.60,-0.410,0.130,-9.450,0.00000,0
38.148,0.0,0.0,1.60,-0.410,0.130,-9.450,0.00000,0
38.158,0.0,0.0,1.60,-0.410,0.130,-9.450,0.00000,0
38.169,0.0,0.0,1.60,-0.410,0.130,-9.450,0.00000,0
38.179,0.0,0.0,1.60,-0.410,0.130,-9.450,0.00000,0
38.189,0.0,0.0,1.60,-0.410,0.130,-9.450,0.00000,0
38.199,0.0,0.0,1.60,-0.410,0.130,-9.450,0.00000,0
38.209,0.0,0.0,1.60,-0.410,0.130,-9.450,0.00000,0
38.219,0.0,0.0,1.60,-0.410,0.130,-9.450,0.00000,0
38.229,0.0,0.0,1.60,-0.410,0.130,-9.450,0.00000,0
38.239,0.0,0.0,1.60,-0.410,0.130,-9.450,0.00000,0
38.250,0.0,0.0,1.60,-0.410,0.130,-9.450,0.00000,0
38.260,0.0,0.0,1.60,-0.410,0.130,-9.450,0.00000,0
38.270,0.0,0.0,1.60,-0.410,0.130,-9.450,0.00000,0
38.280,0.0,0.0,1.60,-0.410,0.130,-9.450,0.00000,0
38.290,0.0,0.0,1.60,-0.410,0.130,-9.450,0.00000,0
38.300,0.0,0.0,1.60,-0.410,0.130,-9.450,0.00000,0
38.310,0.0,0.0,1.60,-0.410,0.130,-9.450,0.00000,0
38.321,0.0,0.0,1.60,-0.410,0.130,-9.450,0.00000,0
38.331,0.0,0.0,1.60,-0.410,0.130,-9.450,0.00000,0
38.341,0.0,0.0,1.60,-0.410,0.130,-9.450,0.00000,0
38.351,0.0,0.0,1.60,-0.410,0.130,-9.450,0.00000,0
38.361,0.0,0.0,1.60,-0.410,0.130,-9.450,0.00000,0
38.371,0.0,0.0,1.60,-0.410,0.130,-9.450,0.00000,0
38.381,0.0,0.0,1.60,-0.410,0.130,-9.450,0.00000,0
38.391,0.0,0.0,1.60,-0.410,0.130,-9.450,0.00000,0
38.402,0.0,0.0,1.60,-0.410,0.130,-9.450,0.00000,0
38.412,0.0,0.0,1.60,-0.410,0.130,-9.450,0.00000,0
38.422,0.0,0.0,1.60,-0.410,0.130,-9.450,0.00000,0
38.432,0.0,0.0,1.60,-0.410,0.130,-9.450,0.00000,0
38.442,0.0,0.0,1.60,-0.410,0.130,-9.450,0.00000,0
38.452,0.0,0.0,1.60,-0.410,0.130,-9.450,0.00000,0
38.462,0.0,0.0,1.60,-0.410,0.130,-9.450,0.00000,0
38.473,0.0,0.0,1.60,-0.410,0.130,-9.450,0.00000,0
38.483,0.0,0.0,1.60,-0.410,0.130,-9.450,0.00000,0
38.493,0.0,0.0,1.60,-0.410,0.130,-9.450,0.00000,0
38.503,0.0,0.0,1.60,-0.410,0.130,-9.450,0.00000,0
38.513,0.0,0.0,1.60,-0.410,0.130,-9.450,0.00000,0
38.523,0.0,0.0,1.60,-0.410,0.130,-9.450,0.00000,0
38.533,0.0,0.0,1.60,-0.410,0.130,-9.450,0.00000,0
38.544,0.0,0.0,1.60,-0.410,0.130,-9.450,0.00000,0
38.554,0.0,0.0,1.60,-0.410,0.130,-9.450,0.00000,0
38.564,0.0,0.0,1.60,-0.410,0.130,-9.450,0.00000,0
38.574,0.0,0.0,1.60,-0.410,0.130,-9.450,0.00000,0
38.584,0.0,0.0,1.60,-0.410,0.130,-9.450,0.00000,0
38.594,0.0,0.0,1.60,-0.410,0.130,-9.450,0.00000,0
38.605,0.0,0.0,1.60,-0.410,0.130,-9.450,0.00000,0
38.615,0.0,0.0,1.60,-0.410,0.130,-9.450,0.00000,0
38.625,0.0,0.0,1.60,-0.410,0.130,-9.450,0.00000,0
38.635,0.0,0.0,1.60,-0.410,0.130,-9.450,0.00000,0
38.645,0.0,0.0,1.60,-0.410,0.130,-9.450,0.00000,0
38.655,0.0,0.0,1.60,-0.410,0.130,-9.450,0.00000,0
38.665,0.0,0.0,1.60,-0.410,0.130,-9.450,0.00000,0
38.675,0.0,0.0,1.60,-0.410,0.130,-9.450,0.00000,0
38.686,0.0,0.0,1.60,-0.410,0.130,-9.450,0.00000,0
38.696,0.0,0.0,1.60,-0.410,0.130,-9.450,0.00000,0
38.706,0.0,0.0,1.60,-0.410,0.130,-9.450,0.00000,0
38.716,0.0,0.0,1.60,-0.410,0.130,-9.450,0.00000,0
38.726,0.0,0.0,1.60,-0.410,0.130,-9.450,0.00000,0
38.736,0.0,0.0,1.60,-0.410,0.130,-9.450,0.00000,0
38.746,0.0,0.0,1.60,-0.410,0.130,-9.450,0.00000,0
38.757,0.0,0.0,1.60,-0.410,0.130,-9.450,0.00000,0
38.767,0.0,0.0,1.60,-0.410,0.130,-9.450,0.00000,0
38.777,0.0,0.0,1.60,-0.410,0.130,-9.450,0.00000,0
38.787,0.0,0.0,1.60,-0.410,0.130,-9.450,0.00000,0
38.797,0.0,0.0,1.60,-0.410,0.130,-9.450,0.00000,0
38.807,0.0,0.0,1.60,-0.410,0.130,-9.450,0.00000,0
38.817,0.0,0.0,1.60,-0.410,0.130,-9.450,0.00000,0
38.827,0.0,0.0,1.60,-0.410,0.130,-9.450,0.00000,0
38.838,0.0,0.0,1.60,-0.410,0.130,-9.450,0.00000,0
38.848,0.0,0.0,1.60,-0.410,0.130,-9.450,0.00000,0
38.858,0.0,0.0,1.60,-0.410,0.130,-9.450,0.00000,0
38.868,0.0,0.0,1.60,-0.410,0.130,-9.450,0.00000,0
38.878,0.0,0.0,1.60,-0.410,0.130,-9.450,0.00000,0
38.889,0.0,0.0,1.60,-0.410,0.130,-9.450,0.00000,0
38.899,0.0,0.0,1.60,-0.410,0.130,-9.450,0.00000,0
38.910,0.0,0.0,1.60,-0.410,0.130,-9.450,0.00000,0
38.920,0.0,0.0,1.60,-0.410,0.130,-9.450,0.00000,0
38.930,0.0,0.0,1.60,-0.410,0.130,-9.450,0.00000,0
38.940,0.0,0.0,1.60,-0.410,0.130,-9.450,0.00000,0
38.950,0.0,0.0,1.60,-0.410,0.130,-9.450,0.00000,0
38.960,0.0,0.0,1.60,-0.410,0.130,-9.450,0.00000,0
38.970,0.0,0.0,1.60,-0.410,0.130,-9.450,0.00000,0
38.981,0.0,0.0,1.60,-0.410,0.130,-9.450,0.00000,0
38.991,0.0,0.0,1.60,-0.410,0.130,-9.450,0.00000,0
39.001,0.0,0.0,1.60,-0.410,0.130,-9.450,0.00000,0
39.011,0.0,0.0,1.60,-0.410,0.130,-9.450,0.00000,0
39.021,0.0,0.0,1.60,-0.410,0.130,-9.450,0.00000,0
39.031,0.0,0.0,1.60,-0.410,0.130,-9.450,0.00000,0
39.041,0.0,0.0,1.60,-0.410,0.130,-9.450,0.00000,0
39.052,0.0,0.0,1.60,-0.410,0.130,-9.450,0.00000,0
39.062,0.0,0.0,1.60,-0.410,0.130,-9.450,0.00000,0
39.072,0.0,0.0,1.60,-0.410,0.130,-9.450,0.00000,0
39.082,0.0,0.0,1.60,-0.410,0.130,-9.450,0.00000,0
39.092,0.0,0.0,1.60,-0.410,0.130,-9.450,0.00000,0
39.102,0.0,0.0,1.60,-0.410,0.130,-9.450,0.00000,0
39.113,0.0,0.0,1.60,-0.410,0.130,-9.450,0.00000,0
39.123,0.0,0.0,1.60,-0.410,0.130,-9.450,0.00000,0
39.133,0.0,0.0,1.60,-0.410,0.130,-9.450,0.00000,0
39.143,0.0,0.0,1.60,-0.410,0.130,-9.450,0.00000,0
39.153,0.0,0.0,1.60,-0.410,0.130,-9.450,0.00000,0
39.163,0.0,0.0,1.60,-0.410,0.130,-9.450,0.00000,0
39.173,0.0,0.0,1.60,-0.410,0.130,-9.450,0.00000,0
39.183,0.0,0.0,1.60,-0.410,0.130,-9.450,0.00000,0
39.194,0.0,0.0,1.60,-0.410,0.130,-9.450,0.00000,0
39.204,0.0,0.0,1.60,-0.410,0.130,-9.450,0.00000,0
39.214,0.0,0.0,1.60,-0.410,0.130,-9.450,0.00000,0
39.224,0.0,0.0,1.60,-0.410,0.130,-9.450,0.00000,0
39.234,0.0,0.0,1.60,-0.410,0.130,-9.450,0.00000,0
39.244,0.0,0.0,1.60,-0.410,0.130,-9.450,0.00000,0
39.255,0.0,0.0,1.60,-0.410,0.130,-9.450,0.00000,0
39.265,0.0,0.0,1.60,-0.410,0.130,-9.450,0.00000,0
39.275,0.0,0.0,1.60,-0.410,0.130,-9.450,0.00000,0
39.285,0.0,0.0,1.60,-0.410,0.130,-9.450,0.00000,0
39.295,0.0,0.0,1.60,-0.410,0.130,-9.450,0.00000,0
39.305,0.0,0.0,1.60,-0.410,0.130,-9.450,0.00000,0
39.315,0.0,0.0,1.60,-0.410,0.130,-9.450,0.00000,0
39.325,0.0,0.0,1.60,-0.410,0.130,-9.450,0.00000,0
39.336,0.0,0.0,1.60,-0.410,0.130,-9.450,0.00000,0
39.346,0.0,0.0,1.60,-0.410,0.130,-9.450,0.00000,0
39.356,0.0,0.0,1.60,-0.410,0.130,-9.450,0.00000,0
39.366,0.0,0.0,1.60,-0.410,0.130,-9.450,0.00000,0
39.376,0.0,0.0,1.60,-0.410,0.130,-9.450,0.00000,0
39.386,0.0,0.0,1.60,-0.410,0.130,-9.450,0.00000,0
39.396,0.0,0.0,1.60,-0.410,0.130,-9.450,0.00000,0
39.407,0.0,0.0,1.60,-0.410,0.130,-9.450,0.00000,0
39.417,0.0,0.0,1.60,-0.410,0.130,-9.450,0.00000,0
39.427,0.0,0.0,1.60,-0.410,0.130,-9.450,0.00000,0
39.437,0.0,0.0,1.60,-0.410,0.130,-9.450,0.00000,0
39.447,0.0,0.0,1.60,-0.410,0.130,-9.450,0.00000,0
39.457,0.0,0.0,1.60,-0.410,0.130,-9.450,0.00000,0
39.467,0.0,0.0,1.60,-0.410,0.130,-9.450,0.00000,0
39.477,0.0,0.0,1.60,-0.410,0.130,-9.450,0.00000,0
39.488,0.0,0.0,1.60,-0.410,0.130,-9.450,0.00000,0
39.498,0.0,0.0,1.60,-0.410,0.130,-9.450,0.00000,0
39.508,0.0,0.0,1.60,-0.410,0.130,-9.450,0.00000,0
39.518,0.0,0.0,1.60,-0.410,0.130,-9.450,0.00000,0
39.528,0.0,0.0,1.60,-0.410,0.130,-9.450,0.00000,0
39.538,0.0,0.0,1.60,-0.410,0.130,-9.450,0.00000,0
39.548,0.0,0.0,1.60,-0.410,0.130,-9.450,0.00000,0
39.559,0.0,0.0,1.60,-0.410,0.130,-9.450,0.00000,0
39.569,0.0,0.0,1.60,-0.410,0.130,-9.450,0.00000,0
39.579,0.0,0.0,1.60,-0.410,0.130,-9.450,0.00000,0
39.589,0.0,0.0,1.60,-0.410,0.130,-9.450,0.00000,0
39.599,0.0,0.0,1.60,-0.410,0.130,-9.450,0.00000,0
39.609,0.0,0.0,1.60,-0.410,0.130,-9.450,0.00000,0
39.619,0.0,0.0,1.60,-0.410,0.130,-9.450,0.00000,0
39.630,0.0,0.0,1.60,-0.410,0.130,-9.450,0.00000,0
39.640,0.0,0.0,1.60,-0.410,0.130,-9.450,0.00000,0
39.650,0.0,0.0,1.60,-0.410,0.130,-9.450,0.00000,0
39.660,0.0,0.0,1.60,-0.410,0.130,-9.450,0.00000,0
39.670,0.0,0.0,1.60,-0.410,0.130,-9.450,0.00000,0
39.680,0.0,0.0,1.60,-0.410,0.130,-9.450,0.00000,0
39.690,0.0,0.0,1.60,-0.410,0.130,-9.450,0.00000,0
39.700,0.0,0.0,1.60,-0.410,0.130,-9.450,0.00000,0
39.711,0.0,0.0,1.60,-0.410,0.130,-9.450,0.00000,0
39.721,0.0,0.0,1.60,-0.410,0.130,-9.450,0.00000,0
39.731,0.0,0.0,1.60,-0.410,0.130,-9.450,0.00000,0
39.741,0.0,0.0,1.60,-0.410,0.130,-9.450,0.00000,0
39.751,0.0,0.0,1.60,-0.410,0.130,-9.450,0.00000,0
39.761,0.0,0.0,1.60,-0.410,0.130,-9.450,0.00000,0
39.771,0.0,0.0,1.60,-0.410,0.130,-9.450,0.00000,0
39.782,0.0,0.0,1.60,-0.410,0.130,-9.450,0.00000,0
39.792,0.0,0.0,1.60,-0.410,0.130,-9.450,0.00000,0
39.802,0.0,0.0,1.60,-0.410,0.130,-9.450,0.00000,0
39.812,0.0,0.0,1.60,-0.410,0.130,-9.450,0.00000,0
39.822,0.0,0.0,1.60,-0.410,0.130,-9.450,0.00000,0
39.833,0.0,0.0,1.60,-0.410,0.130,-9.450,0.00000,0
39.843,0.0,0.0,1.60,-0.410,0.130,-9.450,0.00000,0
39.853,0.0,0.0,1.60,-0.410,0.130,-9.450,0.00000,0
39.863,0.0,0.0,1.60,-0.410,0.130,-9.450,0.00000,0
39.873,0.0,0.0,1.60,-0.410,0.130,-9.450,0.00000,0
39.883,0.0,0.0,1.60,-0.410,0.130,-9.450,0.00000,0
39.893,0.0,0.0,1.60,-0.410,0.130,-9.450,0.00000,0
39.904,0.0,0.0,1.60,-0.410,0.130,-9.450,0.00000,0
39.914,0.0,0.0,1.60,-0.410,0.130,-9.450,0.00000,0
39.924,0.0,0.0,1.60,-0.410,0.130,-9.450,0.00000,0
39.934,0.0,0.0,1.60,-0.410,0.130,-9.450,0.00000,0
39.944,0.0,0.0,1.60,-0.410,0.130,-9.450,0.00000,0
39.954,0.0,0.0,1.60,-0.410,0.130,-9.450,0.00000,0
39.964,0.0,0.0,1.60,-0.410,0.130,-9.450,0.00000,0
39.975,0.0,0.0,1.60,-0.410,0.130,-9.450,0.00000,0
39.985,0.0,0.0,1.60,-0.410,0.130,-9.450,0.00000,0
39.995,0.0,0.0,1.60,-0.410,0.130,-9.450,0.00000,0
40.005,0.0,0.0,1.60,-0.410,0.130,-9.450,0.00000,0
40.015,0.0,0.0,1.60,-0.410,0.130,-9.450,0.00000,0
40.025,0.0,0.0,1.60,-0.410,0.130,-9.450,0.00000,0
40.035,0.0,0.0,1.60,-0.410,0.130,-9.450,0.00000,0
40.045,0.0,0.0,1.60,-0.410,0.130,-9.450,0.00000,0
40.056,0.0,0.0,1.60,-0.410,0.130,-9.450,0.00000,0
40.066,0.0,0.0,1.60,-0.410,0.130,-9.450,0.00000,0
40.076,0.0,0.0,1.60,-0.410,0.130,-9.450,0.00000,0
40.086,0.0,0.0,1.60,-0.410,0.130,-9.450,0.00000,0
40.096,0.0,0.0,1.60,-0.410,0.130,-9.450,0.00000,0
40.106,0.0,0.0,1.60,-0.410,0.130,-9.450,0.00000,0
40.116,0.0,0.0,1.60,-0.410,0.130,-9.450,0.00000,0
40.127,0.0,0.0,1.60,-0.410,0.130,-9.450,0.00000,0
40.137,0.0,0.0,1.60,-0.410,0.130,-9.450,0.00000,0
40.147,0.0,0.0,1.60,-0.410,0.130,-9.450,0.00000,0
40.157,0.0,0.0,1.60,-0.410,0.130,-9.450,0.00000,0
40.167,0.0,0.0,1.60,-0.410,0.130,-9.450,0.00000,0
40.177,0.0,0.0,1.60,-0.410,0.130,-9.450,0.00000,0
40.187,0.0,0.0,1.60,-0.410,0.130,-9.450,0.00000,0
40.198,0.0,0.0,1.60,-0.410,0.130,-9.450,0.00000,0
40.208,0.0,0.0,1.60,-0.410,0.130,-9.450,0.00000,0
40.218,0.0,0.0,1.60,-0.410,0.130,-9.450,0.00000,0
40.228,0.0,0.0,1.60,-0.410,0.130,-9.450,0.00000,0
40.238,0.0,0.0,1.60,-0.410,0.130,-9.450,0.00000,0
40.248,0.0,0.0,1.60,-0.410,0.130,-9.450,0.00000,0
40.258,0.0,0.0,1.60,-0.410,0.130,-9.450,0.00000,0
40.269,0.0,0.0,1.60,-0.410,0.130,-9.450,0.00000,0
40.279,0.0,0.0,1.60,-0.410,0.130,-9.450,0.00000,0
40.289,0.0,0.0,1.60,-0.410,0.130,-9.450,0.00000,0
40.299,0.0,0.0,1.60,-0.410,0.130,-9.450,0.00000,0
40.309,0.0,0.0,1.60,-0.410,0.130,-9.450,0.00000,0
40.319,0.0,0.0,1.60,-0.410,0.130,-9.450,0.00000,0
40.329,0.0,0.0,1.60,-0.410,0.130,-9.450,0.00000,0
40.339,0.0,0.0,1.60,-0.410,0.130,-9.450,0.00000,0
40.350,0.0,0.0,1.60,-0.410,0.130,-9.450,0.00000,0
40.360,0.0,0.0,1.60,-0.410,0.130,-9.450,0.00000,0
40.370,0.0,0.0,1.60,-0.410,0.130,-9.450,0.00000,0
40.380,0.0,0.0,1.60,-0.410,0.130,-9.450,0.00000,0
40.390,0.0,0.0,1.60,-0.410,0.130,-9.450,0.00000,0
40.400,0.0,0.0,1.60,-0.410,0.130,-9.450,0.00000,0
40.410,0.0,0.0,1.60,-0.410,0.130,-9.450,0.00000,0
40.420,0.0,0.0,1.60,-0.410,0.130,-9.450,0.00000,0
40.431,0.0,0.0,1.60,-0.410,0.130,-9.450,0.00000,0
40.441,0.0,0.0,1.60,-0.410,0.130,-9.450,0.00000,0
40.451,0.0,0.0,1.60,-0.410,0.130,-9.450,0.00000,0
40.461,0.0,0.0,1.60,-0.410,0.130,-9.450,0.00000,0
40.471,0.0,0.0,1.60,-0.410,0.130,-9.450,0.00000,0
40.481,0.0,0.0,1.60,-0.410,0.130,-9.450,0.00000,0
40.491,0.0,0.0,1.60,-0.410,0.130,-9.450,0.00000,0
40.502,0.0,0.0,1.60,-0.410,0.130,-9.450,0.00000,0
40.512,0.0,0.0,1.60,-0.410,0.130,-9.450,0.00000,0
40.522,0.0,0.0,1.60,-0.410,0.130,-9.450,0.00000,0
40.532,0.0,0.0,1.60,-0.410,0.130,-9.450,0.00000,0
40.542,0.0,0.0,1.60,-0.410,0.130,-9.450,0.00000,0
40.552,0.0,0.0,1.60,-0.410,0.130,-9.450,0.00000,0
40.562,0.0,0.0,1.60,-0.410,0.130,-9.450,0.00000,0
40.573,0.0,0.0,1.60,-0.410,0.130,-9.450,0.00000,0
40.583,0.0,0.0,1.60,-0.410,0.130,-9.450,0.00000,0
40.593,0.0,0.0,1.60,-0.410,0.130,-9.450,0.00000,0
40.604,0.0,0.0,1.60,-0.410,0.130,-9.450,0.00000,0
40.614,0.0,0.0,1.60,-0.410,0.130,-9.450,0.00000,0
40.624,0.0,0.0,1.60,-0.410,0.130,-9.450,0.00000,0
40.634,0.0,0.0,1.60,-0.410,0.130,-9.450,0.00000,0
40.644,0.0,0.0,1.60,-0.410,0.130,-9.450,0.00000,0
40.654,0.0,0.0,1.60,-0.410,0.130,-9.450,0.00000,0
40.664,0.0,0.0,1.60,-0.410,0.130,-9.450,0.00000,0
40.674,0.0,0.0,1.60,-0.410,0.130,-9.450,0.00000,0
40.685,0.0,0.0,1.60,-0.410,0.130,-9.450,0.00000,0
40.695,0.0,0.0,1.60,-0.410,0.130,-9.450,0.00000,0
40.705,0.0,0.0,1.60,-0.410,0.130,-9.450,0.00000,0
40.715,0.0,0.0,1.60,-0.410,0.130,-9.450,0.00000,0
40.725,0.0,0.0,1.60,-0.410,0.130,-9.450,0.00000,0
40.735,0.0,0.0,1.60,-0.410,0.130,-9.450,0.00000,0
40.745,0.0,0.0,1.60,-0.410,0.130,-9.450,0.00000,0
40.756,0.0,0.0,1.60,-0.410,0.130,-9.450,0.00000,0
40.766,0.0,0.0,1.60,-0.410,0.130,-9.450,0.00000,0
40.776,0.0,0.0,1.60,-0.410,0.130,-9.450,0.00000,0
40.786,0.0,0.0,1.60,-0.410,0.130,-9.450,0.00000,0
40.796,0.0,0.0,1.60,-0.410,0.130,-9.450,0.00000,0
40.806,0.0,0.0,1.60,-0.410,0.130,-9.450,0.00000,0
40.816,0.0,0.0,1.60,-0.410,0.130,-9.450,0.00000,0
40.827,0.0,0.0,1.60,-0.410,0.130,-9.450,0.00000,0
40.837,0.0,0.0,1.60,-0.410,0.130,-9.450,0.00000,0
40.847,0.0,0.0,1.60,-0.410,0.130,-9.450,0.00000,0
40.857,0.0,0.0,1.60,-0.410,0.130,-9.450,0.00000,0
40.867,0.0,0.0,1.60,-0.410,0.130,-9.450,0.00000,0
40.877,0.0,0.0,1.60,-0.410,0.130,-9.450,0.00000,0
40.887,0.0,0.0,1.60,-0.410,0.130,-9.450,0.00000,0
40.897,0.0,0.0,1.60,-0.410,0.130,-9.450,0.00000,0
40.908,0.0,0.0,1.60,-0.410,0.130,-9.450,0.00000,0
40.918,0.0,0.0,1.60,-0.410,0.130,-9.450,0.00000,0
40.928,0.0,0.0,1.60,-0.410,0.130,-9.450,0.00000,0
40.938,0.0,0.0,1.60,-0.410,0.130,-9.450,0.00000,0
40.948,0.0,0.0,1.60,-0.410,0.130,-9.450,0.00000,0
40.958,0.0,0.0,1.60,-0.410,0.130,-9.450,0.00000,0
40.969,0.0,0.0,1.60,-0.410,0.130,-9.450,0.00000,0
40.979,0.0,0.0,1.60,-0.410,0.130,-9.450,0.00000,0
40.989,0.0,0.0,1.60,-0.410,0.130,-9.450,0.00000,0
40.999,0.0,0.0,1.60,-0.410,0.130,-9.450,0.00000,0
41.009,0.0,0.0,1.60,-0.410,0.130,-9.450,0.00000,0
41.019,0.0,0.0,1.60,-0.410,0.130,-9.450,0.00000,0
41.029,0.0,0.0,1.60,-0.410,0.130,-9.450,0.00000,0
41.039,0.0,0.0,1.60,-0.410,0.130,-9.450,0.00000,0
41.050,0.0,0.0,1.60,-0.410,0.130,-9.450,0.00000,0
41.060,0.0,0.0,1.60,-0.410,0.130,-9.450,0.00000,0
41.070,0.0,0.0,1.60,-0.410,0.130,-9.450,0.00000,0
41.080,0.0,0.0,1.60,-0.410,0.130,-9.450,0.00000,0
41.090,0.0,0.0,1.60,-0.410,0.130,-9.450,0.00000,0
41.100,0.0,0.0,1.60,-0.410,0.130,-9.450,0.00000,0
41.110,0.0,0.0,1.60,-0.410,0.130,-9.450,0.00000,0
41.120,0.0,0.0,1.60,-0.410,0.130,-9.450,0.00000,0
41.131,0.0,0.0,1.60,-0.410,0.130,-9.450,0.00000,0
41.141,0.0,0.0,1.60,-0.410,0.130,-9.450,0.00000,0
41.151,0.0,0.0,1.60,-0.410,0.130,-9.450,0.00000,0
41.161,0.0,0.0,1.60,-0.410,0.130,-9.450,0.00000,0
41.171,0.0,0.0,1.60,-0.410,0.130,-9.450,0.00000,0
41.181,0.0,0.0,1.60,-0.410,0.130,-9.450,0.00000,0
41.191,0.0,0.0,1.60,-0.410,0.130,-9.450,0.00000,0
41.201,0.0,0.0,1.60,-0.410,0.130,-9.450,0.00000,0
41.212,0.0,0.0,1.60,-0.410,0.130,-9.450,0.00000,0
41.222,0.0,0.0,1.60,-0.410,0.130,-9.450,0.00000,0
41.232,0.0,0.0,1.60,-0.410,0.130,-9.450,0.00000,0
41.242,0.0,0.0,1.60,-0.410,0.130,-9.450,0.00000,0
41.252,0.0,0.0,1.60,-0.410,0.130,-9.450,0.00000,0
41.262,0.0,0.0,1.60,-0.410,0.130,-9.450,0.00000,0
41.273,0.0,0.0,1.60,-0.410,0.130,-9.450,0.00000,0
41.283,0.0,0.0,1.60,-0.410,0.130,-9.450,0.00000,0
41.293,0.0,0.0,1.60,-0.410,0.130,-9.450,0.00000,0
41.303,0.0,0.0,1.60,-0.410,0.130,-9.450,0.00000,0
41.313,0.0,0.0,1.60,-0.410,0.130,-9.450,0.00000,0
41.323,0.0,0.0,1.60,-0.410,0.130,-9.450,0.00000,0
41.333,0.0,0.0,1.60,-0.410,0.130,-9.450,0.00000,0
41.343,0.0,0.0,1.60,-0.410,0.130,-9.450,0.00000,0
41.354,0.0,0.0,1.60,-0.410,0.130,-9.450,0.00000,0
41.364,0.0,0.0,1.60,-0.410,0.130,-9.450,0.00000,0
41.374,0.0,0.0,1.60,-0.410,0.130,-9.450,0.00000,0
41.384,0.0,0.0,1.60,-0.410,0.130,-9.450,0.00000,0
41.394,0.0,0.0,1.60,-0.410,0.130,-9.450,0.00000,0
41.404,0.0,0.0,1.60,-0.410,0.130,-9.450,0.00000,0
41.415,0.0,0.0,1.60,-0.410,0.130,-9.450,0.00000,0
41.425,0.0,0.0,1.60,-0.410,0.130,-9.450,0.00000,0
41.435,0.0,0.0,1.60,-0.410,0.130,-9.450,0.00000,0
41.445,0.0,0.0,1.60,-0.410,0.130,-9.450,0.00000,0
41.455,0.0,0.0,1.60,-0.410,0.130,-9.450,0.00000,0
41.465,0.0,0.0,1.60,-0.410,0.130,-9.450,0.00000,0
41.475,0.0,0.0,1.60,-0.410,0.130,-9.450,0.00000,0
41.485,0.0,0.0,1.60,-0.410,0.130,-9.450,0.00000,0
41.496,0.0,0.0,1.60,-0.410,0.130,-9.450,0.00000,0
41.506,0.0,0.0,1.60,-0.410,0.130,-9.450,0.00000,0
41.516,0.0,0.0,1.60,-0.410,0.130,-9.450,0.00000,0
41.526,0.0,0.0,1.60,-0.410,0.130,-9.450,0.00000,0
41.536,0.0,0.0,1.60,-0.410,0.130,-9.450,0.00000,0
41.546,0.0,0.0,1.60,-0.410,0.130,-9.450,0.00000,0
41.556,0.0,0.0,1.60,-0.410,0.130,-9.450,0.00000,0
41.567,0.0,0.0,1.60,-0.410,0.130,-9.450,0.00000,0
41.577,0.0,0.0,1.60,-0.410,0.130,-9.450,0.00000,0
41.587,0.0,0.0,1.60,-0.410,0.130,-9.450,0.00000,0
41.597,0.0,0.0,1.60,-0.410,0.130,-9.450,0.00000,0
41.607,0.0,0.0,1.60,-0.410,0.130,-9.450,0.00000,0
41.617,0.0,0.0,1.60,-0.410,0.130,-9.450,0.00000,0
41.627,0.0,0.0,1.60,-0.410,0.130,-9.450,0.00000,0
41.637,0.0,0.0,1.60,-0.410,0.130,-9.450,0.00000,0
41.648,0.0,0.0,1.60,-0.410,0.130,-9.450,0.00000,0
41.658,0.0,0.0,1.60,-0.410,0.130,-9.450,0.00000,0
41.668,0.0,0.0,1.60,-0.410,0.130,-9.450,0.00000,0
41.678,0.0,0.0,1.60,-0.410,0.130,-9.450,0.00000,0
41.688,0.0,0.0,1.60,-0.410,0.130,-9.450,0.00000,0
41.698,0.0,0.0,1.60,-0.410,0.130,-9.450,0.00000,0
41.708,0.0,0.0,1.60,-0.410,0.130,-9.450,0.00000,0
41.719,0.0,0.0,1.60,-0.410,0.130,-9.450,0.00000,0
41.729,0.0,0.0,1.60,-0.410,0.130,-9.450,0.00000,0
41.739,0.0,0.0,1.60,-0.410,0.130,-9.450,0.00000,0
41.749,0.0,0.0,1.60,-0.410,0.130,-9.450,0.00000,0
41.759,0.0,0.0,1.60,-0.410,0.130,-9.450,0.00000,0
41.769,0.0,0.0,1.60,-0.410,0.130,-9.450,0.00000,0
41.779,0.0,0.0,1.60,-0.410,0.130,-9.450,0.00000,0
41.790,0.0,0.0,1.60,-0.410,0.130,-9.450,0.00000,0
41.800,0.0,0.0,1.60,-0.410,0.130,-9.450,0.00000,0
41.810,0.0,0.0,1.60,-0.410,0.130,-9.450,0.00000,0
41.820,0.0,0.0,1.60,-0.410,0.130,-9.450,0.00000,0
41.830,0.0,0.0,1.60,-0.410,0.130,-9.450,0.00000,0
41.840,0.0,0.0,1.60,-0.410,0.130,-9.450,0.00000,0
41.850,0.0,0.0,1.60,-0.410,0.130,-9.450,0.00000,0
41.861,0.0,0.0,1.60,-0.410,0.130,-9.450,0.00000,0
41.871,0.0,0.0,1.60,-0.410,0.130,-9.450,0.00000,0
41.881,0.0,0.0,1.60,-0.410,0.130,-9.450,0.00000,0
41.891,0.0,0.0,1.60,-0.410,0.130,-9.450,0.00000,0
41.901,0.0,0.0,1.60,-0.410,0.130,-9.450,0.00000,0
41.911,0.0,0.0,1.60,-0.410,0.130,-9.450,0.00000,0
41.921,0.0,0.0,1.60,-0.410,0.130,-9.450,0.00000,0
41.931,0.0,0.0,1.60,-0.410,0.130,-9.450,0.00000,0
41.942,0.0,0.0,1.60,-0.410,0.130,-9.450,0.00000,0
41.952,0.0,0.0,1.60,-0.410,0.130,-9.450,0.00000,0
41.962,0.0,0.0,1.60,-0.410,0.130,-9.450,0.00000,0
41.972,0.0,0.0,1.60,-0.410,0.130,-9.450,0.00000,0
41.982,0.0,0.0,1.60,-0.410,0.130,-9.450,0.00000,0
41.992,0.0,0.0,1.60,-0.410,0.130,-9.450,0.00000,0
42.002,0.0,0.0,1.60,-0.410,0.130,-9.450,0.00000,0
42.012,0.0,0.0,1.60,-0.410,0.130,-9.450,0.00000,0
42.023,0.0,0.0,1.60,-0.410,0.130,-9.450,0.00000,0
42.033,0.0,0.0,1.60,-0.410,0.130,-9.450,0.00000,0
42.043,0.0,0.0,1.60,-0.410,0.130,-9.450,0.00000,0
42.053,0.0,0.0,1.60,-0.410,0.130,-9.450,0.00000,0
42.063,0.0,0.0,1.60,-0.410,0.130,-9.450,0.00000,0
42.073,0.0,0.0,1.60,-0.410,0.130,-9.450,0.00000,0
42.083,0.0,0.0,1.60,-0.410,0.130,-9.450,0.00000,0
42.093,0.0,0.0,1.60,-0.410,0.130,-9.450,0.00000,0
42.104,0.0,0.0,1.60,-0.410,0.130,-9.450,0.00000,0
42.114,0.0,0.0,1.60,-0.410,0.130,-9.450,0.00000,0
42.124,0.0,0.0,1.60,-0.410,0.130,-9.450,0.00000,0
42.134,0.0,0.0,1.60,-0.410,0.130,-9.450,0.00000,0
42.144,0.0,0.0,1.60,-0.410,0.130,-9.450,0.00000,0
42.154,0.0,0.0,1.60,-0.410,0.130,-9.450,0.00000,0
42.165,0.0,0.0,1.60,-0.410,0.130,-9.450,0.00000,0
42.175,0.0,0.0,1.60,-0.410,0.130,-9.450,0.00000,0
42.185,0.0,0.0,1.60,-0.410,0.130,-9.450,0.00000,0
42.195,0.0,0.0,1.60,-0.410,0.130,-9.450,0.00000,0
42.205,0.0,0.0,1.60,-0.410,0.130,-9.450,0.00000,0
42.215,0.0,0.0,1.60,-0.410,0.130,-9.450,0.00000,0
42.225,0.0,0.0,1.60,-0.410,0.130,-9.450,0.00000,0
42.235,0.0,0.0,1.60,-0.410,0.130,-9.450,0.00000,0
42.246,0.0,0.0,1.60,-0.410,0.130,-9.450,0.00000,0
42.256,0.0,0.0,1.60,-0.410,0.130,-9.450,0.00000,0
42.266,0.0,0.0,1.60,-0.410,0.130,-9.450,0.00000,0
42.276,0.0,0.0,1.60,-0.410,0.130,-9.450,0.00000,0
42.286,0.0,0.0,1.60,-0.410,0.130,-9.450,0.00000,0
42.296,0.0,0.0,1.60,-0.410,0.130,-9.450,0.00000,0
42.306,0.0,0.0,1.60,-0.410,0.130,-9.450,0.00000,0
42.317,0.0,0.0,1.60,-0.410,0.130,-9.450,0.00000,0
42.327,0.0,0.0,1.60,-0.410,0.130,-9.450,0.00000,0
42.337,0.0,0.0,1.60,-0.410,0.130,-9.450,0.00000,0
42.347,0.0,0.0,1.60,-0.410,0.130,-9.450,0.00000,0
42.357,0.0,0.0,1.60,-0.410,0.130,-9.450,0.00000,0
42.367,0.0,0.0,1.60,-0.410,0.130,-9.450,0.00000,0
42.377,0.0,0.0,1.60,-0.410,0.130,-9.450,0.00000,0
42.388,0.0,0.0,1.60,-0.410,0.130,-9.450,0.00000,0
42.398,0.0,0.0,1.60,-0.410,0.130,-9.450,0.00000,0
42.408,0.0,0.0,1.60,-0.410,0.130,-9.450,0.00000,0
42.418,0.0,0.0,1.60,-0.410,0.130,-9.450,0.00000,0
42.428,0.0,0.0,1.60,-0.410,0.130,-9.450,0.00000,0
42.438,0.0,0.0,1.60,-0.410,0.130,-9.450,0.00000,0
42.448,0.0,0.0,1.60,-0.410,0.130,-9.450,0.00000,0
42.459,0.0,0.0,1.60,-0.410,0.130,-9.450,0.00000,0
42.469,0.0,0.0,1.60,-0.410,0.130,-9.450,0.00000,0
42.479,0.0,0.0,1.60,-0.410,0.130,-9.450,0.00000,0
42.489,0.0,0.0,1.60,-0.410,0.130,-9.450,0.00000,0
42.499,0.0,0.0,1.60,-0.410,0.130,-9.450,0.00000,0
42.509,0.0,0.0,1.60,-0.410,0.130,-9.450,0.00000,0
42.519,0.0,0.0,1.60,-0.410,0.130,-9.450,0.00000,0
42.530,0.0,0.0,1.60,-0.410,0.130,-9.450,0.00000,0
42.540,0.0,0.0,1.60,-0.410,0.130,-9.450,0.00000,0
42.550,0.0,0.0,1.60,-0.410,0.130,-9.450,0.00000,0
42.560,0.0,0.0,1.60,-0.410,0.130,-9.450,0.00000,0
42.570,0.0,0.0,1.60,-0.410,0.130,-9.450,0.00000,0
42.580,0.0,0.0,1.60,-0.410,0.130,-9.450,0.00000,0
42.590,0.0,0.0,1.60,-0.410,0.130,-9.450,0.00000,0
42.601,0.0,0.0,1.60,-0.410,0.130,-9.450,0.00000,0
42.611,0.0,0.0,1.60,-0.410,0.130,-9.450,0.00000,0
42.621,0.0,0.0,1.60,-0.410,0.130,-9.450,0.00000,0
42.631,0.0,0.0,1.60,-0.410,0.130,-9.450,0.00000,0
42.641,0.0,0.0,1.60,-0.410,0.130,-9.450,0.00000,0
42.651,0.0,0.0,1.60,-0.410,0.130,-9.450,0.00000,0
42.661,0.0,0.0,1.60,-0.410,0.130,-9.450,0.00000,0
42.672,0.0,0.0,1.60,-0.410,0.130,-9.450,0.00000,0
42.682,0.0,0.0,1.60,-0.410,0.130,-9.450,0.00000,0
42.692,0.0,0.0,1.60,-0.410,0.130,-9.450,0.00000,0
42.702,0.0,0.0,1.60,-0.410,0.130,-9.450,0.00000,0
42.712,0.0,0.0,1.60,-0.410,0.130,-9.450,0.00000,0
42.722,0.0,0.0,1.60,-0.410,0.130,-9.450,0.00000,0
42.732,0.0,0.0,1.60,-0.410,0.130,-9.450,0.00000,0
42.742,0.0,0.0,1.60,-0.410,0.130,-9.450,0.00000,0
42.753,0.0,0.0,1.60,-0.410,0.130,-9.450,0.00000,0
42.763,0.0,0.0,1.60,-0.410,0.130,-9.450,0.00000,0
42.773,0.0,0.0,1.60,-0.410,0.130,-9.450,0.00000,0
42.783,0.0,0.0,1.60,-0.410,0.130,-9.450,0.00000,0
42.793,0.0,0.0,1.60,-0.410,0.130,-9.450,0.00000,0
42.803,0.0,0.0,1.60,-0.410,0.130,-9.450,0.00000,0
42.813,0.0,0.0,1.60,-0.410,0.130,-9.450,0.00000,0
42.823,0.0,0.0,1.60,-0.410,0.130,-9.450,0.00000,0
42.834,0.0,0.0,1.60,-0.410,0.130,-9.450,0.00000,0
42.844,0.0,0.0,1.60,-0.410,0.130,-9.450,0.00000,0
42.854,0.0,0.0,1.60,-0.410,0.130,-9.450,0.00000,0
42.864,0.0,0.0,1.60,-0.410,0.130,-9.450,0.00000,0
42.874,0.0,0.0,1.60,-0.410,0.130,-9.450,0.00000,0
42.884,0.0,0.0,1.60,-0.410,0.130,-9.450,0.00000,0
42.894,0.0,0.0,1.60,-0.410,0.130,-9.450,0.00000,0
42.904,0.0,0.0,1.60,-0.410,0.130,-9.450,0.00000,0
42.915,0.0,0.0,1.60,-0.410,0.130,-9.450,0.00000,0
42.925,0.0,0.0,1.60,-0.410,0.130,-9.450,0.00000,0
42.935,0.0,0.0,1.60,-0.410,0.130,-9.450,0.00000,0
42.945,0.0,0.0,1.60,-0.410,0.130,-9.450,0.00000,0
42.955,0.0,0.0,1.60,-0.410,0.130,-9.450,0.00000,0
42.965,0.0,0.0,1.60,-0.410,0.130,-9.450,0.00000,0
42.975,0.0,0.0,1.60,-0.410,0.130,-9.450,0.00000,0
42.986,0.0,0.0,1.60,-0.410,0.130,-9.450,0.00000,0
42.996,0.0,0.0,1.60,-0.410,0.130,-9.450,0.00000,0
43.006,0.0,0.0,1.60,-0.410,0.130,-9.450,0.00000,0
43.016,0.0,0.0,1.60,-0.410,0.130,-9.450,0.00000,0
43.026,0.0,0.0,1.60,-0.410,0.130,-9.450,0.00000,0
43.037,0.0,0.0,1.60,-0.410,0.130,-9.450,0.00000,0
43.047,0.0,0.0,1.60,-0.410,0.130,-9.450,0.00000,0
43.057,0.0,0.0,1.60,-0.410,0.130,-9.450,0.00000,0
43.067,0.0,0.0,1.60,-0.410,0.130,-9.450,0.00000,0
43.077,0.0,0.0,1.60,-0.410,0.130,-9.450,0.00000,0
43.087,0.0,0.0,1.60,-0.410,0.130,-9.450,0.00000,0
43.097,0.0,0.0,1.60,-0.410,0.130,-9.450,0.00000,0
43.108,0.0,0.0,1.60,-0.410,0.130,-9.450,0.00000,0
43.118,0.0,0.0,1.60,-0.410,0.130,-9.450,0.00000,0
43.128,0.0,0.0,1.60,-0.410,0.130,-9.450,0.00000,0
43.138,0.0,0.0,1.60,-0.410,0.130,-9.450,0.00000,0
43.148,0.0,0.0,1.60,-0.410,0.130,-9.450,0.00000,0
43.158,0.0,0.0,1.60,-0.410,0.130,-9.450,0.00000,0
43.168,0.0,0.0,1.60,-0.410,0.130,-9.450,0.00000,0
43.179,0.0,0.0,1.60,-0.410,0.130,-9.450,0.00000,0
43.189,0.0,0.0,1.60,-0.410,0.130,-9.450,0.00000,0
43.199,0.0,0.0,1.60,-0.410,0.130,-9.450,0.00000,0
43.209,0.0,0.0,1.60,-0.410,0.130,-9.450,0.00000,0
43.219,0.0,0.0,1.60,-0.410,0.130,-9.450,0.00000,0
43.229,0.0,0.0,1.60,-0.410,0.130,-9.450,0.00000,0
43.239,0.0,0.0,1.60,-0.410,0.130,-9.450,0.00000,0
43.250,0.0,0.0,1.60,-0.410,0.130,-9.450,0.00000,0
43.260,0.0,0.0,1.60,-0.410,0.130,-9.450,0.00000,0
43.270,0.0,0.0,1.60,-0.410,0.130,-9.450,0.00000,0
43.280,0.0,0.0,1.60,-0.410,0.130,-9.450,0.00000,0
43.290,0.0,0.0,1.60,-0.410,0.130,-9.450,0.00000,0
43.300,0.0,0.0,1.60,-0.410,0.130,-9.450,0.00000,0
43.310,0.0,0.0,1.60,-0.410,0.130,-9.450,0.00000,0
43.321,0.0,0.0,1.60,-0.410,0.130,-9.450,0.00000,0
43.331,0.0,0.0,1.60,-0.410,0.130,-9.450,0.00000,0
43.341,0.0,0.0,1.60,-0.410,0.130,-9.450,0.00000,0
43.351,0.0,0.0,1.60,-0.410,0.130,-9.450,0.00000,0
43.361,0.0,0.0,1.60,-0.410,0.130,-9.450,0.00000,0
43.371,0.0,0.0,1.60,-0.410,0.130,-9.450,0.00000,0
43.382,0.0,0.0,1.60,-0.410,0.130,-9.450,0.00000,0
43.392,0.0,0.0,1.60,-0.410,0.130,-9.450,0.00000,0
43.402,0.0,0.0,1.60,-0.410,0.130,-9.450,0.00000,0
43.412,0.0,0.0,1.60,-0.410,0.130,-9.450,0.00000,0
43.422,0.0,0.0,1.60,-0.410,0.130,-9.450,0.00000,0
43.432,0.0,0.0,1.60,-0.410,0.130,-9.450,0.00000,0
43.442,0.0,0.0,1.60,-0.410,0.130,-9.450,0.00000,0
43.452,0.0,0.0,1.60,-0.410,0.130,-9.450,0.00000,0
43.463,0.0,0.0,1.60,-0.410,0.130,-9.450,0.00000,0
43.473,0.0,0.0,1.60,-0.410,0.130,-9.450,0.00000,0
43.483,0.0,0.0,1.60,-0.410,0.130,-9.450,0.00000,0
43.493,0.0,0.0,1.60,-0.410,0.130,-9.450,0.00000,0
43.503,0.0,0.0,1.60,-0.410,0.130,-9.450,0.00000,0
43.513,0.0,0.0,1.60,-0.410,0.130,-9.450,0.00000,0
43.524,0.0,0.0,1.60,-0.410,0.130,-9.450,0.00000,0
43.534,0.0,0.0,1.60,-0.410,0.130,-9.450,0.00000,0
43.544,0.0,0.0,1.60,-0.410,0.130,-9.450,0.00000,0
43.554,0.0,0.0,1.60,-0.410,0.130,-9.450,0.00000,0
43.564,0.0,0.0,1.60,-0.410,0.130,-9.450,0.00000,0
43.574,0.0,0.0,1.60,-0.410,0.130,-9.450,0.00000,0
43.584,0.0,0.0,1.60,-0.410,0.130,-9.450,0.00000,0
43.594,0.0,0.0,1.60,-0.410,0.130,-9.450,0.00000,0
43.605,0.0,0.0,1.60,-0.410,0.130,-9.450,0.00000,0
43.615,0.0,0.0,1.60,-0.410,0.130,-9.450,0.00000,0
43.625,0.0,0.0,1.60,-0.410,0.130,-9.450,0.00000,0
43.635,0.0,0.0,1.60,-0.410,0.130,-9.450,0.00000,0
43.645,0.0,0.0,1.60,-0.410,0.130,-9.450,0.00000,0
43.655,0.0,0.0,1.60,-0.410,0.130,-9.450,0.00000,0
43.665,0.0,0.0,1.60,-0.410,0.130,-9.450,0.00000,0
43.676,0.0,0.0,1.60,-0.410,0.130,-9.450,0.00000,0
43.686,0.0,0.0,1.60,-0.410,0.130,-9.450,0.00000,0
43.696,0.0,0.0,1.60,-0.410,0.130,-9.450,0.00000,0
43.706,0.0,0.0,1.60,-0.410,0.130,-9.450,0.00000,0
43.717,0.0,0.0,1.60,-0.410,0.130,-9.450,0.00000,0
43.727,0.0,0.0,1.60,-0.410,0.130,-9.450,0.00000,0
43.737,0.0,0.0,1.60,-0.410,0.130,-9.450,0.00000,0
43.747,0.0,0.0,1.60,-0.410,0.130,-9.450,0.00000,0
43.758,0.0,0.0,1.60,-0.410,0.130,-9.450,0.00000,0
43.768,0.0,0.0,1.60,-0.410,0.130,-9.450,0.00000,0
43.778,0.0,0.0,1.60,-0.410,0.130,-9.450,0.00000,0
43.788,0.0,0.0,1.60,-0.410,0.130,-9.450,0.00000,0
43.798,0.0,0.0,1.60,-0.410,0.130,-9.450,0.00000,0
43.808,0.0,0.0,1.60,-0.410,0.130,-9.450,0.00000,0
43.818,0.0,0.0,1.60,-0.410,0.130,-9.450,0.00000,0
43.829,0.0,0.0,1.60,-0.410,0.130,-9.450,0.00000,0
43.839,0.0,0.0,1.60,-0.410,0.130,-9.450,0.00000,0
43.849,0.0,0.0,1.60,-0.410,0.130,-9.450,0.00000,0
43.859,0.0,0.0,1.60,-0.410,0.130,-9.450,0.00000,0
43.869,0.0,0.0,1.60,-0.410,0.130,-9.450,0.00000,0
43.879,0.0,0.0,1.60,-0.410,0.130,-9.450,0.00000,0
43.889,0.0,0.0,1.60,-0.410,0.130,-9.450,0.00000,0
43.899,0.0,0.0,1.60,-0.410,0.130,-9.450,0.00000,0
43.910,0.0,0.0,1.60,-0.410,0.130,-9.450,0.00000,0
43.920,0.0,0.0,1.60,-0.410,0.130,-9.450,0.00000,0
43.930,0.0,0.0,1.60,-0.410,0.130,-9.450,0.00000,0
43.940,0.0,0.0,1.60,-0.410,0.130,-9.450,0.00000,0
43.950,0.0,0.0,1.60,-0.410,0.130,-9.450,0.00000,0
43.960,0.0,0.0,1.60,-0.410,0.130,-9.450,0.00000,0
43.970,0.0,0.0,1.60,-0.410,0.130,-9.450,0.00000,0
43.981,0.0,0.0,1.60,-0.410,0.130,-9.450,0.00000,0
43.991,0.0,0.0,1.60,-0.410,0.130,-9.450,0.00000,0
44.001,0.0,0.0,1.60,-0.410,0.130,-9.450,0.00000,0
44.011,0.0,0.0,1.60,-0.410,0.130,-9.450,0.00000,0
44.021,0.0,0.0,1.60,-0.410,0.130,-9.450,0.00000,0
44.031,0.0,0.0,1.60,-0.410,0.130,-9.450,0.00000,0
44.041,0.0,0.0,1.60,-0.410,0.130,-9.450,0.00000,0
44.051,0.0,0.0,1.60,-0.410,0.130,-9.450,0.00000,0
44.062,0.0,0.0,1.60,-0.410,0.130,-9.450,0.00000,0
44.072,0.0,0.0,1.60,-0.410,0.130,-9.450,0.00000,0
44.082,0.0,0.0,1.60,-0.410,0.130,-9.450,0.00000,0
44.092,0.0,0.0,1.60,-0.410,0.130,-9.450,0.00000,0
44.102,0.0,0.0,1.60,-0.410,0.130,-9.450,0.00000,0
44.112,0.0,0.0,1.60,-0.410,0.130,-9.450,0.00000,0
44.123,0.0,0.0,1.60,-0.410,0.130,-9.450,0.00000,0
44.133,0.0,0.0,1.60,-0.410,0.130,-9.450,0.00000,0
44.143,0.0,0.0,1.60,-0.410,0.130,-9.450,0.00000,0
44.153,0.0,0.0,1.60,-0.410,0.130,-9.450,0.00000,0
44.163,0.0,0.0,1.60,-0.410,0.130,-9.450,0.00000,0
44.173,0.0,0.0,1.60,-0.410,0.130,-9.450,0.00000,0
44.183,0.0,0.0,1.60,-0.410,0.130,-9.450,0.00000,0
44.194,0.0,0.0,1.60,-0.410,0.130,-9.450,0.00000,0
44.204,0.0,0.0,1.60,-0.410,0.130,-9.450,0.00000,0
44.214,0.0,0.0,1.60,-0.410,0.130,-9.450,0.00000,0
44.224,0.0,0.0,1.60,-0.410,0.130,-9.450,0.00000,0
44.234,0.0,0.0,1.60,-0.410,0.130,-9.450,0.00000,0
44.244,0.0,0.0,1.60,-0.410,0.130,-9.450,0.00000,0
44.254,0.0,0.0,1.60,-0.410,0.130,-9.450,0.00000,0
44.264,0.0,0.0,1.60,-0.410,0.130,-9.450,0.00000,0
44.275,0.0,0.0,1.60,-0.410,0.130,-9.450,0.00000,0
44.285,0.0,0.0,1.60,-0.410,0.130,-9.450,0.00000,0
44.295,0.0,0.0,1.60,-0.410,0.130,-9.450,0.00000,0
44.305,0.0,0.0,1.60,-0.410,0.130,-9.450,0.00000,0
44.315,0.0,0.0,1.60,-0.410,0.130,-9.450,0.00000,0
44.325,0.0,0.0,1.60,-0.410,0.130,-9.450,0.00000,0
44.335,0.0,0.0,1.60,-0.410,0.130,-9.450,0.00000,0
44.346,0.0,0.0,1.60,-0.410,0.130,-9.450,0.00000,0
44.356,0.0,0.0,1.60,-0.410,0.130,-9.450,0.00000,0
44.366,0.0,0.0,1.60,-0.410,0.130,-9.450,0.00000,0
44.376,0.0,0.0,1.60,-0.410,0.130,-9.450,0.00000,0
44.386,0.0,0.0,1.60,-0.410,0.130,-9.450,0.00000,0
44.396,0.0,0.0,1.60,-0.410,0.130,-9.450,0.00000,0
44.406,0.0,0.0,1.60,-0.410,0.130,-9.450,0.00000,0
44.416,0.0,0.0,1.60,-0.410,0.130,-9.450,0.00000,0
44.427,0.0,0.0,1.60,-0.410,0.130,-9.450,0.00000,0
44.437,0.0,0.0,1.60,-0.410,0.130,-9.450,0.00000,0
44.447,0.0,0.0,1.60,-0.410,0.130,-9.450,0.00000,0
44.457,0.0,0.0,1.60,-0.410,0.130,-9.450,0.00000,0
44.467,0.0,0.0,1.60,-0.410,0.130,-9.450,0.00000,0
44.477,0.0,0.0,1.60,-0.410,0.130,-9.450,0.00000,0
44.487,0.0,0.0,1.60,-0.410,0.130,-9.450,0.00000,0
44.497,0.0,0.0,1.60,-0.410,0.130,-9.450,0.00000,0
44.508,0.0,0.0,1.60,-0.410,0.130,-9.450,0.00000,0
44.518,0.0,0.0,1.60,-0.410,0.130,-9.450,0.00000,0
44.528,0.0,0.0,1.60,-0.410,0.130,-9.450,0.00000,0
44.538,0.0,0.0,1.60,-0.410,0.130,-9.450,0.00000,0
44.548,0.0,0.0,1.60,-0.410,0.130,-9.450,0.00000,0
44.558,0.0,0.0,1.60,-0.410,0.130,-9.450,0.00000,0
44.569,0.0,0.0,1.60,-0.410,0.130,-9.450,0.00000,0
44.579,0.0,0.0,1.60,-0.410,0.130,-9.450,0.00000,0
44.589,0.0,0.0,1.60,-0.410,0.130,-9.450,0.00000,0
44.599,0.0,0.0,1.60,-0.410,0.130,-9.450,0.00000,0
44.609,0.0,0.0,1.60,-0.410,0.130,-9.450,0.00000,0
44.619,0.0,0.0,1.60,-0.410,0.130,-9.450,0.00000,0
44.629,0.0,0.0,1.60,-0.410,0.130,-9.450,0.00000,0
44.640,0.0,0.0,1.60,-0.410,0.130,-9.450,0.00000,0
44.650,0.0,0.0,1.60,-0.410,0.130,-9.450,0.00000,0
44.660,0.0,0.0,1.60,-0.410,0.130,-9.450,0.00000,0
44.670,0.0,0.0,1.60,-0.410,0.130,-9.450,0.00000,0
44.680,0.0,0.0,1.60,-0.410,0.130,-9.450,0.00000,0
44.690,0.0,0.0,1.60,-0.410,0.130,-9.450,0.00000,0
44.700,0.0,0.0,1.60,-0.410,0.130,-9.450,0.00000,0
44.711,0.0,0.0,1.60,-0.410,0.130,-9.450,0.00000,0
44.721,0.0,0.0,1.60,-0.410,0.130,-9.450,0.00000,0
44.731,0.0,0.0,1.60,-0.410,0.130,-9.450,0.00000,0
44.741,0.0,0.0,1.60,-0.410,0.130,-9.450,0.00000,0
44.751,0.0,0.0,1.60,-0.410,0.130,-9.450,0.00000,0
44.761,0.0,0.0,1.60,-0.410,0.130,-9.450,0.00000,0
44.771,0.0,0.0,1.60,-0.410,0.130,-9.450,0.00000,0
44.781,0.0,0.0,1.60,-0.410,0.130,-9.450,0.00000,0
44.792,0.0,0.0,1.60,-0.410,0.130,-9.450,0.00000,0
44.802,0.0,0.0,1.60,-0.410,0.130,-9.450,0.00000,0
44.812,0.0,0.0,1.60,-0.410,0.130,-9.450,0.00000,0
44.822,0.0,0.0,1.60,-0.410,0.130,-9.450,0.00000,0
44.832,0.0,0.0,1.60,-0.410,0.130,-9.450,0.00000,0
44.842,0.0,0.0,1.60,-0.410,0.130,-9.450,0.00000,0
44.852,0.0,0.0,1.60,-0.410,0.130,-9.450,0.00000,0
44.863,0.0,0.0,1.60,-0.410,0.130,-9.450,0.00000,0
44.873,0.0,0.0,1.60,-0.410,0.130,-9.450,0.00000,0
44.883,0.0,0.0,1.60,-0.410,0.130,-9.450,0.00000,0
44.893,0.0,0.0,1.60,-0.410,0.130,-9.450,0.00000,0
44.903,0.0,0.0,1.60,-0.410,0.130,-9.450,0.00000,0
44.913,0.0,0.0,1.60,-0.410,0.130,-9.450,0.00000,0
44.924,0.0,0.0,1.60,-0.410,0.130,-9.450,0.00000,0
44.934,0.0,0.0,1.60,-0.410,0.130,-9.450,0.00000,0
44.944,0.0,0.0,1.60,-0.410,0.130,-9.450,0.00000,0
44.954,0.0,0.0,1.60,-0.410,0.130,-9.450,0.00000,0
44.964,0.0,0.0,1.60,-0.410,0.130,-9.450,0.00000,0
44.974,0.0,0.0,1.60,-0.410,0.130,-9.450,0.00000,0
44.984,0.0,0.0,1.60,-0.410,0.130,-9.450,0.00000,0
44.994,0.0,0.0,1.60,-0.410,0.130,-9.450,0.00000,0
45.005,0.0,0.0,1.60,-0.410,0.130,-9.450,0.00000,0
45.015,0.0,0.0,1.60,-0.410,0.130,-9.450,0.00000,0
45.025,0.0,0.0,1.60,-0.410,0.130,-9.450,0.00000,0
45.035,0.0,0.0,1.60,-0.410,0.130,-9.450,0.00000,0
45.045,0.0,0.0,1.60,-0.410,0.130,-9.450,0.00000,0
45.055,0.0,0.0,1.60,-0.410,0.130,-9.450,0.00000,0
45.066,0.0,0.0,1.60,-0.410,0.130,-9.450,0.00000,0
45.076,0.0,0.0,1.60,-0.410,0.130,-9.450,0.00000,0
45.086,0.0,0.0,1.60,-0.410,0.130,-9.450,0.00000,0
45.096,0.0,0.0,1.60,-0.410,0.130,-9.450,0.00000,0
45.106,0.0,0.0,1.60,-0.410,0.130,-9.450,0.00000,0
45.116,0.0,0.0,1.60,-0.410,0.130,-9.450,0.00000,0
45.126,0.0,0.0,1.60,-0.410,0.130,-9.450,0.00000,0
45.137,0.0,0.0,1.60,-0.410,0.130,-9.450,0.00000,0
45.147,0.0,0.0,1.60,-0.410,0.130,-9.450,0.00000,0
45.157,0.0,0.0,1.60,-0.410,0.130,-9.450,0.00000,0
45.167,0.0,0.0,1.60,-0.410,0.130,-9.450,0.00000,0
45.177,0.0,0.0,1.60,-0.410,0.130,-9.450,0.00000,0
45.187,0.0,0.0,1.60,-0.410,0.130,-9.450,0.00000,0
45.197,0.0,0.0,1.60,-0.410,0.130,-9.450,0.00000,0
45.207,0.0,0.0,1.60,-0.410,0.130,-9.450,0.00000,0
45.218,0.0,0.0,1.60,-0.410,0.130,-9.450,0.00000,0
45.228,0.0,0.0,1.60,-0.410,0.130,-9.450,0.00000,0
45.238,0.0,0.0,1.60,-0.410,0.130,-9.450,0.00000,0
45.248,0.0,0.0,1.60,-0.410,0.130,-9.450,0.00000,0
45.258,0.0,0.0,1.60,-0.410,0.130,-9.450,0.00000,0
45.268,0.0,0.0,1.60,-0.410,0.130,-9.450,0.00000,0
45.278,0.0,0.0,1.60,-0.410,0.130,-9.450,0.00000,0
45.288,0.0,0.0,1.60,-0.410,0.130,-9.450,0.00000,0
45.299,0.0,0.0,1.60,-0.410,0.130,-9.450,0.00000,0
45.309,0.0,0.0,1.60,-0.410,0.130,-9.450,0.00000,0
45.319,0.0,0.0,1.60,-0.410,0.130,-9.450,0.00000,0
45.329,0.0,0.0,1.60,-0.410,0.130,-9.450,0.00000,0
45.339,0.0,0.0,1.60,-0.410,0.130,-9.450,0.00000,0
45.350,0.0,0.0,1.60,-0.410,0.130,-9.450,0.00000,0
45.360,0.0,0.0,1.60,-0.410,0.130,-9.450,0.00000,0
45.370,0.0,0.0,1.60,-0.410,0.130,-9.450,0.00000,0
45.380,0.0,0.0,1.60,-0.410,0.130,-9.450,0.00000,0
45.390,0.0,0.0,1.60,-0.410,0.130,-9.450,0.00000,0
45.400,0.0,0.0,1.60,-0.410,0.130,-9.450,0.00000,0
45.411,0.0,0.0,1.60,-0.410,0.130,-9.450,0.00000,0
45.421,0.0,0.0,1.60,-0.410,0.130,-9.450,0.00000,0
45.431,0.0,0.0,1.60,-0.410,0.130,-9.450,0.00000,0
45.441,0.0,0.0,1.60,-0.410,0.130,-9.450,0.00000,0
45.451,0.0,0.0,1.60,-0.410,0.130,-9.450,0.00000,0
45.461,0.0,0.0,1.60,-0.410,0.130,-9.450,0.00000,0
45.471,0.0,0.0,1.60,-0.410,0.130,-9.450,0.00000,0
45.482,0.0,0.0,1.60,-0.410,0.130,-9.450,0.00000,0
45.492,0.0,0.0,1.60,-0.410,0.130,-9.450,0.00000,0
45.502,0.0,0.0,1.60,-0.410,0.130,-9.450,0.00000,0
45.512,0.0,0.0,1.60,-0.410,0.130,-9.450,0.00000,0
45.522,0.0,0.0,1.60,-0.410,0.130,-9.450,0.00000,0
45.532,0.0,0.0,1.60,-0.410,0.130,-9.450,0.00000,0
45.542,0.0,0.0,1.60,-0.410,0.130,-9.450,0.00000,0
45.553,0.0,0.0,1.60,-0.410,0.130,-9.450,0.00000,0
45.563,0.0,0.0,1.60,-0.410,0.130,-9.450,0.00000,0
45.573,0.0,0.0,1.60,-0.410,0.130,-9.450,0.00000,0
45.583,0.0,0.0,1.60,-0.410,0.130,-9.450,0.00000,0
45.593,0.0,0.0,1.60,-0.410,0.130,-9.450,0.00000,0
45.603,0.0,0.0,1.60,-0.410,0.130,-9.450,0.00000,0
45.613,0.0,0.0,1.60,-0.410,0.130,-9.450,0.00000,0
45.624,0.0,0.0,1.60,-0.410,0.130,-9.450,0.00000,0
45.634,0.0,0.0,1.60,-0.410,0.130,-9.450,0.00000,0
45.644,0.0,0.0,1.60,-0.410,0.130,-9.450,0.00000,0
45.654,0.0,0.0,1.60,-0.410,0.130,-9.450,0.00000,0
45.664,0.0,0.0,1.60,-0.410,0.130,-9.450,0.00000,0
45.674,0.0,0.0,1.60,-0.410,0.130,-9.450,0.00000,0
45.684,0.0,0.0,1.60,-0.410,0.130,-9.450,0.00000,0
45.695,0.0,0.0,1.60,-0.410,0.130,-9.450,0.00000,0
45.705,0.0,0.0,1.60,-0.410,0.130,-9.450,0.00000,0
45.715,0.0,0.0,1.60,-0.410,0.130,-9.450,0.00000,0
45.725,0.0,0.0,1.60,-0.410,0.130,-9.450,0.00000,0
45.735,0.0,0.0,1.60,-0.410,0.130,-9.450,0.00000,0
45.745,0.0,0.0,1.60,-0.410,0.130,-9.450,0.00000,0
45.755,0.0,0.0,1.60,-0.410,0.130,-9.450,0.00000,0
45.766,0.0,0.0,1.60,-0.410,0.130,-9.450,0.00000,0
45.776,0.0,0.0,1.60,-0.410,0.130,-9.450,0.00000,0
45.786,0.0,0.0,1.60,-0.410,0.130,-9.450,0.00000,0
45.796,0.0,0.0,1.60,-0.410,0.130,-9.450,0.00000,0
45.806,0.0,0.0,1.60,-0.410,0.130,-9.450,0.00000,0
45.816,0.0,0.0,1.60,-0.410,0.130,-9.450,0.00000,0
45.826,0.0,0.0,1.60,-0.410,0.130,-9.450,0.00000,0
45.836,0.0,0.0,1.60,-0.410,0.130,-9.450,0.00000,0
45.847,0.0,0.0,1.60,-0.410,0.130,-9.450,0.00000,0
45.857,0.0,0.0,1.60,-0.410,0.130,-9.450,0.00000,0
45.867,0.0,0.0,1.60,-0.410,0.130,-9.450,0.00000,0
45.877,0.0,0.0,1.60,-0.410,0.130,-9.450,0.00000,0
45.887,0.0,0.0,1.60,-0.410,0.130,-9.450,0.00000,0
45.897,0.0,0.0,1.60,-0.410,0.130,-9.450,0.00000,0
45.907,0.0,0.0,1.60,-0.410,0.130,-9.450,0.00000,0
45.918,0.0,0.0,1.60,-0.410,0.130,-9.450,0.00000,0
45.928,0.0,0.0,1.60,-0.410,0.130,-9.450,0.00000,0
45.938,0.0,0.0,1.60,-0.410,0.130,-9.450,0.00000,0
45.948,0.0,0.0,1.60,-0.410,0.130,-9.450,0.00000,0
45.958,0.0,0.0,1.60,-0.410,0.130,-9.450,0.00000,0
45.968,0.0,0.0,1.60,-0.410,0.130,-9.450,0.00000,0
45.978,0.0,0.0,1.60,-0.410,0.130,-9.450,0.00000,0
45.988,0.0,0.0,1.60,-0.410,0.130,-9.450,0.00000,0
45.999,0.0,0.0,1.60,-0.410,0.130,-9.450,0.00000,0
46.009,0.0,0.0,1.60,-0.410,0.130,-9.450,0.00000,0
46.019,0.0,0.0,1.60,-0.410,0.130,-9.450,0.00000,0
46.029,0.0,0.0,1.60,-0.410,0.130,-9.450,0.00000,0
46.039,0.0,0.0,1.60,-0.410,0.130,-9.450,0.00000,0
46.049,0.0,0.0,1.60,-0.410,0.130,-9.450,0.00000,0
46.059,0.0,0.0,1.60,-0.410,0.130,-9.450,0.00000,0
46.069,0.0,0.0,1.60,-0.410,0.130,-9.450,0.00000,0
46.080,0.0,0.0,1.60,-0.410,0.130,-9.450,0.00000,0
46.090,0.0,0.0,1.60,-0.410,0.130,-9.450,0.00000,0
46.100,0.0,0.0,1.60,-0.410,0.130,-9.450,0.00000,0
46.110,0.0,0.0,1.60,-0.410,0.130,-9.450,0.00000,0
46.120,0.0,0.0,1.60,-0.410,0.130,-9.450,0.00000,0
46.130,0.0,0.0,1.60,-0.410,0.130,-9.450,0.00000,0
46.140,0.0,0.0,1.60,-0.410,0.130,-9.450,0.00000,0
46.151,0.0,0.0,1.60,-0.410,0.130,-9.450,0.00000,0
46.161,0.0,0.0,1.60,-0.410,0.130,-9.450,0.00000,0
46.171,0.0,0.0,1.60,-0.410,0.130,-9.450,0.00000,0
46.182,0.0,0.0,1.60,-0.410,0.130,-9.450,0.00000,0
46.192,0.0,0.0,1.60,-0.410,0.130,-9.450,0.00000,0
46.202,0.0,0.0,1.60,-0.410,0.130,-9.450,0.00000,0
46.212,0.0,0.0,1.60,-0.410,0.130,-9.450,0.00000,0
46.222,0.0,0.0,1.60,-0.410,0.130,-9.450,0.00000,0
46.232,0.0,0.0,1.60,-0.410,0.130,-9.450,0.00000,0
46.242,0.0,0.0,1.60,-0.410,0.130,-9.450,0.00000,0
46.252,0.0,0.0,1.60,-0.410,0.130,-9.450,0.00000,0
46.263,0.0,0.0,1.60,-0.410,0.130,-9.450,0.00000,0
46.273,0.0,0.0,1.60,-0.410,0.130,-9.450,0.00000,0
46.283,0.0,0.0,1.60,-0.410,0.130,-9.450,0.00000,0
46.293,0.0,0.0,1.60,-0.410,0.130,-9.450,0.00000,0
46.303,0.0,0.0,1.60,-0.410,0.130,-9.450,0.00000,0
46.313,0.0,0.0,1.60,-0.410,0.130,-9.450,0.00000,0
46.324,0.0,0.0,1.60,-0.410,0.130,-9.450,0.00000,0
46.334,0.0,0.0,1.60,-0.410,0.130,-9.450,0.00000,0
46.344,0.0,0.0,1.60,-0.410,0.130,-9.450,0.00000,0
46.354,0.0,0.0,1.60,-0.410,0.130,-9.450,0.00000,0
46.364,0.0,0.0,1.60,-0.410,0.130,-9.450,0.00000,0
46.374,0.0,0.0,1.60,-0.410,0.130,-9.450,0.00000,0
46.384,0.0,0.0,1.60,-0.410,0.130,-9.450,0.00000,0
46.394,0.0,0.0,1.60,-0.410,0.130,-9.450,0.00000,0
46.405,0.0,0.0,1.60,-0.410,0.130,-9.450,0.00000,0
46.415,0.0,0.0,1.60,-0.410,0.130,-9.450,0.00000,0
46.425,0.0,0.0,1.60,-0.410,0.130,-9.450,0.00000,0
46.435,0.0,0.0,1.60,-0.410,0.130,-9.450,0.00000,0
46.445,0.0,0.0,1.60,-0.410,0.130,-9.450,0.00000,0
46.455,0.0,0.0,1.60,-0.410,0.130,-9.450,0.00000,0
46.466,0.0,0.0,1.60,-0.410,0.130,-9.450,0.00000,0
46.476,0.0,0.0,1.60,-0.410,0.130,-9.450,0.00000,0
46.486,0.0,0.0,1.60,-0.410,0.130,-9.450,0.00000,0
46.496,0.0,0.0,1.60,-0.410,0.130,-9.450,0.00000,0
46.506,0.0,0.0,1.60,-0.410,0.130,-9.450,0.00000,0
46.516,0.0,0.0,1.60,-0.410,0.130,-9.450,0.00000,0
46.526,0.0,0.0,1.60,-0.410,0.130,-9.450,0.00000,0
46.537,0.0,0.0,1.60,-0.410,0.130,-9.450,0.00000,0
46.547,0.0,0.0,1.60,-0.410,0.130,-9.450,0.00000,0
46.557,0.0,0.0,1.60,-0.410,0.130,-9.450,0.00000,0
46.567,0.0,0.0,1.60,-0.410,0.130,-9.450,0.00000,0
46.577,0.0,0.0,1.60,-0.410,0.130,-9.450,0.00000,0
46.587,0.0,0.0,1.60,-0.410,0.130,-9.450,0.00000,0
46.597,0.0,0.0,1.60,-0.410,0.130,-9.450,0.00000,0
46.607,0.0,0.0,1.60,-0.410,0.130,-9.450,0.00000,0
46.618,0.0,0.0,1.60,-0.410,0.130,-9.450,0.00000,0
46.628,0.0,0.0,1.60,-0.410,0.130,-9.450,0.00000,0
46.638,0.0,0.0,1.60,-0.410,0.130,-9.450,0.00000,0
46.648,0.0,0.0,1.60,-0.410,0.130,-9.450,0.00000,0
46.658,0.0,0.0,1.60,-0.410,0.130,-9.450,0.00000,0
46.669,0.0,0.0,1.60,-0.410,0.130,-9.450,0.00000,0
46.679,0.0,0.0,1.60,-0.410,0.130,-9.450,0.00000,0
46.689,0.0,0.0,1.60,-0.410,0.130,-9.450,0.00000,0
46.699,0.0,0.0,1.60,-0.410,0.130,-9.450,0.00000,0
46.709,0.0,0.0,1.60,-0.410,0.130,-9.450,0.00000,0
46.719,0.0,0.0,1.60,-0.410,0.130,-9.450,0.00000,0
46.729,0.0,0.0,1.60,-0.410,0.130,-9.450,0.00000,0
46.739,0.0,0.0,1.60,-0.410,0.130,-9.450,0.00000,0
46.750,0.0,0.0,1.60,-0.410,0.130,-9.450,0.00000,0
46.760,0.0,0.0,1.60,-0.410,0.130,-9.450,0.00000,0
46.770,0.0,0.0,1.60,-0.410,0.130,-9.450,0.00000,0
46.780,0.0,0.0,1.60,-0.410,0.130,-9.450,0.00000,0
46.790,0.0,0.0,1.60,-0.410,0.130,-9.450,0.00000,0
46.800,0.0,0.0,1.60,-0.410,0.130,-9.450,0.00000,0
46.810,0.0,0.0,1.60,-0.410,0.130,-9.450,0.00000,0
46.821,0.0,0.0,1.60,-0.410,0.130,-9.450,0.00000,0
46.831,0.0,0.0,1.60,-0.410,0.130,-9.450,0.00000,0
46.841,0.0,0.0,1.60,-0.410,0.130,-9.450,0.00000,0
46.851,0.0,0.0,1.60,-0.410,0.130,-9.450,0.00000,0
46.861,0.0,0.0,1.60,-0.410,0.130,-9.450,0.00000,0
46.871,0.0,0.0,1.60,-0.410,0.130,-9.450,0.00000,0
46.881,0.0,0.0,1.60,-0.410,0.130,-9.450,0.00000,0
46.891,0.0,0.0,1.60,-0.410,0.130,-9.450,0.00000,0
46.902,0.0,0.0,1.60,-0.410,0.130,-9.450,0.00000,0
46.912,0.0,0.0,1.60,-0.410,0.130,-9.450,0.00000,0
46.922,0.0,0.0,1.60,-0.410,0.130,-9.450,0.00000,0
46.932,0.0,0.0,1.60,-0.410,0.130,-9.450,0.00000,0
46.942,0.0,0.0,1.60,-0.410,0.130,-9.450,0.00000,0
46.953,0.0,0.0,1.60,-0.410,0.130,-9.450,0.00000,0
46.963,0.0,0.0,1.60,-0.410,0.130,-9.450,0.00000,0
46.973,0.0,0.0,1.60,-0.410,0.130,-9.450,0.00000,0
46.983,0.0,0.0,1.60,-0.410,0.130,-9.450,0.00000,0
46.993,0.0,0.0,1.60,-0.410,0.130,-9.450,0.00000,0
47.003,0.0,0.0,1.60,-0.410,0.130,-9.450,0.00000,0
47.014,0.0,0.0,1.60,-0.410,0.130,-9.450,0.00000,0
47.024,0.0,0.0,1.60,-0.410,0.130,-9.450,0.00000,0
47.034,0.0,0.0,1.60,-0.410,0.130,-9.450,0.00000,0
47.044,0.0,0.0,1.60,-0.410,0.130,-9.450,0.00000,0
47.054,0.0,0.0,1.60,-0.410,0.130,-9.450,0.00000,0
47.064,0.0,0.0,1.60,-0.410,0.130,-9.450,0.00000,0
47.074,0.0,0.0,1.60,-0.410,0.130,-9.450,0.00000,0
47.085,0.0,0.0,1.60,-0.410,0.130,-9.450,0.00000,0
47.095,0.0,0.0,1.60,-0.410,0.130,-9.450,0.00000,0
47.105,0.0,0.0,1.60,-0.410,0.130,-9.450,0.00000,0
47.115,0.0,0.0,1.60,-0.410,0.130,-9.450,0.00000,0
47.125,0.0,0.0,1.60,-0.410,0.130,-9.450,0.00000,0
47.135,0.0,0.0,1.60,-0.410,0.130,-9.450,0.00000,0
47.145,0.0,0.0,1.60,-0.410,0.130,-9.450,0.00000,0
47.155,0.0,0.0,1.60,-0.410,0.130,-9.450,0.00000,0
47.166,0.0,0.0,1.60,-0.410,0.130,-9.450,0.00000,0
47.176,0.0,0.0,1.60,-0.410,0.130,-9.450,0.00000,0
47.186,0.0,0.0,1.60,-0.410,0.130,-9.450,0.00000,0
47.196,0.0,0.0,1.60,-0.410,0.130,-9.450,0.00000,0
47.206,0.0,0.0,1.60,-0.410,0.130,-9.450,0.00000,0
47.216,0.0,0.0,1.60,-0.410,0.130,-9.450,0.00000,0
47.227,0.0,0.0,1.60,-0.410,0.130,-9.450,0.00000,0
47.237,0.0,0.0,1.60,-0.410,0.130,-9.450,0.00000,0
47.247,0.0,0.0,1.60,-0.410,0.130,-9.450,0.00000,0
47.257,0.0,0.0,1.60,-0.410,0.130,-9.450,0.00000,0
47.267,0.0,0.0,1.60,-0.410,0.130,-9.450,0.00000,0
47.277,0.0,0.0,1.60,-0.410,0.130,-9.450,0.00000,0
47.287,0.0,0.0,1.60,-0.410,0.130,-9.450,0.00000,0
47.297,0.0,0.0,1.60,-0.410,0.130,-9.450,0.00000,0
47.308,0.0,0.0,1.60,-0.410,0.130,-9.450,0.00000,0
47.318,0.0,0.0,1.60,-0.410,0.130,-9.450,0.00000,0
47.328,0.0,0.0,1.60,-0.410,0.130,-9.450,0.00000,0
47.338,0.0,0.0,1.60,-0.410,0.130,-9.450,0.00000,0
47.348,0.0,0.0,1.60,-0.410,0.130,-9.450,0.00000,0
47.358,0.0,0.0,1.60,-0.410,0.130,-9.450,0.00000,0
47.368,0.0,0.0,1.60,-0.410,0.130,-9.450,0.00000,0
47.379,0.0,0.0,1.60,-0.410,0.130,-9.450,0.00000,0
47.389,0.0,0.0,1.60,-0.410,0.130,-9.450,0.00000,0
47.399,0.0,0.0,1.60,-0.410,0.130,-9.450,0.00000,0
47.409,0.0,0.0,1.60,-0.410,0.130,-9.450,0.00000,0
47.419,0.0,0.0,1.60,-0.410,0.130,-9.450,0.00000,0
47.429,0.0,0.0,1.60,-0.410,0.130,-9.450,0.00000,0
47.439,0.0,0.0,1.60,-0.410,0.130,-9.450,0.00000,0
47.449,0.0,0.0,1.60,-0.410,0.130,-9.450,0.00000,0
47.459,0.0,0.0,1.60,-0.410,0.130,-9.450,0.00000,0
47.470,0.0,0.0,1.60,-0.410,0.130,-9.450,0.00000,0
47.480,0.0,0.0,1.60,-0.410,0.130,-9.450,0.00000,0
47.490,0.0,0.0,1.60,-0.410,0.130,-9.450,0.00000,0
47.500,0.0,0.0,1.60,-0.410,0.130,-9.450,0.00000,0
47.510,0.0,0.0,1.60,-0.410,0.130,-9.450,0.00000,0
47.520,0.0,0.0,1.60,-0.410,0.130,-9.450,0.00000,0
47.530,0.0,0.0,1.60,-0.410,0.130,-9.450,0.00000,0
47.541,0.0,0.0,1.60,-0.410,0.130,-9.450,0.00000,0
47.551,0.0,0.0,1.60,-0.410,0.130,-9.450,0.00000,0
47.561,0.0,0.0,1.60,-0.410,0.130,-9.450,0.00000,0
47.571,0.0,0.0,1.60,-0.410,0.130,-9.450,0.00000,0
47.581,0.0,0.0,1.60,-0.410,0.130,-9.450,0.00000,0
47.591,0.0,0.0,1.60,-0.410,0.130,-9.450,0.00000,0
47.601,0.0,0.0,1.60,-0.410,0.130,-9.450,0.00000,0
47.611,0.0,0.0,1.60,-0.410,0.130,-9.450,0.00000,0
47.622,0.0,0.0,1.60,-0.410,0.130,-9.450,0.00000,0
47.632,0.0,0.0,1.60,-0.410,0.130,-9.450,0.00000,0
47.642,0.0,0.0,1.60,-0.410,0.130,-9.450,0.00000,0
47.652,0.0,0.0,1.60,-0.410,0.130,-9.450,0.00000,0
47.662,0.0,0.0,1.60,-0.410,0.130,-9.450,0.00000,0
47.672,0.0,0.0,1.60,-0.410,0.130,-9.450,0.00000,0
47.682,0.0,0.0,1.60,-0.410,0.130,-9.450,0.00000,0
47.693,0.0,0.0,1.60,-0.410,0.130,-9.450,0.00000,0
47.703,0.0,0.0,1.60,-0.410,0.130,-9.450,0.00000,0
47.713,0.0,0.0,1.60,-0.410,0.130,-9.450,0.00000,0
47.723,0.0,0.0,1.60,-0.410,0.130,-9.450,0.00000,0
47.733,0.0,0.0,1.60,-0.410,0.130,-9.450,0.00000,0
47.743,0.0,0.0,1.60,-0.410,0.130,-9.450,0.00000,0
47.753,0.0,0.0,1.60,-0.410,0.130,-9.450,0.00000,0
47.764,0.0,0.0,1.60,-0.410,0.130,-9.450,0.00000,0
47.774,0.0,0.0,1.60,-0.410,0.130,-9.450,0.00000,0
47.784,0.0,0.0,1.60,-0.410,0.130,-9.450,0.00000,0
47.794,0.0,0.0,1.60,-0.410,0.130,-9.450,0.00000,0
47.804,0.0,0.0,1.60,-0.410,0.130,-9.450,0.00000,0
47.814,0.0,0.0,1.60,-0.410,0.130,-9.450,0.00000,0
47.824,0.0,0.0,1.60,-0.410,0.130,-9.450,0.00000,0
47.835,0.0,0.0,1.60,-0.410,0.130,-9.450,0.00000,0
47.845,0.0,0.0,1.60,-0.410,0.130,-9.450,0.00000,0
47.855,0.0,0.0,1.60,-0.410,0.130,-9.450,0.00000,0
47.865,0.0,0.0,1.60,-0.410,0.130,-9.450,0.00000,0
47.875,0.0,0.0,1.60,-0.410,0.130,-9.450,0.00000,0
47.885,0.0,0.0,1.60,-0.410,0.130,-9.450,0.00000,0
47.895,0.0,0.0,1.60,-0.410,0.130,-9.450,0.00000,0
47.905,0.0,0.0,1.60,-0.410,0.130,-9.450,0.00000,0
47.916,0.0,0.0,1.60,-0.410,0.130,-9.450,0.00000,0
47.926,0.0,0.0,1.60,-0.410,0.130,-9.450,0.00000,0
47.936,0.0,0.0,1.60,-0.410,0.130,-9.450,0.00000,0
47.946,0.0,0.0,1.60,-0.410,0.130,-9.450,0.00000,0
47.956,0.0,0.0,1.60,-0.410,0.130,-9.450,0.00000,0
47.966,0.0,0.0,1.60,-0.410,0.130,-9.450,0.00000,0
47.976,0.0,0.0,1.60,-0.410,0.130,-9.450,0.00000,0
47.987,0.0,0.0,1.60,-0.410,0.130,-9.450,0.00000,0
47.997,0.0,0.0,1.60,-0.410,0.130,-9.450,0.00000,0
48.007,0.0,0.0,1.60,-0.410,0.130,-9.450,0.00000,0
48.017,0.0,0.0,1.60,-0.410,0.130,-9.450,0.00000,0
48.027,0.0,0.0,1.60,-0.410,0.130,-9.450,0.00000,0
48.037,0.0,0.0,1.60,-0.410,0.130,-9.450,0.00000,0
48.048,0.0,0.0,1.60,-0.410,0.130,-9.450,0.00000,0
48.058,0.0,0.0,1.60,-0.410,0.130,-9.450,0.00000,0
48.068,0.0,0.0,1.60,-0.410,0.130,-9.450,0.00000,0
48.078,0.0,0.0,1.60,-0.410,0.130,-9.450,0.00000,0
48.088,0.0,0.0,1.60,-0.410,0.130,-9.450,0.00000,0
48.098,0.0,0.0,1.60,-0.410,0.130,-9.450,0.00000,0
48.108,0.0,0.0,1.60,-0.410,0.130,-9.450,0.00000,0
48.119,0.0,0.0,1.60,-0.410,0.130,-9.450,0.00000,0
48.129,0.0,0.0,1.60,-0.410,0.130,-9.450,0.00000,0
48.139,0.0,0.0,1.60,-0.410,0.130,-9.450,0.00000,0
48.149,0.0,0.0,1.60,-0.410,0.130,-9.450,0.00000,0
48.159,0.0,0.0,1.60,-0.410,0.130,-9.450,0.00000,0
48.169,0.0,0.0,1.60,-0.410,0.130,-9.450,0.00000,0
48.179,0.0,0.0,1.60,-0.410,0.130,-9.450,0.00000,0
48.189,0.0,0.0,1.60,-0.410,0.130,-9.450,0.00000,0
48.200,0.0,0.0,1.60,-0.410,0.130,-9.450,0.00000,0
48.210,0.0,0.0,1.60,-0.410,0.130,-9.450,0.00000,0
48.220,0.0,0.0,1.60,-0.410,0.130,-9.450,0.00000,0
48.230,0.0,0.0,1.60,-0.410,0.130,-9.450,0.00000,0
48.240,0.0,0.0,1.60,-0.410,0.130,-9.450,0.00000,0
48.250,0.0,0.0,1.60,-0.410,0.130,-9.450,0.00000,0
48.260,0.0,0.0,1.60,-0.410,0.130,-9.450,0.00000,0
48.271,0.0,0.0,1.60,-0.410,0.130,-9.450,0.00000,0
48.281,0.0,0.0,1.60,-0.410,0.130,-9.450,0.00000,0
48.291,0.0,0.0,1.60,-0.410,0.130,-9.450,0.00000,0
48.301,0.0,0.0,1.60,-0.410,0.130,-9.450,0.00000,0
48.311,0.0,0.0,1.60,-0.410,0.130,-9.450,0.00000,0
48.321,0.0,0.0,1.60,-0.410,0.130,-9.450,0.00000,0
48.331,0.0,0.0,1.60,-0.410,0.130,-9.450,0.00000,0
48.342,0.0,0.0,1.60,-0.410,0.130,-9.450,0.00000,0
48.352,0.0,0.0,1.60,-0.410,0.130,-9.450,0.00000,0
48.362,0.0,0.0,1.60,-0.410,0.130,-9.450,0.00000,0
48.372,0.0,0.0,1.60,-0.410,0.130,-9.450,0.00000,0
48.382,0.0,0.0,1.60,-0.410,0.130,-9.450,0.00000,0
48.392,0.0,0.0,1.60,-0.410,0.130,-9.450,0.00000,0
48.402,0.0,0.0,1.60,-0.410,0.130,-9.450,0.00000,0
48.412,0.0,0.0,1.60,-0.410,0.130,-9.450,0.00000,0
48.423,0.0,0.0,1.60,-0.410,0.130,-9.450,0.00000,0
48.433,0.0,0.0,1.60,-0.410,0.130,-9.450,0.00000,0
48.443,0.0,0.0,1.60,-0.410,0.130,-9.450,0.00000,0
48.453,0.0,0.0,1.60,-0.410,0.130,-9.450,0.00000,0
48.463,0.0,0.0,1.60,-0.410,0.130,-9.450,0.00000,0
48.473,0.0,0.0,1.60,-0.410,0.130,-9.450,0.00000,0
48.483,0.0,0.0,1.60,-0.410,0.130,-9.450,0.00000,0
48.493,0.0,0.0,1.60,-0.410,0.130,-9.450,0.00000,0
48.504,0.0,0.0,1.60,-0.410,0.130,-9.450,0.00000,0
48.514,0.0,0.0,1.60,-0.410,0.130,-9.450,0.00000,0
48.524,0.0,0.0,1.60,-0.410,0.130,-9.450,0.00000,0
48.534,0.0,0.0,1.60,-0.410,0.130,-9.450,0.00000,0
48.544,0.0,0.0,1.60,-0.410,0.130,-9.450,0.00000,0
48.555,0.0,0.0,1.60,-0.410,0.130,-9.450,0.00000,0
48.565,0.0,0.0,1.60,-0.410,0.130,-9.450,0.00000,0
48.575,0.0,0.0,1.60,-0.410,0.130,-9.450,0.00000,0
48.586,0.0,0.0,1.60,-0.410,0.130,-9.450,0.00000,0
48.596,0.0,0.0,1.60,-0.410,0.130,-9.450,0.00000,0
48.606,0.0,0.0,1.60,-0.410,0.130,-9.450,0.00000,0
48.616,0.0,0.0,1.60,-0.410,0.130,-9.450,0.00000,0
48.626,0.0,0.0,1.60,-0.410,0.130,-9.450,0.00000,0
48.636,0.0,0.0,1.60,-0.410,0.130,-9.450,0.00000,0
48.646,0.0,0.0,1.60,-0.410,0.130,-9.450,0.00000,0
48.656,0.0,0.0,1.60,-0.410,0.130,-9.450,0.00000,0
48.667,0.0,0.0,1.60,-0.410,0.130,-9.450,0.00000,0
48.677,0.0,0.0,1.60,-0.410,0.130,-9.450,0.00000,0
48.687,0.0,0.0,1.60,-0.410,0.130,-9.450,0.00000,0
48.697,0.0,0.0,1.60,-0.410,0.130,-9.450,0.00000,0
48.707,0.0,0.0,1.60,-0.410,0.130,-9.450,0.00000,0
48.717,0.0,0.0,1.60,-0.410,0.130,-9.450,0.00000,0
48.728,0.0,0.0,1.60,-0.410,0.130,-9.450,0.00000,0
48.738,0.0,0.0,1.60,-0.410,0.130,-9.450,0.00000,0
48.748,0.0,0.0,1.60,-0.410,0.130,-9.450,0.00000,0
48.758,0.0,0.0,1.60,-0.410,0.130,-9.450,0.00000,0
48.768,0.0,0.0,1.60,-0.410,0.130,-9.450,0.00000,0
48.778,0.0,0.0,1.60,-0.410,0.130,-9.450,0.00000,0
48.788,0.0,0.0,1.60,-0.410,0.130,-9.450,0.00000,0
48.799,0.0,0.0,1.60,-0.410,0.130,-9.450,0.00000,0
48.809,0.0,0.0,1.60,-0.410,0.130,-9.450,0.00000,0
48.819,0.0,0.0,1.60,-0.410,0.130,-9.450,0.00000,0
48.829,0.0,0.0,1.60,-0.410,0.130,-9.450,0.00000,0
48.839,0.0,0.0,1.60,-0.410,0.130,-9.450,0.00000,0
48.849,0.0,0.0,1.60,-0.410,0.130,-9.450,0.00000,0
48.859,0.0,0.0,1.60,-0.410,0.130,-9.450,0.00000,0
48.870,0.0,0.0,1.60,-0.410,0.130,-9.450,0.00000,0
48.880,0.0,0.0,1.60,-0.410,0.130,-9.450,0.00000,0
48.890,0.0,0.0,1.60,-0.410,0.130,-9.450,0.00000,0
48.900,0.0,0.0,1.60,-0.410,0.130,-9.450,0.00000,0
48.910,0.0,0.0,1.60,-0.410,0.130,-9.450,0.00000,0
48.920,0.0,0.0,1.60,-0.410,0.130,-9.450,0.00000,0
48.930,0.0,0.0,1.60,-0.410,0.130,-9.450,0.00000,0
48.940,0.0,0.0,1.60,-0.410,0.130,-9.450,0.00000,0
48.951,0.0,0.0,1.60,-0.410,0.130,-9.450,0.00000,0
48.961,0.0,0.0,1.60,-0.410,0.130,-9.450,0.00000,0
48.971,0.0,0.0,1.60,-0.410,0.130,-9.450,0.00000,0
48.981,0.0,0.0,1.60,-0.410,0.130,-9.450,0.00000,0
48.991,0.0,0.0,1.60,-0.410,0.130,-9.450,0.00000,0
49.001,0.0,0.0,1.60,-0.410,0.130,-9.450,0.00000,0
49.011,0.0,0.0,1.60,-0.410,0.130,-9.450,0.00000,0
49.022,0.0,0.0,1.60,-0.410,0.130,-9.450,0.00000,0
49.032,0.0,0.0,1.60,-0.410,0.130,-9.450,0.00000,0
49.042,0.0,0.0,1.60,-0.410,0.130,-9.450,0.00000,0
49.052,0.0,0.0,1.60,-0.410,0.130,-9.450,0.00000,0
49.062,0.0,0.0,1.60,-0.410,0.130,-9.450,0.00000,0
49.072,0.0,0.0,1.60,-0.410,0.130,-9.450,0.00000,0
49.082,0.0,0.0,1.60,-0.410,0.130,-9.450,0.00000,0
49.093,0.0,0.0,1.60,-0.410,0.130,-9.450,0.00000,0
49.103,0.0,0.0,1.60,-0.410,0.130,-9.450,0.00000,0
49.113,0.0,0.0,1.60,-0.410,0.130,-9.450,0.00000,0
49.123,0.0,0.0,1.60,-0.410,0.130,-9.450,0.00000,0
49.133,0.0,0.0,1.60,-0.410,0.130,-9.450,0.00000,0
49.143,0.0,0.0,1.60,-0.410,0.130,-9.450,0.00000,0
49.153,0.0,0.0,1.60,-0.410,0.130,-9.450,0.00000,0
49.163,0.0,0.0,1.60,-0.410,0.130,-9.450,0.00000,0
49.174,0.0,0.0,1.60,-0.410,0.130,-9.450,0.00000,0
49.184,0.0,0.0,1.60,-0.410,0.130,-9.450,0.00000,0
49.194,0.0,0.0,1.60,-0.410,0.130,-9.450,0.00000,0
49.204,0.0,0.0,1.60,-0.410,0.130,-9.450,0.00000,0
49.214,0.0,0.0,1.60,-0.410,0.130,-9.450,0.00000,0
49.224,0.0,0.0,1.60,-0.410,0.130,-9.450,0.00000,0
49.234,0.0,0.0,1.60,-0.410,0.130,-9.450,0.00000,0
49.245,0.0,0.0,1.60,-0.410,0.130,-9.450,0.00000,0
49.255,0.0,0.0,1.60,-0.410,0.130,-9.450,0.00000,0
49.265,0.0,0.0,1.60,-0.410,0.130,-9.450,0.00000,0
49.275,0.0,0.0,1.60,-0.410,0.130,-9.450,0.00000,0
49.285,0.0,0.0,1.60,-0.410,0.130,-9.450,0.00000,0
49.295,0.0,0.0,1.60,-0.410,0.130,-9.450,0.00000,0
49.305,0.0,0.0,1.60,-0.410,0.130,-9.450,0.00000,0
49.315,0.0,0.0,1.60,-0.410,0.130,-9.450,0.00000,0
49.326,0.0,0.0,1.60,-0.410,0.130,-9.450,0.00000,0
49.336,0.0,0.0,1.60,-0.410,0.130,-9.450,0.00000,0
49.346,0.0,0.0,1.60,-0.410,0.130,-9.450,0.00000,0
49.356,0.0,0.0,1.60,-0.410,0.130,-9.450,0.00000,0
49.366,0.0,0.0,1.60,-0.410,0.130,-9.450,0.00000,0
49.376,0.0,0.0,1.60,-0.410,0.130,-9.450,0.00000,0
49.386,0.0,0.0,1.60,-0.410,0.130,-9.450,0.00000,0
49.397,0.0,0.0,1.60,-0.410,0.130,-9.450,0.00000,0
49.407,0.0,0.0,1.60,-0.410,0.130,-9.450,0.00000,0
49.417,0.0,0.0,1.60,-0.410,0.130,-9.450,0.00000,0
49.427,0.0,0.0,1.60,-0.410,0.130,-9.450,0.00000,0
49.437,0.0,0.0,1.60,-0.410,0.130,-9.450,0.00000,0
49.447,0.0,0.0,1.60,-0.410,0.130,-9.450,0.00000,0
49.457,0.0,0.0,1.60,-0.410,0.130,-9.450,0.00000,0
49.468,0.0,0.0,1.60,-0.410,0.130,-9.450,0.00000,0
49.478,0.0,0.0,1.60,-0.410,0.130,-9.450,0.00000,0
49.488,0.0,0.0,1.60,-0.410,0.130,-9.450,0.00000,0
49.498,0.0,0.0,1.60,-0.410,0.130,-9.450,0.00000,0
49.508,0.0,0.0,1.60,-0.410,0.130,-9.450,0.00000,0
49.518,0.0,0.0,1.60,-0.410,0.130,-9.450,0.00000,0
49.528,0.0,0.0,1.60,-0.410,0.130,-9.450,0.00000,0
49.539,0.0,0.0,1.60,-0.410,0.130,-9.450,0.00000,0
49.549,0.0,0.0,1.60,-0.410,0.130,-9.450,0.00000,0
49.559,0.0,0.0,1.60,-0.410,0.130,-9.450,0.00000,0
49.569,0.0,0.0,1.60,-0.410,0.130,-9.450,0.00000,0
49.579,0.0,0.0,1.60,-0.410,0.130,-9.450,0.00000,0
49.589,0.0,0.0,1.60,-0.410,0.130,-9.450,0.00000,0
49.599,0.0,0.0,1.60,-0.410,0.130,-9.450,0.00000,0
49.610,0.0,0.0,1.60,-0.410,0.130,-9.450,0.00000,0
49.620,0.0,0.0,1.60,-0.410,0.130,-9.450,0.00000,0
49.630,0.0,0.0,1.60,-0.410,0.130,-9.450,0.00000,0
49.640,0.0,0.0,1.60,-0.410,0.130,-9.450,0.00000,0
49.650,0.0,0.0,1.60,-0.410,0.130,-9.450,0.00000,0
49.660,0.0,0.0,1.60,-0.410,0.130,-9.450,0.00000,0
49.670,0.0,0.0,1.60,-0.410,0.130,-9.450,0.00000,0
49.681,0.0,0.0,1.60,-0.410,0.130,-9.450,0.00000,0
49.691,0.0,0.0,1.60,-0.410,0.130,-9.450,0.00000,0
49.701,0.0,0.0,1.60,-0.410,0.130,-9.450,0.00000,0
49.711,0.0,0.0,1.60,-0.410,0.130,-9.450,0.00000,0
49.721,0.0,0.0,1.60,-0.410,0.130,-9.450,0.00000,0
49.731,0.0,0.0,1.60,-0.410,0.130,-9.450,0.00000,0
49.741,0.0,0.0,1.60,-0.410,0.130,-9.450,0.00000,0
49.752,0.0,0.0,1.60,-0.410,0.130,-9.450,0.00000,0
49.762,0.0,0.0,1.60,-0.410,0.130,-9.450,0.00000,0
49.772,0.0,0.0,1.60,-0.410,0.130,-9.450,0.00000,0
49.782,0.0,0.0,1.60,-0.410,0.130,-9.450,0.00000,0
49.792,0.0,0.0,1.60,-0.410,0.130,-9.450,0.00000,0
49.802,0.0,0.0,1.60,-0.410,0.130,-9.450,0.00000,0
49.812,0.0,0.0,1.60,-0.410,0.130,-9.450,0.00000,0
49.823,0.0,0.0,1.60,-0.410,0.130,-9.450,0.00000,0
49.833,0.0,0.0,1.60,-0.410,0.130,-9.450,0.00000,0
49.843,0.0,0.0,1.60,-0.410,0.130,-9.450,0.00000,0
49.853,0.0,0.0,1.60,-0.410,0.130,-9.450,0.00000,0
49.863,0.0,0.0,1.60,-0.410,0.130,-9.450,0.00000,0
49.873,0.0,0.0,1.60,-0.410,0.130,-9.450,0.00000,0
49.884,0.0,0.0,1.60,-0.410,0.130,-9.450,0.00000,0
49.894,0.0,0.0,1.60,-0.410,0.130,-9.450,0.00000,0
49.904,0.0,0.0,1.60,-0.410,0.130,-9.450,0.00000,0
49.914,0.0,0.0,1.60,-0.410,0.130,-9.450,0.00000,0
49.924,0.0,0.0,1.60,-0.410,0.130,-9.450,0.00000,0
49.934,0.0,0.0,1.60,-0.410,0.130,-9.450,0.00000,0
49.944,0.0,0.0,1.60,-0.410,0.130,-9.450,0.00000,0
49.954,0.0,0.0,1.60,-0.410,0.130,-9.450,0.00000,0
49.965,0.0,0.0,1.60,-0.410,0.130,-9.450,0.00000,0
49.975,0.0,0.0,1.60,-0.410,0.130,-9.450,0.00000,0
49.985,0.0,0.0,1.60,-0.410,0.130,-9.450,0.00000,0
49.995,0.0,0.0,1.60,-0.410,0.130,-9.450,0.00000,0
50.005,0.0,0.0,1.60,-0.410,0.130,-9.450,0.00000,0
50.015,0.0,0.0,1.60,-0.410,0.130,-9.450,0.00000,0
50.025,0.0,0.0,1.60,-0.410,0.130,-9.450,0.00000,0
50.035,0.0,0.0,1.60,-0.410,0.130,-9.450,0.00000,0
50.046,0.0,0.0,1.60,-0.410,0.130,-9.450,0.00000,0
50.056,0.0,0.0,1.60,-0.410,0.130,-9.450,0.00000,0
50.066,0.0,0.0,1.60,-0.410,0.130,-9.450,0.00000,0
50.076,0.0,0.0,1.60,-0.410,0.130,-9.450,0.00000,0
50.086,0.0,0.0,1.60,-0.410,0.130,-9.450,0.00000,0
50.096,0.0,0.0,1.60,-0.410,0.130,-9.450,0.00000,0
50.106,0.0,0.0,1.60,-0.410,0.130,-9.450,0.00000,0
50.116,0.0,0.0,1.60,-0.410,0.130,-9.450,0.00000,0
50.127,0.0,0.0,1.60,-0.410,0.130,-9.450,0.00000,0
50.137,0.0,0.0,1.60,-0.410,0.130,-9.450,0.00000,0
50.147,0.0,0.0,1.60,-0.410,0.130,-9.450,0.00000,0
50.157,0.0,0.0,1.60,-0.410,0.130,-9.450,0.00000,0
50.167,0.0,0.0,1.60,-0.410,0.130,-9.450,0.00000,0
50.177,0.0,0.0,1.60,-0.410,0.130,-9.450,0.00000,0
50.187,0.0,0.0,1.60,-0.410,0.130,-9.450,0.00000,0
50.198,0.0,0.0,1.60,-0.410,0.130,-9.450,0.00000,0
50.208,0.0,0.0,1.60,-0.410,0.130,-9.450,0.00000,0
50.218,0.0,0.0,1.60,-0.410,0.130,-9.450,0.00000,0
50.228,0.0,0.0,1.60,-0.410,0.130,-9.450,0.00000,0
50.238,0.0,0.0,1.60,-0.410,0.130,-9.450,0.00000,0
50.248,0.0,0.0,1.60,-0.410,0.130,-9.450,0.00000,0
50.258,0.0,0.0,1.60,-0.410,0.130,-9.450,0.00000,0
50.269,0.0,0.0,1.60,-0.410,0.130,-9.450,0.00000,0
50.279,0.0,0.0,1.60,-0.410,0.130,-9.450,0.00000,0
50.289,0.0,0.0,1.60,-0.410,0.130,-9.450,0.00000,0
50.299,0.0,0.0,1.60,-0.410,0.130,-9.450,0.00000,0
50.309,0.0,0.0,1.60,-0.410,0.130,-9.450,0.00000,0
50.319,0.0,0.0,1.60,-0.410,0.130,-9.450,0.00000,0
50.329,0.0,0.0,1.60,-0.410,0.130,-9.450,0.00000,0
50.340,0.0,0.0,1.60,-0.410,0.130,-9.450,0.00000,0
50.350,0.0,0.0,1.60,-0.410,0.130,-9.450,0.00000,0
50.360,0.0,0.0,1.60,-0.410,0.130,-9.450,0.00000,0
50.370,0.0,0.0,1.60,-0.410,0.130,-9.450,0.00000,0
50.380,0.0,0.0,1.60,-0.410,0.130,-9.450,0.00000,0
50.390,0.0,0.0,1.60,-0.410,0.130,-9.450,0.00000,0
50.400,0.0,0.0,1.60,-0.410,0.130,-9.450,0.00000,0
50.410,0.0,0.0,1.60,-0.410,0.130,-9.450,0.00000,0
50.421,0.0,0.0,1.60,-0.410,0.130,-9.450,0.00000,0
50.431,0.0,0.0,1.60,-0.410,0.130,-9.450,0.00000,0
50.441,0.0,0.0,1.60,-0.410,0.130,-9.450,0.00000,0
50.451,0.0,0.0,1.60,-0.410,0.130,-9.450,0.00000,0
50.461,0.0,0.0,1.60,-0.410,0.130,-9.450,0.00000,0
50.471,0.0,0.0,1.60,-0.410,0.130,-9.450,0.00000,0
50.482,0.0,0.0,1.60,-0.410,0.130,-9.450,0.00000,0
50.492,0.0,0.0,1.60,-0.410,0.130,-9.450,0.00000,0
50.502,0.0,0.0,1.60,-0.410,0.130,-9.450,0.00000,0
50.512,0.0,0.0,1.60,-0.410,0.130,-9.450,0.00000,0
50.522,0.0,0.0,1.60,-0.410,0.130,-9.450,0.00000,0
50.532,0.0,0.0,1.60,-0.410,0.130,-9.450,0.00000,0
50.542,0.0,0.0,1.60,-0.410,0.130,-9.450,0.00000,0
50.552,0.0,0.0,1.60,-0.410,0.130,-9.450,0.00000,0
50.563,0.0,0.0,1.60,-0.410,0.130,-9.450,0.00000,0
50.573,0.0,0.0,1.60,-0.410,0.130,-9.450,0.00000,0
50.583,0.0,0.0,1.60,-0.410,0.130,-9.450,0.00000,0
50.593,0.0,0.0,1.60,-0.410,0.130,-9.450,0.00000,0
50.603,0.0,0.0,1.60,-0.410,0.130,-9.450,0.00000,0
50.613,0.0,0.0,1.60,-0.410,0.130,-9.450,0.00000,0
50.623,0.0,0.0,1.60,-0.410,0.130,-9.450,0.00000,0
50.633,0.0,0.0,1.60,-0.410,0.130,-9.450,0.00000,0
50.644,0.0,0.0,1.60,-0.410,0.130,-9.450,0.00000,0
50.654,0.0,0.0,1.60,-0.410,0.130,-9.450,0.00000,0
50.664,0.0,0.0,1.60,-0.410,0.130,-9.450,0.00000,0
50.674,0.0,0.0,1.60,-0.410,0.130,-9.450,0.00000,0
50.684,0.0,0.0,1.60,-0.410,0.130,-9.450,0.00000,0
50.694,0.0,0.0,1.60,-0.410,0.130,-9.450,0.00000,0
50.704,0.0,0.0,1.60,-0.410,0.130,-9.450,0.00000,0
50.715,0.0,0.0,1.60,-0.410,0.130,-9.450,0.00000,0
50.725,0.0,0.0,1.60,-0.410,0.130,-9.450,0.00000,0
50.735,0.0,0.0,1.60,-0.410,0.130,-9.450,0.00000,0
50.745,0.0,0.0,1.60,-0.410,0.130,-9.450,0.00000,0
50.755,0.0,0.0,1.60,-0.410,0.130,-9.450,0.00000,0
50.765,0.0,0.0,1.60,-0.410,0.130,-9.450,0.00000,0
50.775,0.0,0.0,1.60,-0.410,0.130,-9.450,0.00000,0
50.786,0.0,0.0,1.60,-0.410,0.130,-9.450,0.00000,0
50.796,0.0,0.0,1.60,-0.410,0.130,-9.450,0.00000,0
50.806,0.0,0.0,1.60,-0.410,0.130,-9.450,0.00000,0
50.816,0.0,0.0,1.60,-0.410,0.130,-9.450,0.00000,0
50.826,0.0,0.0,1.60,-0.410,0.130,-9.450,0.00000,0
50.836,0.0,0.0,1.60,-0.410,0.130,-9.450,0.00000,0
50.846,0.0,0.0,1.60,-0.410,0.130,-9.450,0.00000,0
50.856,0.0,0.0,1.60,-0.410,0.130,-9.450,0.00000,0
50.866,0.0,0.0,1.60,-0.410,0.130,-9.450,0.00000,0
50.877,0.0,0.0,1.60,-0.410,0.130,-9.450,0.00000,0
50.887,0.0,0.0,1.60,-0.410,0.130,-9.450,0.00000,0
50.897,0.0,0.0,1.60,-0.410,0.130,-9.450,0.00000,0
50.907,0.0,0.0,1.60,-0.410,0.130,-9.450,0.00000,0
50.917,0.0,0.0,1.60,-0.410,0.130,-9.450,0.00000,0
50.927,0.0,0.0,1.60,-0.410,0.130,-9.450,0.00000,0
50.937,0.0,0.0,1.60,-0.410,0.130,-9.450,0.00000,0
50.948,0.0,0.0,1.60,-0.410,0.130,-9.450,0.00000,0
50.958,0.0,0.0,1.60,-0.410,0.130,-9.450,0.00000,0
50.968,0.0,0.0,1.60,-0.410,0.130,-9.450,0.00000,0
50.978,0.0,0.0,1.60,-0.410,0.130,-9.450,0.00000,0
50.988,0.0,0.0,1.60,-0.410,0.130,-9.450,0.00000,0
50.998,0.0,0.0,1.60,-0.410,0.130,-9.450,0.00000,0
51.009,0.0,0.0,1.60,-0.410,0.130,-9.450,0.00000,0
51.019,0.0,0.0,1.60,-0.410,0.130,-9.450,0.00000,0
51.030,0.0,0.0,1.60,-0.410,0.130,-9.450,0.00000,0
51.040,0.0,0.0,1.60,-0.410,0.130,-9.450,0.00000,0
51.050,0.0,0.0,1.60,-0.410,0.130,-9.450,0.00000,0
51.060,0.0,0.0,1.60,-0.410,0.130,-9.450,0.00000,0
51.070,0.0,0.0,1.60,-0.410,0.130,-9.450,0.00000,0
51.080,0.0,0.0,1.60,-0.410,0.130,-9.450,0.00000,0
51.090,0.0,0.0,1.60,-0.410,0.130,-9.450,0.00000,0
51.100,0.0,0.0,1.60,-0.410,0.130,-9.450,0.00000,0
51.111,0.0,0.0,1.60,-0.410,0.130,-9.450,0.00000,0
51.121,0.0,0.0,1.60,-0.410,0.130,-9.450,0.00000,0
51.131,0.0,0.0,1.60,-0.410,0.130,-9.450,0.00000,0
51.141,0.0,0.0,1.60,-0.410,0.130,-9.450,0.00000,0
51.151,0.0,0.0,1.60,-0.410,0.130,-9.450,0.00000,0
51.161,0.0,0.0,1.60,-0.410,0.130,-9.450,0.00000,0
51.171,0.0,0.0,1.60,-0.410,0.130,-9.450,0.00000,0
51.182,0.0,0.0,1.60,-0.410,0.130,-9.450,0.00000,0
51.192,0.0,0.0,1.60,-0.410,0.130,-9.450,0.00000,0
51.202,0.0,0.0,1.60,-0.410,0.130,-9.450,0.00000,0
51.212,0.0,0.0,1.60,-0.410,0.130,-9.450,0.00000,0
51.222,0.0,0.0,1.60,-0.410,0.130,-9.450,0.00000,0
51.232,0.0,0.0,1.60,-0.410,0.130,-9.450,0.00000,0
51.242,0.0,0.0,1.60,-0.410,0.130,-9.450,0.00000,0
51.253,0.0,0.0,1.60,-0.410,0.130,-9.450,0.00000,0
51.263,0.0,0.0,1.60,-0.410,0.130,-9.450,0.00000,0
51.273,0.0,0.0,1.60,-0.410,0.130,-9.450,0.00000,0
51.283,0.0,0.0,1.60,-0.410,0.130,-9.450,0.00000,0
51.293,0.0,0.0,1.60,-0.410,0.130,-9.450,0.00000,0
51.303,0.0,0.0,1.60,-0.410,0.130,-9.450,0.00000,0
51.313,0.0,0.0,1.60,-0.410,0.130,-9.450,0.00000,0
51.324,0.0,0.0,1.60,-0.410,0.130,-9.450,0.00000,0
51.334,0.0,0.0,1.60,-0.410,0.130,-9.450,0.00000,0
51.344,0.0,0.0,1.60,-0.410,0.130,-9.450,0.00000,0
51.354,0.0,0.0,1.60,-0.410,0.130,-9.450,0.00000,0
51.364,0.0,0.0,1.60,-0.410,0.130,-9.450,0.00000,0
51.374,0.0,0.0,1.60,-0.410,0.130,-9.450,0.00000,0
51.384,0.0,0.0,1.60,-0.410,0.130,-9.450,0.00000,0
51.394,0.0,0.0,1.60,-0.410,0.130,-9.450,0.00000,0
51.405,0.0,0.0,1.60,-0.410,0.130,-9.450,0.00000,0
51.415,0.0,0.0,1.60,-0.410,0.130,-9.450,0.00000,0
51.425,0.0,0.0,1.60,-0.410,0.130,-9.450,0.00000,0
51.435,0.0,0.0,1.60,-0.410,0.130,-9.450,0.00000,0
51.445,0.0,0.0,1.60,-0.410,0.130,-9.450,0.00000,0
51.455,0.0,0.0,1.60,-0.410,0.130,-9.450,0.00000,0
51.465,0.0,0.0,1.60,-0.410,0.130,-9.450,0.00000,0
51.476,0.0,0.0,1.60,-0.410,0.130,-9.450,0.00000,0
51.486,0.0,0.0,1.60,-0.410,0.130,-9.450,0.00000,0
51.496,0.0,0.0,1.60,-0.410,0.130,-9.450,0.00000,0
51.506,0.0,0.0,1.60,-0.410,0.130,-9.450,0.00000,0
51.516,0.0,0.0,1.60,-0.410,0.130,-9.450,0.00000,0
51.526,0.0,0.0,1.60,-0.410,0.130,-9.450,0.00000,0
51.537,0.0,0.0,1.60,-0.410,0.130,-9.450,0.00000,0
51.547,0.0,0.0,1.60,-0.410,0.130,-9.450,0.00000,0
51.557,0.0,0.0,1.60,-0.410,0.130,-9.450,0.00000,0
51.567,0.0,0.0,1.60,-0.410,0.130,-9.450,0.00000,0
51.577,0.0,0.0,1.60,-0.410,0.130,-9.450,0.00000,0
51.587,0.0,0.0,1.60,-0.410,0.130,-9.450,0.00000,0
51.597,0.0,0.0,1.60,-0.410,0.130,-9.450,0.00000,0
51.607,0.0,0.0,1.60,-0.410,0.130,-9.450,0.00000,0
51.618,0.0,0.0,1.60,-0.410,0.130,-9.450,0.00000,0
51.628,0.0,0.0,1.60,-0.410,0.130,-9.450,0.00000,0
51.638,0.0,0.0,1.60,-0.410,0.130,-9.450,0.00000,0
51.648,0.0,0.0,1.60,-0.410,0.130,-9.450,0.00000,0
51.658,0.0,0.0,1.60,-0.410,0.130,-9.450,0.00000,0
51.668,0.0,0.0,1.60,-0.410,0.130,-9.450,0.00000,0
51.678,0.0,0.0,1.60,-0.410,0.130,-9.450,0.00000,0
51.688,0.0,0.0,1.60,-0.410,0.130,-9.450,0.00000,0
51.699,0.0,0.0,1.60,-0.410,0.130,-9.450,0.00000,0
51.709,0.0,0.0,1.60,-0.410,0.130,-9.450,0.00000,0
51.719,0.0,0.0,1.60,-0.410,0.130,-9.450,0.00000,0
51.729,0.0,0.0,1.60,-0.410,0.130,-9.450,0.00000,0
51.739,0.0,0.0,1.60,-0.410,0.130,-9.450,0.00000,0
51.749,0.0,0.0,1.60,-0.410,0.130,-9.450,0.00000,0
51.759,0.0,0.0,1.60,-0.410,0.130,-9.450,0.00000,0
51.770,0.0,0.0,1.60,-0.410,0.130,-9.450,0.00000,0
51.780,0.0,0.0,1.60,-0.410,0.130,-9.450,0.00000,0
51.790,0.0,0.0,1.60,-0.410,0.130,-9.450,0.00000,0
51.800,0.0,0.0,1.60,-0.410,0.130,-9.450,0.00000,0
51.810,0.0,0.0,1.60,-0.410,0.130,-9.450,0.00000,0
51.820,0.0,0.0,1.60,-0.410,0.130,-9.450,0.00000,0
51.831,0.0,0.0,1.60,-0.410,0.130,-9.450,0.00000,0
51.841,0.0,0.0,1.60,-0.410,0.130,-9.450,0.00000,0
51.851,0.0,0.0,1.60,-0.410,0.130,-9.450,0.00000,0
51.861,0.0,0.0,1.60,-0.410,0.130,-9.450,0.00000,0
51.871,0.0,0.0,1.60,-0.410,0.130,-9.450,0.00000,0
51.881,0.0,0.0,1.60,-0.410,0.130,-9.450,0.00000,0
51.891,0.0,0.0,1.60,-0.410,0.130,-9.450,0.00000,0
51.901,0.0,0.0,1.60,-0.410,0.130,-9.450,0.00000,0
51.912,0.0,0.0,1.60,-0.410,0.130,-9.450,0.00000,0
51.922,0.0,0.0,1.60,-0.410,0.130,-9.450,0.00000,0
51.932,0.0,0.0,1.60,-0.410,0.130,-9.450,0.00000,0
51.942,0.0,0.0,1.60,-0.410,0.130,-9.450,0.00000,0
51.952,0.0,0.0,1.60,-0.410,0.130,-9.450,0.00000,0
51.962,0.0,0.0,1.60,-0.410,0.130,-9.450,0.00000,0
51.972,0.0,0.0,1.60,-0.410,0.130,-9.450,0.00000,0
51.983,0.0,0.0,1.60,-0.410,0.130,-9.450,0.00000,0
51.993,0.0,0.0,1.60,-0.410,0.130,-9.450,0.00000,0
52.003,0.0,0.0,1.60,-0.410,0.130,-9.450,0.00000,0
52.013,0.0,0.0,1.60,-0.410,0.130,-9.450,0.00000,0
52.023,0.0,0.0,1.60,-0.410,0.130,-9.450,0.00000,0
52.033,0.0,0.0,1.60,-0.410,0.130,-9.450,0.00000,0
52.043,0.0,0.0,1.60,-0.410,0.130,-9.450,0.00000,0
52.054,0.0,0.0,1.60,-0.410,0.130,-9.450,0.00000,0
52.064,0.0,0.0,1.60,-0.410,0.130,-9.450,0.00000,0
52.074,0.0,0.0,1.60,-0.410,0.130,-9.450,0.00000,0
52.084,0.0,0.0,1.60,-0.410,0.130,-9.450,0.00000,0
52.094,0.0,0.0,1.60,-0.410,0.130,-9.450,0.00000,0
52.104,0.0,0.0,1.60,-0.410,0.130,-9.450,0.00000,0
52.114,0.0,0.0,1.60,-0.410,0.130,-9.450,0.00000,0
52.125,0.0,0.0,1.60,-0.410,0.130,-9.450,0.00000,0
52.135,0.0,0.0,1.60,-0.410,0.130,-9.450,0.00000,0
52.145,0.0,0.0,1.60,-0.410,0.130,-9.450,0.00000,0
52.155,0.0,0.0,1.60,-0.410,0.130,-9.450,0.00000,0
52.165,0.0,0.0,1.60,-0.410,0.130,-9.450,0.00000,0
52.175,0.0,0.0,1.60,-0.410,0.130,-9.450,0.00000,0
52.185,0.0,0.0,1.60,-0.410,0.130,-9.450,0.00000,0
52.195,0.0,0.0,1.60,-0.410,0.130,-9.450,0.00000,0
52.206,0.0,0.0,1.60,-0.410,0.130,-9.450,0.00000,0
52.216,0.0,0.0,1.60,-0.410,0.130,-9.450,0.00000,0
52.226,0.0,0.0,1.60,-0.410,0.130,-9.450,0.00000,0
52.236,0.0,0.0,1.60,-0.410,0.130,-9.450,0.00000,0
52.246,0.0,0.0,1.60,-0.410,0.130,-9.450,0.00000,0
52.256,0.0,0.0,1.60,-0.410,0.130,-9.450,0.00000,0
52.266,0.0,0.0,1.60,-0.410,0.130,-9.450,0.00000,0
52.277,0.0,0.0,1.60,-0.410,0.130,-9.450,0.00000,0
52.287,0.0,0.0,1.60,-0.410,0.130,-9.450,0.00000,0
52.297,0.0,0.0,1.60,-0.410,0.130,-9.450,0.00000,0
52.307,0.0,0.0,1.60,-0.410,0.130,-9.450,0.00000,0
52.317,0.0,0.0,1.60,-0.410,0.130,-9.450,0.00000,0
52.327,0.0,0.0,1.60,-0.410,0.130,-9.450,0.00000,0
52.337,0.0,0.0,1.60,-0.410,0.130,-9.450,0.00000,0
52.347,0.0,0.0,1.60,-0.410,0.130,-9.450,0.00000,0
52.358,0.0,0.0,1.60,-0.410,0.130,-9.450,0.00000,0
52.368,0.0,0.0,1.60,-0.410,0.130,-9.450,0.00000,0
52.378,0.0,0.0,1.60,-0.410,0.130,-9.450,0.00000,0
52.388,0.0,0.0,1.60,-0.410,0.130,-9.450,0.00000,0
52.398,0.0,0.0,1.60,-0.410,0.130,-9.450,0.00000,0
52.408,0.0,0.0,1.60,-0.410,0.130,-9.450,0.00000,0
52.418,0.0,0.0,1.60,-0.410,0.130,-9.450,0.00000,0
52.429,0.0,0.0,1.60,-0.410,0.130,-9.450,0.00000,0
52.439,0.0,0.0,1.60,-0.410,0.130,-9.450,0.00000,0
52.449,0.0,0.0,1.60,-0.410,0.130,-9.450,0.00000,0
52.459,0.0,0.0,1.60,-0.410,0.130,-9.450,0.00000,0
52.469,0.0,0.0,1.60,-0.410,0.130,-9.450,0.00000,0
52.479,0.0,0.0,1.60,-0.410,0.130,-9.450,0.00000,0
52.489,0.0,0.0,1.60,-0.410,0.130,-9.450,0.00000,0
52.499,0.0,0.0,1.60,-0.410,0.130,-9.450,0.00000,0
52.509,0.0,0.0,1.60,-0.410,0.130,-9.450,0.00000,0
52.520,0.0,0.0,1.60,-0.410,0.130,-9.450,0.00000,0
52.530,0.0,0.0,1.60,-0.410,0.130,-9.450,0.00000,0
52.540,0.0,0.0,1.60,-0.410,0.130,-9.450,0.00000,0
52.550,0.0,0.0,1.60,-0.410,0.130,-9.450,0.00000,0
52.560,0.0,0.0,1.60,-0.410,0.130,-9.450,0.00000,0
52.570,0.0,0.0,1.60,-0.410,0.130,-9.450,0.00000,0
52.580,0.0,0.0,1.60,-0.410,0.130,-9.450,0.00000,0
52.591,0.0,0.0,1.60,-0.410,0.130,-9.450,0.00000,0
52.601,0.0,0.0,1.60,-0.410,0.130,-9.450,0.00000,0
52.611,0.0,0.0,1.60,-0.410,0.130,-9.450,0.00000,0
52.621,0.0,0.0,1.60,-0.410,0.130,-9.450,0.00000,0
52.631,0.0,0.0,1.60,-0.410,0.130,-9.450,0.00000,0
52.641,0.0,0.0,1.60,-0.410,0.130,-9.450,0.00000,0
52.651,0.0,0.0,1.60,-0.410,0.130,-9.450,0.00000,0
52.661,0.0,0.0,1.60,-0.410,0.130,-9.450,0.00000,0
52.672,0.0,0.0,1.60,-0.410,0.130,-9.450,0.00000,0
52.682,0.0,0.0,1.60,-0.410,0.130,-9.450,0.00000,0
52.692,0.0,0.0,1.60,-0.410,0.130,-9.450,0.00000,0
52.702,0.0,0.0,1.60,-0.410,0.130,-9.450,0.00000,0
52.712,0.0,0.0,1.60,-0.410,0.130,-9.450,0.00000,0
52.722,0.0,0.0,1.60,-0.410,0.130,-9.450,0.00000,0
52.732,0.0,0.0,1.60,-0.410,0.130,-9.450,0.00000,0
52.743,0.0,0.0,1.60,-0.410,0.130,-9.450,0.00000,0
52.753,0.0,0.0,1.60,-0.410,0.130,-9.450,0.00000,0
52.763,0.0,0.0,1.60,-0.410,0.130,-9.450,0.00000,0
52.773,0.0,0.0,1.60,-0.410,0.130,-9.450,0.00000,0
52.783,0.0,0.0,1.60,-0.410,0.130,-9.450,0.00000,0
52.793,0.0,0.0,1.60,-0.410,0.130,-9.450,0.00000,0
52.803,0.0,0.0,1.60,-0.410,0.130,-9.450,0.00000,0
52.814,0.0,0.0,1.60,-0.410,0.130,-9.450,0.00000,0
52.824,0.0,0.0,1.60,-0.410,0.130,-9.450,0.00000,0
52.834,0.0,0.0,1.60,-0.410,0.130,-9.450,0.00000,0
52.844,0.0,0.0,1.60,-0.410,0.130,-9.450,0.00000,0
52.854,0.0,0.0,1.60,-0.410,0.130,-9.450,0.00000,0
52.864,0.0,0.0,1.60,-0.410,0.130,-9.450,0.00000,0
52.874,0.0,0.0,1.60,-0.410,0.130,-9.450,0.00000,0
52.885,0.0,0.0,1.60,-0.410,0.130,-9.450,0.00000,0
52.895,0.0,0.0,1.60,-0.410,0.130,-9.450,0.00000,0
52.905,0.0,0.0,1.60,-0.410,0.130,-9.450,0.00000,0
52.915,0.0,0.0,1.60,-0.410,0.130,-9.450,0.00000,0
52.925,0.0,0.0,1.60,-0.410,0.130,-9.450,0.00000,0
52.935,0.0,0.0,1.60,-0.410,0.130,-9.450,0.00000,0
52.945,0.0,0.0,1.60,-0.410,0.130,-9.450,0.00000,0
52.956,0.0,0.0,1.60,-0.410,0.130,-9.450,0.00000,0
52.966,0.0,0.0,1.60,-0.410,0.130,-9.450,0.00000,0
52.976,0.0,0.0,1.60,-0.410,0.130,-9.450,0.00000,0
52.986,0.0,0.0,1.60,-0.410,0.130,-9.450,0.00000,0
52.996,0.0,0.0,1.60,-0.410,0.130,-9.450,0.00000,0
53.006,0.0,0.0,1.60,-0.410,0.130,-9.450,0.00000,0
53.016,0.0,0.0,1.60,-0.410,0.130,-9.450,0.00000,0
53.027,0.0,0.0,1.60,-0.410,0.130,-9.450,0.00000,0
53.037,0.0,0.0,1.60,-0.410,0.130,-9.450,0.00000,0
53.047,0.0,0.0,1.60,-0.410,0.130,-9.450,0.00000,0
53.057,0.0,0.0,1.60,-0.410,0.130,-9.450,0.00000,0
53.067,0.0,0.0,1.60,-0.410,0.130,-9.450,0.00000,0
53.077,0.0,0.0,1.60,-0.410,0.130,-9.450,0.00000,0
53.088,0.0,0.0,1.60,-0.410,0.130,-9.450,0.00000,0
53.098,0.0,0.0,1.60,-0.410,0.130,-9.450,0.00000,0
53.108,0.0,0.0,1.60,-0.410,0.130,-9.450,0.00000,0
53.118,0.0,0.0,1.60,-0.410,0.130,-9.450,0.00000,0
53.128,0.0,0.0,1.60,-0.410,0.130,-9.450,0.00000,0
53.138,0.0,0.0,1.60,-0.410,0.130,-9.450,0.00000,0
53.148,0.0,0.0,1.60,-0.410,0.130,-9.450,0.00000,0
53.159,0.0,0.0,1.60,-0.410,0.130,-9.450,0.00000,0
53.169,0.0,0.0,1.60,-0.410,0.130,-9.450,0.00000,0
53.179,0.0,0.0,1.60,-0.410,0.130,-9.450,0.00000,0
53.189,0.0,0.0,1.60,-0.410,0.130,-9.450,0.00000,0
53.199,0.0,0.0,1.60,-0.410,0.130,-9.450,0.00000,0
53.209,0.0,0.0,1.60,-0.410,0.130,-9.450,0.00000,0
53.219,0.0,0.0,1.60,-0.410,0.130,-9.450,0.00000,0
53.230,0.0,0.0,1.60,-0.410,0.130,-9.450,0.00000,0
53.240,0.0,0.0,1.60,-0.410,0.130,-9.450,0.00000,0
53.250,0.0,0.0,1.60,-0.410,0.130,-9.450,0.00000,0
53.260,0.0,0.0,1.60,-0.410,0.130,-9.450,0.00000,0
53.270,0.0,0.0,1.60,-0.410,0.130,-9.450,0.00000,0
53.280,0.0,0.0,1.60,-0.410,0.130,-9.450,0.00000,0
53.290,0.0,0.0,1.60,-0.410,0.130,-9.450,0.00000,0
53.300,0.0,0.0,1.60,-0.410,0.130,-9.450,0.00000,0
53.311,0.0,0.0,1.60,-0.410,0.130,-9.450,0.00000,0
53.321,0.0,0.0,1.60,-0.410,0.130,-9.450,0.00000,0
53.331,0.0,0.0,1.60,-0.410,0.130,-9.450,0.00000,0
53.341,0.0,0.0,1.60,-0.410,0.130,-9.450,0.00000,0
53.351,0.0,0.0,1.60,-0.410,0.130,-9.450,0.00000,0
53.361,0.0,0.0,1.60,-0.410,0.130,-9.450,0.00000,0
53.371,0.0,0.0,1.60,-0.410,0.130,-9.450,0.00000,0
53.382,0.0,0.0,1.60,-0.410,0.130,-9.450,0.00000,0
53.392,0.0,0.0,1.60,-0.410,0.130,-9.450,0.00000,0
53.402,0.0,0.0,1.60,-0.410,0.130,-9.450,0.00000,0
53.412,0.0,0.0,1.60,-0.410,0.130,-9.450,0.00000,0
53.422,0.0,0.0,1.60,-0.410,0.130,-9.450,0.00000,0
53.432,0.0,0.0,1.60,-0.410,0.130,-9.450,0.00000,0
53.442,0.0,0.0,1.60,-0.410,0.130,-9.450,0.00000,0
53.452,0.0,0.0,1.60,-0.410,0.130,-9.450,0.00000,0
53.463,0.0,0.0,1.60,-0.410,0.130,-9.450,0.00000,0
53.473,0.0,0.0,1.60,-0.410,0.130,-9.450,0.00000,0
53.483,0.0,0.0,1.60,-0.410,0.130,-9.450,0.00000,0
53.493,0.0,0.0,1.60,-0.410,0.130,-9.450,0.00000,0
53.503,0.0,0.0,1.60,-0.410,0.130,-9.450,0.00000,0
53.514,0.0,0.0,1.60,-0.410,0.130,-9.450,0.00000,0
53.524,0.0,0.0,1.60,-0.410,0.130,-9.450,0.00000,0
53.534,0.0,0.0,1.60,-0.410,0.130,-9.450,0.00000,0
53.544,0.0,0.0,1.60,-0.410,0.130,-9.450,0.00000,0
53.554,0.0,0.0,1.60,-0.410,0.130,-9.450,0.00000,0
53.564,0.0,0.0,1.60,-0.410,0.130,-9.450,0.00000,0
53.574,0.0,0.0,1.60,-0.410,0.130,-9.450,0.00000,0
53.585,0.0,0.0,1.60,-0.410,0.130,-9.450,0.00000,0
53.595,0.0,0.0,1.60,-0.410,0.130,-9.450,0.00000,0
53.605,0.0,0.0,1.60,-0.410,0.130,-9.450,0.00000,0
53.615,0.0,0.0,1.60,-0.410,0.130,-9.450,0.00000,0
53.625,0.0,0.0,1.60,-0.410,0.130,-9.450,0.00000,0
53.635,0.0,0.0,1.60,-0.410,0.130,-9.450,0.00000,0
53.645,0.0,0.0,1.60,-0.410,0.130,-9.450,0.00000,0
53.655,0.0,0.0,1.60,-0.410,0.130,-9.450,0.00000,0
53.666,0.0,0.0,1.60,-0.410,0.130,-9.450,0.00000,0
53.676,0.0,0.0,1.60,-0.410,0.130,-9.450,0.00000,0
53.686,0.0,0.0,1.60,-0.410,0.130,-9.450,0.00000,0
53.696,0.0,0.0,1.60,-0.410,0.130,-9.450,0.00000,0
53.706,0.0,0.0,1.60,-0.410,0.130,-9.450,0.00000,0
53.716,0.0,0.0,1.60,-0.410,0.130,-9.450,0.00000,0
53.726,0.0,0.0,1.60,-0.410,0.130,-9.450,0.00000,0
53.737,0.0,0.0,1.60,-0.410,0.130,-9.450,0.00000,0
53.747,0.0,0.0,1.60,-0.410,0.130,-9.450,0.00000,0
53.757,0.0,0.0,1.60,-0.410,0.130,-9.450,0.00000,0
53.767,0.0,0.0,1.60,-0.410,0.130,-9.450,0.00000,0
53.777,0.0,0.0,1.60,-0.410,0.130,-9.450,0.00000,0
53.787,0.0,0.0,1.60,-0.410,0.130,-9.450,0.00000,0
53.797,0.0,0.0,1.60,-0.410,0.130,-9.450,0.00000,0
53.808,0.0,0.0,1.60,-0.410,0.130,-9.450,0.00000,0
53.818,0.0,0.0,1.60,-0.410,0.130,-9.450,0.00000,0
53.828,0.0,0.0,1.60,-0.410,0.130,-9.450,0.00000,0
53.838,0.0,0.0,1.60,-0.410,0.130,-9.450,0.00000,0
53.848,0.0,0.0,1.60,-0.410,0.130,-9.450,0.00000,0
53.858,0.0,0.0,1.60,-0.410,0.130,-9.450,0.00000,0
53.868,0.0,0.0,1.60,-0.410,0.130,-9.450,0.00000,0
53.879,0.0,0.0,1.60,-0.410,0.130,-9.450,0.00000,0
53.889,0.0,0.0,1.60,-0.410,0.130,-9.450,0.00000,0
53.899,0.0,0.0,1.60,-0.410,0.130,-9.450,0.00000,0
53.909,0.0,0.0,1.60,-0.410,0.130,-9.450,0.00000,0
53.919,0.0,0.0,1.60,-0.410,0.130,-9.450,0.00000,0
53.929,0.0,0.0,1.60,-0.410,0.130,-9.450,0.00000,0
53.939,0.0,0.0,1.60,-0.410,0.130,-9.450,0.00000,0
53.950,0.0,0.0,1.60,-0.410,0.130,-9.450,0.00000,0
53.960,0.0,0.0,1.60,-0.410,0.130,-9.450,0.00000,0
53.970,0.0,0.0,1.60,-0.410,0.130,-9.450,0.00000,0
53.980,0.0,0.0,1.60,-0.410,0.130,-9.450,0.00000,0
53.990,0.0,0.0,1.60,-0.410,0.130,-9.450,0.00000,0
54.000,0.0,0.0,1.60,-0.410,0.130,-9.450,0.00000,0
54.010,0.0,0.0,1.60,-0.410,0.130,-9.450,0.00000,0
54.020,0.0,0.0,1.60,-0.410,0.130,-9.450,0.00000,0
54.031,0.0,0.0,1.60,-0.410,0.130,-9.450,0.00000,0
54.041,0.0,0.0,1.60,-0.410,0.130,-9.450,0.00000,0
54.051,0.0,0.0,1.60,-0.410,0.130,-9.450,0.00000,0
54.061,0.0,0.0,1.60,-0.410,0.130,-9.450,0.00000,0
54.071,0.0,0.0,1.60,-0.410,0.130,-9.450,0.00000,0
54.081,0.0,0.0,1.60,-0.410,0.130,-9.450,0.00000,0
54.092,0.0,0.0,1.60,-0.410,0.130,-9.450,0.00000,0
54.102,0.0,0.0,1.60,-0.410,0.130,-9.450,0.00000,0
54.112,0.0,0.0,1.60,-0.410,0.130,-9.450,0.00000,0
54.122,0.0,0.0,1.60,-0.410,0.130,-9.450,0.00000,0
54.132,0.0,0.0,1.60,-0.410,0.130,-9.450,0.00000,0
54.142,0.0,0.0,1.60,-0.410,0.130,-9.450,0.00000,0
54.152,0.0,0.0,1.60,-0.410,0.130,-9.450,0.00000,0
54.162,0.0,0.0,1.60,-0.410,0.130,-9.450,0.00000,0
54.173,0.0,0.0,1.60,-0.410,0.130,-9.450,0.00000,0
54.183,0.0,0.0,1.60,-0.410,0.130,-9.450,0.00000,0
54.193,0.0,0.0,1.60,-0.410,0.130,-9.450,0.00000,0
54.203,0.0,0.0,1.60,-0.410,0.130,-9.450,0.00000,0
54.213,0.0,0.0,1.60,-0.410,0.130,-9.450,0.00000,0
54.223,0.0,0.0,1.60,-0.410,0.130,-9.450,0.00000,0
54.233,0.0,0.0,1.60,-0.410,0.130,-9.450,0.00000,0
54.244,0.0,0.0,1.60,-0.410,0.130,-9.450,0.00000,0
54.254,0.0,0.0,1.60,-0.410,0.130,-9.450,0.00000,0
54.264,0.0,0.0,1.60,-0.410,0.130,-9.450,0.00000,0
54.274,0.0,0.0,1.60,-0.410,0.130,-9.450,0.00000,0
54.284,0.0,0.0,1.60,-0.410,0.130,-9.450,0.00000,0
54.294,0.0,0.0,1.60,-0.410,0.130,-9.450,0.00000,0
54.304,0.0,0.0,1.60,-0.410,0.130,-9.450,0.00000,0
54.314,0.0,0.0,1.60,-0.410,0.130,-9.450,0.00000,0
54.325,0.0,0.0,1.60,-0.410,0.130,-9.450,0.00000,0
54.335,0.0,0.0,1.60,-0.410,0.130,-9.450,0.00000,0
54.345,0.0,0.0,1.60,-0.410,0.130,-9.450,0.00000,0
54.355,0.0,0.0,1.60,-0.410,0.130,-9.450,0.00000,0
54.365,0.0,0.0,1.60,-0.410,0.130,-9.450,0.00000,0
54.375,0.0,0.0,1.60,-0.410,0.130,-9.450,0.00000,0
54.386,0.0,0.0,1.60,-0.410,0.130,-9.450,0.00000,0
54.396,0.0,0.0,1.60,-0.410,0.130,-9.450,0.00000,0
54.406,0.0,0.0,1.60,-0.410,0.130,-9.450,0.00000,0
54.416,0.0,0.0,1.60,-0.410,0.130,-9.450,0.00000,0
54.426,0.0,0.0,1.60,-0.410,0.130,-9.450,0.00000,0
54.436,0.0,0.0,1.60,-0.410,0.130,-9.450,0.00000,0
54.447,0.0,0.0,1.60,-0.410,0.130,-9.450,0.00000,0
54.457,0.0,0.0,1.60,-0.410,0.130,-9.450,0.00000,0
54.467,0.0,0.0,1.60,-0.410,0.130,-9.450,0.00000,0
54.477,0.0,0.0,1.60,-0.410,0.130,-9.450,0.00000,0
54.487,0.0,0.0,1.60,-0.410,0.130,-9.450,0.00000,0
54.497,0.0,0.0,1.60,-0.410,0.130,-9.450,0.00000,0
54.507,0.0,0.0,1.60,-0.410,0.130,-9.450,0.00000,0
54.517,0.0,0.0,1.60,-0.410,0.130,-9.450,0.00000,0
54.528,0.0,0.0,1.60,-0.410,0.130,-9.450,0.00000,0
54.538,0.0,0.0,1.60,-0.410,0.130,-9.450,0.00000,0
54.548,0.0,0.0,1.60,-0.410,0.130,-9.450,0.00000,0
54.558,0.0,0.0,1.60,-0.410,0.130,-9.450,0.00000,0
54.568,0.0,0.0,1.60,-0.410,0.130,-9.450,0.00000,0
54.578,0.0,0.0,1.60,-0.410,0.130,-9.450,0.00000,0
54.588,0.0,0.0,1.60,-0.410,0.130,-9.450,0.00000,0
54.599,0.0,0.0,1.60,-0.410,0.130,-9.450,0.00000,0
54.609,0.0,0.0,1.60,-0.410,0.130,-9.450,0.00000,0
54.619,0.0,0.0,1.60,-0.410,0.130,-9.450,0.00000,0
54.629,0.0,0.0,1.60,-0.410,0.130,-9.450,0.00000,0
54.639,0.0,0.0,1.60,-0.410,0.130,-9.450,0.00000,0
54.649,0.0,0.0,1.60,-0.410,0.130,-9.450,0.00000,0
54.659,0.0,0.0,1.60,-0.410,0.130,-9.450,0.00000,0
54.669,0.0,0.0,1.60,-0.410,0.130,-9.450,0.00000,0
54.680,0.0,0.0,1.60,-0.410,0.130,-9.450,0.00000,0
54.690,0.0,0.0,1.60,-0.410,0.130,-9.450,0.00000,0
54.700,0.0,0.0,1.60,-0.410,0.130,-9.450,0.00000,0
54.710,0.0,0.0,1.60,-0.410,0.130,-9.450,0.00000,0
54.720,0.0,0.0,1.60,-0.410,0.130,-9.450,0.00000,0
54.730,0.0,0.0,1.60,-0.410,0.130,-9.450,0.00000,0
54.741,0.0,0.0,1.60,-0.410,0.130,-9.450,0.00000,0
54.751,0.0,0.0,1.60,-0.410,0.130,-9.450,0.00000,0
54.761,0.0,0.0,1.60,-0.410,0.130,-9.450,0.00000,0
54.771,0.0,0.0,1.60,-0.410,0.130,-9.450,0.00000,0
54.781,0.0,0.0,1.60,-0.410,0.130,-9.450,0.00000,0
54.791,0.0,0.0,1.60,-0.410,0.130,-9.450,0.00000,0
54.801,0.0,0.0,1.60,-0.410,0.130,-9.450,0.00000,0
54.811,0.0,0.0,1.60,-0.410,0.130,-9.450,0.00000,0
54.822,0.0,0.0,1.60,-0.410,0.130,-9.450,0.00000,0
54.832,0.0,0.0,1.60,-0.410,0.130,-9.450,0.00000,0
54.842,0.0,0.0,1.60,-0.410,0.130,-9.450,0.00000,0
54.852,0.0,0.0,1.60,-0.410,0.130,-9.450,0.00000,0
54.862,0.0,0.0,1.60,-0.410,0.130,-9.450,0.00000,0
54.872,0.0,0.0,1.60,-0.410,0.130,-9.450,0.00000,0
54.882,0.0,0.0,1.60,-0.410,0.130,-9.450,0.00000,0
54.893,0.0,0.0,1.60,-0.410,0.130,-9.450,0.00000,0
54.903,0.0,0.0,1.60,-0.410,0.130,-9.450,0.00000,0
54.913,0.0,0.0,1.60,-0.410,0.130,-9.450,0.00000,0
54.923,0.0,0.0,1.60,-0.410,0.130,-9.450,0.00000,0
54.933,0.0,0.0,1.60,-0.410,0.130,-9.450,0.00000,0
54.943,0.0,0.0,1.60,-0.410,0.130,-9.450,0.00000,0
54.953,0.0,0.0,1.60,-0.410,0.130,-9.450,0.00000,0
54.963,0.0,0.0,1.60,-0.410,0.130,-9.450,0.00000,0
54.973,0.0,0.0,1.60,-0.410,0.130,-9.450,0.00000,0
54.984,0.0,0.0,1.60,-0.410,0.130,-9.450,0.00000,0
54.994,0.0,0.0,1.60,-0.410,0.130,-9.450,0.00000,0
55.004,0.0,0.0,1.60,-0.410,0.130,-9.450,0.00000,0
55.014,0.0,0.0,1.60,-0.410,0.130,-9.450,0.00000,0
55.024,0.0,0.0,1.60,-0.410,0.130,-9.450,0.00000,0
55.034,0.0,0.0,1.60,-0.410,0.130,-9.450,0.00000,0
55.044,0.0,0.0,1.60,-0.410,0.130,-9.450,0.00000,0
55.055,0.0,0.0,1.60,-0.410,0.130,-9.450,0.00000,0
55.065,0.0,0.0,1.60,-0.410,0.130,-9.450,0.00000,0
55.075,0.0,0.0,1.60,-0.410,0.130,-9.450,0.00000,0
55.085,0.0,0.0,1.60,-0.410,0.130,-9.450,0.00000,0
55.095,0.0,0.0,1.60,-0.410,0.130,-9.450,0.00000,0
55.105,0.0,0.0,1.60,-0.410,0.130,-9.450,0.00000,0
55.116,0.0,0.0,1.60,-0.410,0.130,-9.450,0.00000,0
55.126,0.0,0.0,1.60,-0.410,0.130,-9.450,0.00000,0
55.136,0.0,0.0,1.60,-0.410,0.130,-9.450,0.00000,0
55.147,0.0,0.0,1.60,-0.410,0.130,-9.450,0.00000,0
55.157,0.0,0.0,1.60,-0.410,0.130,-9.450,0.00000,0
55.167,0.0,0.0,1.60,-0.410,0.130,-9.450,0.00000,0
55.177,0.0,0.0,1.60,-0.410,0.130,-9.450,0.00000,0
55.187,0.0,0.0,1.60,-0.410,0.130,-9.450,0.00000,0
55.197,0.0,0.0,1.60,-0.410,0.130,-9.450,0.00000,0
55.207,0.0,0.0,1.60,-0.410,0.130,-9.450,0.00000,0
55.217,0.0,0.0,1.60,-0.410,0.130,-9.450,0.00000,0
55.228,0.0,0.0,1.60,-0.410,0.130,-9.450,0.00000,0
55.238,0.0,0.0,1.60,-0.410,0.130,-9.450,0.00000,0
55.248,0.0,0.0,1.60,-0.410,0.130,-9.450,0.00000,0
55.258,0.0,0.0,1.60,-0.410,0.130,-9.450,0.00000,0
55.268,0.0,0.0,1.60,-0.410,0.130,-9.450,0.00000,0
55.278,0.0,0.0,1.60,-0.410,0.130,-9.450,0.00000,0
55.289,0.0,0.0,1.60,-0.410,0.130,-9.450,0.00000,0
55.299,0.0,0.0,1.60,-0.410,0.130,-9.450,0.00000,0
55.309,0.0,0.0,1.60,-0.410,0.130,-9.450,0.00000,0
55.319,0.0,0.0,1.60,-0.410,0.130,-9.450,0.00000,0
55.329,0.0,0.0,1.60,-0.410,0.130,-9.450,0.00000,0
55.339,0.0,0.0,1.60,-0.410,0.130,-9.450,0.00000,0
55.349,0.0,0.0,1.60,-0.410,0.130,-9.450,0.00000,0
55.359,0.0,0.0,1.60,-0.410,0.130,-9.450,0.00000,0
55.370,0.0,0.0,1.60,-0.410,0.130,-9.450,0.00000,0
55.380,0.0,0.0,1.60,-0.410,0.130,-9.450,0.00000,0
55.390,0.0,0.0,1.60,-0.410,0.130,-9.450,0.00000,0
55.400,0.0,0.0,1.60,-0.410,0.130,-9.450,0.00000,0
55.410,0.0,0.0,1.60,-0.410,0.130,-9.450,0.00000,0
55.420,0.0,0.0,1.60,-0.410,0.130,-9.450,0.00000,0
55.430,0.0,0.0,1.60,-0.410,0.130,-9.450,0.00000,0
55.441,0.0,0.0,1.60,-0.410,0.130,-9.450,0.00000,0
55.451,0.0,0.0,1.60,-0.410,0.130,-9.450,0.00000,0
55.461,0.0,0.0,1.60,-0.410,0.130,-9.450,0.00000,0
55.471,0.0,0.0,1.60,-0.410,0.130,-9.450,0.00000,0
55.481,0.0,0.0,1.60,-0.410,0.130,-9.450,0.00000,0
55.491,0.0,0.0,1.60,-0.410,0.130,-9.450,0.00000,0
55.501,0.0,0.0,1.60,-0.410,0.130,-9.450,0.00000,0
55.512,0.0,0.0,1.60,-0.410,0.130,-9.450,0.00000,0
55.522,0.0,0.0,1.60,-0.410,0.130,-9.450,0.00000,0
55.532,0.0,0.0,1.60,-0.410,0.130,-9.450,0.00000,0
55.542,0.0,0.0,1.60,-0.410,0.130,-9.450,0.00000,0
55.552,0.0,0.0,1.60,-0.410,0.130,-9.450,0.00000,0
55.562,0.0,0.0,1.60,-0.410,0.130,-9.450,0.00000,0
55.572,0.0,0.0,1.60,-0.410,0.130,-9.450,0.00000,0
55.583,0.0,0.0,1.60,-0.410,0.130,-9.450,0.00000,0
55.593,0.0,0.0,1.60,-0.410,0.130,-9.450,0.00000,0
55.603,0.0,0.0,1.60,-0.410,0.130,-9.450,0.00000,0
55.613,0.0,0.0,1.60,-0.410,0.130,-9.450,0.00000,0
55.623,0.0,0.0,1.60,-0.410,0.130,-9.450,0.00000,0
55.633,0.0,0.0,1.60,-0.410,0.130,-9.450,0.00000,0
55.643,0.0,0.0,1.60,-0.410,0.130,-9.450,0.00000,0
55.653,0.0,0.0,1.60,-0.410,0.130,-9.450,0.00000,0
55.664,0.0,0.0,1.60,-0.410,0.130,-9.450,0.00000,0
55.674,0.0,0.0,1.60,-0.410,0.130,-9.450,0.00000,0
55.684,0.0,0.0,1.60,-0.410,0.130,-9.450,0.00000,0
55.694,0.0,0.0,1.60,-0.410,0.130,-9.450,0.00000,0
55.704,0.0,0.0,1.60,-0.410,0.130,-9.450,0.00000,0
55.714,0.0,0.0,1.60,-0.410,0.130,-9.450,0.00000,0
55.724,0.0,0.0,1.60,-0.410,0.130,-9.450,0.00000,0
55.734,0.0,0.0,1.60,-0.410,0.130,-9.450,0.00000,0
55.745,0.0,0.0,1.60,-0.410,0.130,-9.450,0.00000,0
55.755,0.0,0.0,1.60,-0.410,0.130,-9.450,0.00000,0
55.765,0.0,0.0,1.60,-0.410,0.130,-9.450,0.00000,0
55.775,0.0,0.0,1.60,-0.410,0.130,-9.450,0.00000,0
55.785,0.0,0.0,1.60,-0.410,0.130,-9.450,0.00000,0
55.795,0.0,0.0,1.60,-0.410,0.130,-9.450,0.00000,0
55.805,0.0,0.0,1.60,-0.410,0.130,-9.450,0.00000,0
55.816,0.0,0.0,1.60,-0.410,0.130,-9.450,0.00000,0
55.826,0.0,0.0,1.60,-0.410,0.130,-9.450,0.00000,0
55.836,0.0,0.0,1.60,-0.410,0.130,-9.450,0.00000,0
55.846,0.0,0.0,1.60,-0.410,0.130,-9.450,0.00000,0
55.856,0.0,0.0,1.60,-0.410,0.130,-9.450,0.00000,0
55.866,0.0,0.0,1.60,-0.410,0.130,-9.450,0.00000,0
55.876,0.0,0.0,1.60,-0.410,0.130,-9.450,0.00000,0
55.887,0.0,0.0,1.60,-0.410,0.130,-9.450,0.00000,0
55.897,0.0,0.0,1.60,-0.410,0.130,-9.450,0.00000,0
55.907,0.0,0.0,1.60,-0.410,0.130,-9.450,0.00000,0
55.917,0.0,0.0,1.60,-0.410,0.130,-9.450,0.00000,0
55.927,0.0,0.0,1.60,-0.410,0.130,-9.450,0.00000,0
55.937,0.0,0.0,1.60,-0.410,0.130,-9.450,0.00000,0
55.947,0.0,0.0,1.60,-0.410,0.130,-9.450,0.00000,0
55.957,0.0,0.0,1.60,-0.410,0.130,-9.450,0.00000,0
55.968,0.0,0.0,1.60,-0.410,0.130,-9.450,0.00000,0
55.978,0.0,0.0,1.60,-0.410,0.130,-9.450,0.00000,0
55.988,0.0,0.0,1.60,-0.410,0.130,-9.450,0.00000,0
55.998,0.0,0.0,1.60,-0.410,0.130,-9.450,0.00000,0
56.008,0.0,0.0,1.60,-0.410,0.130,-9.450,0.00000,0
56.018,0.0,0.0,1.60,-0.410,0.130,-9.450,0.00000,0
56.028,0.0,0.0,1.60,-0.410,0.130,-9.450,0.00000,0
56.039,0.0,0.0,1.60,-0.410,0.130,-9.450,0.00000,0
56.049,0.0,0.0,1.60,-0.410,0.130,-9.450,0.00000,0
56.059,0.0,0.0,1.60,-0.410,0.130,-9.450,0.00000,0
56.069,0.0,0.0,1.60,-0.410,0.130,-9.450,0.00000,0
56.079,0.0,0.0,1.60,-0.410,0.130,-9.450,0.00000,0
56.089,0.0,0.0,1.60,-0.410,0.130,-9.450,0.00000,0
56.099,0.0,0.0,1.60,-0.410,0.130,-9.450,0.00000,0
56.110,0.0,0.0,1.60,-0.410,0.130,-9.450,0.00000,0
56.120,0.0,0.0,1.60,-0.410,0.130,-9.450,0.00000,0
56.130,0.0,0.0,1.60,-0.410,0.130,-9.450,0.00000,0
56.140,0.0,0.0,1.60,-0.410,0.130,-9.450,0.00000,0
56.150,0.0,0.0,1.60,-0.410,0.130,-9.450,0.00000,0
56.160,0.0,0.0,1.60,-0.410,0.130,-9.450,0.00000,0
56.170,0.0,0.0,1.60,-0.410,0.130,-9.450,0.00000,0
56.181,0.0,0.0,1.60,-0.410,0.130,-9.450,0.00000,0
56.191,0.0,0.0,1.60,-0.410,0.130,-9.450,0.00000,0
56.201,0.0,0.0,1.60,-0.410,0.130,-9.450,0.00000,0
56.211,0.0,0.0,1.60,-0.410,0.130,-9.450,0.00000,0
56.221,0.0,0.0,1.60,-0.410,0.130,-9.450,0.00000,0
56.231,0.0,0.0,1.60,-0.410,0.130,-9.450,0.00000,0
56.241,0.0,0.0,1.60,-0.410,0.130,-9.450,0.00000,0
56.251,0.0,0.0,1.60,-0.410,0.130,-9.450,0.00000,0
56.262,0.0,0.0,1.60,-0.410,0.130,-9.450,0.00000,0
56.272,0.0,0.0,1.60,-0.410,0.130,-9.450,0.00000,0
56.282,0.0,0.0,1.60,-0.410,0.130,-9.450,0.00000,0
56.292,0.0,0.0,1.60,-0.410,0.130,-9.450,0.00000,0
56.302,0.0,0.0,1.60,-0.410,0.130,-9.450,0.00000,0
56.312,0.0,0.0,1.60,-0.410,0.130,-9.450,0.00000,0
56.322,0.0,0.0,1.60,-0.410,0.130,-9.450,0.00000,0
56.333,0.0,0.0,1.60,-0.410,0.130,-9.450,0.00000,0
56.343,0.0,0.0,1.60,-0.410,0.130,-9.450,0.00000,0
56.353,0.0,0.0,1.60,-0.410,0.130,-9.450,0.00000,0
56.363,0.0,0.0,1.60,-0.410,0.130,-9.450,0.00000,0
56.373,0.0,0.0,1.60,-0.410,0.130,-9.450,0.00000,0
56.383,0.0,0.0,1.60,-0.410,0.130,-9.450,0.00000,0
56.393,0.0,0.0,1.60,-0.410,0.130,-9.450,0.00000,0
56.404,0.0,0.0,1.60,-0.410,0.130,-9.450,0.00000,0
56.414,0.0,0.0,1.60,-0.410,0.130,-9.450,0.00000,0
56.424,0.0,0.0,1.60,-0.410,0.130,-9.450,0.00000,0
56.434,0.0,0.0,1.60,-0.410,0.130,-9.450,0.00000,0
56.444,0.0,0.0,1.60,-0.410,0.130,-9.450,0.00000,0
56.454,0.0,0.0,1.60,-0.410,0.130,-9.450,0.00000,0
56.464,0.0,0.0,1.60,-0.410,0.130,-9.450,0.00000,0
56.474,0.0,0.0,1.60,-0.410,0.130,-9.450,0.00000,0
56.485,0.0,0.0,1.60,-0.410,0.130,-9.450,0.00000,0
56.495,0.0,0.0,1.60,-0.410,0.130,-9.450,0.00000,0
56.505,0.0,0.0,1.60,-0.410,0.130,-9.450,0.00000,0
56.515,0.0,0.0,1.60,-0.410,0.130,-9.450,0.00000,0
56.525,0.0,0.0,1.60,-0.410,0.130,-9.450,0.00000,0
56.535,0.0,0.0,1.60,-0.410,0.130,-9.450,0.00000,0
56.545,0.0,0.0,1.60,-0.410,0.130,-9.450,0.00000,0
56.555,0.0,0.0,1.60,-0.410,0.130,-9.450,0.00000,0
56.566,0.0,0.0,1.60,-0.410,0.130,-9.450,0.00000,0
56.576,0.0,0.0,1.60,-0.410,0.130,-9.450,0.00000,0
56.586,0.0,0.0,1.60,-0.410,0.130,-9.450,0.00000,0
56.596,0.0,0.0,1.60,-0.410,0.130,-9.450,0.00000,0
56.606,0.0,0.0,1.60,-0.410,0.130,-9.450,0.00000,0
56.616,0.0,0.0,1.60,-0.410,0.130,-9.450,0.00000,0
56.626,0.0,0.0,1.60,-0.410,0.130,-9.450,0.00000,0
56.637,0.0,0.0,1.60,-0.410,0.130,-9.450,0.00000,0
56.647,0.0,0.0,1.60,-0.410,0.130,-9.450,0.00000,0
56.657,0.0,0.0,1.60,-0.410,0.130,-9.450,0.00000,0
56.667,0.0,0.0,1.60,-0.410,0.130,-9.450,0.00000,0
56.677,0.0,0.0,1.60,-0.410,0.130,-9.450,0.00000,0
56.687,0.0,0.0,1.60,-0.410,0.130,-9.450,0.00000,0
56.697,0.0,0.0,1.60,-0.410,0.130,-9.450,0.00000,0
56.707,0.0,0.0,1.60,-0.410,0.130,-9.450,0.00000,0
56.718,0.0,0.0,1.60,-0.410,0.130,-9.450,0.00000,0
56.728,0.0,0.0,1.60,-0.410,0.130,-9.450,0.00000,0
56.738,0.0,0.0,1.60,-0.410,0.130,-9.450,0.00000,0
56.748,0.0,0.0,1.60,-0.410,0.130,-9.450,0.00000,0
56.758,0.0,0.0,1.60,-0.410,0.130,-9.450,0.00000,0
56.769,0.0,0.0,1.60,-0.410,0.130,-9.450,0.00000,0
56.779,0.0,0.0,1.60,-0.410,0.130,-9.450,0.00000,0
56.789,0.0,0.0,1.60,-0.410,0.130,-9.450,0.00000,0
56.799,0.0,0.0,1.60,-0.410,0.130,-9.450,0.00000,0
56.809,0.0,0.0,1.60,-0.410,0.130,-9.450,0.00000,0
56.819,0.0,0.0,1.60,-0.410,0.130,-9.450,0.00000,0
56.830,0.0,0.0,1.60,-0.410,0.130,-9.450,0.00000,0
56.840,0.0,0.0,1.60,-0.410,0.130,-9.450,0.00000,0
56.850,0.0,0.0,1.60,-0.410,0.130,-9.450,0.00000,0
56.860,0.0,0.0,1.60,-0.410,0.130,-9.450,0.00000,0
56.870,0.0,0.0,1.60,-0.410,0.130,-9.450,0.00000,0
56.880,0.0,0.0,1.60,-0.410,0.130,-9.450,0.00000,0
56.890,0.0,0.0,1.60,-0.410,0.130,-9.450,0.00000,0
56.901,0.0,0.0,1.60,-0.410,0.130,-9.450,0.00000,0
56.911,0.0,0.0,1.60,-0.410,0.130,-9.450,0.00000,0
56.921,0.0,0.0,1.60,-0.410,0.130,-9.450,0.00000,0
56.931,0.0,0.0,1.60,-0.410,0.130,-9.450,0.00000,0
56.941,0.0,0.0,1.60,-0.410,0.130,-9.450,0.00000,0
56.951,0.0,0.0,1.60,-0.410,0.130,-9.450,0.00000,0
56.961,0.0,0.0,1.60,-0.410,0.130,-9.450,0.00000,0
56.972,0.0,0.0,1.60,-0.410,0.130,-9.450,0.00000,0
56.982,0.0,0.0,1.60,-0.410,0.130,-9.450,0.00000,0
56.992,0.0,0.0,1.60,-0.410,0.130,-9.450,0.00000,0
57.002,0.0,0.0,1.60,-0.410,0.130,-9.450,0.00000,0
57.012,0.0,0.0,1.60,-0.410,0.130,-9.450,0.00000,0
57.022,0.0,0.0,1.60,-0.410,0.130,-9.450,0.00000,0
57.032,0.0,0.0,1.60,-0.410,0.130,-9.450,0.00000,0
57.043,0.0,0.0,1.60,-0.410,0.130,-9.450,0.00000,0
57.053,0.0,0.0,1.60,-0.410,0.130,-9.450,0.00000,0
57.063,0.0,0.0,1.60,-0.410,0.130,-9.450,0.00000,0
57.073,0.0,0.0,1.60,-0.410,0.130,-9.450,0.00000,0
57.083,0.0,0.0,1.60,-0.410,0.130,-9.450,0.00000,0
57.093,0.0,0.0,1.60,-0.410,0.130,-9.450,0.00000,0
57.103,0.0,0.0,1.60,-0.410,0.130,-9.450,0.00000,0
57.113,0.0,0.0,1.60,-0.410,0.130,-9.450,0.00000,0
57.124,0.0,0.0,1.60,-0.410,0.130,-9.450,0.00000,0
57.134,0.0,0.0,1.60,-0.410,0.130,-9.450,0.00000,0
57.144,0.0,0.0,1.60,-0.410,0.130,-9.450,0.00000,0
57.154,0.0,0.0,1.60,-0.410,0.130,-9.450,0.00000,0
57.164,0.0,0.0,1.60,-0.410,0.130,-9.450,0.00000,0
57.174,0.0,0.0,1.60,-0.410,0.130,-9.450,0.00000,0
57.184,0.0,0.0,1.60,-0.410,0.130,-9.450,0.00000,0
57.194,0.0,0.0,1.60,-0.410,0.130,-9.450,0.00000,0
57.205,0.0,0.0,1.60,-0.410,0.130,-9.450,0.00000,0
57.215,0.0,0.0,1.60,-0.410,0.130,-9.450,0.00000,0
57.225,0.0,0.0,1.60,-0.410,0.130,-9.450,0.00000,0
57.235,0.0,0.0,1.60,-0.410,0.130,-9.450,0.00000,0
57.245,0.0,0.0,1.60,-0.410,0.130,-9.450,0.00000,0
57.255,0.0,0.0,1.60,-0.410,0.130,-9.450,0.00000,0
57.265,0.0,0.0,1.60,-0.410,0.130,-9.450,0.00000,0
57.275,0.0,0.0,1.60,-0.410,0.130,-9.450,0.00000,0
57.286,0.0,0.0,1.60,-0.410,0.130,-9.450,0.00000,0
57.296,0.0,0.0,1.60,-0.410,0.130,-9.450,0.00000,0
57.306,0.0,0.0,1.60,-0.410,0.130,-9.450,0.00000,0
57.316,0.0,0.0,1.60,-0.410,0.130,-9.450,0.00000,0
57.326,0.0,0.0,1.60,-0.410,0.130,-9.450,0.00000,0
57.336,0.0,0.0,1.60,-0.410,0.130,-9.450,0.00000,0
57.346,0.0,0.0,1.60,-0.410,0.130,-9.450,0.00000,0
57.357,0.0,0.0,1.60,-0.410,0.130,-9.450,0.00000,0
57.367,0.0,0.0,1.60,-0.410,0.130,-9.450,0.00000,0
57.377,0.0,0.0,1.60,-0.410,0.130,-9.450,0.00000,0
57.387,0.0,0.0,1.60,-0.410,0.130,-9.450,0.00000,0
57.397,0.0,0.0,1.60,-0.410,0.130,-9.450,0.00000,0
57.407,0.0,0.0,1.60,-0.410,0.130,-9.450,0.00000,0
57.417,0.0,0.0,1.60,-0.410,0.130,-9.450,0.00000,0
57.427,0.0,0.0,1.60,-0.410,0.130,-9.450,0.00000,0
57.438,0.0,0.0,1.60,-0.410,0.130,-9.450,0.00000,0
57.448,0.0,0.0,1.60,-0.410,0.130,-9.450,0.00000,0
57.458,0.0,0.0,1.60,-0.410,0.130,-9.450,0.00000,0
57.468,0.0,0.0,1.60,-0.410,0.130,-9.450,0.00000,0
57.478,0.0,0.0,1.60,-0.410,0.130,-9.450,0.00000,0
57.488,0.0,0.0,1.60,-0.410,0.130,-9.450,0.00000,0
57.498,0.0,0.0,1.60,-0.410,0.130,-9.450,0.00000,0
57.509,0.0,0.0,1.60,-0.410,0.130,-9.450,0.00000,0
57.519,0.0,0.0,1.60,-0.410,0.130,-9.450,0.00000,0
57.529,0.0,0.0,1.60,-0.410,0.130,-9.450,0.00000,0
57.539,0.0,0.0,1.60,-0.410,0.130,-9.450,0.00000,0
57.549,0.0,0.0,1.60,-0.410,0.130,-9.450,0.00000,0
57.559,0.0,0.0,1.60,-0.410,0.130,-9.450,0.00000,0
57.569,0.0,0.0,1.60,-0.410,0.130,-9.450,0.00000,0
57.579,0.0,0.0,1.60,-0.410,0.130,-9.450,0.00000,0
57.590,0.0,0.0,1.60,-0.410,0.130,-9.450,0.00000,0
57.600,0.0,0.0,1.60,-0.410,0.130,-9.450,0.00000,0
57.610,0.0,0.0,1.60,-0.410,0.130,-9.450,0.00000,0
57.620,0.0,0.0,1.60,-0.410,0.130,-9.450,0.00000,0
57.630,0.0,0.0,1.60,-0.410,0.130,-9.450,0.00000,0
57.640,0.0,0.0,1.60,-0.410,0.130,-9.450,0.00000,0
57.651,0.0,0.0,1.60,-0.410,0.130,-9.450,0.00000,0
57.661,0.0,0.0,1.60,-0.410,0.130,-9.450,0.00000,0
57.671,0.0,0.0,1.60,-0.410,0.130,-9.450,0.00000,0
57.681,0.0,0.0,1.60,-0.410,0.130,-9.450,0.00000,0
57.691,0.0,0.0,1.60,-0.410,0.130,-9.450,0.00000,0
57.701,0.0,0.0,1.60,-0.410,0.130,-9.450,0.00000,0
57.711,0.0,0.0,1.60,-0.410,0.130,-9.450,0.00000,0
57.721,0.0,0.0,1.60,-0.410,0.130,-9.450,0.00000,0
57.732,0.0,0.0,1.60,-0.410,0.130,-9.450,0.00000,0
57.742,0.0,0.0,1.60,-0.410,0.130,-9.450,0.00000,0
57.752,0.0,0.0,1.60,-0.410,0.130,-9.450,0.00000,0
57.762,0.0,0.0,1.60,-0.410,0.130,-9.450,0.00000,0
57.772,0.0,0.0,1.60,-0.410,0.130,-9.450,0.00000,0
57.782,0.0,0.0,1.60,-0.410,0.130,-9.450,0.00000,0
57.792,0.0,0.0,1.60,-0.410,0.130,-9.450,0.00000,0
57.803,0.0,0.0,1.60,-0.410,0.130,-9.450,0.00000,0
57.813,0.0,0.0,1.60,-0.410,0.130,-9.450,0.00000,0
57.823,0.0,0.0,1.60,-0.410,0.130,-9.450,0.00000,0
57.833,0.0,0.0,1.60,-0.410,0.130,-9.450,0.00000,0
57.843,0.0,0.0,1.60,-0.410,0.130,-9.450,0.00000,0
57.853,0.0,0.0,1.60,-0.410,0.130,-9.450,0.00000,0
57.863,0.0,0.0,1.60,-0.410,0.130,-9.450,0.00000,0
57.874,0.0,0.0,1.60,-0.410,0.130,-9.450,0.00000,0
57.884,0.0,0.0,1.60,-0.410,0.130,-9.450,0.00000,0
57.894,0.0,0.0,1.60,-0.410,0.130,-9.450,0.00000,0
57.904,0.0,0.0,1.60,-0.410,0.130,-9.450,0.00000,0
57.914,0.0,0.0,1.60,-0.410,0.130,-9.450,0.00000,0
57.924,0.0,0.0,1.60,-0.410,0.130,-9.450,0.00000,0
57.934,0.0,0.0,1.60,-0.410,0.130,-9.450,0.00000,0
57.945,0.0,0.0,1.60,-0.410,0.130,-9.450,0.00000,0
57.955,0.0,0.0,1.60,-0.410,0.130,-9.450,0.00000,0
57.965,0.0,0.0,1.60,-0.410,0.130,-9.450,0.00000,0
57.975,0.0,0.0,1.60,-0.410,0.130,-9.450,0.00000,0
57.985,0.0,0.0,1.60,-0.410,0.130,-9.450,0.00000,0
57.996,0.0,0.0,1.60,-0.410,0.130,-9.450,0.00000,0
58.006,0.0,0.0,1.60,-0.410,0.130,-9.450,0.00000,0
58.016,0.0,0.0,1.60,-0.410,0.130,-9.450,0.00000,0
58.026,0.0,0.0,1.60,-0.410,0.130,-9.450,0.00000,0
58.036,0.0,0.0,1.60,-0.410,0.130,-9.450,0.00000,0
58.046,0.0,0.0,1.60,-0.410,0.130,-9.450,0.00000,0
58.056,0.0,0.0,1.60,-0.410,0.130,-9.450,0.00000,0
58.067,0.0,0.0,1.60,-0.410,0.130,-9.450,0.00000,0
58.077,0.0,0.0,1.60,-0.410,0.130,-9.450,0.00000,0
58.087,0.0,0.0,1.60,-0.410,0.130,-9.450,0.00000,0
58.097,0.0,0.0,1.60,-0.410,0.130,-9.450,0.00000,0
58.107,0.0,0.0,1.60,-0.410,0.130,-9.450,0.00000,0
58.117,0.0,0.0,1.60,-0.410,0.130,-9.450,0.00000,0
58.127,0.0,0.0,1.60,-0.410,0.130,-9.450,0.00000,0
58.138,0.0,0.0,1.60,-0.410,0.130,-9.450,0.00000,0
58.148,0.0,0.0,1.60,-0.410,0.130,-9.450,0.00000,0
58.158,0.0,0.0,1.60,-0.410,0.130,-9.450,0.00000,0
58.168,0.0,0.0,1.60,-0.410,0.130,-9.450,0.00000,0
58.178,0.0,0.0,1.60,-0.410,0.130,-9.450,0.00000,0
58.188,0.0,0.0,1.60,-0.410,0.130,-9.450,0.00000,0
58.198,0.0,0.0,1.60,-0.410,0.130,-9.450,0.00000,0
58.208,0.0,0.0,1.60,-0.410,0.130,-9.450,0.00000,0
58.219,0.0,0.0,1.60,-0.410,0.130,-9.450,0.00000,0
58.229,0.0,0.0,1.60,-0.410,0.130,-9.450,0.00000,0
58.239,0.0,0.0,1.60,-0.410,0.130,-9.450,0.00000,0
58.249,0.0,0.0,1.60,-0.410,0.130,-9.450,0.00000,0
58.259,0.0,0.0,1.60,-0.410,0.130,-9.450,0.00000,0
58.269,0.0,0.0,1.60,-0.410,0.130,-9.450,0.00000,0
58.279,0.0,0.0,1.60,-0.410,0.130,-9.450,0.00000,0
58.289,0.0,0.0,1.60,-0.410,0.130,-9.450,0.00000,0
58.300,0.0,0.0,1.60,-0.410,0.130,-9.450,0.00000,0
58.310,0.0,0.0,1.60,-0.410,0.130,-9.450,0.00000,0
58.321,0.0,0.0,1.60,-0.410,0.130,-9.450,0.00000,0
58.331,0.0,0.0,1.60,-0.410,0.130,-9.450,0.00000,0
58.342,0.0,0.0,1.60,-0.410,0.130,-9.450,0.00000,0
58.352,0.0,0.0,1.60,-0.410,0.130,-9.450,0.00000,0
58.362,0.0,0.0,1.60,-0.410,0.130,-9.450,0.00000,0
58.372,0.0,0.0,1.60,-0.410,0.130,-9.450,0.00000,0
58.382,0.0,0.0,1.60,-0.410,0.130,-9.450,0.00000,0
58.392,0.0,0.0,1.60,-0.410,0.130,-9.450,0.00000,0
58.402,0.0,0.0,1.60,-0.410,0.130,-9.450,0.00000,0
58.413,0.0,0.0,1.60,-0.410,0.130,-9.450,0.00000,0
58.423,0.0,0.0,1.60,-0.410,0.130,-9.450,0.00000,0
58.433,0.0,0.0,1.60,-0.410,0.130,-9.450,0.00000,0
58.443,0.0,0.0,1.60,-0.410,0.130,-9.450,0.00000,0
58.453,0.0,0.0,1.60,-0.410,0.130,-9.450,0.00000,0
58.463,0.0,0.0,1.60,-0.410,0.130,-9.450,0.00000,0
58.473,0.0,0.0,1.60,-0.410,0.130,-9.450,0.00000,0
58.484,0.0,0.0,1.60,-0.410,0.130,-9.450,0.00000,0
58.494,0.0,0.0,1.60,-0.410,0.130,-9.450,0.00000,0
58.504,0.0,0.0,1.60,-0.410,0.130,-9.450,0.00000,0
58.514,0.0,0.0,1.60,-0.410,0.130,-9.450,0.00000,0
58.524,0.0,0.0,1.60,-0.410,0.130,-9.450,0.00000,0
58.534,0.0,0.0,1.60,-0.410,0.130,-9.450,0.00000,0
58.544,0.0,0.0,1.60,-0.410,0.130,-9.450,0.00000,0
58.555,0.0,0.0,1.60,-0.410,0.130,-9.450,0.00000,0
58.565,0.0,0.0,1.60,-0.410,0.130,-9.450,0.00000,0
58.575,0.0,0.0,1.60,-0.410,0.130,-9.450,0.00000,0
58.585,0.0,0.0,1.60,-0.410,0.130,-9.450,0.00000,0
58.595,0.0,0.0,1.60,-0.410,0.130,-9.450,0.00000,0
58.605,0.0,0.0,1.60,-0.410,0.130,-9.450,0.00000,0
58.615,0.0,0.0,1.60,-0.410,0.130,-9.450,0.00000,0
58.625,0.0,0.0,1.60,-0.410,0.130,-9.450,0.00000,0
58.636,0.0,0.0,1.60,-0.410,0.130,-9.450,0.00000,0
58.646,0.0,0.0,1.60,-0.410,0.130,-9.450,0.00000,0
58.656,0.0,0.0,1.60,-0.410,0.130,-9.450,0.00000,0
58.666,0.0,0.0,1.60,-0.410,0.130,-9.450,0.00000,0
58.676,0.0,0.0,1.60,-0.410,0.130,-9.450,0.00000,0
58.686,0.0,0.0,1.60,-0.410,0.130,-9.450,0.00000,0
58.697,0.0,0.0,1.60,-0.410,0.130,-9.450,0.00000,0
58.707,0.0,0.0,1.60,-0.410,0.130,-9.450,0.00000,0
58.717,0.0,0.0,1.60,-0.410,0.130,-9.450,0.00000,0
58.727,0.0,0.0,1.60,-0.410,0.130,-9.450,0.00000,0
58.737,0.0,0.0,1.60,-0.410,0.130,-9.450,0.00000,0
58.747,0.0,0.0,1.60,-0.410,0.130,-9.450,0.00000,0
58.757,0.0,0.0,1.60,-0.410,0.130,-9.450,0.00000,0
58.767,0.0,0.0,1.60,-0.410,0.130,-9.450,0.00000,0
58.778,0.0,0.0,1.60,-0.410,0.130,-9.450,0.00000,0
58.788,0.0,0.0,1.60,-0.410,0.130,-9.450,0.00000,0
58.798,0.0,0.0,1.60,-0.410,0.130,-9.450,0.00000,0
58.808,0.0,0.0,1.60,-0.410,0.130,-9.450,0.00000,0
58.818,0.0,0.0,1.60,-0.410,0.130,-9.450,0.00000,0
58.828,0.0,0.0,1.60,-0.410,0.130,-9.450,0.00000,0
58.838,0.0,0.0,1.60,-0.410,0.130,-9.450,0.00000,0
58.849,0.0,0.0,1.60,-0.410,0.130,-9.450,0.00000,0
58.859,0.0,0.0,1.60,-0.410,0.130,-9.450,0.00000,0
58.869,0.0,0.0,1.60,-0.410,0.130,-9.450,0.00000,0
58.879,0.0,0.0,1.60,-0.410,0.130,-9.450,0.00000,0
58.889,0.0,0.0,1.60,-0.410,0.130,-9.450,0.00000,0
58.899,0.0,0.0,1.60,-0.410,0.130,-9.450,0.00000,0
58.909,0.0,0.0,1.60,-0.410,0.130,-9.450,0.00000,0
58.919,0.0,0.0,1.60,-0.410,0.130,-9.450,0.00000,0
58.930,0.0,0.0,1.60,-0.410,0.130,-9.450,0.00000,0
58.940,0.0,0.0,1.60,-0.410,0.130,-9.450,0.00000,0
58.950,0.0,0.0,1.60,-0.410,0.130,-9.450,0.00000,0
58.960,0.0,0.0,1.60,-0.410,0.130,-9.450,0.00000,0
58.970,0.0,0.0,1.60,-0.410,0.130,-9.450,0.00000,0
58.980,0.0,0.0,1.60,-0.410,0.130,-9.450,0.00000,0
58.990,0.0,0.0,1.60,-0.410,0.130,-9.450,0.00000,0
59.001,0.0,0.0,1.60,-0.410,0.130,-9.450,0.00000,0
59.011,0.0,0.0,1.60,-0.410,0.130,-9.450,0.00000,0
59.021,0.0,0.0,1.60,-0.410,0.130,-9.450,0.00000,0
59.031,0.0,0.0,1.60,-0.410,0.130,-9.450,0.00000,0
59.041,0.0,0.0,1.60,-0.410,0.130,-9.450,0.00000,0
59.051,0.0,0.0,1.60,-0.410,0.130,-9.450,0.00000,0
59.061,0.0,0.0,1.60,-0.410,0.130,-9.450,0.00000,0
59.071,0.0,0.0,1.60,-0.410,0.130,-9.450,0.00000,0
59.082,0.0,0.0,1.60,-0.410,0.130,-9.450,0.00000,0
59.092,0.0,0.0,1.60,-0.410,0.130,-9.450,0.00000,0
59.102,0.0,0.0,1.60,-0.410,0.130,-9.450,0.00000,0
59.112,0.0,0.0,1.60,-0.410,0.130,-9.450,0.00000,0
59.122,0.0,0.0,1.60,-0.410,0.130,-9.450,0.00000,0
59.132,0.0,0.0,1.60,-0.410,0.130,-9.450,0.00000,0
59.143,0.0,0.0,1.60,-0.410,0.130,-9.450,0.00000,0
59.153,0.0,0.0,1.60,-0.410,0.130,-9.450,0.00000,0
59.163,0.0,0.0,1.60,-0.410,0.130,-9.450,0.00000,0
59.173,0.0,0.0,1.60,-0.410,0.130,-9.450,0.00000,0
59.183,0.0,0.0,1.60,-0.410,0.130,-9.450,0.00000,0
59.193,0.0,0.0,1.60,-0.410,0.130,-9.450,0.00000,0
59.203,0.0,0.0,1.60,-0.410,0.130,-9.450,0.00000,0
59.214,0.0,0.0,1.60,-0.410,0.130,-9.450,0.00000,0
59.224,0.0,0.0,1.60,-0.410,0.130,-9.450,0.00000,0
59.234,0.0,0.0,1.60,-0.410,0.130,-9.450,0.00000,0
59.244,0.0,0.0,1.60,-0.410,0.130,-9.450,0.00000,0
59.254,0.0,0.0,1.60,-0.410,0.130,-9.450,0.00000,0
59.264,0.0,0.0,1.60,-0.410,0.130,-9.450,0.00000,0
59.274,0.0,0.0,1.60,-0.410,0.130,-9.450,0.00000,0
59.285,0.0,0.0,1.60,-0.410,0.130,-9.450,0.00000,0
59.295,0.0,0.0,1.60,-0.410,0.130,-9.450,0.00000,0
59.305,0.0,0.0,1.60,-0.410,0.130,-9.450,0.00000,0
59.315,0.0,0.0,1.60,-0.410,0.130,-9.450,0.00000,0
59.325,0.0,0.0,1.60,-0.410,0.130,-9.450,0.00000,0
59.335,0.0,0.0,1.60,-0.410,0.130,-9.450,0.00000,0
59.345,0.0,0.0,1.60,-0.410,0.130,-9.450,0.00000,0
59.355,0.0,0.0,1.60,-0.410,0.130,-9.450,0.00000,0
59.366,0.0,0.0,1.60,-0.410,0.130,-9.450,0.00000,0
59.376,0.0,0.0,1.60,-0.410,0.130,-9.450,0.00000,0
59.386,0.0,0.0,1.60,-0.410,0.130,-9.450,0.00000,0
59.396,0.0,0.0,1.60,-0.410,0.130,-9.450,0.00000,0
59.406,0.0,0.0,1.60,-0.410,0.130,-9.450,0.00000,0
59.416,0.0,0.0,1.60,-0.410,0.130,-9.450,0.00000,0
59.426,0.0,0.0,1.60,-0.410,0.130,-9.450,0.00000,0
59.437,0.0,0.0,1.60,-0.410,0.130,-9.450,0.00000,0
59.447,0.0,0.0,1.60,-0.410,0.130,-9.450,0.00000,0
59.457,0.0,0.0,1.60,-0.410,0.130,-9.450,0.00000,0
59.467,0.0,0.0,1.60,-0.410,0.130,-9.450,0.00000,0
59.477,0.0,0.0,1.60,-0.410,0.130,-9.450,0.00000,0
59.487,0.0,0.0,1.60,-0.410,0.130,-9.450,0.00000,0
59.497,0.0,0.0,1.60,-0.410,0.130,-9.450,0.00000,0
59.508,0.0,0.0,1.60,-0.410,0.130,-9.450,0.00000,0
59.518,0.0,0.0,1.60,-0.410,0.130,-9.450,0.00000,0
59.528,0.0,0.0,1.60,-0.410,0.130,-9.450,0.00000,0
59.538,0.0,0.0,1.60,-0.410,0.130,-9.450,0.00000,0
59.548,0.0,0.0,1.60,-0.410,0.130,-9.450,0.00000,0
59.558,0.0,0.0,1.60,-0.410,0.130,-9.450,0.00000,0
59.568,0.0,0.0,1.60,-0.410,0.130,-9.450,0.00000,0
59.578,0.0,0.0,1.60,-0.410,0.130,-9.450,0.00000,0
59.589,0.0,0.0,1.60,-0.410,0.130,-9.450,0.00000,0
59.599,0.0,0.0,1.60,-0.410,0.130,-9.450,0.00000,0
59.609,0.0,0.0,1.60,-0.410,0.130,-9.450,0.00000,0
59.619,0.0,0.0,1.60,-0.410,0.130,-9.450,0.00000,0
59.629,0.0,0.0,1.60,-0.410,0.130,-9.450,0.00000,0
59.639,0.0,0.0,1.60,-0.410,0.130,-9.450,0.00000,0
59.649,0.0,0.0,1.60,-0.410,0.130,-9.450,0.00000,0
59.660,0.0,0.0,1.60,-0.410,0.130,-9.450,0.00000,0
59.670,0.0,0.0,1.60,-0.410,0.130,-9.450,0.00000,0
59.680,0.0,0.0,1.60,-0.410,0.130,-9.450,0.00000,0
59.690,0.0,0.0,1.60,-0.410,0.130,-9.450,0.00000,0
59.700,0.0,0.0,1.60,-0.410,0.130,-9.450,0.00000,0
59.710,0.0,0.0,1.60,-0.410,0.130,-9.450,0.00000,0
59.720,0.0,0.0,1.60,-0.410,0.130,-9.450,0.00000,0
59.730,0.0,0.0,1.60,-0.410,0.130,-9.450,0.00000,0
59.741,0.0,0.0,1.60,-0.410,0.130,-9.450,0.00000,0
59.751,0.0,0.0,1.60,-0.410,0.130,-9.450,0.00000,0
59.761,0.0,0.0,1.60,-0.410,0.130,-9.450,0.00000,0
59.771,0.0,0.0,1.60,-0.410,0.130,-9.450,0.00000,0
59.781,0.0,0.0,1.60,-0.410,0.130,-9.450,0.00000,0
59.791,0.0,0.0,1.60,-0.410,0.130,-9.450,0.00000,0
59.801,0.0,0.0,1.60,-0.410,0.130,-9.450,0.00000,0
59.811,0.0,0.0,1.60,-0.410,0.130,-9.450,0.00000,0
59.822,0.0,0.0,1.60,-0.410,0.130,-9.450,0.00000,0
59.832,0.0,0.0,1.60,-0.410,0.130,-9.450,0.00000,0
59.842,0.0,0.0,1.60,-0.410,0.130,-9.450,0.00000,0
59.852,0.0,0.0,1.60,-0.410,0.130,-9.450,0.00000,0
59.862,0.0,0.0,1.60,-0.410,0.130,-9.450,0.00000,0
59.872,0.0,0.0,1.60,-0.410,0.130,-9.450,0.00000,0
59.883,0.0,0.0,1.60,-0.410,0.130,-9.450,0.00000,0
59.893,0.0,0.0,1.60,-0.410,0.130,-9.450,0.00000,0
59.903,0.0,0.0,1.60,-0.410,0.130,-9.450,0.00000,0
59.913,0.0,0.0,1.60,-0.410,0.130,-9.450,0.00000,0
59.923,0.0,0.0,1.60,-0.410,0.130,-9.450,0.00000,0
59.933,0.0,0.0,1.60,-0.410,0.130,-9.450,0.00000,0
59.943,0.0,0.0,1.60,-0.410,0.130,-9.450,0.00000,0
59.953,0.0,0.0,1.60,-0.410,0.130,-9.450,0.00000,0
59.964,0.0,0.0,1.60,-0.410,0.130,-9.450,0.00000,0
59.974,0.0,0.0,1.60,-0.410,0.130,-9.450,0.00000,0
59.984,0.0,0.0,1.60,-0.410,0.130,-9.450,0.00000,0
59.994,0.0,0.0,1.60,-0.410,0.130,-9.450,0.00000,0
60.004,0.0,0.0,1.60,-0.410,0.130,-9.450,0.00000,0
60.014,0.0,0.0,1.60,-0.410,0.130,-9.450,0.00000,0
60.024,0.0,0.0,1.60,-0.410,0.130,-9.450,0.00000,0
60.035,0.0,0.0,1.60,-0.410,0.130,-9.450,0.00000,0
60.045,0.0,0.0,1.60,-0.410,0.130,-9.450,0.00000,0
60.055,0.0,0.0,1.60,-0.410,0.130,-9.450,0.00000,0
60.065,0.0,0.0,1.60,-0.410,0.130,-9.450,0.00000,0
60.075,0.0,0.0,1.60,-0.410,0.130,-9.450,0.00000,0
60.085,0.0,0.0,1.60,-0.410,0.130,-9.450,0.00000,0
60.095,0.0,0.0,1.60,-0.410,0.130,-9.450,0.00000,0
60.106,0.0,0.0,1.60,-0.410,0.130,-9.450,0.00000,0
60.116,0.0,0.0,1.60,-0.410,0.130,-9.450,0.00000,0
60.126,0.0,0.0,1.60,-0.410,0.130,-9.450,0.00000,0
60.136,0.0,0.0,1.60,-0.410,0.130,-9.450,0.00000,0
60.146,0.0,0.0,1.60,-0.410,0.130,-9.450,0.00000,0
60.156,0.0,0.0,1.60,-0.410,0.130,-9.450,0.00000,0
60.166,0.0,0.0,1.60,-0.410,0.130,-9.450,0.00000,0
60.176,0.0,0.0,1.60,-0.410,0.130,-9.450,0.00000,0
60.187,0.0,0.0,1.60,-0.410,0.130,-9.450,0.00000,0
60.197,0.0,0.0,1.60,-0.410,0.130,-9.450,0.00000,0
60.207,0.0,0.0,1.60,-0.410,0.130,-9.450,0.00000,0
60.217,0.0,0.0,1.60,-0.410,0.130,-9.450,0.00000,0
60.227,0.0,0.0,1.60,-0.410,0.130,-9.450,0.00000,0
60.237,0.0,0.0,1.60,-0.410,0.130,-9.450,0.00000,0
60.248,0.0,0.0,1.60,-0.410,0.130,-9.450,0.00000,0
60.258,0.0,0.0,1.60,-0.410,0.130,-9.450,0.00000,0
60.268,0.0,0.0,1.60,-0.410,0.130,-9.450,0.00000,0
60.278,0.0,0.0,1.60,-0.410,0.130,-9.450,0.00000,0
60.288,0.0,0.0,1.60,-0.410,0.130,-9.450,0.00000,0
60.298,0.0,0.0,1.60,-0.410,0.130,-9.450,0.00000,0
60.308,0.0,0.0,1.60,-0.410,0.130,-9.450,0.00000,0
60.318,0.0,0.0,1.60,-0.410,0.130,-9.450,0.00000,0
60.329,0.0,0.0,1.60,-0.410,0.130,-9.450,0.00000,0
60.339,0.0,0.0,1.60,-0.410,0.130,-9.450,0.00000,0
60.349,0.0,0.0,1.60,-0.410,0.130,-9.450,0.00000,0
60.359,0.0,0.0,1.60,-0.410,0.130,-9.450,0.00000,0
60.369,0.0,0.0,1.60,-0.410,0.130,-9.450,0.00000,0
60.379,0.0,0.0,1.60,-0.410,0.130,-9.450,0.00000,0
60.389,0.0,0.0,1.60,-0.410,0.130,-9.450,0.00000,0
60.400,0.0,0.0,1.60,-0.410,0.130,-9.450,0.00000,0
60.410,0.0,0.0,1.60,-0.410,0.130,-9.450,0.00000,0
60.420,0.0,0.0,1.60,-0.410,0.130,-9.450,0.00000,0
60.430,0.0,0.0,1.60,-0.410,0.130,-9.450,0.00000,0
60.440,0.0,0.0,1.60,-0.410,0.130,-9.450,0.00000,0
60.450,0.0,0.0,1.60,-0.410,0.130,-9.450,0.00000,0
60.460,0.0,0.0,1.60,-0.410,0.130,-9.450,0.00000,0
60.470,0.0,0.0,1.60,-0.410,0.130,-9.450,0.00000,0
60.481,0.0,0.0,1.60,-0.410,0.130,-9.450,0.00000,0
60.491,0.0,0.0,1.60,-0.410,0.130,-9.450,0.00000,0
60.501,0.0,0.0,1.60,-0.410,0.130,-9.450,0.00000,0
60.511,0.0,0.0,1.60,-0.410,0.130,-9.450,0.00000,0
60.521,0.0,0.0,1.60,-0.410,0.130,-9.450,0.00000,0
60.531,0.0,0.0,1.60,-0.410,0.130,-9.450,0.00000,0
60.541,0.0,0.0,1.60,-0.410,0.130,-9.450,0.00000,0
60.551,0.0,0.0,1.60,-0.410,0.130,-9.450,0.00000,0
60.562,0.0,0.0,1.60,-0.410,0.130,-9.450,0.00000,0
60.572,0.0,0.0,1.60,-0.410,0.130,-9.450,0.00000,0
60.582,0.0,0.0,1.60,-0.410,0.130,-9.450,0.00000,0
60.592,0.0,0.0,1.60,-0.410,0.130,-9.450,0.00000,0
60.602,0.0,0.0,1.60,-0.410,0.130,-9.450,0.00000,0
60.612,0.0,0.0,1.60,-0.410,0.130,-9.450,0.00000,0
60.622,0.0,0.0,1.60,-0.410,0.130,-9.450,0.00000,0
60.632,0.0,0.0,1.60,-0.410,0.130,-9.450,0.00000,0
60.643,0.0,0.0,1.60,-0.410,0.130,-9.450,0.00000,0
60.653,0.0,0.0,1.60,-0.410,0.130,-9.450,0.00000,0
60.663,0.0,0.0,1.60,-0.410,0.130,-9.450,0.00000,0
60.673,0.0,0.0,1.60,-0.410,0.130,-9.450,0.00000,0
60.683,0.0,0.0,1.60,-0.410,0.130,-9.450,0.00000,0
60.693,0.0,0.0,1.60,-0.410,0.130,-9.450,0.00000,0
60.703,0.0,0.0,1.60,-0.410,0.130,-9.450,0.00000,0
60.713,0.0,0.0,1.60,-0.410,0.130,-9.450,0.00000,0
60.724,0.0,0.0,1.60,-0.410,0.130,-9.450,0.00000,0
60.734,0.0,0.0,1.60,-0.410,0.130,-9.450,0.00000,0
60.744,0.0,0.0,1.60,-0.410,0.130,-9.450,0.00000,0
60.754,0.0,0.0,1.60,-0.410,0.130,-9.450,0.00000,0
60.764,0.0,0.0,1.60,-0.410,0.130,-9.450,0.00000,0
60.774,0.0,0.0,1.60,-0.410,0.130,-9.450,0.00000,0
60.784,0.0,0.0,1.60,-0.410,0.130,-9.450,0.00000,0
60.795,0.0,0.0,1.60,-0.410,0.130,-9.450,0.00000,0
60.805,0.0,0.0,1.60,-0.410,0.130,-9.450,0.00000,0
60.815,0.0,0.0,1.60,-0.410,0.130,-9.450,0.00000,0
60.825,0.0,0.0,1.60,-0.410,0.130,-9.450,0.00000,0
60.835,0.0,0.0,1.60,-0.410,0.130,-9.450,0.00000,0
60.845,0.0,0.0,1.60,-0.410,0.130,-9.450,0.00000,0
60.855,0.0,0.0,1.60,-0.410,0.130,-9.450,0.00000,0
60.866,0.0,0.0,1.60,-0.410,0.130,-9.450,0.00000,0
60.876,0.0,0.0,1.60,-0.410,0.130,-9.450,0.00000,0
60.886,0.0,0.0,1.60,-0.410,0.130,-9.450,0.00000,0
60.896,0.0,0.0,1.60,-0.410,0.130,-9.450,0.00000,0
60.906,0.0,0.0,1.60,-0.410,0.130,-9.450,0.00000,0
60.916,0.0,0.0,1.60,-0.410,0.130,-9.450,0.00000,0
60.926,0.0,0.0,1.60,-0.410,0.130,-9.450,0.00000,0
60.937,0.0,0.0,1.60,-0.410,0.130,-9.450,0.00000,0
60.947,0.0,0.0,1.60,-0.410,0.130,-9.450,0.00000,0
60.957,0.0,0.0,1.60,-0.410,0.130,-9.450,0.00000,0
60.967,0.0,0.0,1.60,-0.410,0.130,-9.450,0.00000,0
60.977,0.0,0.0,1.60,-0.410,0.130,-9.450,0.00000,0
60.987,0.0,0.0,1.60,-0.410,0.130,-9.450,0.00000,0
60.997,0.0,0.0,1.60,-0.410,0.130,-9.450,0.00000,0
61.008,0.0,0.0,1.60,-0.410,0.130,-9.450,0.00000,0
61.018,0.0,0.0,1.60,-0.410,0.130,-9.450,0.00000,0
61.028,0.0,0.0,1.60,-0.410,0.130,-9.450,0.00000,0
61.038,0.0,0.0,1.60,-0.410,0.130,-9.450,0.00000,0
61.048,0.0,0.0,1.60,-0.410,0.130,-9.450,0.00000,0
61.058,0.0,0.0,1.60,-0.410,0.130,-9.450,0.00000,0
61.068,0.0,0.0,1.60,-0.410,0.130,-9.450,0.00000,0
61.078,0.0,0.0,1.60,-0.410,0.130,-9.450,0.00000,0
61.089,0.0,0.0,1.60,-0.410,0.130,-9.450,0.00000,0
61.099,0.0,0.0,1.60,-0.410,0.130,-9.450,0.00000,0
61.109,0.0,0.0,1.60,-0.410,0.130,-9.450,0.00000,0
61.119,0.0,0.0,1.60,-0.410,0.130,-9.450,0.00000,0
61.129,0.0,0.0,1.60,-0.410,0.130,-9.450,0.00000,0
61.139,0.0,0.0,1.60,-0.410,0.130,-9.450,0.00000,0
61.150,0.0,0.0,1.60,-0.410,0.130,-9.450,0.00000,0
61.160,0.0,0.0,1.60,-0.410,0.130,-9.450,0.00000,0
61.170,0.0,0.0,1.60,-0.410,0.130,-9.450,0.00000,0
61.180,0.0,0.0,1.60,-0.410,0.130,-9.450,0.00000,0
61.190,0.0,0.0,1.60,-0.410,0.130,-9.450,0.00000,0
61.200,0.0,0.0,1.60,-0.410,0.130,-9.450,0.00000,0
61.210,0.0,0.0,1.60,-0.410,0.130,-9.450,0.00000,0
61.220,0.0,0.0,1.60,-0.410,0.130,-9.450,0.00000,0
61.231,0.0,0.0,1.60,-0.410,0.130,-9.450,0.00000,0
61.241,0.0,0.0,1.60,-0.410,0.130,-9.450,0.00000,0
61.251,0.0,0.0,1.60,-0.410,0.130,-9.450,0.00000,0
61.261,0.0,0.0,1.60,-0.410,0.130,-9.450,0.00000,0
61.271,0.0,0.0,1.60,-0.410,0.130,-9.450,0.00000,0
61.281,0.0,0.0,1.60,-0.410,0.130,-9.450,0.00000,0
61.292,0.0,0.0,1.60,-0.410,0.130,-9.450,0.00000,0
61.302,0.0,0.0,1.60,-0.410,0.130,-9.450,0.00000,0
61.312,0.0,0.0,1.60,-0.410,0.130,-9.450,0.00000,0
61.322,0.0,0.0,1.60,-0.410,0.130,-9.450,0.00000,0
61.332,0.0,0.0,1.60,-0.410,0.130,-9.450,0.00000,0
61.342,0.0,0.0,1.60,-0.410,0.130,-9.450,0.00000,0
61.352,0.0,0.0,1.60,-0.410,0.130,-9.450,0.00000,0
61.362,0.0,0.0,1.60,-0.410,0.130,-9.450,0.00000,0
61.373,0.0,0.0,1.60,-0.410,0.130,-9.450,0.00000,0
61.383,0.0,0.0,1.60,-0.410,0.130,-9.450,0.00000,0
61.393,0.0,0.0,1.60,-0.410,0.130,-9.450,0.00000,0
61.403,0.0,0.0,1.60,-0.410,0.130,-9.450,0.00000,0
61.413,0.0,0.0,1.60,-0.410,0.130,-9.450,0.00000,0
61.423,0.0,0.0,1.60,-0.410,0.130,-9.450,0.00000,0
61.433,0.0,0.0,1.60,-0.410,0.130,-9.450,0.00000,0
61.444,0.0,0.0,1.60,-0.410,0.130,-9.450,0.00000,0
61.454,0.0,0.0,1.60,-0.410,0.130,-9.450,0.00000,0
61.464,0.0,0.0,1.60,-0.410,0.130,-9.450,0.00000,0
61.474,0.0,0.0,1.60,-0.410,0.130,-9.450,0.00000,0
61.484,0.0,0.0,1.60,-0.410,0.130,-9.450,0.00000,0
61.494,0.0,0.0,1.60,-0.410,0.130,-9.450,0.00000,0
61.504,0.0,0.0,1.60,-0.410,0.130,-9.450,0.00000,0
61.514,0.0,0.0,1.60,-0.410,0.130,-9.450,0.00000,0
61.524,0.0,0.0,1.60,-0.410,0.130,-9.450,0.00000,0
61.535,0.0,0.0,1.60,-0.410,0.130,-9.450,0.00000,0
61.545,0.0,0.0,1.60,-0.410,0.130,-9.450,0.00000,0
61.555,0.0,0.0,1.60,-0.410,0.130,-9.450,0.00000,0
61.565,0.0,0.0,1.60,-0.410,0.130,-9.450,0.00000,0
61.575,0.0,0.0,1.60,-0.410,0.130,-9.450,0.00000,0
61.585,0.0,0.0,1.60,-0.410,0.130,-9.450,0.00000,0
61.595,0.0,0.0,1.60,-0.410,0.130,-9.450,0.00000,0
61.606,0.0,0.0,1.60,-0.410,0.130,-9.450,0.00000,0
61.616,0.0,0.0,1.60,-0.410,0.130,-9.450,0.00000,0
61.626,0.0,0.0,1.60,-0.410,0.130,-9.450,0.00000,0
61.636,0.0,0.0,1.60,-0.410,0.130,-9.450,0.00000,0
61.646,0.0,0.0,1.60,-0.410,0.130,-9.450,0.00000,0
61.656,0.0,0.0,1.60,-0.410,0.130,-9.450,0.00000,0
61.666,0.0,0.0,1.60,-0.410,0.130,-9.450,0.00000,0
61.676,0.0,0.0,1.60,-0.410,0.130,-9.450,0.00000,0
61.687,0.0,0.0,1.60,-0.410,0.130,-9.450,0.00000,0
61.697,0.0,0.0,1.60,-0.410,0.130,-9.450,0.00000,0
61.707,0.0,0.0,1.60,-0.410,0.130,-9.450,0.00000,0
61.717,0.0,0.0,1.60,-0.410,0.130,-9.450,0.00000,0
61.727,0.0,0.0,1.60,-0.410,0.130,-9.450,0.00000,0
61.737,0.0,0.0,1.60,-0.410,0.130,-9.450,0.00000,0
61.748,0.0,0.0,1.60,-0.410,0.130,-9.450,0.00000,0
61.758,0.0,0.0,1.60,-0.410,0.130,-9.450,0.00000,0
61.768,0.0,0.0,1.60,-0.410,0.130,-9.450,0.00000,0
61.778,0.0,0.0,1.60,-0.410,0.130,-9.450,0.00000,0
61.788,0.0,0.0,1.60,-0.410,0.130,-9.450,0.00000,0
61.798,0.0,0.0,1.60,-0.410,0.130,-9.450,0.00000,0
61.808,0.0,0.0,1.60,-0.410,0.130,-9.450,0.00000,0
61.818,0.0,0.0,1.60,-0.410,0.130,-9.450,0.00000,0
61.829,0.0,0.0,1.60,-0.410,0.130,-9.450,0.00000,0
61.839,0.0,0.0,1.60,-0.410,0.130,-9.450,0.00000,0
61.849,0.0,0.0,1.60,-0.410,0.130,-9.450,0.00000,0
61.859,0.0,0.0,1.60,-0.410,0.130,-9.450,0.00000,0
61.869,0.0,0.0,1.60,-0.410,0.130,-9.450,0.00000,0
61.879,0.0,0.0,1.60,-0.410,0.130,-9.450,0.00000,0
61.890,0.0,0.0,1.60,-0.410,0.130,-9.450,0.00000,0
61.900,0.0,0.0,1.60,-0.410,0.130,-9.450,0.00000,0
61.910,0.0,0.0,1.60,-0.410,0.130,-9.450,0.00000,0
61.920,0.0,0.0,1.60,-0.410,0.130,-9.450,0.00000,0
61.930,0.0,0.0,1.60,-0.410,0.130,-9.450,0.00000,0
61.940,0.0,0.0,1.60,-0.410,0.130,-9.450,0.00000,0
61.950,0.0,0.0,1.60,-0.410,0.130,-9.450,0.00000,0
61.961,0.0,0.0,1.60,-0.410,0.130,-9.450,0.00000,0
61.971,0.0,0.0,1.60,-0.410,0.130,-9.450,0.00000,0
61.981,0.0,0.0,1.60,-0.410,0.130,-9.450,0.00000,0
61.991,0.0,0.0,1.60,-0.410,0.130,-9.450,0.00000,0
62.001,0.0,0.0,1.60,-0.410,0.130,-9.450,0.00000,0
62.011,0.0,0.0,1.60,-0.410,0.130,-9.450,0.00000,0
62.021,0.0,0.0,1.60,-0.410,0.130,-9.450,0.00000,0
62.031,0.0,0.0,1.60,-0.410,0.130,-9.450,0.00000,0
62.042,0.0,0.0,1.60,-0.410,0.130,-9.450,0.00000,0
62.052,0.0,0.0,1.60,-0.410,0.130,-9.450,0.00000,0
62.062,0.0,0.0,1.60,-0.410,0.130,-9.450,0.00000,0
62.072,0.0,0.0,1.60,-0.410,0.130,-9.450,0.00000,0
62.082,0.0,0.0,1.60,-0.410,0.130,-9.450,0.00000,0
62.092,0.0,0.0,1.60,-0.410,0.130,-9.450,0.00000,0
62.103,0.0,0.0,1.60,-0.410,0.130,-9.450,0.00000,0
62.113,0.0,0.0,1.60,-0.410,0.130,-9.450,0.00000,0
62.123,0.0,0.0,1.60,-0.410,0.130,-9.450,0.00000,0
62.133,0.0,0.0,1.60,-0.410,0.130,-9.450,0.00000,0
62.143,0.0,0.0,1.60,-0.410,0.130,-9.450,0.00000,0
62.153,0.0,0.0,1.60,-0.410,0.130,-9.450,0.00000,0
62.163,0.0,0.0,1.60,-0.410,0.130,-9.450,0.00000,0
62.173,0.0,0.0,1.60,-0.410,0.130,-9.450,0.00000,0
62.184,0.0,0.0,1.60,-0.410,0.130,-9.450,0.00000,0
62.194,0.0,0.0,1.60,-0.410,0.130,-9.450,0.00000,0
62.204,0.0,0.0,1.60,-0.410,0.130,-9.450,0.00000,0
62.214,0.0,0.0,1.60,-0.410,0.130,-9.450,0.00000,0
62.224,0.0,0.0,1.60,-0.410,0.130,-9.450,0.00000,0
62.234,0.0,0.0,1.60,-0.410,0.130,-9.450,0.00000,0
62.244,0.0,0.0,1.60,-0.410,0.130,-9.450,0.00000,0
62.255,0.0,0.0,1.60,-0.410,0.130,-9.450,0.00000,0
62.265,0.0,0.0,1.60,-0.410,0.130,-9.450,0.00000,0
62.275,0.0,0.0,1.60,-0.410,0.130,-9.450,0.00000,0
62.285,0.0,0.0,1.60,-0.410,0.130,-9.450,0.00000,0
62.295,0.0,0.0,1.60,-0.410,0.130,-9.450,0.00000,0
62.305,0.0,0.0,1.60,-0.410,0.130,-9.450,0.00000,0
62.315,0.0,0.0,1.60,-0.410,0.130,-9.450,0.00000,0
62.325,0.0,0.0,1.60,-0.410,0.130,-9.450,0.00000,0
62.335,0.0,0.0,1.60,-0.410,0.130,-9.450,0.00000,0
62.346,0.0,0.0,1.60,-0.410,0.130,-9.450,0.00000,0
62.356,0.0,0.0,1.60,-0.410,0.130,-9.450,0.00000,0
62.366,0.0,0.0,1.60,-0.410,0.130,-9.450,0.00000,0
62.376,0.0,0.0,1.60,-0.410,0.130,-9.450,0.00000,0
62.386,0.0,0.0,1.60,-0.410,0.130,-9.450,0.00000,0
62.396,0.0,0.0,1.60,-0.410,0.130,-9.450,0.00000,0
62.406,0.0,0.0,1.60,-0.410,0.130,-9.450,0.00000,0
62.416,0.0,0.0,1.60,-0.410,0.130,-9.450,0.00000,0
62.427,0.0,0.0,1.60,-0.410,0.130,-9.450,0.00000,0
62.437,0.0,0.0,1.60,-0.410,0.130,-9.450,0.00000,0
62.447,0.0,0.0,1.60,-0.410,0.130,-9.450,0.00000,0
62.457,0.0,0.0,1.60,-0.410,0.130,-9.450,0.00000,0
62.467,0.0,0.0,1.60,-0.410,0.130,-9.450,0.00000,0
62.477,0.0,0.0,1.60,-0.410,0.130,-9.450,0.00000,0
62.487,0.0,0.0,1.60,-0.410,0.130,-9.450,0.00000,0
62.498,0.0,0.0,1.60,-0.410,0.130,-9.450,0.00000,0
62.508,0.0,0.0,1.60,-0.410,0.130,-9.450,0.00000,0
62.518,0.0,0.0,1.60,-0.410,0.130,-9.450,0.00000,0
62.528,0.0,0.0,1.60,-0.410,0.130,-9.450,0.00000,0
62.538,0.0,0.0,1.60,-0.410,0.130,-9.450,0.00000,0
62.548,0.0,0.0,1.60,-0.410,0.130,-9.450,0.00000,0
62.558,0.0,0.0,1.60,-0.410,0.130,-9.450,0.00000,0
62.569,0.0,0.0,1.60,-0.410,0.130,-9.450,0.00000,0
62.579,0.0,0.0,1.60,-0.410,0.130,-9.450,0.00000,0
62.589,0.0,0.0,1.60,-0.410,0.130,-9.450,0.00000,0
62.599,0.0,0.0,1.60,-0.410,0.130,-9.450,0.00000,0
62.609,0.0,0.0,1.60,-0.410,0.130,-9.450,0.00000,0
62.619,0.0,0.0,1.60,-0.410,0.130,-9.450,0.00000,0
62.629,0.0,0.0,1.60,-0.410,0.130,-9.450,0.00000,0
62.640,0.0,0.0,1.60,-0.410,0.130,-9.450,0.00000,0
62.650,0.0,0.0,1.60,-0.410,0.130,-9.450,0.00000,0
62.660,0.0,0.0,1.60,-0.410,0.130,-9.450,0.00000,0
62.670,0.0,0.0,1.60,-0.410,0.130,-9.450,0.00000,0
62.680,0.0,0.0,1.60,-0.410,0.130,-9.450,0.00000,0
62.690,0.0,0.0,1.60,-0.410,0.130,-9.450,0.00000,0
62.700,0.0,0.0,1.60,-0.410,0.130,-9.450,0.00000,0
62.711,0.0,0.0,1.60,-0.410,0.130,-9.450,0.00000,0
62.721,0.0,0.0,1.60,-0.410,0.130,-9.450,0.00000,0
62.731,0.0,0.0,1.60,-0.410,0.130,-9.450,0.00000,0
62.741,0.0,0.0,1.60,-0.410,0.130,-9.450,0.00000,0
62.751,0.0,0.0,1.60,-0.410,0.130,-9.450,0.00000,0
62.761,0.0,0.0,1.60,-0.410,0.130,-9.450,0.00000,0
62.771,0.0,0.0,1.60,-0.410,0.130,-9.450,0.00000,0
62.781,0.0,0.0,1.60,-0.410,0.130,-9.450,0.00000,0
62.792,0.0,0.0,1.60,-0.410,0.130,-9.450,0.00000,0
62.802,0.0,0.0,1.60,-0.410,0.130,-9.450,0.00000,0
62.812,0.0,0.0,1.60,-0.410,0.130,-9.450,0.00000,0
62.822,0.0,0.0,1.60,-0.410,0.130,-9.450,0.00000,0
62.832,0.0,0.0,1.60,-0.410,0.130,-9.450,0.00000,0
62.842,0.0,0.0,1.60,-0.410,0.130,-9.450,0.00000,0
62.853,0.0,0.0,1.60,-0.410,0.130,-9.450,0.00000,0
62.863,0.0,0.0,1.60,-0.410,0.130,-9.450,0.00000,0
62.873,0.0,0.0,1.60,-0.410,0.130,-9.450,0.00000,0
62.883,0.0,0.0,1.60,-0.410,0.130,-9.450,0.00000,0
62.893,0.0,0.0,1.60,-0.410,0.130,-9.450,0.00000,0
62.903,0.0,0.0,1.60,-0.410,0.130,-9.450,0.00000,0
62.913,0.0,0.0,1.60,-0.410,0.130,-9.450,0.00000,0
62.924,0.0,0.0,1.60,-0.410,0.130,-9.450,0.00000,0
62.934,0.0,0.0,1.60,-0.410,0.130,-9.450,0.00000,0
62.944,0.0,0.0,1.60,-0.410,0.130,-9.450,0.00000,0
62.954,0.0,0.0,1.60,-0.410,0.130,-9.450,0.00000,0
62.964,0.0,0.0,1.60,-0.410,0.130,-9.450,0.00000,0
62.974,0.0,0.0,1.60,-0.410,0.130,-9.450,0.00000,0
62.984,0.0,0.0,1.60,-0.410,0.130,-9.450,0.00000,0
62.995,0.0,0.0,1.60,-0.410,0.130,-9.450,0.00000,0
63.005,0.0,0.0,1.60,-0.410,0.130,-9.450,0.00000,0
63.015,0.0,0.0,1.60,-0.410,0.130,-9.450,0.00000,0
63.025,0.0,0.0,1.60,-0.410,0.130,-9.450,0.00000,0
63.035,0.0,0.0,1.60,-0.410,0.130,-9.450,0.00000,0
63.045,0.0,0.0,1.60,-0.410,0.130,-9.450,0.00000,0
63.056,0.0,0.0,1.60,-0.410,0.130,-9.450,0.00000,0
63.066,0.0,0.0,1.60,-0.410,0.130,-9.450,0.00000,0
63.076,0.0,0.0,1.60,-0.410,0.130,-9.450,0.00000,0
63.086,0.0,0.0,1.60,-0.410,0.130,-9.450,0.00000,0
63.096,0.0,0.0,1.60,-0.410,0.130,-9.450,0.00000,0
63.106,0.0,0.0,1.60,-0.410,0.130,-9.450,0.00000,0
63.116,0.0,0.0,1.60,-0.410,0.130,-9.450,0.00000,0
63.126,0.0,0.0,1.60,-0.410,0.130,-9.450,0.00000,0
63.137,0.0,0.0,1.60,-0.410,0.130,-9.450,0.00000,0
63.147,0.0,0.0,1.60,-0.410,0.130,-9.450,0.00000,0
63.157,0.0,0.0,1.60,-0.410,0.130,-9.450,0.00000,0
63.167,0.0,0.0,1.60,-0.410,0.130,-9.450,0.00000,0
63.177,0.0,0.0,1.60,-0.410,0.130,-9.450,0.00000,0
63.187,0.0,0.0,1.60,-0.410,0.130,-9.450,0.00000,0
63.197,0.0,0.0,1.60,-0.410,0.130,-9.450,0.00000,0
63.208,0.0,0.0,1.60,-0.410,0.130,-9.450,0.00000,0
63.218,0.0,0.0,1.60,-0.410,0.130,-9.450,0.00000,0
63.228,0.0,0.0,1.60,-0.410,0.130,-9.450,0.00000,0
63.238,0.0,0.0,1.60,-0.410,0.130,-9.450,0.00000,0
63.248,0.0,0.0,1.60,-0.410,0.130,-9.450,0.00000,0
63.258,0.0,0.0,1.60,-0.410,0.130,-9.450,0.00000,0
63.268,0.0,0.0,1.60,-0.410,0.130,-9.450,0.00000,0
63.278,0.0,0.0,1.60,-0.410,0.130,-9.450,0.00000,0
63.289,0.0,0.0,1.60,-0.410,0.130,-9.450,0.00000,0
63.299,0.0,0.0,1.60,-0.410,0.130,-9.450,0.00000,0
63.309,0.0,0.0,1.60,-0.410,0.130,-9.450,0.00000,0
63.319,0.0,0.0,1.60,-0.410,0.130,-9.450,0.00000,0
63.329,0.0,0.0,1.60,-0.410,0.130,-9.450,0.00000,0
63.339,0.0,0.0,1.60,-0.410,0.130,-9.450,0.00000,0
63.349,0.0,0.0,1.60,-0.410,0.130,-9.450,0.00000,0
63.360,0.0,0.0,1.60,-0.410,0.130,-9.450,0.00000,0
63.370,0.0,0.0,1.60,-0.410,0.130,-9.450,0.00000,0
63.380,0.0,0.0,1.60,-0.410,0.130,-9.450,0.00000,0
63.390,0.0,0.0,1.60,-0.410,0.130,-9.450,0.00000,0
63.400,0.0,0.0,1.60,-0.410,0.130,-9.450,0.00000,0
63.410,0.0,0.0,1.60,-0.410,0.130,-9.450,0.00000,0
63.420,0.0,0.0,1.60,-0.410,0.130,-9.450,0.00000,0
63.430,0.0,0.0,1.60,-0.410,0.130,-9.450,0.00000,0
63.441,0.0,0.0,1.60,-0.410,0.130,-9.450,0.00000,0
63.451,0.0,0.0,1.60,-0.410,0.130,-9.450,0.00000,0
63.461,0.0,0.0,1.60,-0.410,0.130,-9.450,0.00000,0
63.471,0.0,0.0,1.60,-0.410,0.130,-9.450,0.00000,0
63.481,0.0,0.0,1.60,-0.410,0.130,-9.450,0.00000,0
63.491,0.0,0.0,1.60,-0.410,0.130,-9.450,0.00000,0
63.501,0.0,0.0,1.60,-0.410,0.130,-9.450,0.00000,0
63.512,0.0,0.0,1.60,-0.410,0.130,-9.450,0.00000,0
63.522,0.0,0.0,1.60,-0.410,0.130,-9.450,0.00000,0
63.532,0.0,0.0,1.60,-0.410,0.130,-9.450,0.00000,0
63.542,0.0,0.0,1.60,-0.410,0.130,-9.450,0.00000,0
63.552,0.0,0.0,1.60,-0.410,0.130,-9.450,0.00000,0
63.562,0.0,0.0,1.60,-0.410,0.130,-9.450,0.00000,0
63.572,0.0,0.0,1.60,-0.410,0.130,-9.450,0.00000,0
63.582,0.0,0.0,1.60,-0.410,0.130,-9.450,0.00000,0
63.593,0.0,0.0,1.60,-0.410,0.130,-9.450,0.00000,0
63.603,0.0,0.0,1.60,-0.410,0.130,-9.450,0.00000,0
63.613,0.0,0.0,1.60,-0.410,0.130,-9.450,0.00000,0
63.623,0.0,0.0,1.60,-0.410,0.130,-9.450,0.00000,0
63.633,0.0,0.0,1.60,-0.410,0.130,-9.450,0.00000,0
63.643,0.0,0.0,1.60,-0.410,0.130,-9.450,0.00000,0
63.653,0.0,0.0,1.60,-0.410,0.130,-9.450,0.00000,0
63.664,0.0,0.0,1.60,-0.410,0.130,-9.450,0.00000,0
63.674,0.0,0.0,1.60,-0.410,0.130,-9.450,0.00000,0
63.684,0.0,0.0,1.60,-0.410,0.130,-9.450,0.00000,0
63.694,0.0,0.0,1.60,-0.410,0.130,-9.450,0.00000,0
63.704,0.0,0.0,1.60,-0.410,0.130,-9.450,0.00000,0
63.714,0.0,0.0,1.60,-0.410,0.130,-9.450,0.00000,0
63.724,0.0,0.0,1.60,-0.410,0.130,-9.450,0.00000,0
63.735,0.0,0.0,1.60,-0.410,0.130,-9.450,0.00000,0
63.745,0.0,0.0,1.60,-0.410,0.130,-9.450,0.00000,0
63.755,0.0,0.0,1.60,-0.410,0.130,-9.450,0.00000,0
63.765,0.0,0.0,1.60,-0.410,0.130,-9.450,0.00000,0
63.775,0.0,0.0,1.60,-0.410,0.130,-9.450,0.00000,0
63.785,0.0,0.0,1.60,-0.410,0.130,-9.450,0.00000,0
63.795,0.0,0.0,1.60,-0.410,0.130,-9.450,0.00000,0
63.805,0.0,0.0,1.60,-0.410,0.130,-9.450,0.00000,0
63.816,0.0,0.0,1.60,-0.410,0.130,-9.450,0.00000,0
63.826,0.0,0.0,1.60,-0.410,0.130,-9.450,0.00000,0
63.836,0.0,0.0,1.60,-0.410,0.130,-9.450,0.00000,0
63.846,0.0,0.0,1.60,-0.410,0.130,-9.450,0.00000,0
63.856,0.0,0.0,1.60,-0.410,0.130,-9.450,0.00000,0
63.866,0.0,0.0,1.60,-0.410,0.130,-9.450,0.00000,0
63.876,0.0,0.0,1.60,-0.410,0.130,-9.450,0.00000,0
63.886,0.0,0.0,1.60,-0.410,0.130,-9.450,0.00000,0
63.897,0.0,0.0,1.60,-0.410,0.130,-9.450,0.00000,0
63.907,0.0,0.0,1.60,-0.410,0.130,-9.450,0.00000,0
63.917,0.0,0.0,1.60,-0.410,0.130,-9.450,0.00000,0
63.927,0.0,0.0,1.60,-0.410,0.130,-9.450,0.00000,0
63.937,0.0,0.0,1.60,-0.410,0.130,-9.450,0.00000,0
63.947,0.0,0.0,1.60,-0.410,0.130,-9.450,0.00000,0
63.958,0.0,0.0,1.60,-0.410,0.130,-9.450,0.00000,0
63.968,0.0,0.0,1.60,-0.410,0.130,-9.450,0.00000,0
63.978,0.0,0.0,1.60,-0.410,0.130,-9.450,0.00000,0
63.988,0.0,0.0,1.60,-0.410,0.130,-9.450,0.00000,0
63.998,0.0,0.0,1.60,-0.410,0.130,-9.450,0.00000,0
64.008,0.0,0.0,1.60,-0.410,0.130,-9.450,0.00000,0
64.018,0.0,0.0,1.60,-0.410,0.130,-9.450,0.00000,0
64.028,0.0,0.0,1.60,-0.410,0.130,-9.450,0.00000,0
64.039,0.0,0.0,1.60,-0.410,0.130,-9.450,0.00000,0
64.049,0.0,0.0,1.60,-0.410,0.130,-9.450,0.00000,0
64.059,0.0,0.0,1.60,-0.410,0.130,-9.450,0.00000,0
64.069,0.0,0.0,1.60,-0.410,0.130,-9.450,0.00000,0
64.079,0.0,0.0,1.60,-0.410,0.130,-9.450,0.00000,0
64.089,0.0,0.0,1.60,-0.410,0.130,-9.450,0.00000,0
64.100,0.0,0.0,1.60,-0.410,0.130,-9.450,0.00000,0
64.110,0.0,0.0,1.60,-0.410,0.130,-9.450,0.00000,0
64.120,0.0,0.0,1.60,-0.410,0.130,-9.450,0.00000,0
64.131,0.0,0.0,1.60,-0.410,0.130,-9.450,0.00000,0
64.141,0.0,0.0,1.60,-0.410,0.130,-9.450,0.00000,0
64.151,0.0,0.0,1.60,-0.410,0.130,-9.450,0.00000,0
64.161,0.0,0.0,1.60,-0.410,0.130,-9.450,0.00000,0
64.171,0.0,0.0,1.60,-0.410,0.130,-9.450,0.00000,0
64.182,0.0,0.0,1.60,-0.410,0.130,-9.450,0.00000,0
64.192,0.0,0.0,1.60,-0.410,0.130,-9.450,0.00000,0
64.202,0.0,0.0,1.60,-0.410,0.130,-9.450,0.00000,0
64.212,0.0,0.0,1.60,-0.410,0.130,-9.450,0.00000,0
64.222,0.0,0.0,1.60,-0.410,0.130,-9.450,0.00000,0
64.232,0.0,0.0,1.60,-0.410,0.130,-9.450,0.00000,0
64.242,0.0,0.0,1.60,-0.410,0.130,-9.450,0.00000,0
64.253,0.0,0.0,1.60,-0.410,0.130,-9.450,0.00000,0
64.263,0.0,0.0,1.60,-0.410,0.130,-9.450,0.00000,0
64.273,0.0,0.0,1.60,-0.410,0.130,-9.450,0.00000,0
64.283,0.0,0.0,1.60,-0.410,0.130,-9.450,0.00000,0
64.293,0.0,0.0,1.60,-0.410,0.130,-9.450,0.00000,0
64.303,0.0,0.0,1.60,-0.410,0.130,-9.450,0.00000,0
64.313,0.0,0.0,1.60,-0.410,0.130,-9.450,0.00000,0
64.324,0.0,0.0,1.60,-0.410,0.130,-9.450,0.00000,0
64.334,0.0,0.0,1.60,-0.410,0.130,-9.450,0.00000,0
64.344,0.0,0.0,1.60,-0.410,0.130,-9.450,0.00000,0
64.354,0.0,0.0,1.60,-0.410,0.130,-9.450,0.00000,0
64.364,0.0,0.0,1.60,-0.410,0.130,-9.450,0.00000,0
64.374,0.0,0.0,1.60,-0.410,0.130,-9.450,0.00000,0
64.384,0.0,0.0,1.60,-0.410,0.130,-9.450,0.00000,0
64.395,0.0,0.0,1.60,-0.410,0.130,-9.450,0.00000,0
64.405,0.0,0.0,1.60,-0.410,0.130,-9.450,0.00000,0
64.415,0.0,0.0,1.60,-0.410,0.130,-9.450,0.00000,0
64.425,0.0,0.0,1.60,-0.410,0.130,-9.450,0.00000,0
64.435,0.0,0.0,1.60,-0.410,0.130,-9.450,0.00000,0
64.445,0.0,0.0,1.60,-0.410,0.130,-9.450,0.00000,0
64.455,0.0,0.0,1.60,-0.410,0.130,-9.450,0.00000,0
64.465,0.0,0.0,1.60,-0.410,0.130,-9.450,0.00000,0
64.476,0.0,0.0,1.60,-0.410,0.130,-9.450,0.00000,0
64.486,0.0,0.0,1.60,-0.410,0.130,-9.450,0.00000,0
64.496,0.0,0.0,1.60,-0.410,0.130,-9.450,0.00000,0
64.506,0.0,0.0,1.60,-0.410,0.130,-9.450,0.00000,0
64.516,0.0,0.0,1.60,-0.410,0.130,-9.450,0.00000,0
64.526,0.0,0.0,1.60,-0.410,0.130,-9.450,0.00000,0
64.536,0.0,0.0,1.60,-0.410,0.130,-9.450,0.00000,0
64.547,0.0,0.0,1.60,-0.410,0.130,-9.450,0.00000,0
64.557,0.0,0.0,1.60,-0.410,0.130,-9.450,0.00000,0
64.567,0.0,0.0,1.60,-0.410,0.130,-9.450,0.00000,0
64.577,0.0,0.0,1.60,-0.410,0.130,-9.450,0.00000,0
64.587,0.0,0.0,1.60,-0.410,0.130,-9.450,0.00000,0
64.597,0.0,0.0,1.60,-0.410,0.130,-9.450,0.00000,0
64.607,0.0,0.0,1.60,-0.410,0.130,-9.450,0.00000,0
64.618,0.0,0.0,1.60,-0.410,0.130,-9.450,0.00000,0
64.628,0.0,0.0,1.60,-0.410,0.130,-9.450,0.00000,0
64.638,0.0,0.0,1.60,-0.410,0.130,-9.450,0.00000,0
64.648,0.0,0.0,1.60,-0.410,0.130,-9.450,0.00000,0
64.658,0.0,0.0,1.60,-0.410,0.130,-9.450,0.00000,0
64.668,0.0,0.0,1.60,-0.410,0.130,-9.450,0.00000,0
64.678,0.0,0.0,1.60,-0.410,0.130,-9.450,0.00000,0
64.688,0.0,0.0,1.60,-0.410,0.130,-9.450,0.00000,0
64.699,0.0,0.0,1.60,-0.410,0.130,-9.450,0.00000,0
64.709,0.0,0.0,1.60,-0.410,0.130,-9.450,0.00000,0
64.719,0.0,0.0,1.60,-0.410,0.130,-9.450,0.00000,0
64.729,0.0,0.0,1.60,-0.410,0.130,-9.450,0.00000,0
64.739,0.0,0.0,1.60,-0.410,0.130,-9.450,0.00000,0
64.749,0.0,0.0,1.60,-0.410,0.130,-9.450,0.00000,0
64.759,0.0,0.0,1.60,-0.410,0.130,-9.450,0.00000,0
64.770,0.0,0.0,1.60,-0.410,0.130,-9.450,0.00000,0
64.780,0.0,0.0,1.60,-0.410,0.130,-9.450,0.00000,0
64.790,0.0,0.0,1.60,-0.410,0.130,-9.450,0.00000,0
64.800,0.0,0.0,1.60,-0.410,0.130,-9.450,0.00000,0
64.810,0.0,0.0,1.60,-0.410,0.130,-9.450,0.00000,0
64.820,0.0,0.0,1.60,-0.410,0.130,-9.450,0.00000,0
64.830,0.0,0.0,1.60,-0.410,0.130,-9.450,0.00000,0
64.840,0.0,0.0,1.60,-0.410,0.130,-9.450,0.00000,0
64.851,0.0,0.0,1.60,-0.410,0.130,-9.450,0.00000,0
64.861,0.0,0.0,1.60,-0.410,0.130,-9.450,0.00000,0
64.871,0.0,0.0,1.60,-0.410,0.130,-9.450,0.00000,0
64.881,0.0,0.0,1.60,-0.410,0.130,-9.450,0.00000,0
64.891,0.0,0.0,1.60,-0.410,0.130,-9.450,0.00000,0
64.901,0.0,0.0,1.60,-0.410,0.130,-9.450,0.00000,0
64.912,0.0,0.0,1.60,-0.410,0.130,-9.450,0.00000,0
64.922,0.0,0.0,1.60,-0.410,0.130,-9.450,0.00000,0
64.932,0.0,0.0,1.60,-0.410,0.130,-9.450,0.00000,0
64.942,0.0,0.0,1.60,-0.410,0.130,-9.450,0.00000,0
64.952,0.0,0.0,1.60,-0.410,0.130,-9.450,0.00000,0
64.962,0.0,0.0,1.60,-0.410,0.130,-9.450,0.00000,0
64.972,0.0,0.0,1.60,-0.410,0.130,-9.450,0.00000,0
64.982,0.0,0.0,1.60,-0.410,0.130,-9.450,0.00000,0
64.993,0.0,0.0,1.60,-0.410,0.130,-9.450,0.00000,0
65.003,0.0,0.0,1.60,-0.410,0.130,-9.450,0.00000,0
65.013,0.0,0.0,1.60,-0.410,0.130,-9.450,0.00000,0
65.023,0.0,0.0,1.60,-0.410,0.130,-9.450,0.00000,0
65.033,0.0,0.0,1.60,-0.410,0.130,-9.450,0.00000,0
65.043,0.0,0.0,1.60,-0.410,0.130,-9.450,0.00000,0
65.053,0.0,0.0,1.60,-0.410,0.130,-9.450,0.00000,0
65.064,0.0,0.0,1.60,-0.410,0.130,-9.450,0.00000,0
65.074,0.0,0.0,1.60,-0.410,0.130,-9.450,0.00000,0
65.084,0.0,0.0,1.60,-0.410,0.130,-9.450,0.00000,0
65.094,0.0,0.0,1.60,-0.410,0.130,-9.450,0.00000,0
65.104,0.0,0.0,1.60,-0.410,0.130,-9.450,0.00000,0
65.114,0.0,0.0,1.60,-0.410,0.130,-9.450,0.00000,0
65.124,0.0,0.0,1.60,-0.410,0.130,-9.450,0.00000,0
65.135,0.0,0.0,1.60,-0.410,0.130,-9.450,0.00000,0
65.145,0.0,0.0,1.60,-0.410,0.130,-9.450,0.00000,0
65.155,0.0,0.0,1.60,-0.410,0.130,-9.450,0.00000,0
65.165,0.0,0.0,1.60,-0.410,0.130,-9.450,0.00000,0
65.175,0.0,0.0,1.60,-0.410,0.130,-9.450,0.00000,0
65.185,0.0,0.0,1.60,-0.410,0.130,-9.450,0.00000,0
65.195,0.0,0.0,1.60,-0.410,0.130,-9.450,0.00000,0
65.206,0.0,0.0,1.60,-0.410,0.130,-9.450,0.00000,0
65.216,0.0,0.0,1.60,-0.410,0.130,-9.450,0.00000,0
65.226,0.0,0.0,1.60,-0.410,0.130,-9.450,0.00000,0
65.236,0.0,0.0,1.60,-0.410,0.130,-9.450,0.00000,0
65.246,0.0,0.0,1.60,-0.410,0.130,-9.450,0.00000,0
65.256,0.0,0.0,1.60,-0.410,0.130,-9.450,0.00000,0
65.266,0.0,0.0,1.60,-0.410,0.130,-9.450,0.00000,0
65.276,0.0,0.0,1.60,-0.410,0.130,-9.450,0.00000,0
65.287,0.0,0.0,1.60,-0.410,0.130,-9.450,0.00000,0
65.297,0.0,0.0,1.60,-0.410,0.130,-9.450,0.00000,0
65.307,0.0,0.0,1.60,-0.410,0.130,-9.450,0.00000,0
65.317,0.0,0.0,1.60,-0.410,0.130,-9.450,0.00000,0
65.327,0.0,0.0,1.60,-0.410,0.130,-9.450,0.00000,0
65.337,0.0,0.0,1.60,-0.410,0.130,-9.450,0.00000,0
65.348,0.0,0.0,1.60,-0.410,0.130,-9.450,0.00000,0
65.358,0.0,0.0,1.60,-0.410,0.130,-9.450,0.00000,0
65.368,0.0,0.0,1.60,-0.410,0.130,-9.450,0.00000,0
65.378,0.0,0.0,1.60,-0.410,0.130,-9.450,0.00000,0
65.388,0.0,0.0,1.60,-0.410,0.130,-9.450,0.00000,0
65.398,0.0,0.0,1.60,-0.410,0.130,-9.450,0.00000,0
65.408,0.0,0.0,1.60,-0.410,0.130,-9.450,0.00000,0
65.418,0.0,0.0,1.60,-0.410,0.130,-9.450,0.00000,0
65.429,0.0,0.0,1.60,-0.410,0.130,-9.450,0.00000,0
65.439,0.0,0.0,1.60,-0.410,0.130,-9.450,0.00000,0
65.449,0.0,0.0,1.60,-0.410,0.130,-9.450,0.00000,0
65.459,0.0,0.0,1.60,-0.410,0.130,-9.450,0.00000,0
65.469,0.0,0.0,1.60,-0.410,0.130,-9.450,0.00000,0
65.479,0.0,0.0,1.60,-0.410,0.130,-9.450,0.00000,0
65.489,0.0,0.0,1.60,-0.410,0.130,-9.450,0.00000,0
65.500,0.0,0.0,1.60,-0.410,0.130,-9.450,0.00000,0
65.510,0.0,0.0,1.60,-0.410,0.130,-9.450,0.00000,0
65.520,0.0,0.0,1.60,-0.410,0.130,-9.450,0.00000,0
65.530,0.0,0.0,1.60,-0.410,0.130,-9.450,0.00000,0
65.540,0.0,0.0,1.60,-0.410,0.130,-9.450,0.00000,0
65.550,0.0,0.0,1.60,-0.410,0.130,-9.450,0.00000,0
65.560,0.0,0.0,1.60,-0.410,0.130,-9.450,0.00000,0
65.570,0.0,0.0,1.60,-0.410,0.130,-9.450,0.00000,0
65.581,0.0,0.0,1.60,-0.410,0.130,-9.450,0.00000,0
65.591,0.0,0.0,1.60,-0.410,0.130,-9.450,0.00000,0
65.601,0.0,0.0,1.60,-0.410,0.130,-9.450,0.00000,0
65.611,0.0,0.0,1.60,-0.410,0.130,-9.450,0.00000,0
65.621,0.0,0.0,1.60,-0.410,0.130,-9.450,0.00000,0
65.631,0.0,0.0,1.60,-0.410,0.130,-9.450,0.00000,0
65.641,0.0,0.0,1.60,-0.410,0.130,-9.450,0.00000,0
65.652,0.0,0.0,1.60,-0.410,0.130,-9.450,0.00000,0
65.662,0.0,0.0,1.60,-0.410,0.130,-9.450,0.00000,0
65.672,0.0,0.0,1.60,-0.410,0.130,-9.450,0.00000,0
65.682,0.0,0.0,1.60,-0.410,0.130,-9.450,0.00000,0
65.692,0.0,0.0,1.60,-0.410,0.130,-9.450,0.00000,0
65.702,0.0,0.0,1.60,-0.410,0.130,-9.450,0.00000,0
65.712,0.0,0.0,1.60,-0.410,0.130,-9.450,0.00000,0
65.722,0.0,0.0,1.60,-0.410,0.130,-9.450,0.00000,0
65.732,0.0,0.0,1.60,-0.410,0.130,-9.450,0.00000,0
65.743,0.0,0.0,1.60,-0.410,0.130,-9.450,0.00000,0
65.753,0.0,0.0,1.60,-0.410,0.130,-9.450,0.00000,0
65.763,0.0,0.0,1.60,-0.410,0.130,-9.450,0.00000,0
65.773,0.0,0.0,1.60,-0.410,0.130,-9.450,0.00000,0
65.784,0.0,0.0,1.60,-0.410,0.130,-9.450,0.00000,0
65.794,0.0,0.0,1.60,-0.410,0.130,-9.450,0.00000,0
65.804,0.0,0.0,1.60,-0.410,0.130,-9.450,0.00000,0
65.814,0.0,0.0,1.60,-0.410,0.130,-9.450,0.00000,0
65.824,0.0,0.0,1.60,-0.410,0.130,-9.450,0.00000,0
65.835,0.0,0.0,1.60,-0.410,0.130,-9.450,0.00000,0
65.845,0.0,0.0,1.60,-0.410,0.130,-9.450,0.00000,0
65.855,0.0,0.0,1.60,-0.410,0.130,-9.450,0.00000,0
65.865,0.0,0.0,1.60,-0.410,0.130,-9.450,0.00000,0
65.875,0.0,0.0,1.60,-0.410,0.130,-9.450,0.00000,0
65.885,0.0,0.0,1.60,-0.410,0.130,-9.450,0.00000,0
65.896,0.0,0.0,1.60,-0.410,0.130,-9.450,0.00000,0
65.906,0.0,0.0,1.60,-0.410,0.130,-9.450,0.00000,0
65.916,0.0,0.0,1.60,-0.410,0.130,-9.450,0.00000,0
65.926,0.0,0.0,1.60,-0.410,0.130,-9.450,0.00000,0
65.936,0.0,0.0,1.60,-0.410,0.130,-9.450,0.00000,0
65.946,0.0,0.0,1.60,-0.410,0.130,-9.450,0.00000,0
65.956,0.0,0.0,1.60,-0.410,0.130,-9.450,0.00000,0
65.967,0.0,0.0,1.60,-0.410,0.130,-9.450,0.00000,0
65.977,0.0,0.0,1.60,-0.410,0.130,-9.450,0.00000,0
65.987,0.0,0.0,1.60,-0.410,0.130,-9.450,0.00000,0
65.997,0.0,0.0,1.60,-0.410,0.130,-9.450,0.00000,0
66.007,0.0,0.0,1.60,-0.410,0.130,-9.450,0.00000,0
66.017,0.0,0.0,1.60,-0.410,0.130,-9.450,0.00000,0
66.027,0.0,0.0,1.60,-0.410,0.130,-9.450,0.00000,0
66.038,0.0,0.0,1.60,-0.410,0.130,-9.450,0.00000,0
66.048,0.0,0.0,1.60,-0.410,0.130,-9.450,0.00000,0
66.058,0.0,0.0,1.60,-0.410,0.130,-9.450,0.00000,0
66.068,0.0,0.0,1.60,-0.410,0.130,-9.450,0.00000,0
66.078,0.0,0.0,1.60,-0.410,0.130,-9.450,0.00000,0
66.088,0.0,0.0,1.60,-0.410,0.130,-9.450,0.00000,0
66.099,0.0,0.0,1.60,-0.410,0.130,-9.450,0.00000,0
66.109,0.0,0.0,1.60,-0.410,0.130,-9.450,0.00000,0
66.119,0.0,0.0,1.60,-0.410,0.130,-9.450,0.00000,0
66.129,0.0,0.0,1.60,-0.410,0.130,-9.450,0.00000,0
66.139,0.0,0.0,1.60,-0.410,0.130,-9.450,0.00000,0
66.149,0.0,0.0,1.60,-0.410,0.130,-9.450,0.00000,0
66.159,0.0,0.0,1.60,-0.410,0.130,-9.450,0.00000,0
66.170,0.0,0.0,1.60,-0.410,0.130,-9.450,0.00000,0
66.180,0.0,0.0,1.60,-0.410,0.130,-9.450,0.00000,0
66.190,0.0,0.0,1.60,-0.410,0.130,-9.450,0.00000,0
66.200,0.0,0.0,1.60,-0.410,0.130,-9.450,0.00000,0
66.210,0.0,0.0,1.60,-0.410,0.130,-9.450,0.00000,0
66.220,0.0,0.0,1.60,-0.410,0.130,-9.450,0.00000,0
66.230,0.0,0.0,1.60,-0.410,0.130,-9.450,0.00000,0
66.240,0.0,0.0,1.60,-0.410,0.130,-9.450,0.00000,0
66.251,0.0,0.0,1.60,-0.410,0.130,-9.450,0.00000,0
66.261,0.0,0.0,1.60,-0.410,0.130,-9.450,0.00000,0
66.271,0.0,0.0,1.60,-0.410,0.130,-9.450,0.00000,0
66.281,0.0,0.0,1.60,-0.410,0.130,-9.450,0.00000,0
66.291,0.0,0.0,1.60,-0.410,0.130,-9.450,0.00000,0
66.301,0.0,0.0,1.60,-0.410,0.130,-9.450,0.00000,0
66.311,0.0,0.0,1.60,-0.410,0.130,-9.450,0.00000,0
66.322,0.0,0.0,1.60,-0.410,0.130,-9.450,0.00000,0
66.332,0.0,0.0,1.60,-0.410,0.130,-9.450,0.00000,0
66.342,0.0,0.0,1.60,-0.410,0.130,-9.450,0.00000,0
66.352,0.0,0.0,1.60,-0.410,0.130,-9.450,0.00000,0
66.362,0.0,0.0,1.60,-0.410,0.130,-9.450,0.00000,0
66.372,0.0,0.0,1.60,-0.410,0.130,-9.450,0.00000,0
66.382,0.0,0.0,1.60,-0.410,0.130,-9.450,0.00000,0
66.392,0.0,0.0,1.60,-0.410,0.130,-9.450,0.00000,0
66.403,0.0,0.0,1.60,-0.410,0.130,-9.450,0.00000,0
66.413,0.0,0.0,1.60,-0.410,0.130,-9.450,0.00000,0
66.423,0.0,0.0,1.60,-0.410,0.130,-9.450,0.00000,0
66.433,0.0,0.0,1.60,-0.410,0.130,-9.450,0.00000,0
66.443,0.0,0.0,1.60,-0.410,0.130,-9.450,0.00000,0
66.453,0.0,0.0,1.60,-0.410,0.130,-9.450,0.00000,0
66.463,0.0,0.0,1.60,-0.410,0.130,-9.450,0.00000,0
66.473,0.0,0.0,1.60,-0.410,0.130,-9.450,0.00000,0
66.484,0.0,0.0,1.60,-0.410,0.130,-9.450,0.00000,0
66.494,0.0,0.0,1.60,-0.410,0.130,-9.450,0.00000,0
66.504,0.0,0.0,1.60,-0.410,0.130,-9.450,0.00000,0
66.514,0.0,0.0,1.60,-0.410,0.130,-9.450,0.00000,0
66.524,0.0,0.0,1.60,-0.410,0.130,-9.450,0.00000,0
66.534,0.0,0.0,1.60,-0.410,0.130,-9.450,0.00000,0
66.544,0.0,0.0,1.60,-0.410,0.130,-9.450,0.00000,0
66.555,0.0,0.0,1.60,-0.410,0.130,-9.450,0.00000,0
66.565,0.0,0.0,1.60,-0.410,0.130,-9.450,0.00000,0
66.575,0.0,0.0,1.60,-0.410,0.130,-9.450,0.00000,0
66.585,0.0,0.0,1.60,-0.410,0.130,-9.450,0.00000,0
66.595,0.0,0.0,1.60,-0.410,0.130,-9.450,0.00000,0
66.605,0.0,0.0,1.60,-0.410,0.130,-9.450,0.00000,0
66.615,0.0,0.0,1.60,-0.410,0.130,-9.450,0.00000,0
66.626,0.0,0.0,1.60,-0.410,0.130,-9.450,0.00000,0
66.636,0.0,0.0,1.60,-0.410,0.130,-9.450,0.00000,0
66.646,0.0,0.0,1.60,-0.410,0.130,-9.450,0.00000,0
66.656,0.0,0.0,1.60,-0.410,0.130,-9.450,0.00000,0
66.666,0.0,0.0,1.60,-0.410,0.130,-9.450,0.00000,0
66.676,0.0,0.0,1.60,-0.410,0.130,-9.450,0.00000,0
66.686,0.0,0.0,1.60,-0.410,0.130,-9.450,0.00000,0
66.697,0.0,0.0,1.60,-0.410,0.130,-9.450,0.00000,0
66.707,0.0,0.0,1.60,-0.410,0.130,-9.450,0.00000,0
66.717,0.0,0.0,1.60,-0.410,0.130,-9.450,0.00000,0
66.727,0.0,0.0,1.60,-0.410,0.130,-9.450,0.00000,0
66.737,0.0,0.0,1.60,-0.410,0.130,-9.450,0.00000,0
66.747,0.0,0.0,1.60,-0.410,0.130,-9.450,0.00000,0
66.757,0.0,0.0,1.60,-0.410,0.130,-9.450,0.00000,0
66.767,0.0,0.0,1.60,-0.410,0.130,-9.450,0.00000,0
66.778,0.0,0.0,1.60,-0.410,0.130,-9.450,0.00000,0
66.788,0.0,0.0,1.60,-0.410,0.130,-9.450,0.00000,0
66.798,0.0,0.0,1.60,-0.410,0.130,-9.450,0.00000,0
66.808,0.0,0.0,1.60,-0.410,0.130,-9.450,0.00000,0
66.818,0.0,0.0,1.60,-0.410,0.130,-9.450,0.00000,0
66.828,0.0,0.0,1.60,-0.410,0.130,-9.450,0.00000,0
66.838,0.0,0.0,1.60,-0.410,0.130,-9.450,0.00000,0
66.849,0.0,0.0,1.60,-0.410,0.130,-9.450,0.00000,0
66.859,0.0,0.0,1.60,-0.410,0.130,-9.450,0.00000,0
66.869,0.0,0.0,1.60,-0.410,0.130,-9.450,0.00000,0
66.879,0.0,0.0,1.60,-0.410,0.130,-9.450,0.00000,0
66.889,0.0,0.0,1.60,-0.410,0.130,-9.450,0.00000,0
66.899,0.0,0.0,1.60,-0.410,0.130,-9.450,0.00000,0
66.909,0.0,0.0,1.60,-0.410,0.130,-9.450,0.00000,0
66.919,0.0,0.0,1.60,-0.410,0.130,-9.450,0.00000,0
66.930,0.0,0.0,1.60,-0.410,0.130,-9.450,0.00000,0
66.940,0.0,0.0,1.60,-0.410,0.130,-9.450,0.00000,0
66.950,0.0,0.0,1.60,-0.410,0.130,-9.450,0.00000,0
66.960,0.0,0.0,1.60,-0.410,0.130,-9.450,0.00000,0
66.970,0.0,0.0,1.60,-0.410,0.130,-9.450,0.00000,0
66.980,0.0,0.0,1.60,-0.410,0.130,-9.450,0.00000,0
66.990,0.0,0.0,1.60,-0.410,0.130,-9.450,0.00000,0
67.001,0.0,0.0,1.60,-0.410,0.130,-9.450,0.00000,0
67.011,0.0,0.0,1.60,-0.410,0.130,-9.450,0.00000,0
67.021,0.0,0.0,1.60,-0.410,0.130,-9.450,0.00000,0
67.031,0.0,0.0,1.60,-0.410,0.130,-9.450,0.00000,0
67.041,0.0,0.0,1.60,-0.410,0.130,-9.450,0.00000,0
67.051,0.0,0.0,1.60,-0.410,0.130,-9.450,0.00000,0
67.061,0.0,0.0,1.60,-0.410,0.130,-9.450,0.00000,0
67.071,0.0,0.0,1.60,-0.410,0.130,-9.450,0.00000,0
67.082,0.0,0.0,1.60,-0.410,0.130,-9.450,0.00000,0
67.092,0.0,0.0,1.60,-0.410,0.130,-9.450,0.00000,0
67.102,0.0,0.0,1.60,-0.410,0.130,-9.450,0.00000,0
67.112,0.0,0.0,1.60,-0.410,0.130,-9.450,0.00000,0
67.122,0.0,0.0,1.60,-0.410,0.130,-9.450,0.00000,0
67.132,0.0,0.0,1.60,-0.410,0.130,-9.450,0.00000,0
67.142,0.0,0.0,1.60,-0.410,0.130,-9.450,0.00000,0
67.153,0.0,0.0,1.60,-0.410,0.130,-9.450,0.00000,0
67.163,0.0,0.0,1.60,-0.410,0.130,-9.450,0.00000,0
67.173,0.0,0.0,1.60,-0.410,0.130,-9.450,0.00000,0
67.183,0.0,0.0,1.60,-0.410,0.130,-9.450,0.00000,0
67.193,0.0,0.0,1.60,-0.410,0.130,-9.450,0.00000,0
67.203,0.0,0.0,1.60,-0.410,0.130,-9.450,0.00000,0
67.213,0.0,0.0,1.60,-0.410,0.130,-9.450,0.00000,0
67.223,0.0,0.0,1.60,-0.410,0.130,-9.450,0.00000,0
67.234,0.0,0.0,1.60,-0.410,0.130,-9.450,0.00000,0
67.244,0.0,0.0,1.60,-0.410,0.130,-9.450,0.00000,0
67.254,0.0,0.0,1.60,-0.410,0.130,-9.450,0.00000,0
67.264,0.0,0.0,1.60,-0.410,0.130,-9.450,0.00000,0
67.274,0.0,0.0,1.60,-0.410,0.130,-9.450,0.00000,0
67.284,0.0,0.0,1.60,-0.410,0.130,-9.450,0.00000,0
67.294,0.0,0.0,1.60,-0.410,0.130,-9.450,0.00000,0
67.304,0.0,0.0,1.60,-0.410,0.130,-9.450,0.00000,0
67.315,0.0,0.0,1.60,-0.410,0.130,-9.450,0.00000,0
67.325,0.0,0.0,1.60,-0.410,0.130,-9.450,0.00000,0
67.335,0.0,0.0,1.60,-0.410,0.130,-9.450,0.00000,0
67.345,0.0,0.0,1.60,-0.410,0.130,-9.450,0.00000,0
67.355,0.0,0.0,1.60,-0.410,0.130,-9.450,0.00000,0
67.365,0.0,0.0,1.60,-0.410,0.130,-9.450,0.00000,0
67.375,0.0,0.0,1.60,-0.410,0.130,-9.450,0.00000,0
67.386,0.0,0.0,1.60,-0.410,0.130,-9.450,0.00000,0
67.396,0.0,0.0,1.60,-0.410,0.130,-9.450,0.00000,0
67.407,0.0,0.0,1.60,-0.410,0.130,-9.450,0.00000,0
67.417,0.0,0.0,1.60,-0.410,0.130,-9.450,0.00000,0
67.427,0.0,0.0,1.60,-0.410,0.130,-9.450,0.00000,0
67.437,0.0,0.0,1.60,-0.410,0.130,-9.450,0.00000,0
67.447,0.0,0.0,1.60,-0.410,0.130,-9.450,0.00000,0
67.457,0.0,0.0,1.60,-0.410,0.130,-9.450,0.00000,0
67.467,0.0,0.0,1.60,-0.410,0.130,-9.450,0.00000,0
67.477,0.0,0.0,1.60,-0.410,0.130,-9.450,0.00000,0
67.488,0.0,0.0,1.60,-0.410,0.130,-9.450,0.00000,0
67.498,0.0,0.0,1.60,-0.410,0.130,-9.450,0.00000,0
67.508,0.0,0.0,1.60,-0.410,0.130,-9.450,0.00000,0
67.518,0.0,0.0,1.60,-0.410,0.130,-9.450,0.00000,0
67.528,0.0,0.0,1.60,-0.410,0.130,-9.450,0.00000,0
67.538,0.0,0.0,1.60,-0.410,0.130,-9.450,0.00000,0
67.549,0.0,0.0,1.60,-0.410,0.130,-9.450,0.00000,0
67.559,0.0,0.0,1.60,-0.410,0.130,-9.450,0.00000,0
67.569,0.0,0.0,1.60,-0.410,0.130,-9.450,0.00000,0
67.579,0.0,0.0,1.60,-0.410,0.130,-9.450,0.00000,0
67.589,0.0,0.0,1.60,-0.410,0.130,-9.450,0.00000,0
67.599,0.0,0.0,1.60,-0.410,0.130,-9.450,0.00000,0
67.610,0.0,0.0,1.60,-0.410,0.130,-9.450,0.00000,0
67.620,0.0,0.0,1.60,-0.410,0.130,-9.450,0.00000,0
67.630,0.0,0.0,1.60,-0.410,0.130,-9.450,0.00000,0
67.640,0.0,0.0,1.60,-0.410,0.130,-9.450,0.00000,0
67.650,0.0,0.0,1.60,-0.410,0.130,-9.450,0.00000,0
67.660,0.0,0.0,1.60,-0.410,0.130,-9.450,0.00000,0
67.670,0.0,0.0,1.60,-0.410,0.130,-9.450,0.00000,0
67.680,0.0,0.0,1.60,-0.410,0.130,-9.450,0.00000,0
67.691,0.0,0.0,1.60,-0.410,0.130,-9.450,0.00000,0
67.701,0.0,0.0,1.60,-0.410,0.130,-9.450,0.00000,0
67.711,0.0,0.0,1.60,-0.410,0.130,-9.450,0.00000,0
67.721,0.0,0.0,1.60,-0.410,0.130,-9.450,0.00000,0
67.731,0.0,0.0,1.60,-0.410,0.130,-9.450,0.00000,0
67.741,0.0,0.0,1.60,-0.410,0.130,-9.450,0.00000,0
67.752,0.0,0.0,1.60,-0.410,0.130,-9.450,0.00000,0
67.762,0.0,0.0,1.60,-0.410,0.130,-9.450,0.00000,0
67.772,0.0,0.0,1.60,-0.410,0.130,-9.450,0.00000,0
67.782,0.0,0.0,1.60,-0.410,0.130,-9.450,0.00000,0
67.792,0.0,0.0,1.60,-0.410,0.130,-9.450,0.00000,0
67.802,0.0,0.0,1.60,-0.410,0.130,-9.450,0.00000,0
67.812,0.0,0.0,1.60,-0.410,0.130,-9.450,0.00000,0
67.822,0.0,0.0,1.60,-0.410,0.130,-9.450,0.00000,0
67.833,0.0,0.0,1.60,-0.410,0.130,-9.450,0.00000,0
67.843,0.0,0.0,1.60,-0.410,0.130,-9.450,0.00000,0
67.853,0.0,0.0,1.60,-0.410,0.130,-9.450,0.00000,0
67.863,0.0,0.0,1.60,-0.410,0.130,-9.450,0.00000,0
67.873,0.0,0.0,1.60,-0.410,0.130,-9.450,0.00000,0
67.883,0.0,0.0,1.60,-0.410,0.130,-9.450,0.00000,0
67.893,0.0,0.0,1.60,-0.410,0.130,-9.450,0.00000,0
67.904,0.0,0.0,1.60,-0.410,0.130,-9.450,0.00000,0
67.914,0.0,0.0,1.60,-0.410,0.130,-9.450,0.00000,0
67.924,0.0,0.0,1.60,-0.410,0.130,-9.450,0.00000,0
67.934,0.0,0.0,1.60,-0.410,0.130,-9.450,0.00000,0
67.944,0.0,0.0,1.60,-0.410,0.130,-9.450,0.00000,0
67.954,0.0,0.0,1.60,-0.410,0.130,-9.450,0.00000,0
67.964,0.0,0.0,1.60,-0.410,0.130,-9.450,0.00000,0
67.975,0.0,0.0,1.60,-0.410,0.130,-9.450,0.00000,0
67.985,0.0,0.0,1.60,-0.410,0.130,-9.450,0.00000,0
67.995,0.0,0.0,1.60,-0.410,0.130,-9.450,0.00000,0
68.005,0.0,0.0,1.60,-0.410,0.130,-9.450,0.00000,0
68.015,0.0,0.0,1.60,-0.410,0.130,-9.450,0.00000,0
68.025,0.0,0.0,1.60,-0.410,0.130,-9.450,0.00000,0
68.035,0.0,0.0,1.60,-0.410,0.130,-9.450,0.00000,0
68.046,0.0,0.0,1.60,-0.410,0.130,-9.450,0.00000,0
68.056,0.0,0.0,1.60,-0.410,0.130,-9.450,0.00000,0
68.066,0.0,0.0,1.60,-0.410,0.130,-9.450,0.00000,0
68.076,0.0,0.0,1.60,-0.410,0.130,-9.450,0.00000,0
68.086,0.0,0.0,1.60,-0.410,0.130,-9.450,0.00000,0
68.096,0.0,0.0,1.60,-0.410,0.130,-9.450,0.00000,0
68.106,0.0,0.0,1.60,-0.410,0.130,-9.450,0.00000,0
68.117,0.0,0.0,1.60,-0.410,0.130,-9.450,0.00000,0
68.127,0.0,0.0,1.60,-0.410,0.130,-9.450,0.00000,0
68.138,0.0,0.0,1.60,-0.410,0.130,-9.450,0.00000,0
68.148,0.0,0.0,1.60,-0.410,0.130,-9.450,0.00000,0
68.158,0.0,0.0,1.60,-0.410,0.130,-9.450,0.00000,0
68.168,0.0,0.0,1.60,-0.410,0.130,-9.450,0.00000,0
68.178,0.0,0.0,1.60,-0.410,0.130,-9.450,0.00000,0
68.189,0.0,0.0,1.60,-0.410,0.130,-9.450,0.00000,0
68.199,0.0,0.0,1.60,-0.410,0.130,-9.450,0.00000,0
68.209,0.0,0.0,1.60,-0.410,0.130,-9.450,0.00000,0
68.219,0.0,0.0,1.60,-0.410,0.130,-9.450,0.00000,0
68.229,0.0,0.0,1.60,-0.410,0.130,-9.450,0.00000,0
68.239,0.0,0.0,1.60,-0.410,0.130,-9.450,0.00000,0
68.249,0.0,0.0,1.60,-0.410,0.130,-9.450,0.00000,0
68.260,0.0,0.0,1.60,-0.410,0.130,-9.450,0.00000,0
68.270,0.0,0.0,1.60,-0.410,0.130,-9.450,0.00000,0
68.280,0.0,0.0,1.60,-0.410,0.130,-9.450,0.00000,0
68.290,0.0,0.0,1.60,-0.410,0.130,-9.450,0.00000,0
68.300,0.0,0.0,1.60,-0.410,0.130,-9.450,0.00000,0
68.310,0.0,0.0,1.60,-0.410,0.130,-9.450,0.00000,0
68.320,0.0,0.0,1.60,-0.410,0.130,-9.450,0.00000,0
68.331,0.0,0.0,1.60,-0.410,0.130,-9.450,0.00000,0
68.341,0.0,0.0,1.60,-0.410,0.130,-9.450,0.00000,0
68.351,0.0,0.0,1.60,-0.410,0.130,-9.450,0.00000,0
68.361,0.0,0.0,1.60,-0.410,0.130,-9.450,0.00000,0
68.371,0.0,0.0,1.60,-0.410,0.130,-9.450,0.00000,0
68.381,0.0,0.0,1.60,-0.410,0.130,-9.450,0.00000,0
68.391,0.0,0.0,1.60,-0.410,0.130,-9.450,0.00000,0
68.402,0.0,0.0,1.60,-0.410,0.130,-9.450,0.00000,0
68.412,0.0,0.0,1.60,-0.410,0.130,-9.450,0.00000,0
68.422,0.0,0.0,1.60,-0.410,0.130,-9.450,0.00000,0
68.432,0.0,0.0,1.60,-0.410,0.130,-9.450,0.00000,0
68.442,0.0,0.0,1.60,-0.410,0.130,-9.450,0.00000,0
68.452,0.0,0.0,1.60,-0.410,0.130,-9.450,0.00000,0
68.462,0.0,0.0,1.60,-0.410,0.130,-9.450,0.00000,0
68.473,0.0,0.0,1.60,-0.410,0.130,-9.450,0.00000,0
68.483,0.0,0.0,1.60,-0.410,0.130,-9.450,0.00000,0
68.493,0.0,0.0,1.60,-0.410,0.130,-9.450,0.00000,0
68.503,0.0,0.0,1.60,-0.410,0.130,-9.450,0.00000,0
68.513,0.0,0.0,1.60,-0.410,0.130,-9.450,0.00000,0
68.523,0.0,0.0,1.60,-0.410,0.130,-9.450,0.00000,0
68.533,0.0,0.0,1.60,-0.410,0.130,-9.450,0.00000,0
68.543,0.0,0.0,1.60,-0.410,0.130,-9.450,0.00000,0
68.554,0.0,0.0,1.60,-0.410,0.130,-9.450,0.00000,0
68.564,0.0,0.0,1.60,-0.410,0.130,-9.450,0.00000,0
68.574,0.0,0.0,1.60,-0.410,0.130,-9.450,0.00000,0
68.584,0.0,0.0,1.60,-0.410,0.130,-9.450,0.00000,0
68.594,0.0,0.0,1.60,-0.410,0.130,-9.450,0.00000,0
68.604,0.0,0.0,1.60,-0.410,0.130,-9.450,0.00000,0
68.614,0.0,0.0,1.60,-0.410,0.130,-9.450,0.00000,0
68.625,0.0,0.0,1.60,-0.410,0.130,-9.450,0.00000,0
68.635,0.0,0.0,1.60,-0.410,0.130,-9.450,0.00000,0
68.645,0.0,0.0,1.60,-0.410,0.130,-9.450,0.00000,0
68.655,0.0,0.0,1.60,-0.410,0.130,-9.450,0.00000,0
68.665,0.0,0.0,1.60,-0.410,0.130,-9.450,0.00000,0
68.675,0.0,0.0,1.60,-0.410,0.130,-9.450,0.00000,0
68.685,0.0,0.0,1.60,-0.410,0.130,-9.450,0.00000,0
68.695,0.0,0.0,1.60,-0.410,0.130,-9.450,0.00000,0
68.706,0.0,0.0,1.60,-0.410,0.130,-9.450,0.00000,0
68.716,0.0,0.0,1.60,-0.410,0.130,-9.450,0.00000,0
68.726,0.0,0.0,1.60,-0.410,0.130,-9.450,0.00000,0
68.736,0.0,0.0,1.60,-0.410,0.130,-9.450,0.00000,0
68.746,0.0,0.0,1.60,-0.410,0.130,-9.450,0.00000,0
68.756,0.0,0.0,1.60,-0.410,0.130,-9.450,0.00000,0
68.766,0.0,0.0,1.60,-0.410,0.130,-9.450,0.00000,0
68.777,0.0,0.0,1.60,-0.410,0.130,-9.450,0.00000,0
68.787,0.0,0.0,1.60,-0.410,0.130,-9.450,0.00000,0
68.797,0.0,0.0,1.60,-0.410,0.130,-9.450,0.00000,0
68.807,0.0,0.0,1.60,-0.410,0.130,-9.450,0.00000,0
68.817,0.0,0.0,1.60,-0.410,0.130,-9.450,0.00000,0
68.827,0.0,0.0,1.60,-0.410,0.130,-9.450,0.00000,0
68.838,0.0,0.0,1.60,-0.410,0.130,-9.450,0.00000,0
68.848,0.0,0.0,1.60,-0.410,0.130,-9.450,0.00000,0
68.858,0.0,0.0,1.60,-0.410,0.130,-9.450,0.00000,0
68.868,0.0,0.0,1.60,-0.410,0.130,-9.450,0.00000,0
68.878,0.0,0.0,1.60,-0.410,0.130,-9.450,0.00000,0
68.889,0.0,0.0,1.60,-0.410,0.130,-9.450,0.00000,0
68.899,0.0,0.0,1.60,-0.410,0.130,-9.450,0.00000,0
68.909,0.0,0.0,1.60,-0.410,0.130,-9.450,0.00000,0
68.919,0.0,0.0,1.60,-0.410,0.130,-9.450,0.00000,0
68.929,0.0,0.0,1.60,-0.410,0.130,-9.450,0.00000,0
68.939,0.0,0.0,1.60,-0.410,0.130,-9.450,0.00000,0
68.949,0.0,0.0,1.60,-0.410,0.130,-9.450,0.00000,0
68.960,0.0,0.0,1.60,-0.410,0.130,-9.450,0.00000,0
68.970,0.0,0.0,1.60,-0.410,0.130,-9.450,0.00000,0
68.980,0.0,0.0,1.60,-0.410,0.130,-9.450,0.00000,0
68.990,0.0,0.0,1.60,-0.410,0.130,-9.450,0.00000,0
69.000,0.0,0.0,1.60,-0.410,0.130,-9.450,0.00000,0
69.010,0.0,0.0,1.60,-0.410,0.130,-9.450,0.00000,0
69.021,0.0,0.0,1.60,-0.410,0.130,-9.450,0.00000,0
69.031,0.0,0.0,1.60,-0.410,0.130,-9.450,0.00000,0
69.041,0.0,0.0,1.60,-0.410,0.130,-9.450,0.00000,0
69.051,0.0,0.0,1.60,-0.410,0.130,-9.450,0.00000,0
69.061,0.0,0.0,1.60,-0.410,0.130,-9.450,0.00000,0
69.071,0.0,0.0,1.60,-0.410,0.130,-9.450,0.00000,0
69.081,0.0,0.0,1.60,-0.410,0.130,-9.450,0.00000,0
69.092,0.0,0.0,1.60,-0.410,0.130,-9.450,0.00000,0
69.102,0.0,0.0,1.60,-0.410,0.130,-9.450,0.00000,0
69.112,0.0,0.0,1.60,-0.410,0.130,-9.450,0.00000,0
69.122,0.0,0.0,1.60,-0.410,0.130,-9.450,0.00000,0
69.132,0.0,0.0,1.60,-0.410,0.130,-9.450,0.00000,0
69.142,0.0,0.0,1.60,-0.410,0.130,-9.450,0.00000,0
69.152,0.0,0.0,1.60,-0.410,0.130,-9.450,0.00000,0
69.163,0.0,0.0,1.60,-0.410,0.130,-9.450,0.00000,0
69.173,0.0,0.0,1.60,-0.410,0.130,-9.450,0.00000,0
69.183,0.0,0.0,1.60,-0.410,0.130,-9.450,0.00000,0
69.193,0.0,0.0,1.60,-0.410,0.130,-9.450,0.00000,0
69.203,0.0,0.0,1.60,-0.410,0.130,-9.450,0.00000,0
69.213,0.0,0.0,1.60,-0.410,0.130,-9.450,0.00000,0
69.223,0.0,0.0,1.60,-0.410,0.130,-9.450,0.00000,0
69.233,0.0,0.0,1.60,-0.410,0.130,-9.450,0.00000,0
69.244,0.0,0.0,1.60,-0.410,0.130,-9.450,0.00000,0
69.254,0.0,0.0,1.60,-0.410,0.130,-9.450,0.00000,0
69.264,0.0,0.0,1.60,-0.410,0.130,-9.450,0.00000,0
69.274,0.0,0.0,1.60,-0.410,0.130,-9.450,0.00000,0
69.284,0.0,0.0,1.60,-0.410,0.130,-9.450,0.00000,0
69.294,0.0,0.0,1.60,-0.410,0.130,-9.450,0.00000,0
69.304,0.0,0.0,1.60,-0.410,0.130,-9.450,0.00000,0
69.315,0.0,0.0,1.60,-0.410,0.130,-9.450,0.00000,0
69.325,0.0,0.0,1.60,-0.410,0.130,-9.450,0.00000,0
69.335,0.0,0.0,1.60,-0.410,0.130,-9.450,0.00000,0
69.345,0.0,0.0,1.60,-0.410,0.130,-9.450,0.00000,0
69.355,0.0,0.0,1.60,-0.410,0.130,-9.450,0.00000,0
69.365,0.0,0.0,1.60,-0.410,0.130,-9.450,0.00000,0
69.375,0.0,0.0,1.60,-0.410,0.130,-9.450,0.00000,0
69.386,0.0,0.0,1.60,-0.410,0.130,-9.450,0.00000,0
69.396,0.0,0.0,1.60,-0.410,0.130,-9.450,0.00000,0
69.406,0.0,0.0,1.60,-0.410,0.130,-9.450,0.00000,0
69.416,0.0,0.0,1.60,-0.410,0.130,-9.450,0.00000,0
69.426,0.0,0.0,1.60,-0.410,0.130,-9.450,0.00000,0
69.436,0.0,0.0,1.60,-0.410,0.130,-9.450,0.00000,0
69.446,0.0,0.0,1.60,-0.410,0.130,-9.450,0.00000,0
69.457,0.0,0.0,1.60,-0.410,0.130,-9.450,0.00000,0
69.467,0.0,0.0,1.60,-0.410,0.130,-9.450,0.00000,0
69.477,0.0,0.0,1.60,-0.410,0.130,-9.450,0.00000,0
69.487,0.0,0.0,1.60,-0.410,0.130,-9.450,0.00000,0
69.497,0.0,0.0,1.60,-0.410,0.130,-9.450,0.00000,0
69.507,0.0,0.0,1.60,-0.410,0.130,-9.450,0.00000,0
69.517,0.0,0.0,1.60,-0.410,0.130,-9.450,0.00000,0
69.527,0.0,0.0,1.60,-0.410,0.130,-9.450,0.00000,0
69.538,0.0,0.0,1.60,-0.410,0.130,-9.450,0.00000,0
69.548,0.0,0.0,1.60,-0.410,0.130,-9.450,0.00000,0
69.558,0.0,0.0,1.60,-0.410,0.130,-9.450,0.00000,0
69.568,0.0,0.0,1.60,-0.410,0.130,-9.450,0.00000,0
69.578,0.0,0.0,1.60,-0.410,0.130,-9.450,0.00000,0
69.588,0.0,0.0,1.60,-0.410,0.130,-9.450,0.00000,0
69.598,0.0,0.0,1.60,-0.410,0.130,-9.450,0.00000,0
69.609,0.0,0.0,1.60,-0.410,0.130,-9.450,0.00000,0
69.619,0.0,0.0,1.60,-0.410,0.130,-9.450,0.00000,0
69.629,0.0,0.0,1.60,-0.410,0.130,-9.450,0.00000,0
69.639,0.0,0.0,1.60,-0.410,0.130,-9.450,0.00000,0
69.649,0.0,0.0,1.60,-0.410,0.130,-9.450,0.00000,0
69.659,0.0,0.0,1.60,-0.410,0.130,-9.450,0.00000,0
69.669,0.0,0.0,1.60,-0.410,0.130,-9.450,0.00000,0
69.679,0.0,0.0,1.60,-0.410,0.130,-9.450,0.00000,0
69.690,0.0,0.0,1.60,-0.410,0.130,-9.450,0.00000,0
69.700,0.0,0.0,1.60,-0.410,0.130,-9.450,0.00000,0
69.711,0.0,0.0,1.60,-0.410,0.130,-9.450,0.00000,0
69.721,0.0,0.0,1.60,-0.410,0.130,-9.450,0.00000,0
69.731,0.0,0.0,1.60,-0.410,0.130,-9.450,0.00000,0
69.741,0.0,0.0,1.60,-0.410,0.130,-9.450,0.00000,0
69.751,0.0,0.0,1.60,-0.410,0.130,-9.450,0.00000,0
69.761,0.0,0.0,1.60,-0.410,0.130,-9.450,0.00000,0
69.771,0.0,0.0,1.60,-0.410,0.130,-9.450,0.00000,0
69.782,0.0,0.0,1.60,-0.410,0.130,-9.450,0.00000,0
69.792,0.0,0.0,1.60,-0.410,0.130,-9.450,0.00000,0
69.802,0.0,0.0,1.60,-0.410,0.130,-9.450,0.00000,0
69.812,0.0,0.0,1.60,-0.410,0.130,-9.450,0.00000,0
69.822,0.0,0.0,1.60,-0.410,0.130,-9.450,0.00000,0
69.832,0.0,0.0,1.60,-0.410,0.130,-9.450,0.00000,0
69.842,0.0,0.0,1.60,-0.410,0.130,-9.450,0.00000,0
69.853,0.0,0.0,1.60,-0.410,0.130,-9.450,0.00000,0
69.863,0.0,0.0,1.60,-0.410,0.130,-9.450,0.00000,0
69.873,0.0,0.0,1.60,-0.410,0.130,-9.450,0.00000,0
69.883,0.0,0.0,1.60,-0.410,0.130,-9.450,0.00000,0
69.893,0.0,0.0,1.60,-0.410,0.130,-9.450,0.00000,0
69.903,0.0,0.0,1.60,-0.410,0.130,-9.450,0.00000,0
69.913,0.0,0.0,1.60,-0.410,0.130,-9.450,0.00000,0
69.923,0.0,0.0,1.60,-0.410,0.130,-9.450,0.00000,0
69.934,0.0,0.0,1.60,-0.410,0.130,-9.450,0.00000,0
69.944,0.0,0.0,1.60,-0.410,0.130,-9.450,0.00000,0
69.954,0.0,0.0,1.60,-0.410,0.130,-9.450,0.00000,0
69.964,0.0,0.0,1.60,-0.410,0.130,-9.450,0.00000,0
69.974,0.0,0.0,1.60,-0.410,0.130,-9.450,0.00000,0
69.984,0.0,0.0,1.60,-0.410,0.130,-9.450,0.00000,0
69.994,0.0,0.0,1.60,-0.410,0.130,-9.450,0.00000,0
70.005,0.0,0.0,1.60,-0.410,0.130,-9.450,0.00000,0
70.015,0.0,0.0,1.60,-0.410,0.130,-9.450,0.00000,0
70.025,0.0,0.0,1.60,-0.410,0.130,-9.450,0.00000,0
70.035,0.0,0.0,1.60,-0.410,0.130,-9.450,0.00000,0
70.045,0.0,0.0,1.60,-0.410,0.130,-9.450,0.00000,0
70.055,0.0,0.0,1.60,-0.410,0.130,-9.450,0.00000,0
70.065,0.0,0.0,1.60,-0.410,0.130,-9.450,0.00000,0
70.076,0.0,0.0,1.60,-0.410,0.130,-9.450,0.00000,0
70.086,0.0,0.0,1.60,-0.410,0.130,-9.450,0.00000,0
70.096,0.0,0.0,1.60,-0.410,0.130,-9.450,0.00000,0
70.106,0.0,0.0,1.60,-0.410,0.130,-9.450,0.00000,0
70.116,0.0,0.0,1.60,-0.410,0.130,-9.450,0.00000,0
70.126,0.0,0.0,1.60,-0.410,0.130,-9.450,0.00000,0
70.136,0.0,0.0,1.60,-0.410,0.130,-9.450,0.00000,0
70.146,0.0,0.0,1.60,-0.410,0.130,-9.450,0.00000,0
70.157,0.0,0.0,1.60,-0.410,0.130,-9.450,0.00000,0
70.167,0.0,0.0,1.60,-0.410,0.130,-9.450,0.00000,0
70.177,0.0,0.0,1.60,-0.410,0.130,-9.450,0.00000,0
70.187,0.0,0.0,1.60,-0.410,0.130,-9.450,0.00000,0
70.197,0.0,0.0,1.60,-0.410,0.130,-9.450,0.00000,0
70.207,0.0,0.0,1.60,-0.410,0.130,-9.450,0.00000,0
70.217,0.0,0.0,1.60,-0.410,0.130,-9.450,0.00000,0
70.228,0.0,0.0,1.60,-0.410,0.130,-9.450,0.00000,0
70.238,0.0,0.0,1.60,-0.410,0.130,-9.450,0.00000,0
70.248,0.0,0.0,1.60,-0.410,0.130,-9.450,0.00000,0
70.258,0.0,0.0,1.60,-0.410,0.130,-9.450,0.00000,0
70.268,0.0,0.0,1.60,-0.410,0.130,-9.450,0.00000,0
70.278,0.0,0.0,1.60,-0.410,0.130,-9.450,0.00000,0
70.288,0.0,0.0,1.60,-0.410,0.130,-9.450,0.00000,0
70.298,0.0,0.0,1.60,-0.410,0.130,-9.450,0.00000,0
70.309,0.0,0.0,1.60,-0.410,0.130,-9.450,0.00000,0
70.319,0.0,0.0,1.60,-0.410,0.130,-9.450,0.00000,0
70.329,0.0,0.0,1.60,-0.410,0.130,-9.450,0.00000,0
70.339,0.0,0.0,1.60,-0.410,0.130,-9.450,0.00000,0
70.349,0.0,0.0,1.60,-0.410,0.130,-9.450,0.00000,0
70.359,0.0,0.0,1.60,-0.410,0.130,-9.450,0.00000,0
70.369,0.0,0.0,1.60,-0.410,0.130,-9.450,0.00000,0
70.379,0.0,0.0,1.60,-0.410,0.130,-9.450,0.00000,0
70.390,0.0,0.0,1.60,-0.410,0.130,-9.450,0.00000,0
70.400,0.0,0.0,1.60,-0.410,0.130,-9.450,0.00000,0
70.410,0.0,0.0,1.60,-0.410,0.130,-9.450,0.00000,0
70.420,0.0,0.0,1.60,-0.410,0.130,-9.450,0.00000,0
70.430,0.0,0.0,1.60,-0.410,0.130,-9.450,0.00000,0
70.440,0.0,0.0,1.60,-0.410,0.130,-9.450,0.00000,0
70.450,0.0,0.0,1.60,-0.410,0.130,-9.450,0.00000,0
70.461,0.0,0.0,1.60,-0.410,0.130,-9.450,0.00000,0
70.471,0.0,0.0,1.60,-0.410,0.130,-9.450,0.00000,0
70.481,0.0,0.0,1.60,-0.410,0.130,-9.450,0.00000,0
70.492,0.0,0.0,1.60,-0.410,0.130,-9.450,0.00000,0
70.502,0.0,0.0,1.60,-0.410,0.130,-9.450,0.00000,0
70.512,0.0,0.0,1.60,-0.410,0.130,-9.450,0.00000,0
70.522,0.0,0.0,1.60,-0.410,0.130,-9.450,0.00000,0
70.532,0.0,0.0,1.60,-0.410,0.130,-9.450,0.00000,0
70.542,0.0,0.0,1.60,-0.410,0.130,-9.450,0.00000,0
70.552,0.0,0.0,1.60,-0.410,0.130,-9.450,0.00000,0
70.563,0.0,0.0,1.60,-0.410,0.130,-9.450,0.00000,0
70.573,0.0,0.0,1.60,-0.410,0.130,-9.450,0.00000,0
70.583,0.0,0.0,1.60,-0.410,0.130,-9.450,0.00000,0
70.593,0.0,0.0,1.60,-0.410,0.130,-9.450,0.00000,0
70.603,0.0,0.0,1.60,-0.410,0.130,-9.450,0.00000,0
70.613,0.0,0.0,1.60,-0.410,0.130,-9.450,0.00000,0
70.623,0.0,0.0,1.60,-0.410,0.130,-9.450,0.00000,0
70.633,0.0,0.0,1.60,-0.410,0.130,-9.450,0.00000,0
70.644,0.0,0.0,1.60,-0.410,0.130,-9.450,0.00000,0
70.654,0.0,0.0,1.60,-0.410,0.130,-9.450,0.00000,0
70.664,0.0,0.0,1.60,-0.410,0.130,-9.450,0.00000,0
70.674,0.0,0.0,1.60,-0.410,0.130,-9.450,0.00000,0
70.684,0.0,0.0,1.60,-0.410,0.130,-9.450,0.00000,0
70.694,0.0,0.0,1.60,-0.410,0.130,-9.450,0.00000,0
70.704,0.0,0.0,1.60,-0.410,0.130,-9.450,0.00000,0
70.715,0.0,0.0,1.60,-0.410,0.130,-9.450,0.00000,0
70.725,0.0,0.0,1.60,-0.410,0.130,-9.450,0.00000,0
70.735,0.0,0.0,1.60,-0.410,0.130,-9.450,0.00000,0
70.745,0.0,0.0,1.60,-0.410,0.130,-9.450,0.00000,0
70.755,0.0,0.0,1.60,-0.410,0.130,-9.450,0.00000,0
70.765,0.0,0.0,1.60,-0.410,0.130,-9.450,0.00000,0
70.775,0.0,0.0,1.60,-0.410,0.130,-9.450,0.00000,0
70.786,0.0,0.0,1.60,-0.410,0.130,-9.450,0.00000,0
70.796,0.0,0.0,1.60,-0.410,0.130,-9.450,0.00000,0
70.806,0.0,0.0,1.60,-0.410,0.130,-9.450,0.00000,0
70.816,0.0,0.0,1.60,-0.410,0.130,-9.450,0.00000,0
70.826,0.0,0.0,1.60,-0.410,0.130,-9.450,0.00000,0
70.836,0.0,0.0,1.60,-0.410,0.130,-9.450,0.00000,0
70.846,0.0,0.0,1.60,-0.410,0.130,-9.450,0.00000,0
70.857,0.0,0.0,1.60,-0.410,0.130,-9.450,0.00000,0
70.867,0.0,0.0,1.60,-0.410,0.130,-9.450,0.00000,0
70.877,0.0,0.0,1.60,-0.410,0.130,-9.450,0.00000,0
70.887,0.0,0.0,1.60,-0.410,0.130,-9.450,0.00000,0
70.897,0.0,0.0,1.60,-0.410,0.130,-9.450,0.00000,0
70.907,0.0,0.0,1.60,-0.410,0.130,-9.450,0.00000,0
70.917,0.0,0.0,1.60,-0.410,0.130,-9.450,0.00000,0
70.927,0.0,0.0,1.60,-0.410,0.130,-9.450,0.00000,0
70.938,0.0,0.0,1.60,-0.410,0.130,-9.450,0.00000,0
70.948,0.0,0.0,1.60,-0.410,0.130,-9.450,0.00000,0
70.958,0.0,0.0,1.60,-0.410,0.130,-9.450,0.00000,0
70.968,0.0,0.0,1.60,-0.410,0.130,-9.450,0.00000,0
70.978,0.0,0.0,1.60,-0.410,0.130,-9.450,0.00000,0
70.988,0.0,0.0,1.60,-0.410,0.130,-9.450,0.00000,0
70.999,0.0,0.0,1.60,-0.410,0.130,-9.450,0.00000,0
71.009,0.0,0.0,1.60,-0.410,0.130,-9.450,0.00000,0
71.019,0.0,0.0,1.60,-0.410,0.130,-9.450,0.00000,0
71.029,0.0,0.0,1.60,-0.410,0.130,-9.450,0.00000,0
71.039,0.0,0.0,1.60,-0.410,0.130,-9.450,0.00000,0
71.049,0.0,0.0,1.60,-0.410,0.130,-9.450,0.00000,0
71.059,0.0,0.0,1.60,-0.410,0.130,-9.450,0.00000,0
71.070,0.0,0.0,1.60,-0.410,0.130,-9.450,0.00000,0
71.080,0.0,0.0,1.60,-0.410,0.130,-9.450,0.00000,0
71.090,0.0,0.0,1.60,-0.410,0.130,-9.450,0.00000,0
71.100,0.0,0.0,1.60,-0.410,0.130,-9.450,0.00000,0
71.110,0.0,0.0,1.60,-0.410,0.130,-9.450,0.00000,0
71.120,0.0,0.0,1.60,-0.410,0.130,-9.450,0.00000,0
71.130,0.0,0.0,1.60,-0.410,0.130,-9.450,0.00000,0
71.140,0.0,0.0,1.60,-0.410,0.130,-9.450,0.00000,0
71.151,0.0,0.0,1.60,-0.410,0.130,-9.450,0.00000,0
71.161,0.0,0.0,1.60,-0.410,0.130,-9.450,0.00000,0
71.171,0.0,0.0,1.60,-0.410,0.130,-9.450,0.00000,0
71.181,0.0,0.0,1.60,-0.410,0.130,-9.450,0.00000,0
71.191,0.0,0.0,1.60,-0.410,0.130,-9.450,0.00000,0
71.201,0.0,0.0,1.60,-0.410,0.130,-9.450,0.00000,0
71.211,0.0,0.0,1.60,-0.410,0.130,-9.450,0.00000,0
71.222,0.0,0.0,1.60,-0.410,0.130,-9.450,0.00000,0
71.232,0.0,0.0,1.60,-0.410,0.130,-9.450,0.00000,0
71.243,0.0,0.0,1.60,-0.410,0.130,-9.450,0.00000,0
71.253,0.0,0.0,1.60,-0.410,0.130,-9.450,0.00000,0
71.263,0.0,0.0,1.60,-0.410,0.130,-9.450,0.00000,0
71.273,0.0,0.0,1.60,-0.410,0.130,-9.450,0.00000,0
71.283,0.0,0.0,1.60,-0.410,0.130,-9.450,0.00000,0
71.293,0.0,0.0,1.60,-0.410,0.130,-9.450,0.00000,0
71.304,0.0,0.0,1.60,-0.410,0.130,-9.450,0.00000,0
71.314,0.0,0.0,1.60,-0.410,0.130,-9.450,0.00000,0
71.324,0.0,0.0,1.60,-0.410,0.130,-9.450,0.00000,0
71.334,0.0,0.0,1.60,-0.410,0.130,-9.450,0.00000,0
71.344,0.0,0.0,1.60,-0.410,0.130,-9.450,0.00000,0
71.354,0.0,0.0,1.60,-0.410,0.130,-9.450,0.00000,0
71.364,0.0,0.0,1.60,-0.410,0.130,-9.450,0.00000,0
71.375,0.0,0.0,1.60,-0.410,0.130,-9.450,0.00000,0
71.385,0.0,0.0,1.60,-0.410,0.130,-9.450,0.00000,0
71.395,0.0,0.0,1.60,-0.410,0.130,-9.450,0.00000,0
71.405,0.0,0.0,1.60,-0.410,0.130,-9.450,0.00000,0
71.415,0.0,0.0,1.60,-0.410,0.130,-9.450,0.00000,0
71.425,0.0,0.0,1.60,-0.410,0.130,-9.450,0.00000,0
71.435,0.0,0.0,1.60,-0.410,0.130,-9.450,0.00000,0
71.446,0.0,0.0,1.60,-0.410,0.130,-9.450,0.00000,0
71.456,0.0,0.0,1.60,-0.410,0.130,-9.450,0.00000,0
71.466,0.0,0.0,1.60,-0.410,0.130,-9.450,0.00000,0
71.476,0.0,0.0,1.60,-0.410,0.130,-9.450,0.00000,0
71.486,0.0,0.0,1.60,-0.410,0.130,-9.450,0.00000,0
71.496,0.0,0.0,1.60,-0.410,0.130,-9.450,0.00000,0
71.506,0.0,0.0,1.60,-0.410,0.130,-9.450,0.00000,0
71.517,0.0,0.0,1.60,-0.410,0.130,-9.450,0.00000,0
71.527,0.0,0.0,1.60,-0.410,0.130,-9.450,0.00000,0
71.537,0.0,0.0,1.60,-0.410,0.130,-9.450,0.00000,0
71.547,0.0,0.0,1.60,-0.410,0.130,-9.450,0.00000,0
71.557,0.0,0.0,1.60,-0.410,0.130,-9.450,0.00000,0
71.567,0.0,0.0,1.60,-0.410,0.130,-9.450,0.00000,0
71.577,0.0,0.0,1.60,-0.410,0.130,-9.450,0.00000,0
71.587,0.0,0.0,1.60,-0.410,0.130,-9.450,0.00000,0
71.598,0.0,0.0,1.60,-0.410,0.130,-9.450,0.00000,0
71.608,0.0,0.0,1.60,-0.410,0.130,-9.450,0.00000,0
71.618,0.0,0.0,1.60,-0.410,0.130,-9.450,0.00000,0
71.628,0.0,0.0,1.60,-0.410,0.130,-9.450,0.00000,0
71.638,0.0,0.0,1.60,-0.410,0.130,-9.450,0.00000,0
71.648,0.0,0.0,1.60,-0.410,0.130,-9.450,0.00000,0
71.658,0.0,0.0,1.60,-0.410,0.130,-9.450,0.00000,0
71.669,0.0,0.0,1.60,-0.410,0.130,-9.450,0.00000,0
71.679,0.0,0.0,1.60,-0.410,0.130,-9.450,0.00000,0
71.689,0.0,0.0,1.60,-0.410,0.130,-9.450,0.00000,0
71.699,0.0,0.0,1.60,-0.410,0.130,-9.450,0.00000,0
71.709,0.0,0.0,1.60,-0.410,0.130,-9.450,0.00000,0
71.719,0.0,0.0,1.60,-0.410,0.130,-9.450,0.00000,0
71.729,0.0,0.0,1.60,-0.410,0.130,-9.450,0.00000,0
71.739,0.0,0.0,1.60,-0.410,0.130,-9.450,0.00000,0
71.750,0.0,0.0,1.60,-0.410,0.130,-9.450,0.00000,0
71.760,0.0,0.0,1.60,-0.410,0.130,-9.450,0.00000,0
71.770,0.0,0.0,1.60,-0.410,0.130,-9.450,0.00000,0
71.780,0.0,0.0,1.60,-0.410,0.130,-9.450,0.00000,0
71.790,0.0,0.0,1.60,-0.410,0.130,-9.450,0.00000,0
71.800,0.0,0.0,1.60,-0.410,0.130,-9.450,0.00000,0
71.810,0.0,0.0,1.60,-0.410,0.130,-9.450,0.00000,0
71.821,0.0,0.0,1.60,-0.410,0.130,-9.450,0.00000,0
71.831,0.0,0.0,1.60,-0.410,0.130,-9.450,0.00000,0
71.841,0.0,0.0,1.60,-0.410,0.130,-9.450,0.00000,0
71.851,0.0,0.0,1.60,-0.410,0.130,-9.450,0.00000,0
71.861,0.0,0.0,1.60,-0.410,0.130,-9.450,0.00000,0
71.871,0.0,0.0,1.60,-0.410,0.130,-9.450,0.00000,0
71.881,0.0,0.0,1.60,-0.410,0.130,-9.450,0.00000,0
71.891,0.0,0.0,1.60,-0.410,0.130,-9.450,0.00000,0
71.901,0.0,0.0,1.60,-0.410,0.130,-9.450,0.00000,0
71.912,0.0,0.0,1.60,-0.410,0.130,-9.450,0.00000,0
71.922,0.0,0.0,1.60,-0.410,0.130,-9.450,0.00000,0
71.932,0.0,0.0,1.60,-0.410,0.130,-9.450,0.00000,0
71.942,0.0,0.0,1.60,-0.410,0.130,-9.450,0.00000,0
71.952,0.0,0.0,1.60,-0.410,0.130,-9.450,0.00000,0
71.962,0.0,0.0,1.60,-0.410,0.130,-9.450,0.00000,0
71.972,0.0,0.0,1.60,-0.410,0.130,-9.450,0.00000,0
71.983,0.0,0.0,1.60,-0.410,0.130,-9.450,0.00000,0
71.993,0.0,0.0,1.60,-0.410,0.130,-9.450,0.00000,0
72.003,0.0,0.0,1.60,-0.410,0.130,-9.450,0.00000,0
72.013,0.0,0.0,1.60,-0.410,0.130,-9.450,0.00000,0
72.023,0.0,0.0,1.60,-0.410,0.130,-9.450,0.00000,0
72.033,0.0,0.0,1.60,-0.410,0.130,-9.450,0.00000,0
72.044,0.0,0.0,1.60,-0.410,0.130,-9.450,0.00000,0
72.054,0.0,0.0,1.60,-0.410,0.130,-9.450,0.00000,0
72.064,0.0,0.0,1.60,-0.410,0.130,-9.450,0.00000,0
72.074,0.0,0.0,1.60,-0.410,0.130,-9.450,0.00000,0
72.085,0.0,0.0,1.60,-0.410,0.130,-9.450,0.00000,0
72.095,0.0,0.0,1.60,-0.410,0.130,-9.450,0.00000,0
72.105,0.0,0.0,1.60,-0.410,0.130,-9.450,0.00000,0
72.115,0.0,0.0,1.60,-0.410,0.130,-9.450,0.00000,0
72.125,0.0,0.0,1.60,-0.410,0.130,-9.450,0.00000,0
72.135,0.0,0.0,1.60,-0.410,0.130,-9.450,0.00000,0
72.145,0.0,0.0,1.60,-0.410,0.130,-9.450,0.00000,0
72.156,0.0,0.0,1.60,-0.410,0.130,-9.450,0.00000,0
72.166,0.0,0.0,1.60,-0.410,0.130,-9.450,0.00000,0
72.176,0.0,0.0,1.60,-0.410,0.130,-9.450,0.00000,0
72.186,0.0,0.0,1.60,-0.410,0.130,-9.450,0.00000,0
72.196,0.0,0.0,1.60,-0.410,0.130,-9.450,0.00000,0
72.206,0.0,0.0,1.60,-0.410,0.130,-9.450,0.00000,0
72.216,0.0,0.0,1.60,-0.410,0.130,-9.450,0.00000,0
72.227,0.0,0.0,1.60,-0.410,0.130,-9.450,0.00000,0
72.237,0.0,0.0,1.60,-0.410,0.130,-9.450,0.00000,0
72.247,0.0,0.0,1.60,-0.410,0.130,-9.450,0.00000,0
72.257,0.0,0.0,1.60,-0.410,0.130,-9.450,0.00000,0
72.267,0.0,0.0,1.60,-0.410,0.130,-9.450,0.00000,0
72.277,0.0,0.0,1.60,-0.410,0.130,-9.450,0.00000,0
72.287,0.0,0.0,1.60,-0.410,0.130,-9.450,0.00000,0
72.298,0.0,0.0,1.60,-0.410,0.130,-9.450,0.00000,0
72.308,0.0,0.0,1.60,-0.410,0.130,-9.450,0.00000,0
72.318,0.0,0.0,1.60,-0.410,0.130,-9.450,0.00000,0
72.328,0.0,0.0,1.60,-0.410,0.130,-9.450,0.00000,0
72.338,0.0,0.0,1.60,-0.410,0.130,-9.450,0.00000,0
72.348,0.0,0.0,1.60,-0.410,0.130,-9.450,0.00000,0
72.358,0.0,0.0,1.60,-0.410,0.130,-9.450,0.00000,0
72.369,0.0,0.0,1.60,-0.410,0.130,-9.450,0.00000,0
72.379,0.0,0.0,1.60,-0.410,0.130,-9.450,0.00000,0
72.389,0.0,0.0,1.60,-0.410,0.130,-9.450,0.00000,0
72.399,0.0,0.0,1.60,-0.410,0.130,-9.450,0.00000,0
72.409,0.0,0.0,1.60,-0.410,0.130,-9.450,0.00000,0
72.419,0.0,0.0,1.60,-0.410,0.130,-9.450,0.00000,0
72.429,0.0,0.0,1.60,-0.410,0.130,-9.450,0.00000,0
72.439,0.0,0.0,1.60,-0.410,0.130,-9.450,0.00000,0
72.450,0.0,0.0,1.60,-0.410,0.130,-9.450,0.00000,0
72.460,0.0,0.0,1.60,-0.410,0.130,-9.450,0.00000,0
72.470,0.0,0.0,1.60,-0.410,0.130,-9.450,0.00000,0
72.480,0.0,0.0,1.60,-0.410,0.130,-9.450,0.00000,0
72.490,0.0,0.0,1.60,-0.410,0.130,-9.450,0.00000,0
72.500,0.0,0.0,1.60,-0.410,0.130,-9.450,0.00000,0
72.510,0.0,0.0,1.60,-0.410,0.130,-9.450,0.00000,0
72.521,0.0,0.0,1.60,-0.410,0.130,-9.450,0.00000,0
72.531,0.0,0.0,1.60,-0.410,0.130,-9.450,0.00000,0
72.541,0.0,0.0,1.60,-0.410,0.130,-9.450,0.00000,0
72.551,0.0,0.0,1.60,-0.410,0.130,-9.450,0.00000,0
72.561,0.0,0.0,1.60,-0.410,0.130,-9.450,0.00000,0
72.571,0.0,0.0,1.60,-0.410,0.130,-9.450,0.00000,0
72.581,0.0,0.0,1.60,-0.410,0.130,-9.450,0.00000,0
72.592,0.0,0.0,1.60,-0.410,0.130,-9.450,0.00000,0
72.602,0.0,0.0,1.60,-0.410,0.130,-9.450,0.00000,0
72.612,0.0,0.0,1.60,-0.410,0.130,-9.450,0.00000,0
72.622,0.0,0.0,1.60,-0.410,0.130,-9.450,0.00000,0
72.632,0.0,0.0,1.60,-0.410,0.130,-9.450,0.00000,0
72.642,0.0,0.0,1.60,-0.410,0.130,-9.450,0.00000,0
72.652,0.0,0.0,1.60,-0.410,0.130,-9.450,0.00000,0
72.662,0.0,0.0,1.60,-0.410,0.130,-9.450,0.00000,0
72.673,0.0,0.0,1.60,-0.410,0.130,-9.450,0.00000,0
72.683,0.0,0.0,1.60,-0.410,0.130,-9.450,0.00000,0
72.693,0.0,0.0,1.60,-0.410,0.130,-9.450,0.00000,0
72.703,0.0,0.0,1.60,-0.410,0.130,-9.450,0.00000,0
72.713,0.0,0.0,1.60,-0.410,0.130,-9.450,0.00000,0
72.723,0.0,0.0,1.60,-0.410,0.130,-9.450,0.00000,0
72.733,0.0,0.0,1.60,-0.410,0.130,-9.450,0.00000,0
72.743,0.0,0.0,1.60,-0.410,0.130,-9.450,0.00000,0
72.754,0.0,0.0,1.60,-0.410,0.130,-9.450,0.00000,0
72.764,0.0,0.0,1.60,-0.410,0.130,-9.450,0.00000,0
72.774,0.0,0.0,1.60,-0.410,0.130,-9.450,0.00000,0
72.784,0.0,0.0,1.60,-0.410,0.130,-9.450,0.00000,0
72.794,0.0,0.0,1.60,-0.410,0.130,-9.450,0.00000,0
72.804,0.0,0.0,1.60,-0.410,0.130,-9.450,0.00000,0
72.814,0.0,0.0,1.60,-0.410,0.130,-9.450,0.00000,0
72.825,0.0,0.0,1.60,-0.410,0.130,-9.450,0.00000,0
72.835,0.0,0.0,1.60,-0.410,0.130,-9.450,0.00000,0
72.845,0.0,0.0,1.60,-0.410,0.130,-9.450,0.00000,0
72.855,0.0,0.0,1.60,-0.410,0.130,-9.450,0.00000,0
72.865,0.0,0.0,1.60,-0.410,0.130,-9.450,0.00000,0
72.876,0.0,0.0,1.60,-0.410,0.130,-9.450,0.00000,0
72.886,0.0,0.0,1.60,-0.410,0.130,-9.450,0.00000,0
72.896,0.0,0.0,1.60,-0.410,0.130,-9.450,0.00000,0
72.906,0.0,0.0,1.60,-0.410,0.130,-9.450,0.00000,0
72.916,0.0,0.0,1.60,-0.410,0.130,-9.450,0.00000,0
72.926,0.0,0.0,1.60,-0.410,0.130,-9.450,0.00000,0
72.936,0.0,0.0,1.60,-0.410,0.130,-9.450,0.00000,0
72.947,0.0,0.0,1.60,-0.410,0.130,-9.450,0.00000,0
72.957,0.0,0.0,1.60,-0.410,0.130,-9.450,0.00000,0
72.967,0.0,0.0,1.60,-0.410,0.130,-9.450,0.00000,0
72.977,0.0,0.0,1.60,-0.410,0.130,-9.450,0.00000,0
72.987,0.0,0.0,1.60,-0.410,0.130,-9.450,0.00000,0
72.997,0.0,0.0,1.60,-0.410,0.130,-9.450,0.00000,0
73.008,0.0,0.0,1.60,-0.410,0.130,-9.450,0.00000,0
73.018,0.0,0.0,1.60,-0.410,0.130,-9.450,0.00000,0
73.028,0.0,0.0,1.60,-0.410,0.130,-9.450,0.00000,0
73.038,0.0,0.0,1.60,-0.410,0.130,-9.450,0.00000,0
73.048,0.0,0.0,1.60,-0.410,0.130,-9.450,0.00000,0
73.059,0.0,0.0,1.60,-0.410,0.130,-9.450,0.00000,0
73.069,0.0,0.0,1.60,-0.410,0.130,-9.450,0.00000,0
73.079,0.0,0.0,1.60,-0.410,0.130,-9.450,0.00000,0
73.089,0.0,0.0,1.60,-0.410,0.130,-9.450,0.00000,0
73.099,0.0,0.0,1.60,-0.410,0.130,-9.450,0.00000,0
73.109,0.0,0.0,1.60,-0.410,0.130,-9.450,0.00000,0
73.119,0.0,0.0,1.60,-0.410,0.130,-9.450,0.00000,0
73.129,0.0,0.0,1.60,-0.410,0.130,-9.450,0.00000,0
73.140,0.0,0.0,1.60,-0.410,0.130,-9.450,0.00000,0
73.150,0.0,0.0,1.60,-0.410,0.130,-9.450,0.00000,0
73.160,0.0,0.0,1.60,-0.410,0.130,-9.450,0.00000,0
73.170,0.0,0.0,1.60,-0.410,0.130,-9.450,0.00000,0
73.180,0.0,0.0,1.60,-0.410,0.130,-9.450,0.00000,0
73.190,0.0,0.0,1.60,-0.410,0.130,-9.450,0.00000,0
73.200,0.0,0.0,1.60,-0.410,0.130,-9.450,0.00000,0
73.211,0.0,0.0,1.60,-0.410,0.130,-9.450,0.00000,0
73.221,0.0,0.0,1.60,-0.410,0.130,-9.450,0.00000,0
73.231,0.0,0.0,1.60,-0.410,0.130,-9.450,0.00000,0
73.241,0.0,0.0,1.60,-0.410,0.130,-9.450,0.00000,0
73.251,0.0,0.0,1.60,-0.410,0.130,-9.450,0.00000,0
73.261,0.0,0.0,1.60,-0.410,0.130,-9.450,0.00000,0
73.271,0.0,0.0,1.60,-0.410,0.130,-9.450,0.00000,0
73.281,0.0,0.0,1.60,-0.410,0.130,-9.450,0.00000,0
73.292,0.0,0.0,1.60,-0.410,0.130,-9.450,0.00000,0
73.302,0.0,0.0,1.60,-0.410,0.130,-9.450,0.00000,0
73.312,0.0,0.0,1.60,-0.410,0.130,-9.450,0.00000,0
73.322,0.0,0.0,1.60,-0.410,0.130,-9.450,0.00000,0
73.332,0.0,0.0,1.60,-0.410,0.130,-9.450,0.00000,0
73.342,0.0,0.0,1.60,-0.410,0.130,-9.450,0.00000,0
73.352,0.0,0.0,1.60,-0.410,0.130,-9.450,0.00000,0
73.363,0.0,0.0,1.60,-0.410,0.130,-9.450,0.00000,0
73.373,0.0,0.0,1.60,-0.410,0.130,-9.450,0.00000,0
73.383,0.0,0.0,1.60,-0.410,0.130,-9.450,0.00000,0
73.393,0.0,0.0,1.60,-0.410,0.130,-9.450,0.00000,0
73.403,0.0,0.0,1.60,-0.410,0.130,-9.450,0.00000,0
73.413,0.0,0.0,1.60,-0.410,0.130,-9.450,0.00000,0
73.423,0.0,0.0,1.60,-0.410,0.130,-9.450,0.00000,0
73.433,0.0,0.0,1.60,-0.410,0.130,-9.450,0.00000,0
73.444,0.0,0.0,1.60,-0.410,0.130,-9.450,0.00000,0
73.454,0.0,0.0,1.60,-0.410,0.130,-9.450,0.00000,0
73.464,0.0,0.0,1.60,-0.410,0.130,-9.450,0.00000,0
73.474,0.0,0.0,1.60,-0.410,0.130,-9.450,0.00000,0
73.484,0.0,0.0,1.60,-0.410,0.130,-9.450,0.00000,0
73.494,0.0,0.0,1.60,-0.410,0.130,-9.450,0.00000,0
73.504,0.0,0.0,1.60,-0.410,0.130,-9.450,0.00000,0
73.514,0.0,0.0,1.60,-0.410,0.130,-9.450,0.00000,0
73.525,0.0,0.0,1.60,-0.410,0.130,-9.450,0.00000,0
73.535,0.0,0.0,1.60,-0.410,0.130,-9.450,0.00000,0
73.545,0.0,0.0,1.60,-0.410,0.130,-9.450,0.00000,0
73.555,0.0,0.0,1.60,-0.410,0.130,-9.450,0.00000,0
73.565,0.0,0.0,1.60,-0.410,0.130,-9.450,0.00000,0
73.575,0.0,0.0,1.60,-0.410,0.130,-9.450,0.00000,0
73.585,0.0,0.0,1.60,-0.410,0.130,-9.450,0.00000,0
73.595,0.0,0.0,1.60,-0.410,0.130,-9.450,0.00000,0
73.606,0.0,0.0,1.60,-0.410,0.130,-9.450,0.00000,0
73.616,0.0,0.0,1.60,-0.410,0.130,-9.450,0.00000,0
73.626,0.0,0.0,1.60,-0.410,0.130,-9.450,0.00000,0
73.636,0.0,0.0,1.60,-0.410,0.130,-9.450,0.00000,0
73.646,0.0,0.0,1.60,-0.410,0.130,-9.450,0.00000,0
73.656,0.0,0.0,1.60,-0.410,0.130,-9.450,0.00000,0
73.666,0.0,0.0,1.60,-0.410,0.130,-9.450,0.00000,0
73.677,0.0,0.0,1.60,-0.410,0.130,-9.450,0.00000,0
73.687,0.0,0.0,1.60,-0.410,0.130,-9.450,0.00000,0
73.697,0.0,0.0,1.60,-0.410,0.130,-9.450,0.00000,0
73.707,0.0,0.0,1.60,-0.410,0.130,-9.450,0.00000,0
73.717,0.0,0.0,1.60,-0.410,0.130,-9.450,0.00000,0
73.727,0.0,0.0,1.60,-0.410,0.130,-9.450,0.00000,0
73.737,0.0,0.0,1.60,-0.410,0.130,-9.450,0.00000,0
73.748,0.0,0.0,1.60,-0.410,0.130,-9.450,0.00000,0
73.758,0.0,0.0,1.60,-0.410,0.130,-9.450,0.00000,0
73.768,0.0,0.0,1.60,-0.410,0.130,-9.450,0.00000,0
73.778,0.0,0.0,1.60,-0.410,0.130,-9.450,0.00000,0
73.789,0.0,0.0,1.60,-0.410,0.130,-9.450,0.00000,0
73.799,0.0,0.0,1.60,-0.410,0.130,-9.450,0.00000,0
73.809,0.0,0.0,1.60,-0.410,0.130,-9.450,0.00000,0
73.819,0.0,0.0,1.60,-0.410,0.130,-9.450,0.00000,0
73.829,0.0,0.0,1.60,-0.410,0.130,-9.450,0.00000,0
73.839,0.0,0.0,1.60,-0.410,0.130,-9.450,0.00000,0
73.849,0.0,0.0,1.60,-0.410,0.130,-9.450,0.00000,0
73.860,0.0,0.0,1.60,-0.410,0.130,-9.450,0.00000,0
73.870,0.0,0.0,1.60,-0.410,0.130,-9.450,0.00000,0
73.880,0.0,0.0,1.60,-0.410,0.130,-9.450,0.00000,0
73.890,0.0,0.0,1.60,-0.410,0.130,-9.450,0.00000,0
73.900,0.0,0.0,1.60,-0.410,0.130,-9.450,0.00000,0
73.910,0.0,0.0,1.60,-0.410,0.130,-9.450,0.00000,0
73.920,0.0,0.0,1.60,-0.410,0.130,-9.450,0.00000,0
73.931,0.0,0.0,1.60,-0.410,0.130,-9.450,0.00000,0
73.941,0.0,0.0,1.60,-0.410,0.130,-9.450,0.00000,0
73.951,0.0,0.0,1.60,-0.410,0.130,-9.450,0.00000,0
73.961,0.0,0.0,1.60,-0.410,0.130,-9.450,0.00000,0
73.971,0.0,0.0,1.60,-0.410,0.130,-9.450,0.00000,0
73.981,0.0,0.0,1.60,-0.410,0.130,-9.450,0.00000,0
73.991,0.0,0.0,1.60,-0.410,0.130,-9.450,0.00000,0
74.001,0.0,0.0,1.60,-0.410,0.130,-9.450,0.00000,0
74.012,0.0,0.0,1.60,-0.410,0.130,-9.450,0.00000,0
74.022,0.0,0.0,1.60,-0.410,0.130,-9.450,0.00000,0
74.032,0.0,0.0,1.60,-0.410,0.130,-9.450,0.00000,0
74.042,0.0,0.0,1.60,-0.410,0.130,-9.450,0.00000,0
74.052,0.0,0.0,1.60,-0.410,0.130,-9.450,0.00000,0
74.062,0.0,0.0,1.60,-0.410,0.130,-9.450,0.00000,0
74.073,0.0,0.0,1.60,-0.410,0.130,-9.450,0.00000,0
74.083,0.0,0.0,1.60,-0.410,0.130,-9.450,0.00000,0
74.093,0.0,0.0,1.60,-0.410,0.130,-9.450,0.00000,0
74.103,0.0,0.0,1.60,-0.410,0.130,-9.450,0.00000,0
74.113,0.0,0.0,1.60,-0.410,0.130,-9.450,0.00000,0
74.123,0.0,0.0,1.60,-0.410,0.130,-9.450,0.00000,0
74.134,0.0,0.0,1.60,-0.410,0.130,-9.450,0.00000,0
74.144,0.0,0.0,1.60,-0.410,0.130,-9.450,0.00000,0
74.154,0.0,0.0,1.60,-0.410,0.130,-9.450,0.00000,0
74.164,0.0,0.0,1.60,-0.410,0.130,-9.450,0.00000,0
74.174,0.0,0.0,1.60,-0.410,0.130,-9.450,0.00000,0
74.184,0.0,0.0,1.60,-0.410,0.130,-9.450,0.00000,0
74.194,0.0,0.0,1.60,-0.410,0.130,-9.450,0.00000,0
74.204,0.0,0.0,1.60,-0.410,0.130,-9.450,0.00000,0
74.215,0.0,0.0,1.60,-0.410,0.130,-9.450,0.00000,0
74.225,0.0,0.0,1.60,-0.410,0.130,-9.450,0.00000,0
74.235,0.0,0.0,1.60,-0.410,0.130,-9.450,0.00000,0
74.245,0.0,0.0,1.60,-0.410,0.130,-9.450,0.00000,0
74.255,0.0,0.0,1.60,-0.410,0.130,-9.450,0.00000,0
74.265,0.0,0.0,1.60,-0.410,0.130,-9.450,0.00000,0
74.276,0.0,0.0,1.60,-0.410,0.130,-9.450,0.00000,0
74.286,0.0,0.0,1.60,-0.410,0.130,-9.450,0.00000,0
74.296,0.0,0.0,1.60,-0.410,0.130,-9.450,0.00000,0
74.306,0.0,0.0,1.60,-0.410,0.130,-9.450,0.00000,0
74.316,0.0,0.0,1.60,-0.410,0.130,-9.450,0.00000,0
74.326,0.0,0.0,1.60,-0.410,0.130,-9.450,0.00000,0
74.336,0.0,0.0,1.60,-0.410,0.130,-9.450,0.00000,0
74.346,0.0,0.0,1.60,-0.410,0.130,-9.450,0.00000,0
74.357,0.0,0.0,1.60,-0.410,0.130,-9.450,0.00000,0
74.367,0.0,0.0,1.60,-0.410,0.130,-9.450,0.00000,0
74.377,0.0,0.0,1.60,-0.410,0.130,-9.450,0.00000,0
74.387,0.0,0.0,1.60,-0.410,0.130,-9.450,0.00000,0
74.397,0.0,0.0,1.60,-0.410,0.130,-9.450,0.00000,0
74.407,0.0,0.0,1.60,-0.410,0.130,-9.450,0.00000,0
74.417,0.0,0.0,1.60,-0.410,0.130,-9.450,0.00000,0
74.428,0.0,0.0,1.60,-0.410,0.130,-9.450,0.00000,0
74.438,0.0,0.0,1.60,-0.410,0.130,-9.450,0.00000,0
74.448,0.0,0.0,1.60,-0.410,0.130,-9.450,0.00000,0
74.458,0.0,0.0,1.60,-0.410,0.130,-9.450,0.00000,0
74.468,0.0,0.0,1.60,-0.410,0.130,-9.450,0.00000,0
74.478,0.0,0.0,1.60,-0.410,0.130,-9.450,0.00000,0
74.488,0.0,0.0,1.60,-0.410,0.130,-9.450,0.00000,0
74.499,0.0,0.0,1.60,-0.410,0.130,-9.450,0.00000,0
74.509,0.0,0.0,1.60,-0.410,0.130,-9.450,0.00000,0
74.519,0.0,0.0,1.60,-0.410,0.130,-9.450,0.00000,0
74.529,0.0,0.0,1.60,-0.410,0.130,-9.450,0.00000,0
74.539,0.0,0.0,1.60,-0.410,0.130,-9.450,0.00000,0
74.549,0.0,0.0,1.60,-0.410,0.130,-9.450,0.00000,0
74.560,0.0,0.0,1.60,-0.410,0.130,-9.450,0.00000,0
74.570,0.0,0.0,1.60,-0.410,0.130,-9.450,0.00000,0
74.580,0.0,0.0,1.60,-0.410,0.130,-9.450,0.00000,0
74.590,0.0,0.0,1.60,-0.410,0.130,-9.450,0.00000,0
74.600,0.0,0.0,1.60,-0.410,0.130,-9.450,0.00000,0
74.610,0.0,0.0,1.60,-0.410,0.130,-9.450,0.00000,0
74.620,0.0,0.0,1.60,-0.410,0.130,-9.450,0.00000,0
74.631,0.0,0.0,1.60,-0.410,0.130,-9.450,0.00000,0
74.641,0.0,0.0,1.60,-0.410,0.130,-9.450,0.00000,0
74.651,0.0,0.0,1.60,-0.410,0.130,-9.450,0.00000,0
74.661,0.0,0.0,1.60,-0.410,0.130,-9.450,0.00000,0
74.671,0.0,0.0,1.60,-0.410,0.130,-9.450,0.00000,0
74.681,0.0,0.0,1.60,-0.410,0.130,-9.450,0.00000,0
74.691,0.0,0.0,1.60,-0.410,0.130,-9.450,0.00000,0
74.701,0.0,0.0,1.60,-0.410,0.130,-9.450,0.00000,0
74.712,0.0,0.0,1.60,-0.410,0.130,-9.450,0.00000,0
74.722,0.0,0.0,1.60,-0.410,0.130,-9.450,0.00000,0
74.732,0.0,0.0,1.60,-0.410,0.130,-9.450,0.00000,0
74.742,0.0,0.0,1.60,-0.410,0.130,-9.450,0.00000,0
74.752,0.0,0.0,1.60,-0.410,0.130,-9.450,0.00000,0
74.762,0.0,0.0,1.60,-0.410,0.130,-9.450,0.00000,0
74.772,0.0,0.0,1.60,-0.410,0.130,-9.450,0.00000,0
74.783,0.0,0.0,1.60,-0.410,0.130,-9.450,0.00000,0
74.793,0.0,0.0,1.60,-0.410,0.130,-9.450,0.00000,0
74.803,0.0,0.0,1.60,-0.410,0.130,-9.450,0.00000,0
74.813,0.0,0.0,1.60,-0.410,0.130,-9.450,0.00000,0
74.823,0.0,0.0,1.60,-0.410,0.130,-9.450,0.00000,0
74.833,0.0,0.0,1.60,-0.410,0.130,-9.450,0.00000,0
74.843,0.0,0.0,1.60,-0.410,0.130,-9.450,0.00000,0
74.854,0.0,0.0,1.60,-0.410,0.130,-9.450,0.00000,0
74.864,0.0,0.0,1.60,-0.410,0.130,-9.450,0.00000,0
74.874,0.0,0.0,1.60,-0.410,0.130,-9.450,0.00000,0
74.884,0.0,0.0,1.60,-0.410,0.130,-9.450,0.00000,0
74.894,0.0,0.0,1.60,-0.410,0.130,-9.450,0.00000,0
74.904,0.0,0.0,1.60,-0.410,0.130,-9.450,0.00000,0
74.914,0.0,0.0,1.60,-0.410,0.130,-9.450,0.00000,0
74.924,0.0,0.0,1.60,-0.410,0.130,-9.450,0.00000,0
74.935,0.0,0.0,1.60,-0.410,0.130,-9.450,0.00000,0
74.945,0.0,0.0,1.60,-0.410,0.130,-9.450,0.00000,0
74.955,0.0,0.0,1.60,-0.410,0.130,-9.450,0.00000,0
74.965,0.0,0.0,1.60,-0.410,0.130,-9.450,0.00000,0
74.975,0.0,0.0,1.60,-0.410,0.130,-9.450,0.00000,0
74.985,0.0,0.0,1.60,-0.410,0.130,-9.450,0.00000,0
74.995,0.0,0.0,1.60,-0.410,0.130,-9.450,0.00000,0
75.006,0.0,0.0,1.60,-0.410,0.130,-9.450,0.00000,0
75.016,0.0,0.0,1.60,-0.410,0.130,-9.450,0.00000,0
75.026,0.0,0.0,1.60,-0.410,0.130,-9.450,0.00000,0
75.036,0.0,0.0,1.60,-0.410,0.130,-9.450,0.00000,0
75.046,0.0,0.0,1.60,-0.410,0.130,-9.450,0.00000,0
75.056,0.0,0.0,1.60,-0.410,0.130,-9.450,0.00000,0
75.066,0.0,0.0,1.60,-0.410,0.130,-9.450,0.00000,0
75.077,0.0,0.0,1.60,-0.410,0.130,-9.450,0.00000,0
75.087,0.0,0.0,1.60,-0.410,0.130,-9.450,0.00000,0
75.097,0.0,0.0,1.60,-0.410,0.130,-9.450,0.00000,0
75.107,0.0,0.0,1.60,-0.410,0.130,-9.450,0.00000,0
75.117,0.0,0.0,1.60,-0.410,0.130,-9.450,0.00000,0
75.127,0.0,0.0,1.60,-0.410,0.130,-9.450,0.00000,0
75.137,0.0,0.0,1.60,-0.410,0.130,-9.450,0.00000,0
75.147,0.0,0.0,1.60,-0.410,0.130,-9.450,0.00000,0
75.158,0.0,0.0,1.60,-0.410,0.130,-9.450,0.00000,0
75.168,0.0,0.0,1.60,-0.410,0.130,-9.450,0.00000,0
75.178,0.0,0.0,1.60,-0.410,0.130,-9.450,0.00000,0
75.188,0.0,0.0,1.60,-0.410,0.130,-9.450,0.00000,0
75.198,0.0,0.0,1.60,-0.410,0.130,-9.450,0.00000,0
75.208,0.0,0.0,1.60,-0.410,0.130,-9.450,0.00000,0
75.218,0.0,0.0,1.60,-0.410,0.130,-9.450,0.00000,0
75.229,0.0,0.0,1.60,-0.410,0.130,-9.450,0.00000,0
75.239,0.0,0.0,1.60,-0.410,0.130,-9.450,0.00000,0
75.249,0.0,0.0,1.60,-0.410,0.130,-9.450,0.00000,0
75.259,0.0,0.0,1.60,-0.410,0.130,-9.450,0.00000,0
75.269,0.0,0.0,1.60,-0.410,0.130,-9.450,0.00000,0
75.279,0.0,0.0,1.60,-0.410,0.130,-9.450,0.00000,0
75.289,0.0,0.0,1.60,-0.410,0.130,-9.450,0.00000,0
75.299,0.0,0.0,1.60,-0.410,0.130,-9.450,0.00000,0
75.310,0.0,0.0,1.60,-0.410,0.130,-9.450,0.00000,0
75.320,0.0,0.0,1.60,-0.410,0.130,-9.450,0.00000,0
75.330,0.0,0.0,1.60,-0.410,0.130,-9.450,0.00000,0
75.340,0.0,0.0,1.60,-0.410,0.130,-9.450,0.00000,0
75.350,0.0,0.0,1.60,-0.410,0.130,-9.450,0.00000,0
75.360,0.0,0.0,1.60,-0.410,0.130,-9.450,0.00000,0
75.371,0.0,0.0,1.60,-0.410,0.130,-9.450,0.00000,0
75.381,0.0,0.0,1.60,-0.410,0.130,-9.450,0.00000,0
75.391,0.0,0.0,1.60,-0.410,0.130,-9.450,0.00000,0
75.401,0.0,0.0,1.60,-0.410,0.130,-9.450,0.00000,0
75.411,0.0,0.0,1.60,-0.410,0.130,-9.450,0.00000,0
75.421,0.0,0.0,1.60,-0.410,0.130,-9.450,0.00000,0
75.431,0.0,0.0,1.60,-0.410,0.130,-9.450,0.00000,0
75.441,0.0,0.0,1.60,-0.410,0.130,-9.450,0.00000,0
75.452,0.0,0.0,1.60,-0.410,0.130,-9.450,0.00000,0
75.462,0.0,0.0,1.60,-0.410,0.130,-9.450,0.00000,0
75.472,0.0,0.0,1.60,-0.410,0.130,-9.450,0.00000,0
75.482,0.0,0.0,1.60,-0.410,0.130,-9.450,0.00000,0
75.492,0.0,0.0,1.60,-0.410,0.130,-9.450,0.00000,0
75.502,0.0,0.0,1.60,-0.410,0.130,-9.450,0.00000,0
75.512,0.0,0.0,1.60,-0.410,0.130,-9.450,0.00000,0
75.523,0.0,0.0,1.60,-0.410,0.130,-9.450,0.00000,0
75.533,0.0,0.0,1.60,-0.410,0.130,-9.450,0.00000,0
75.543,0.0,0.0,1.60,-0.410,0.130,-9.450,0.00000,0
75.553,0.0,0.0,1.60,-0.410,0.130,-9.450,0.00000,0
75.563,0.0,0.0,1.60,-0.410,0.130,-9.450,0.00000,0
75.573,0.0,0.0,1.60,-0.410,0.130,-9.450,0.00000,0
75.583,0.0,0.0,1.60,-0.410,0.130,-9.450,0.00000,0
75.594,0.0,0.0,1.60,-0.410,0.130,-9.450,0.00000,0
75.604,0.0,0.0,1.60,-0.410,0.130,-9.450,0.00000,0
75.614,0.0,0.0,1.60,-0.410,0.130,-9.450,0.00000,0
75.624,0.0,0.0,1.60,-0.410,0.130,-9.450,0.00000,0
75.634,0.0,0.0,1.60,-0.410,0.130,-9.450,0.00000,0
75.644,0.0,0.0,1.60,-0.410,0.130,-9.450,0.00000,0
75.654,0.0,0.0,1.60,-0.410,0.130,-9.450,0.00000,0
75.665,0.0,0.0,1.60,-0.410,0.130,-9.450,0.00000,0
75.675,0.0,0.0,1.60,-0.410,0.130,-9.450,0.00000,0
75.685,0.0,0.0,1.60,-0.410,0.130,-9.450,0.00000,0
75.695,0.0,0.0,1.60,-0.410,0.130,-9.450,0.00000,0
75.705,0.0,0.0,1.60,-0.410,0.130,-9.450,0.00000,0
75.715,0.0,0.0,1.60,-0.410,0.130,-9.450,0.00000,0
75.725,0.0,0.0,1.60,-0.410,0.130,-9.450,0.00000,0
75.736,0.0,0.0,1.60,-0.410,0.130,-9.450,0.00000,0
75.746,0.0,0.0,1.60,-0.410,0.130,-9.450,0.00000,0
75.756,0.0,0.0,1.60,-0.410,0.130,-9.450,0.00000,0
75.766,0.0,0.0,1.60,-0.410,0.130,-9.450,0.00000,0
75.776,0.0,0.0,1.60,-0.410,0.130,-9.450,0.00000,0
75.786,0.0,0.0,1.60,-0.410,0.130,-9.450,0.00000,0
75.796,0.0,0.0,1.60,-0.410,0.130,-9.450,0.00000,0
75.807,0.0,0.0,1.60,-0.410,0.130,-9.450,0.00000,0
75.817,0.0,0.0,1.60,-0.410,0.130,-9.450,0.00000,0
75.827,0.0,0.0,1.60,-0.410,0.130,-9.450,0.00000,0
75.837,0.0,0.0,1.60,-0.410,0.130,-9.450,0.00000,0
75.847,0.0,0.0,1.60,-0.410,0.130,-9.450,0.00000,0
75.857,0.0,0.0,1.60,-0.410,0.130,-9.450,0.00000,0
75.867,0.0,0.0,1.60,-0.410,0.130,-9.450,0.00000,0
75.878,0.0,0.0,1.60,-0.410,0.130,-9.450,0.00000,0
75.888,0.0,0.0,1.60,-0.410,0.130,-9.450,0.00000,0
75.898,0.0,0.0,1.60,-0.410,0.130,-9.450,0.00000,0
75.908,0.0,0.0,1.60,-0.410,0.130,-9.450,0.00000,0
75.918,0.0,0.0,1.60,-0.410,0.130,-9.450,0.00000,0
75.928,0.0,0.0,1.60,-0.410,0.130,-9.450,0.00000,0
75.938,0.0,0.0,1.60,-0.410,0.130,-9.450,0.00000,0
75.948,0.0,0.0,1.60,-0.410,0.130,-9.450,0.00000,0
75.959,0.0,0.0,1.60,-0.410,0.130,-9.450,0.00000,0
75.969,0.0,0.0,1.60,-0.410,0.130,-9.450,0.00000,0
75.979,0.0,0.0,1.60,-0.410,0.130,-9.450,0.00000,0
75.989,0.0,0.0,1.60,-0.410,0.130,-9.450,0.00000,0
75.999,0.0,0.0,1.60,-0.410,0.130,-9.450,0.00000,0
76.009,0.0,0.0,1.60,-0.410,0.130,-9.450,0.00000,0
76.019,0.0,0.0,1.60,-0.410,0.130,-9.450,0.00000,0
76.030,0.0,0.0,1.60,-0.410,0.130,-9.450,0.00000,0
76.040,0.0,0.0,1.60,-0.410,0.130,-9.450,0.00000,0
76.051,0.0,0.0,1.60,-0.410,0.130,-9.450,0.00000,0
76.061,0.0,0.0,1.60,-0.410,0.130,-9.450,0.00000,0
76.071,0.0,0.0,1.60,-0.410,0.130,-9.450,0.00000,0
76.081,0.0,0.0,1.60,-0.410,0.130,-9.450,0.00000,0
76.091,0.0,0.0,1.60,-0.410,0.130,-9.450,0.00000,0
76.101,0.0,0.0,1.60,-0.410,0.130,-9.450,0.00000,0
76.112,0.0,0.0,1.60,-0.410,0.130,-9.450,0.00000,0
76.122,0.0,0.0,1.60,-0.410,0.130,-9.450,0.00000,0
76.132,0.0,0.0,1.60,-0.410,0.130,-9.450,0.00000,0
76.142,0.0,0.0,1.60,-0.410,0.130,-9.450,0.00000,0
76.152,0.0,0.0,1.60,-0.410,0.130,-9.450,0.00000,0
76.162,0.0,0.0,1.60,-0.410,0.130,-9.450,0.00000,0
76.173,0.0,0.0,1.60,-0.410,0.130,-9.450,0.00000,0
76.183,0.0,0.0,1.60,-0.410,0.130,-9.450,0.00000,0
76.193,0.0,0.0,1.60,-0.410,0.130,-9.450,0.00000,0
76.203,0.0,0.0,1.60,-0.410,0.130,-9.450,0.00000,0
76.213,0.0,0.0,1.60,-0.410,0.130,-9.450,0.00000,0
76.223,0.0,0.0,1.60,-0.410,0.130,-9.450,0.00000,0
76.233,0.0,0.0,1.60,-0.410,0.130,-9.450,0.00000,0
76.243,0.0,0.0,1.60,-0.410,0.130,-9.450,0.00000,0
76.254,0.0,0.0,1.60,-0.410,0.130,-9.450,0.00000,0
76.264,0.0,0.0,1.60,-0.410,0.130,-9.450,0.00000,0
76.274,0.0,0.0,1.60,-0.410,0.130,-9.450,0.00000,0
76.284,0.0,0.0,1.60,-0.410,0.130,-9.450,0.00000,0
76.294,0.0,0.0,1.60,-0.410,0.130,-9.450,0.00000,0
76.304,0.0,0.0,1.60,-0.410,0.130,-9.450,0.00000,0
76.314,0.0,0.0,1.60,-0.410,0.130,-9.450,0.00000,0
76.325,0.0,0.0,1.60,-0.410,0.130,-9.450,0.00000,0
76.335,0.0,0.0,1.60,-0.410,0.130,-9.450,0.00000,0
76.345,0.0,0.0,1.60,-0.410,0.130,-9.450,0.00000,0
76.355,0.0,0.0,1.60,-0.410,0.130,-9.450,0.00000,0
76.365,0.0,0.0,1.60,-0.410,0.130,-9.450,0.00000,0
76.375,0.0,0.0,1.60,-0.410,0.130,-9.450,0.00000,0
76.385,0.0,0.0,1.60,-0.410,0.130,-9.450,0.00000,0
76.395,0.0,0.0,1.60,-0.410,0.130,-9.450,0.00000,0
76.406,0.0,0.0,1.60,-0.410,0.130,-9.450,0.00000,0
76.416,0.0,0.0,1.60,-0.410,0.130,-9.450,0.00000,0
76.426,0.0,0.0,1.60,-0.410,0.130,-9.450,0.00000,0
76.436,0.0,0.0,1.60,-0.410,0.130,-9.450,0.00000,0
76.446,0.0,0.0,1.60,-0.410,0.130,-9.450,0.00000,0
76.456,0.0,0.0,1.60,-0.410,0.130,-9.450,0.00000,0
76.466,0.0,0.0,1.60,-0.410,0.130,-9.450,0.00000,0
76.477,0.0,0.0,1.60,-0.410,0.130,-9.450,0.00000,0
76.487,0.0,0.0,1.60,-0.410,0.130,-9.450,0.00000,0
76.497,0.0,0.0,1.60,-0.410,0.130,-9.450,0.00000,0
76.507,0.0,0.0,1.60,-0.410,0.130,-9.450,0.00000,0
76.517,0.0,0.0,1.60,-0.410,0.130,-9.450,0.00000,0
76.527,0.0,0.0,1.60,-0.410,0.130,-9.450,0.00000,0
76.537,0.0,0.0,1.60,-0.410,0.130,-9.450,0.00000,0
76.547,0.0,0.0,1.60,-0.410,0.130,-9.450,0.00000,0
76.558,0.0,0.0,1.60,-0.410,0.130,-9.450,0.00000,0
76.568,0.0,0.0,1.60,-0.410,0.130,-9.450,0.00000,0
76.578,0.0,0.0,1.60,-0.410,0.130,-9.450,0.00000,0
76.588,0.0,0.0,1.60,-0.410,0.130,-9.450,0.00000,0
76.598,0.0,0.0,1.60,-0.410,0.130,-9.450,0.00000,0
76.608,0.0,0.0,1.60,-0.410,0.130,-9.450,0.00000,0
76.618,0.0,0.0,1.60,-0.410,0.130,-9.450,0.00000,0
76.629,0.0,0.0,1.60,-0.410,0.130,-9.450,0.00000,0
76.639,0.0,0.0,1.60,-0.410,0.130,-9.450,0.00000,0
76.649,0.0,0.0,1.60,-0.410,0.130,-9.450,0.00000,0
76.659,0.0,0.0,1.60,-0.410,0.130,-9.450,0.00000,0
76.669,0.0,0.0,1.60,-0.410,0.130,-9.450,0.00000,0
76.679,0.0,0.0,1.60,-0.410,0.130,-9.450,0.00000,0
76.689,0.0,0.0,1.60,-0.410,0.130,-9.450,0.00000,0
76.699,0.0,0.0,1.60,-0.410,0.130,-9.450,0.00000,0
76.710,0.0,0.0,1.60,-0.410,0.130,-9.450,0.00000,0
76.720,0.0,0.0,1.60,-0.410,0.130,-9.450,0.00000,0
76.730,0.0,0.0,1.60,-0.410,0.130,-9.450,0.00000,0
76.740,0.0,0.0,1.60,-0.410,0.130,-9.450,0.00000,0
76.750,0.0,0.0,1.60,-0.410,0.130,-9.450,0.00000,0
76.760,0.0,0.0,1.60,-0.410,0.130,-9.450,0.00000,0
76.770,0.0,0.0,1.60,-0.410,0.130,-9.450,0.00000,0
76.780,0.0,0.0,1.60,-0.410,0.130,-9.450,0.00000,0
76.791,0.0,0.0,1.60,-0.410,0.130,-9.450,0.00000,0
76.801,0.0,0.0,1.60,-0.410,0.130,-9.450,0.00000,0
76.811,0.0,0.0,1.60,-0.410,0.130,-9.450,0.00000,0
76.821,0.0,0.0,1.60,-0.410,0.130,-9.450,0.00000,0
76.831,0.0,0.0,1.60,-0.410,0.130,-9.450,0.00000,0
76.841,0.0,0.0,1.60,-0.410,0.130,-9.450,0.00000,0
76.852,0.0,0.0,1.60,-0.410,0.130,-9.450,0.00000,0
76.862,0.0,0.0,1.60,-0.410,0.130,-9.450,0.00000,0
76.872,0.0,0.0,1.60,-0.410,0.130,-9.450,0.00000,0
76.882,0.0,0.0,1.60,-0.410,0.130,-9.450,0.00000,0
76.892,0.0,0.0,1.60,-0.410,0.130,-9.450,0.00000,0
76.902,0.0,0.0,1.60,-0.410,0.130,-9.450,0.00000,0
76.913,0.0,0.0,1.60,-0.410,0.130,-9.450,0.00000,0
76.923,0.0,0.0,1.60,-0.410,0.130,-9.450,0.00000,0
76.933,0.0,0.0,1.60,-0.410,0.130,-9.450,0.00000,0
76.943,0.0,0.0,1.60,-0.410,0.130,-9.450,0.00000,0
76.953,0.0,0.0,1.60,-0.410,0.130,-9.450,0.00000,0
76.963,0.0,0.0,1.60,-0.410,0.130,-9.450,0.00000,0
76.974,0.0,0.0,1.60,-0.410,0.130,-9.450,0.00000,0
76.984,0.0,0.0,1.60,-0.410,0.130,-9.450,0.00000,0
76.994,0.0,0.0,1.60,-0.410,0.130,-9.450,0.00000,0
77.004,0.0,0.0,1.60,-0.410,0.130,-9.450,0.00000,0
77.014,0.0,0.0,1.60,-0.410,0.130,-9.450,0.00000,0
77.024,0.0,0.0,1.60,-0.410,0.130,-9.450,0.00000,0
77.034,0.0,0.0,1.60,-0.410,0.130,-9.450,0.00000,0
77.044,0.0,0.0,1.60,-0.410,0.130,-9.450,0.00000,0
77.055,0.0,0.0,1.60,-0.410,0.130,-9.450,0.00000,0
77.065,0.0,0.0,1.60,-0.410,0.130,-9.450,0.00000,0
77.075,0.0,0.0,1.60,-0.410,0.130,-9.450,0.00000,0
77.085,0.0,0.0,1.60,-0.410,0.130,-9.450,0.00000,0
77.095,0.0,0.0,1.60,-0.410,0.130,-9.450,0.00000,0
77.105,0.0,0.0,1.60,-0.410,0.130,-9.450,0.00000,0
77.115,0.0,0.0,1.60,-0.410,0.130,-9.450,0.00000,0
77.126,0.0,0.0,1.60,-0.410,0.130,-9.450,0.00000,0
77.136,0.0,0.0,1.60,-0.410,0.130,-9.450,0.00000,0
77.146,0.0,0.0,1.60,-0.410,0.130,-9.450,0.00000,0
77.156,0.0,0.0,1.60,-0.410,0.130,-9.450,0.00000,0
77.166,0.0,0.0,1.60,-0.410,0.130,-9.450,0.00000,0
77.176,0.0,0.0,1.60,-0.410,0.130,-9.450,0.00000,0
77.187,0.0,0.0,1.60,-0.410,0.130,-9.450,0.00000,0
77.197,0.0,0.0,1.60,-0.410,0.130,-9.450,0.00000,0
77.207,0.0,0.0,1.60,-0.410,0.130,-9.450,0.00000,0
77.217,0.0,0.0,1.60,-0.410,0.130,-9.450,0.00000,0
77.227,0.0,0.0,1.60,-0.410,0.130,-9.450,0.00000,0
77.237,0.0,0.0,1.60,-0.410,0.130,-9.450,0.00000,0
77.247,0.0,0.0,1.60,-0.410,0.130,-9.450,0.00000,0
77.258,0.0,0.0,1.60,-0.410,0.130,-9.450,0.00000,0
77.268,0.0,0.0,1.60,-0.410,0.130,-9.450,0.00000,0
77.278,0.0,0.0,1.60,-0.410,0.130,-9.450,0.00000,0
77.288,0.0,0.0,1.60,-0.410,0.130,-9.450,0.00000,0
77.298,0.0,0.0,1.60,-0.410,0.130,-9.450,0.00000,0
77.308,0.0,0.0,1.60,-0.410,0.130,-9.450,0.00000,0
77.318,0.0,0.0,1.60,-0.410,0.130,-9.450,0.00000,0
77.328,0.0,0.0,1.60,-0.410,0.130,-9.450,0.00000,0
77.339,0.0,0.0,1.60,-0.410,0.130,-9.450,0.00000,0
77.349,0.0,0.0,1.60,-0.410,0.130,-9.450,0.00000,0
77.359,0.0,0.0,1.60,-0.410,0.130,-9.450,0.00000,0
77.369,0.0,0.0,1.60,-0.410,0.130,-9.450,0.00000,0
77.379,0.0,0.0,1.60,-0.410,0.130,-9.450,0.00000,0
77.389,0.0,0.0,1.60,-0.410,0.130,-9.450,0.00000,0
77.399,0.0,0.0,1.60,-0.410,0.130,-9.450,0.00000,0
77.409,0.0,0.0,1.60,-0.410,0.130,-9.450,0.00000,0
77.420,0.0,0.0,1.60,-0.410,0.130,-9.450,0.00000,0
77.430,0.0,0.0,1.60,-0.410,0.130,-9.450,0.00000,0
77.440,0.0,0.0,1.60,-0.410,0.130,-9.450,0.00000,0
77.450,0.0,0.0,1.60,-0.410,0.130,-9.450,0.00000,0
77.460,0.0,0.0,1.60,-0.410,0.130,-9.450,0.00000,0
77.470,0.0,0.0,1.60,-0.410,0.130,-9.450,0.00000,0
77.481,0.0,0.0,1.60,-0.410,0.130,-9.450,0.00000,0
77.491,0.0,0.0,1.60,-0.410,0.130,-9.450,0.00000,0
77.501,0.0,0.0,1.60,-0.410,0.130,-9.450,0.00000,0
77.511,0.0,0.0,1.60,-0.410,0.130,-9.450,0.00000,0
77.521,0.0,0.0,1.60,-0.410,0.130,-9.450,0.00000,0
77.531,0.0,0.0,1.60,-0.410,0.130,-9.450,0.00000,0
77.541,0.0,0.0,1.60,-0.410,0.130,-9.450,0.00000,0
77.551,0.0,0.0,1.60,-0.410,0.130,-9.450,0.00000,0
77.562,0.0,0.0,1.60,-0.410,0.130,-9.450,0.00000,0
77.572,0.0,0.0,1.60,-0.410,0.130,-9.450,0.00000,0
77.582,0.0,0.0,1.60,-0.410,0.130,-9.450,0.00000,0
77.592,0.0,0.0,1.60,-0.410,0.130,-9.450,0.00000,0
77.602,0.0,0.0,1.60,-0.410,0.130,-9.450,0.00000,0
77.612,0.0,0.0,1.60,-0.410,0.130,-9.450,0.00000,0
77.622,0.0,0.0,1.60,-0.410,0.130,-9.450,0.00000,0
77.633,0.0,0.0,1.60,-0.410,0.130,-9.450,0.00000,0
77.643,0.0,0.0,1.60,-0.410,0.130,-9.450,0.00000,0
77.653,0.0,0.0,1.60,-0.410,0.130,-9.450,0.00000,0
77.663,0.0,0.0,1.60,-0.410,0.130,-9.450,0.00000,0
77.673,0.0,0.0,1.60,-0.410,0.130,-9.450,0.00000,0
77.683,0.0,0.0,1.60,-0.410,0.130,-9.450,0.00000,0
77.693,0.0,0.0,1.60,-0.410,0.130,-9.450,0.00000,0
77.703,0.0,0.0,1.60,-0.410,0.130,-9.450,0.00000,0
77.714,0.0,0.0,1.60,-0.410,0.130,-9.450,0.00000,0
77.724,0.0,0.0,1.60,-0.410,0.130,-9.450,0.00000,0
77.734,0.0,0.0,1.60,-0.410,0.130,-9.450,0.00000,0
77.744,0.0,0.0,1.60,-0.410,0.130,-9.450,0.00000,0
77.754,0.0,0.0,1.60,-0.410,0.130,-9.450,0.00000,0
77.764,0.0,0.0,1.60,-0.410,0.130,-9.450,0.00000,0
77.775,0.0,0.0,1.60,-0.410,0.130,-9.450,0.00000,0
77.785,0.0,0.0,1.60,-0.410,0.130,-9.450,0.00000,0
77.795,0.0,0.0,1.60,-0.410,0.130,-9.450,0.00000,0
77.805,0.0,0.0,1.60,-0.410,0.130,-9.450,0.00000,0
77.815,0.0,0.0,1.60,-0.410,0.130,-9.450,0.00000,0
77.825,0.0,0.0,1.60,-0.410,0.130,-9.450,0.00000,0
77.835,0.0,0.0,1.60,-0.410,0.130,-9.450,0.00000,0
77.845,0.0,0.0,1.60,-0.410,0.130,-9.450,0.00000,0
77.856,0.0,0.0,1.60,-0.410,0.130,-9.450,0.00000,0
77.866,0.0,0.0,1.60,-0.410,0.130,-9.450,0.00000,0
77.876,0.0,0.0,1.60,-0.410,0.130,-9.450,0.00000,0
77.886,0.0,0.0,1.60,-0.410,0.130,-9.450,0.00000,0
77.896,0.0,0.0,1.60,-0.410,0.130,-9.450,0.00000,0
77.906,0.0,0.0,1.60,-0.410,0.130,-9.450,0.00000,0
77.916,0.0,0.0,1.60,-0.410,0.130,-9.450,0.00000,0
77.927,0.0,0.0,1.60,-0.410,0.130,-9.450,0.00000,0
77.937,0.0,0.0,1.60,-0.410,0.130,-9.450,0.00000,0
77.947,0.0,0.0,1.60,-0.410,0.130,-9.450,0.00000,0
77.957,0.0,0.0,1.60,-0.410,0.130,-9.450,0.00000,0
77.967,0.0,0.0,1.60,-0.410,0.130,-9.450,0.00000,0
77.977,0.0,0.0,1.60,-0.410,0.130,-9.450,0.00000,0
77.987,0.0,0.0,1.60,-0.410,0.130,-9.450,0.00000,0
77.997,0.0,0.0,1.60,-0.410,0.130,-9.450,0.00000,0
78.008,0.0,0.0,1.60,-0.410,0.130,-9.450,0.00000,0
78.018,0.0,0.0,1.60,-0.410,0.130,-9.450,0.00000,0
78.028,0.0,0.0,1.60,-0.410,0.130,-9.450,0.00000,0
78.038,0.0,0.0,1.60,-0.410,0.130,-9.450,0.00000,0
78.048,0.0,0.0,1.60,-0.410,0.130,-9.450,0.00000,0
78.058,0.0,0.0,1.60,-0.410,0.130,-9.450,0.00000,0
78.068,0.0,0.0,1.60,-0.410,0.130,-9.450,0.00000,0
78.079,0.0,0.0,1.60,-0.410,0.130,-9.450,0.00000,0
78.089,0.0,0.0,1.60,-0.410,0.130,-9.450,0.00000,0
78.099,0.0,0.0,1.60,-0.410,0.130,-9.450,0.00000,0
78.109,0.0,0.0,1.60,-0.410,0.130,-9.450,0.00000,0
78.119,0.0,0.0,1.60,-0.410,0.130,-9.450,0.00000,0
78.129,0.0,0.0,1.60,-0.410,0.130,-9.450,0.00000,0
78.140,0.0,0.0,1.60,-0.410,0.130,-9.450,0.00000,0
78.150,0.0,0.0,1.60,-0.410,0.130,-9.450,0.00000,0
78.160,0.0,0.0,1.60,-0.410,0.130,-9.450,0.00000,0
78.170,0.0,0.0,1.60,-0.410,0.130,-9.450,0.00000,0
78.180,0.0,0.0,1.60,-0.410,0.130,-9.450,0.00000,0
78.190,0.0,0.0,1.60,-0.410,0.130,-9.450,0.00000,0
78.200,0.0,0.0,1.60,-0.410,0.130,-9.450,0.00000,0
78.211,0.0,0.0,1.60,-0.410,0.130,-9.450,0.00000,0
78.221,0.0,0.0,1.60,-0.410,0.130,-9.450,0.00000,0
78.231,0.0,0.0,1.60,-0.410,0.130,-9.450,0.00000,0
78.241,0.0,0.0,1.60,-0.410,0.130,-9.450,0.00000,0
78.251,0.0,0.0,1.60,-0.410,0.130,-9.450,0.00000,0
78.261,0.0,0.0,1.60,-0.410,0.130,-9.450,0.00000,0
78.271,0.0,0.0,1.60,-0.410,0.130,-9.450,0.00000,0
78.282,0.0,0.0,1.60,-0.410,0.130,-9.450,0.00000,0
78.292,0.0,0.0,1.60,-0.410,0.130,-9.450,0.00000,0
78.302,0.0,0.0,1.60,-0.410,0.130,-9.450,0.00000,0
78.312,0.0,0.0,1.60,-0.410,0.130,-9.450,0.00000,0
78.322,0.0,0.0,1.60,-0.410,0.130,-9.450,0.00000,0
78.332,0.0,0.0,1.60,-0.410,0.130,-9.450,0.00000,0
78.342,0.0,0.0,1.60,-0.410,0.130,-9.450,0.00000,0
78.352,0.0,0.0,1.60,-0.410,0.130,-9.450,0.00000,0
78.363,0.0,0.0,1.60,-0.410,0.130,-9.450,0.00000,0
78.373,0.0,0.0,1.60,-0.410,0.130,-9.450,0.00000,0
78.383,0.0,0.0,1.60,-0.410,0.130,-9.450,0.00000,0
78.393,0.0,0.0,1.60,-0.410,0.130,-9.450,0.00000,0
78.403,0.0,0.0,1.60,-0.410,0.130,-9.450,0.00000,0
78.413,0.0,0.0,1.60,-0.410,0.130,-9.450,0.00000,0
78.423,0.0,0.0,1.60,-0.410,0.130,-9.450,0.00000,0
78.434,0.0,0.0,1.60,-0.410,0.130,-9.450,0.00000,0
78.444,0.0,0.0,1.60,-0.410,0.130,-9.450,0.00000,0
78.454,0.0,0.0,1.60,-0.410,0.130,-9.450,0.00000,0
78.464,0.0,0.0,1.60,-0.410,0.130,-9.450,0.00000,0
78.474,0.0,0.0,1.60,-0.410,0.130,-9.450,0.00000,0
78.485,0.0,0.0,1.60,-0.410,0.130,-9.450,0.00000,0
78.495,0.0,0.0,1.60,-0.410,0.130,-9.450,0.00000,0
78.505,0.0,0.0,1.60,-0.410,0.130,-9.450,0.00000,0
78.515,0.0,0.0,1.60,-0.410,0.130,-9.450,0.00000,0
78.525,0.0,0.0,1.60,-0.410,0.130,-9.450,0.00000,0
78.535,0.0,0.0,1.60,-0.410,0.130,-9.450,0.00000,0
78.545,0.0,0.0,1.60,-0.410,0.130,-9.450,0.00000,0
78.556,0.0,0.0,1.60,-0.410,0.130,-9.450,0.00000,0
78.566,0.0,0.0,1.60,-0.410,0.130,-9.450,0.00000,0
78.576,0.0,0.0,1.60,-0.410,0.130,-9.450,0.00000,0
78.586,0.0,0.0,1.60,-0.410,0.130,-9.450,0.00000,0
78.596,0.0,0.0,1.60,-0.410,0.130,-9.450,0.00000,0
78.606,0.0,0.0,1.60,-0.410,0.130,-9.450,0.00000,0
78.616,0.0,0.0,1.60,-0.410,0.130,-9.450,0.00000,0
78.627,0.0,0.0,1.60,-0.410,0.130,-9.450,0.00000,0
78.637,0.0,0.0,1.60,-0.410,0.130,-9.450,0.00000,0
78.647,0.0,0.0,1.60,-0.410,0.130,-9.450,0.00000,0
78.657,0.0,0.0,1.60,-0.410,0.130,-9.450,0.00000,0
78.667,0.0,0.0,1.60,-0.410,0.130,-9.450,0.00000,0
78.677,0.0,0.0,1.60,-0.410,0.130,-9.450,0.00000,0
78.687,0.0,0.0,1.60,-0.410,0.130,-9.450,0.00000,0
78.697,0.0,0.0,1.60,-0.410,0.130,-9.450,0.00000,0
78.708,0.0,0.0,1.60,-0.410,0.130,-9.450,0.00000,0
78.718,0.0,0.0,1.60,-0.410,0.130,-9.450,0.00000,0
78.728,0.0,0.0,1.60,-0.410,0.130,-9.450,0.00000,0
78.738,0.0,0.0,1.60,-0.410,0.130,-9.450,0.00000,0
78.748,0.0,0.0,1.60,-0.410,0.130,-9.450,0.00000,0
78.758,0.0,0.0,1.60,-0.410,0.130,-9.450,0.00000,0
78.768,0.0,0.0,1.60,-0.410,0.130,-9.450,0.00000,0
78.779,0.0,0.0,1.60,-0.410,0.130,-9.450,0.00000,0
78.789,0.0,0.0,1.60,-0.410,0.130,-9.450,0.00000,0
78.799,0.0,0.0,1.60,-0.410,0.130,-9.450,0.00000,0
78.809,0.0,0.0,1.60,-0.410,0.130,-9.450,0.00000,0
78.819,0.0,0.0,1.60,-0.410,0.130,-9.450,0.00000,0
78.829,0.0,0.0,1.60,-0.410,0.130,-9.450,0.00000,0
78.839,0.0,0.0,1.60,-0.410,0.130,-9.450,0.00000,0
78.850,0.0,0.0,1.60,-0.410,0.130,-9.450,0.00000,0
78.860,0.0,0.0,1.60,-0.410,0.130,-9.450,0.00000,0
78.870,0.0,0.0,1.60,-0.410,0.130,-9.450,0.00000,0
78.880,0.0,0.0,1.60,-0.410,0.130,-9.450,0.00000,0
78.890,0.0,0.0,1.60,-0.410,0.130,-9.450,0.00000,0
78.900,0.0,0.0,1.60,-0.410,0.130,-9.450,0.00000,0
78.910,0.0,0.0,1.60,-0.410,0.130,-9.450,0.00000,0
78.920,0.0,0.0,1.60,-0.410,0.130,-9.450,0.00000,0
78.931,0.0,0.0,1.60,-0.410,0.130,-9.450,0.00000,0
78.941,0.0,0.0,1.60,-0.410,0.130,-9.450,0.00000,0
78.951,0.0,0.0,1.60,-0.410,0.130,-9.450,0.00000,0
78.961,0.0,0.0,1.60,-0.410,0.130,-9.450,0.00000,0
78.971,0.0,0.0,1.60,-0.410,0.130,-9.450,0.00000,0
78.981,0.0,0.0,1.60,-0.410,0.130,-9.450,0.00000,0
78.991,0.0,0.0,1.60,-0.410,0.130,-9.450,0.00000,0
79.002,0.0,0.0,1.60,-0.410,0.130,-9.450,0.00000,0
79.012,0.0,0.0,1.60,-0.410,0.130,-9.450,0.00000,0
79.022,0.0,0.0,1.60,-0.410,0.130,-9.450,0.00000,0
79.032,0.0,0.0,1.60,-0.410,0.130,-9.450,0.00000,0
79.042,0.0,0.0,1.60,-0.410,0.130,-9.450,0.00000,0
79.052,0.0,0.0,1.60,-0.410,0.130,-9.450,0.00000,0
79.062,0.0,0.0,1.60,-0.410,0.130,-9.450,0.00000,0
79.072,0.0,0.0,1.60,-0.410,0.130,-9.450,0.00000,0
79.083,0.0,0.0,1.60,-0.410,0.130,-9.450,0.00000,0
79.093,0.0,0.0,1.60,-0.410,0.130,-9.450,0.00000,0
79.103,0.0,0.0,1.60,-0.410,0.130,-9.450,0.00000,0
79.113,0.0,0.0,1.60,-0.410,0.130,-9.450,0.00000,0
79.123,0.0,0.0,1.60,-0.410,0.130,-9.450,0.00000,0
79.133,0.0,0.0,1.60,-0.410,0.130,-9.450,0.00000,0
79.144,0.0,0.0,1.60,-0.410,0.130,-9.450,0.00000,0
79.154,0.0,0.0,1.60,-0.410,0.130,-9.450,0.00000,0
79.164,0.0,0.0,1.60,-0.410,0.130,-9.450,0.00000,0
79.174,0.0,0.0,1.60,-0.410,0.130,-9.450,0.00000,0
79.184,0.0,0.0,1.60,-0.410,0.130,-9.450,0.00000,0
79.194,0.0,0.0,1.60,-0.410,0.130,-9.450,0.00000,0
79.204,0.0,0.0,1.60,-0.410,0.130,-9.450,0.00000,0
79.214,0.0,0.0,1.60,-0.410,0.130,-9.450,0.00000,0
79.225,0.0,0.0,1.60,-0.410,0.130,-9.450,0.00000,0
79.235,0.0,0.0,1.60,-0.410,0.130,-9.450,0.00000,0
79.245,0.0,0.0,1.60,-0.410,0.130,-9.450,0.00000,0
79.256,0.0,0.0,1.60,-0.410,0.130,-9.450,0.00000,0
79.266,0.0,0.0,1.60,-0.410,0.130,-9.450,0.00000,0
79.276,0.0,0.0,1.60,-0.410,0.130,-9.450,0.00000,0
79.286,0.0,0.0,1.60,-0.410,0.130,-9.450,0.00000,0
79.296,0.0,0.0,1.60,-0.410,0.130,-9.450,0.00000,0
79.306,0.0,0.0,1.60,-0.410,0.130,-9.450,0.00000,0
79.317,0.0,0.0,1.60,-0.410,0.130,-9.450,0.00000,0
79.327,0.0,0.0,1.60,-0.410,0.130,-9.450,0.00000,0
79.337,0.0,0.0,1.60,-0.410,0.130,-9.450,0.00000,0
79.347,0.0,0.0,1.60,-0.410,0.130,-9.450,0.00000,0
79.357,0.0,0.0,1.60,-0.410,0.130,-9.450,0.00000,0
79.368,0.0,0.0,1.60,-0.410,0.130,-9.450,0.00000,0
79.378,0.0,0.0,1.60,-0.410,0.130,-9.450,0.00000,0
79.388,0.0,0.0,1.60,-0.410,0.130,-9.450,0.00000,0
79.398,0.0,0.0,1.60,-0.410,0.130,-9.450,0.00000,0
79.408,0.0,0.0,1.60,-0.410,0.130,-9.450,0.00000,0
79.418,0.0,0.0,1.60,-0.410,0.130,-9.450,0.00000,0
79.428,0.0,0.0,1.60,-0.410,0.130,-9.450,0.00000,0
79.439,0.0,0.0,1.60,-0.410,0.130,-9.450,0.00000,0
79.449,0.0,0.0,1.60,-0.410,0.130,-9.450,0.00000,0
79.459,0.0,0.0,1.60,-0.410,0.130,-9.450,0.00000,0
79.469,0.0,0.0,1.60,-0.410,0.130,-9.450,0.00000,0
79.479,0.0,0.0,1.60,-0.410,0.130,-9.450,0.00000,0
79.489,0.0,0.0,1.60,-0.410,0.130,-9.450,0.00000,0
79.499,0.0,0.0,1.60,-0.410,0.130,-9.450,0.00000,0
79.509,0.0,0.0,1.60,-0.410,0.130,-9.450,0.00000,0
79.520,0.0,0.0,1.60,-0.410,0.130,-9.450,0.00000,0
79.530,0.0,0.0,1.60,-0.410,0.130,-9.450,0.00000,0
79.540,0.0,0.0,1.60,-0.410,0.130,-9.450,0.00000,0
79.550,0.0,0.0,1.60,-0.410,0.130,-9.450,0.00000,0
79.560,0.0,0.0,1.60,-0.410,0.130,-9.450,0.00000,0
79.570,0.0,0.0,1.60,-0.410,0.130,-9.450,0.00000,0
79.581,0.0,0.0,1.60,-0.410,0.130,-9.450,0.00000,0
79.591,0.0,0.0,1.60,-0.410,0.130,-9.450,0.00000,0
79.601,0.0,0.0,1.60,-0.410,0.130,-9.450,0.00000,0
79.611,0.0,0.0,1.60,-0.410,0.130,-9.450,0.00000,0
79.621,0.0,0.0,1.60,-0.410,0.130,-9.450,0.00000,0
79.631,0.0,0.0,1.60,-0.410,0.130,-9.450,0.00000,0
79.641,0.0,0.0,1.60,-0.410,0.130,-9.450,0.00000,0
79.651,0.0,0.0,1.60,-0.410,0.130,-9.450,0.00000,0
79.662,0.0,0.0,1.60,-0.410,0.130,-9.450,0.00000,0
79.672,0.0,0.0,1.60,-0.410,0.130,-9.450,0.00000,0
79.682,0.0,0.0,1.60,-0.410,0.130,-9.450,0.00000,0
79.692,0.0,0.0,1.60,-0.410,0.130,-9.450,0.00000,0
79.702,0.0,0.0,1.60,-0.410,0.130,-9.450,0.00000,0
79.712,0.0,0.0,1.60,-0.410,0.130,-9.450,0.00000,0
79.722,0.0,0.0,1.60,-0.410,0.130,-9.450,0.00000,0
79.732,0.0,0.0,1.60,-0.410,0.130,-9.450,0.00000,0
79.742,0.0,0.0,1.60,-0.410,0.130,-9.450,0.00000,0
79.753,0.0,0.0,1.60,-0.410,0.130,-9.450,0.00000,0
79.763,0.0,0.0,1.60,-0.410,0.130,-9.450,0.00000,0
79.773,0.0,0.0,1.60,-0.410,0.130,-9.450,0.00000,0
79.783,0.0,0.0,1.60,-0.410,0.130,-9.450,0.00000,0
79.793,0.0,0.0,1.60,-0.410,0.130,-9.450,0.00000,0
79.803,0.0,0.0,1.60,-0.410,0.130,-9.450,0.00000,0
79.813,0.0,0.0,1.60,-0.410,0.130,-9.450,0.00000,0
79.824,0.0,0.0,1.60,-0.410,0.130,-9.450,0.00000,0
79.834,0.0,0.0,1.60,-0.410,0.130,-9.450,0.00000,0
79.844,0.0,0.0,1.60,-0.410,0.130,-9.450,0.00000,0
79.854,0.0,0.0,1.60,-0.410,0.130,-9.450,0.00000,0
79.864,0.0,0.0,1.60,-0.410,0.130,-9.450,0.00000,0
79.874,0.0,0.0,1.60,-0.410,0.130,-9.450,0.00000,0
79.884,0.0,0.0,1.60,-0.410,0.130,-9.450,0.00000,0
79.894,0.0,0.0,1.60,-0.410,0.130,-9.450,0.00000,0
79.905,0.0,0.0,1.60,-0.410,0.130,-9.450,0.00000,0
79.915,0.0,0.0,1.60,-0.410,0.130,-9.450,0.00000,0
79.925,0.0,0.0,1.60,-0.410,0.130,-9.450,0.00000,0
79.935,0.0,0.0,1.60,-0.410,0.130,-9.450,0.00000,0
79.945,0.0,0.0,1.60,-0.410,0.130,-9.450,0.00000,0
79.955,0.0,0.0,1.60,-0.410,0.130,-9.450,0.00000,0
79.965,0.0,0.0,1.60,-0.410,0.130,-9.450,0.00000,0
79.976,0.0,0.0,1.60,-0.410,0.130,-9.450,0.00000,0
79.986,0.0,0.0,1.60,-0.410,0.130,-9.450,0.00000,0
79.996,0.0,0.0,1.60,-0.410,0.130,-9.450,0.00000,0
80.006,0.0,0.0,1.60,-0.410,0.130,-9.450,0.00000,0
80.016,0.0,0.0,1.60,-0.410,0.130,-9.450,0.00000,0
80.026,0.0,0.0,1.60,-0.410,0.130,-9.450,0.00000,0
80.036,0.0,0.0,1.60,-0.410,0.130,-9.450,0.00000,0
80.046,0.0,0.0,1.60,-0.410,0.130,-9.450,0.00000,0
80.057,0.0,0.0,1.60,-0.410,0.130,-9.450,0.00000,0
80.067,0.0,0.0,1.60,-0.410,0.130,-9.450,0.00000,0
80.077,0.0,0.0,1.60,-0.410,0.130,-9.450,0.00000,0
80.087,0.0,0.0,1.60,-0.410,0.130,-9.450,0.00000,0
80.097,0.0,0.0,1.60,-0.410,0.130,-9.450,0.00000,0
80.107,0.0,0.0,1.60,-0.410,0.130,-9.450,0.00000,0
80.117,0.0,0.0,1.60,-0.410,0.130,-9.450,0.00000,0
80.128,0.0,0.0,1.60,-0.410,0.130,-9.450,0.00000,0
80.138,0.0,0.0,1.60,-0.410,0.130,-9.450,0.00000,0
80.148,0.0,0.0,1.60,-0.410,0.130,-9.450,0.00000,0
80.158,0.0,0.0,1.60,-0.410,0.130,-9.450,0.00000,0
80.168,0.0,0.0,1.60,-0.410,0.130,-9.450,0.00000,0
80.178,0.0,0.0,1.60,-0.410,0.130,-9.450,0.00000,0
80.189,0.0,0.0,1.60,-0.410,0.130,-9.450,0.00000,0
80.199,0.0,0.0,1.60,-0.410,0.130,-9.450,0.00000,0
80.209,0.0,0.0,1.60,-0.410,0.130,-9.450,0.00000,0
80.219,0.0,0.0,1.60,-0.410,0.130,-9.450,0.00000,0
80.229,0.0,0.0,1.60,-0.410,0.130,-9.450,0.00000,0
80.239,0.0,0.0,1.60,-0.410,0.130,-9.450,0.00000,0
80.249,0.0,0.0,1.60,-0.410,0.130,-9.450,0.00000,0
80.259,0.0,0.0,1.60,-0.410,0.130,-9.450,0.00000,0
80.270,0.0,0.0,1.60,-0.410,0.130,-9.450,0.00000,0
80.280,0.0,0.0,1.60,-0.410,0.130,-9.450,0.00000,0
80.290,0.0,0.0,1.60,-0.410,0.130,-9.450,0.00000,0
80.300,0.0,0.0,1.60,-0.410,0.130,-9.450,0.00000,0
80.310,0.0,0.0,1.60,-0.410,0.130,-9.450,0.00000,0
80.320,0.0,0.0,1.60,-0.410,0.130,-9.450,0.00000,0
80.330,0.0,0.0,1.60,-0.410,0.130,-9.450,0.00000,0
80.341,0.0,0.0,1.60,-0.410,0.130,-9.450,0.00000,0
80.351,0.0,0.0,1.60,-0.410,0.130,-9.450,0.00000,0
80.361,0.0,0.0,1.60,-0.410,0.130,-9.450,0.00000,0
80.371,0.0,0.0,1.60,-0.410,0.130,-9.450,0.00000,0
80.381,0.0,0.0,1.60,-0.410,0.130,-9.450,0.00000,0
80.391,0.0,0.0,1.60,-0.410,0.130,-9.450,0.00000,0
80.401,0.0,0.0,1.60,-0.410,0.130,-9.450,0.00000,0
80.412,0.0,0.0,1.60,-0.410,0.130,-9.450,0.00000,0
80.422,0.0,0.0,1.60,-0.410,0.130,-9.450,0.00000,0
80.432,0.0,0.0,1.60,-0.410,0.130,-9.450,0.00000,0
80.442,0.0,0.0,1.60,-0.410,0.130,-9.450,0.00000,0
80.452,0.0,0.0,1.60,-0.410,0.130,-9.450,0.00000,0
80.462,0.0,0.0,1.60,-0.410,0.130,-9.450,0.00000,0
80.472,0.0,0.0,1.60,-0.410,0.130,-9.450,0.00000,0
80.483,0.0,0.0,1.60,-0.410,0.130,-9.450,0.00000,0
80.493,0.0,0.0,1.60,-0.410,0.130,-9.450,0.00000,0
80.503,0.0,0.0,1.60,-0.410,0.130,-9.450,0.00000,0
80.513,0.0,0.0,1.60,-0.410,0.130,-9.450,0.00000,0
80.523,0.0,0.0,1.60,-0.410,0.130,-9.450,0.00000,0
80.533,0.0,0.0,1.60,-0.410,0.130,-9.450,0.00000,0
80.543,0.0,0.0,1.60,-0.410,0.130,-9.450,0.00000,0
80.553,0.0,0.0,1.60,-0.410,0.130,-9.450,0.00000,0
80.564,0.0,0.0,1.60,-0.410,0.130,-9.450,0.00000,0
80.574,0.0,0.0,1.60,-0.410,0.130,-9.450,0.00000,0
80.584,0.0,0.0,1.60,-0.410,0.130,-9.450,0.00000,0
80.594,0.0,0.0,1.60,-0.410,0.130,-9.450,0.00000,0
80.604,0.0,0.0,1.60,-0.410,0.130,-9.450,0.00000,0
80.614,0.0,0.0,1.60,-0.410,0.130,-9.450,0.00000,0
80.624,0.0,0.0,1.60,-0.410,0.130,-9.450,0.00000,0
80.635,0.0,0.0,1.60,-0.410,0.130,-9.450,0.00000,0
80.645,0.0,0.0,1.60,-0.410,0.130,-9.450,0.00000,0
80.655,0.0,0.0,1.60,-0.410,0.130,-9.450,0.00000,0
80.665,0.0,0.0,1.60,-0.410,0.130,-9.450,0.00000,0
80.675,0.0,0.0,1.60,-0.410,0.130,-9.450,0.00000,0
80.685,0.0,0.0,1.60,-0.410,0.130,-9.450,0.00000,0
80.695,0.0,0.0,1.60,-0.410,0.130,-9.450,0.00000,0
80.706,0.0,0.0,1.60,-0.410,0.130,-9.450,0.00000,0
80.716,0.0,0.0,1.60,-0.410,0.130,-9.450,0.00000,0
80.726,0.0,0.0,1.60,-0.410,0.130,-9.450,0.00000,0
80.736,0.0,0.0,1.60,-0.410,0.130,-9.450,0.00000,0
80.746,0.0,0.0,1.60,-0.410,0.130,-9.450,0.00000,0
80.756,0.0,0.0,1.60,-0.410,0.130,-9.450,0.00000,0
80.766,0.0,0.0,1.60,-0.410,0.130,-9.450,0.00000,0
80.776,0.0,0.0,1.60,-0.410,0.130,-9.450,0.00000,0
80.787,0.0,0.0,1.60,-0.410,0.130,-9.450,0.00000,0
80.797,0.0,0.0,1.60,-0.410,0.130,-9.450,0.00000,0
80.807,0.0,0.0,1.60,-0.410,0.130,-9.450,0.00000,0
80.817,0.0,0.0,1.60,-0.410,0.130,-9.450,0.00000,0
80.827,0.0,0.0,1.60,-0.410,0.130,-9.450,0.00000,0
80.837,0.0,0.0,1.60,-0.410,0.130,-9.450,0.00000,0
80.847,0.0,0.0,1.60,-0.410,0.130,-9.450,0.00000,0
80.857,0.0,0.0,1.60,-0.410,0.130,-9.450,0.00000,0
80.868,0.0,0.0,1.60,-0.410,0.130,-9.450,0.00000,0
80.878,0.0,0.0,1.60,-0.410,0.130,-9.450,0.00000,0
80.888,0.0,0.0,1.60,-0.410,0.130,-9.450,0.00000,0
80.898,0.0,0.0,1.60,-0.410,0.130,-9.450,0.00000,0
80.908,0.0,0.0,1.60,-0.410,0.130,-9.450,0.00000,0
80.918,0.0,0.0,1.60,-0.410,0.130,-9.450,0.00000,0
80.929,0.0,0.0,1.60,-0.410,0.130,-9.450,0.00000,0
80.939,0.0,0.0,1.60,-0.410,0.130,-9.450,0.00000,0
80.949,0.0,0.0,1.60,-0.410,0.130,-9.450,0.00000,0
80.959,0.0,0.0,1.60,-0.410,0.130,-9.450,0.00000,0
80.969,0.0,0.0,1.60,-0.410,0.130,-9.450,0.00000,0
80.979,0.0,0.0,1.60,-0.410,0.130,-9.450,0.00000,0
80.989,0.0,0.0,1.60,-0.410,0.130,-9.450,0.00000,0
80.999,0.0,0.0,1.60,-0.410,0.130,-9.450,0.00000,0
81.010,0.0,0.0,1.60,-0.410,0.130,-9.450,0.00000,0
81.020,0.0,0.0,1.60,-0.410,0.130,-9.450,0.00000,0
81.030,0.0,0.0,1.60,-0.410,0.130,-9.450,0.00000,0
81.040,0.0,0.0,1.60,-0.410,0.130,-9.450,0.00000,0
81.050,0.0,0.0,1.60,-0.410,0.130,-9.450,0.00000,0
81.060,0.0,0.0,1.60,-0.410,0.130,-9.450,0.00000,0
81.070,0.0,0.0,1.60,-0.410,0.130,-9.450,0.00000,0
81.081,0.0,0.0,1.60,-0.410,0.130,-9.450,0.00000,0
81.091,0.0,0.0,1.60,-0.410,0.130,-9.450,0.00000,0
81.101,0.0,0.0,1.60,-0.410,0.130,-9.450,0.00000,0
81.111,0.0,0.0,1.60,-0.410,0.130,-9.450,0.00000,0
81.121,0.0,0.0,1.60,-0.410,0.130,-9.450,0.00000,0
81.131,0.0,0.0,1.60,-0.410,0.130,-9.450,0.00000,0
81.141,0.0,0.0,1.60,-0.410,0.130,-9.450,0.00000,0
81.152,0.0,0.0,1.60,-0.410,0.130,-9.450,0.00000,0
81.162,0.0,0.0,1.60,-0.410,0.130,-9.450,0.00000,0
81.172,0.0,0.0,1.60,-0.410,0.130,-9.450,0.00000,0
81.182,0.0,0.0,1.60,-0.410,0.130,-9.450,0.00000,0
81.192,0.0,0.0,1.60,-0.410,0.130,-9.450,0.00000,0
81.202,0.0,0.0,1.60,-0.410,0.130,-9.450,0.00000,0
81.212,0.0,0.0,1.60,-0.410,0.130,-9.450,0.00000,0
81.223,0.0,0.0,1.60,-0.410,0.130,-9.450,0.00000,0
81.233,0.0,0.0,1.60,-0.410,0.130,-9.450,0.00000,0
81.243,0.0,0.0,1.60,-0.410,0.130,-9.450,0.00000,0
81.253,0.0,0.0,1.60,-0.410,0.130,-9.450,0.00000,0
81.263,0.0,0.0,1.60,-0.410,0.130,-9.450,0.00000,0
81.273,0.0,0.0,1.60,-0.410,0.130,-9.450,0.00000,0
81.283,0.0,0.0,1.60,-0.410,0.130,-9.450,0.00000,0
81.293,0.0,0.0,1.60,-0.410,0.130,-9.450,0.00000,0
81.304,0.0,0.0,1.60,-0.410,0.130,-9.450,0.00000,0
81.314,0.0,0.0,1.60,-0.410,0.130,-9.450,0.00000,0
81.324,0.0,0.0,1.60,-0.410,0.130,-9.450,0.00000,0
81.334,0.0,0.0,1.60,-0.410,0.130,-9.450,0.00000,0
81.344,0.0,0.0,1.60,-0.410,0.130,-9.450,0.00000,0
81.354,0.0,0.0,1.60,-0.410,0.130,-9.450,0.00000,0
81.364,0.0,0.0,1.60,-0.410,0.130,-9.450,0.00000,0
81.374,0.0,0.0,1.60,-0.410,0.130,-9.450,0.00000,0
81.385,0.0,0.0,1.60,-0.410,0.130,-9.450,0.00000,0
81.395,0.0,0.0,1.60,-0.410,0.130,-9.450,0.00000,0
81.405,0.0,0.0,1.60,-0.410,0.130,-9.450,0.00000,0
81.415,0.0,0.0,1.60,-0.410,0.130,-9.450,0.00000,0
81.425,0.0,0.0,1.60,-0.410,0.130,-9.450,0.00000,0
81.435,0.0,0.0,1.60,-0.410,0.130,-9.450,0.00000,0
81.445,0.0,0.0,1.60,-0.410,0.130,-9.450,0.00000,0
81.455,0.0,0.0,1.60,-0.410,0.130,-9.450,0.00000,0
81.466,0.0,0.0,1.60,-0.410,0.130,-9.450,0.00000,0
81.476,0.0,0.0,1.60,-0.410,0.130,-9.450,0.00000,0
81.486,0.0,0.0,1.60,-0.410,0.130,-9.450,0.00000,0
81.496,0.0,0.0,1.60,-0.410,0.130,-9.450,0.00000,0
81.506,0.0,0.0,1.60,-0.410,0.130,-9.450,0.00000,0
81.516,0.0,0.0,1.60,-0.410,0.130,-9.450,0.00000,0
81.526,0.0,0.0,1.60,-0.410,0.130,-9.450,0.00000,0
81.537,0.0,0.0,1.60,-0.410,0.130,-9.450,0.00000,0
81.547,0.0,0.0,1.60,-0.410,0.130,-9.450,0.00000,0
81.557,0.0,0.0,1.60,-0.410,0.130,-9.450,0.00000,0
81.567,0.0,0.0,1.60,-0.410,0.130,-9.450,0.00000,0
81.577,0.0,0.0,1.60,-0.410,0.130,-9.450,0.00000,0
81.587,0.0,0.0,1.60,-0.410,0.130,-9.450,0.00000,0
81.597,0.0,0.0,1.60,-0.410,0.130,-9.450,0.00000,0
81.607,0.0,0.0,1.60,-0.410,0.130,-9.450,0.00000,0
81.618,0.0,0.0,1.60,-0.410,0.130,-9.450,0.00000,0
81.628,0.0,0.0,1.60,-0.410,0.130,-9.450,0.00000,0
81.638,0.0,0.0,1.60,-0.410,0.130,-9.450,0.00000,0
81.648,0.0,0.0,1.60,-0.410,0.130,-9.450,0.00000,0
81.658,0.0,0.0,1.60,-0.410,0.130,-9.450,0.00000,0
81.668,0.0,0.0,1.60,-0.410,0.130,-9.450,0.00000,0
81.678,0.0,0.0,1.60,-0.410,0.130,-9.450,0.00000,0
81.689,0.0,0.0,1.60,-0.410,0.130,-9.450,0.00000,0
81.699,0.0,0.0,1.60,-0.410,0.130,-9.450,0.00000,0
81.709,0.0,0.0,1.60,-0.410,0.130,-9.450,0.00000,0
81.719,0.0,0.0,1.60,-0.410,0.130,-9.450,0.00000,0
81.729,0.0,0.0,1.60,-0.410,0.130,-9.450,0.00000,0
81.739,0.0,0.0,1.60,-0.410,0.130,-9.450,0.00000,0
81.749,0.0,0.0,1.60,-0.410,0.130,-9.450,0.00000,0
81.759,0.0,0.0,1.60,-0.410,0.130,-9.450,0.00000,0
81.770,0.0,0.0,1.60,-0.410,0.130,-9.450,0.00000,0
81.780,0.0,0.0,1.60,-0.410,0.130,-9.450,0.00000,0
81.790,0.0,0.0,1.60,-0.410,0.130,-9.450,0.00000,0
81.800,0.0,0.0,1.60,-0.410,0.130,-9.450,0.00000,0
81.810,0.0,0.0,1.60,-0.410,0.130,-9.450,0.00000,0
81.820,0.0,0.0,1.60,-0.410,0.130,-9.450,0.00000,0
81.831,0.0,0.0,1.60,-0.410,0.130,-9.450,0.00000,0
81.841,0.0,0.0,1.60,-0.410,0.130,-9.450,0.00000,0
81.851,0.0,0.0,1.60,-0.410,0.130,-9.450,0.00000,0
81.861,0.0,0.0,1.60,-0.410,0.130,-9.450,0.00000,0
81.871,0.0,0.0,1.60,-0.410,0.130,-9.450,0.00000,0
81.881,0.0,0.0,1.60,-0.410,0.130,-9.450,0.00000,0
81.891,0.0,0.0,1.60,-0.410,0.130,-9.450,0.00000,0
81.901,0.0,0.0,1.60,-0.410,0.130,-9.450,0.00000,0
81.912,0.0,0.0,1.60,-0.410,0.130,-9.450,0.00000,0
81.922,0.0,0.0,1.60,-0.410,0.130,-9.450,0.00000,0
81.932,0.0,0.0,1.60,-0.410,0.130,-9.450,0.00000,0
81.942,0.0,0.0,1.60,-0.410,0.130,-9.450,0.00000,0
81.952,0.0,0.0,1.60,-0.410,0.130,-9.450,0.00000,0
81.962,0.0,0.0,1.60,-0.410,0.130,-9.450,0.00000,0
81.972,0.0,0.0,1.60,-0.410,0.130,-9.450,0.00000,0
81.983,0.0,0.0,1.60,-0.410,0.130,-9.450,0.00000,0
81.993,0.0,0.0,1.60,-0.410,0.130,-9.450,0.00000,0
82.003,0.0,0.0,1.60,-0.410,0.130,-9.450,0.00000,0
82.013,0.0,0.0,1.60,-0.410,0.130,-9.450,0.00000,0
82.023,0.0,0.0,1.60,-0.410,0.130,-9.450,0.00000,0
82.033,0.0,0.0,1.60,-0.410,0.130,-9.450,0.00000,0
82.043,0.0,0.0,1.60,-0.410,0.130,-9.450,0.00000,0
82.054,0.0,0.0,1.60,-0.410,0.130,-9.450,0.00000,0
82.064,0.0,0.0,1.60,-0.410,0.130,-9.450,0.00000,0
82.074,0.0,0.0,1.60,-0.410,0.130,-9.450,0.00000,0
82.084,0.0,0.0,1.60,-0.410,0.130,-9.450,0.00000,0
82.094,0.0,0.0,1.60,-0.410,0.130,-9.450,0.00000,0
82.104,0.0,0.0,1.60,-0.410,0.130,-9.450,0.00000,0
82.114,0.0,0.0,1.60,-0.410,0.130,-9.450,0.00000,0
82.125,0.0,0.0,1.60,-0.410,0.130,-9.450,0.00000,0
82.135,0.0,0.0,1.60,-0.410,0.130,-9.450,0.00000,0
82.145,0.0,0.0,1.60,-0.410,0.130,-9.450,0.00000,0
82.155,0.0,0.0,1.60,-0.410,0.130,-9.450,0.00000,0
82.165,0.0,0.0,1.60,-0.410,0.130,-9.450,0.00000,0
82.175,0.0,0.0,1.60,-0.410,0.130,-9.450,0.00000,0
82.186,0.0,0.0,1.60,-0.410,0.130,-9.450,0.00000,0
82.196,0.0,0.0,1.60,-0.410,0.130,-9.450,0.00000,0
82.206,0.0,0.0,1.60,-0.410,0.130,-9.450,0.00000,0
82.216,0.0,0.0,1.60,-0.410,0.130,-9.450,0.00000,0
82.226,0.0,0.0,1.60,-0.410,0.130,-9.450,0.00000,0
82.236,0.0,0.0,1.60,-0.410,0.130,-9.450,0.00000,0
82.246,0.0,0.0,1.60,-0.410,0.130,-9.450,0.00000,0
82.256,0.0,0.0,1.60,-0.410,0.130,-9.450,0.00000,0
82.267,0.0,0.0,1.60,-0.410,0.130,-9.450,0.00000,0
82.277,0.0,0.0,1.60,-0.410,0.130,-9.450,0.00000,0
82.287,0.0,0.0,1.60,-0.410,0.130,-9.450,0.00000,0
82.297,0.0,0.0,1.60,-0.410,0.130,-9.450,0.00000,0
82.307,0.0,0.0,1.60,-0.410,0.130,-9.450,0.00000,0
82.317,0.0,0.0,1.60,-0.410,0.130,-9.450,0.00000,0
82.328,0.0,0.0,1.60,-0.410,0.130,-9.450,0.00000,0
82.338,0.0,0.0,1.60,-0.410,0.130,-9.450,0.00000,0
82.348,0.0,0.0,1.60,-0.410,0.130,-9.450,0.00000,0
82.358,0.0,0.0,1.60,-0.410,0.130,-9.450,0.00000,0
82.368,0.0,0.0,1.60,-0.410,0.130,-9.450,0.00000,0
82.378,0.0,0.0,1.60,-0.410,0.130,-9.450,0.00000,0
82.388,0.0,0.0,1.60,-0.410,0.130,-9.450,0.00000,0
82.398,0.0,0.0,1.60,-0.410,0.130,-9.450,0.00000,0
82.409,0.0,0.0,1.60,-0.410,0.130,-9.450,0.00000,0
82.419,0.0,0.0,1.60,-0.410,0.130,-9.450,0.00000,0
82.429,0.0,0.0,1.60,-0.410,0.130,-9.450,0.00000,0
82.439,0.0,0.0,1.60,-0.410,0.130,-9.450,0.00000,0
82.449,0.0,0.0,1.60,-0.410,0.130,-9.450,0.00000,0
82.459,0.0,0.0,1.60,-0.410,0.130,-9.450,0.00000,0
82.469,0.0,0.0,1.60,-0.410,0.130,-9.450,0.00000,0
82.480,0.0,0.0,1.60,-0.410,0.130,-9.450,0.00000,0
82.490,0.0,0.0,1.60,-0.410,0.130,-9.450,0.00000,0
82.500,0.0,0.0,1.60,-0.410,0.130,-9.450,0.00000,0
82.510,0.0,0.0,1.60,-0.410,0.130,-9.450,0.00000,0
82.520,0.0,0.0,1.60,-0.410,0.130,-9.450,0.00000,0
82.531,0.0,0.0,1.60,-0.410,0.130,-9.450,0.00000,0
82.541,0.0,0.0,1.60,-0.410,0.130,-9.450,0.00000,0
82.551,0.0,0.0,1.60,-0.410,0.130,-9.450,0.00000,0
82.561,0.0,0.0,1.60,-0.410,0.130,-9.450,0.00000,0
82.571,0.0,0.0,1.60,-0.410,0.130,-9.450,0.00000,0
82.581,0.0,0.0,1.60,-0.410,0.130,-9.450,0.00000,0
82.591,0.0,0.0,1.60,-0.410,0.130,-9.450,0.00000,0
82.601,0.0,0.0,1.60,-0.410,0.130,-9.450,0.00000,0
82.612,0.0,0.0,1.60,-0.410,0.130,-9.450,0.00000,0
82.622,0.0,0.0,1.60,-0.410,0.130,-9.450,0.00000,0
82.632,0.0,0.0,1.60,-0.410,0.130,-9.450,0.00000,0
82.642,0.0,0.0,1.60,-0.410,0.130,-9.450,0.00000,0
82.652,0.0,0.0,1.60,-0.410,0.130,-9.450,0.00000,0
82.662,0.0,0.0,1.60,-0.410,0.130,-9.450,0.00000,0
82.672,0.0,0.0,1.60,-0.410,0.130,-9.450,0.00000,0
82.683,0.0,0.0,1.60,-0.410,0.130,-9.450,0.00000,0
82.693,0.0,0.0,1.60,-0.410,0.130,-9.450,0.00000,0
82.703,0.0,0.0,1.60,-0.410,0.130,-9.450,0.00000,0
82.713,0.0,0.0,1.60,-0.410,0.130,-9.450,0.00000,0
82.723,0.0,0.0,1.60,-0.410,0.130,-9.450,0.00000,0
82.733,0.0,0.0,1.60,-0.410,0.130,-9.450,0.00000,0
82.743,0.0,0.0,1.60,-0.410,0.130,-9.450,0.00000,0
82.753,0.0,0.0,1.60,-0.410,0.130,-9.450,0.00000,0
82.764,0.0,0.0,1.60,-0.410,0.130,-9.450,0.00000,0
82.774,0.0,0.0,1.60,-0.410,0.130,-9.450,0.00000,0
82.784,0.0,0.0,1.60,-0.410,0.130,-9.450,0.00000,0
82.794,0.0,0.0,1.60,-0.410,0.130,-9.450,0.00000,0
82.804,0.0,0.0,1.60,-0.410,0.130,-9.450,0.00000,0
82.814,0.0,0.0,1.60,-0.410,0.130,-9.450,0.00000,0
82.824,0.0,0.0,1.60,-0.410,0.130,-9.450,0.00000,0
82.835,0.0,0.0,1.60,-0.410,0.130,-9.450,0.00000,0
82.845,0.0,0.0,1.60,-0.410,0.130,-9.450,0.00000,0
82.855,0.0,0.0,1.60,-0.410,0.130,-9.450,0.00000,0
82.865,0.0,0.0,1.60,-0.410,0.130,-9.450,0.00000,0
82.875,0.0,0.0,1.60,-0.410,0.130,-9.450,0.00000,0
82.885,0.0,0.0,1.60,-0.410,0.130,-9.450,0.00000,0
82.895,0.0,0.0,1.60,-0.410,0.130,-9.450,0.00000,0
82.906,0.0,0.0,1.60,-0.410,0.130,-9.450,0.00000,0
82.916,0.0,0.0,1.60,-0.410,0.130,-9.450,0.00000,0
82.926,0.0,0.0,1.60,-0.410,0.130,-9.450,0.00000,0
82.936,0.0,0.0,1.60,-0.410,0.130,-9.450,0.00000,0
82.946,0.0,0.0,1.60,-0.410,0.130,-9.450,0.00000,0
82.956,0.0,0.0,1.60,-0.410,0.130,-9.450,0.00000,0
82.966,0.0,0.0,1.60,-0.410,0.130,-9.450,0.00000,0
82.977,0.0,0.0,1.60,-0.410,0.130,-9.450,0.00000,0
82.987,0.0,0.0,1.60,-0.410,0.130,-9.450,0.00000,0
82.997,0.0,0.0,1.60,-0.410,0.130,-9.450,0.00000,0
83.007,0.0,0.0,1.60,-0.410,0.130,-9.450,0.00000,0
83.017,0.0,0.0,1.60,-0.410,0.130,-9.450,0.00000,0
83.027,0.0,0.0,1.60,-0.410,0.130,-9.450,0.00000,0
83.038,0.0,0.0,1.60,-0.410,0.130,-9.450,0.00000,0
83.048,0.0,0.0,1.60,-0.410,0.130,-9.450,0.00000,0
83.058,0.0,0.0,1.60,-0.410,0.130,-9.450,0.00000,0
83.068,0.0,0.0,1.60,-0.410,0.130,-9.450,0.00000,0
83.078,0.0,0.0,1.60,-0.410,0.130,-9.450,0.00000,0
83.088,0.0,0.0,1.60,-0.410,0.130,-9.450,0.00000,0
83.098,0.0,0.0,1.60,-0.410,0.130,-9.450,0.00000,0
83.108,0.0,0.0,1.60,-0.410,0.130,-9.450,0.00000,0
83.119,0.0,0.0,1.60,-0.410,0.130,-9.450,0.00000,0
83.129,0.0,0.0,1.60,-0.410,0.130,-9.450,0.00000,0
83.139,0.0,0.0,1.60,-0.410,0.130,-9.450,0.00000,0
83.149,0.0,0.0,1.60,-0.410,0.130,-9.450,0.00000,0
83.159,0.0,0.0,1.60,-0.410,0.130,-9.450,0.00000,0
83.169,0.0,0.0,1.60,-0.410,0.130,-9.450,0.00000,0
83.180,0.0,0.0,1.60,-0.410,0.130,-9.450,0.00000,0
83.190,0.0,0.0,1.60,-0.410,0.130,-9.450,0.00000,0
83.200,0.0,0.0,1.60,-0.410,0.130,-9.450,0.00000,0
83.210,0.0,0.0,1.60,-0.410,0.130,-9.450,0.00000,0
83.220,0.0,0.0,1.60,-0.410,0.130,-9.450,0.00000,0
83.230,0.0,0.0,1.60,-0.410,0.130,-9.450,0.00000,0
83.240,0.0,0.0,1.60,-0.410,0.130,-9.450,0.00000,0
83.250,0.0,0.0,1.60,-0.410,0.130,-9.450,0.00000,0
83.260,0.0,0.0,1.60,-0.410,0.130,-9.450,0.00000,0
83.271,0.0,0.0,1.60,-0.410,0.130,-9.450,0.00000,0
83.281,0.0,0.0,1.60,-0.410,0.130,-9.450,0.00000,0
83.291,0.0,0.0,1.60,-0.410,0.130,-9.450,0.00000,0
83.301,0.0,0.0,1.60,-0.410,0.130,-9.450,0.00000,0
83.311,0.0,0.0,1.60,-0.410,0.130,-9.450,0.00000,0
83.321,0.0,0.0,1.60,-0.410,0.130,-9.450,0.00000,0
83.331,0.0,0.0,1.60,-0.410,0.130,-9.450,0.00000,0
83.342,0.0,0.0,1.60,-0.410,0.130,-9.450,0.00000,0
83.352,0.0,0.0,1.60,-0.410,0.130,-9.450,0.00000,0
83.362,0.0,0.0,1.60,-0.410,0.130,-9.450,0.00000,0
83.372,0.0,0.0,1.60,-0.410,0.130,-9.450,0.00000,0
83.382,0.0,0.0,1.60,-0.410,0.130,-9.450,0.00000,0
83.392,0.0,0.0,1.60,-0.410,0.130,-9.450,0.00000,0
83.402,0.0,0.0,1.60,-0.410,0.130,-9.450,0.00000,0
83.412,0.0,0.0,1.60,-0.410,0.130,-9.450,0.00000,0
83.423,0.0,0.0,1.60,-0.410,0.130,-9.450,0.00000,0
83.433,0.0,0.0,1.60,-0.410,0.130,-9.450,0.00000,0
83.443,0.0,0.0,1.60,-0.410,0.130,-9.450,0.00000,0
83.453,0.0,0.0,1.60,-0.410,0.130,-9.450,0.00000,0
83.463,0.0,0.0,1.60,-0.410,0.130,-9.450,0.00000,0
83.473,0.0,0.0,1.60,-0.410,0.130,-9.450,0.00000,0
83.483,0.0,0.0,1.60,-0.410,0.130,-9.450,0.00000,0
83.494,0.0,0.0,1.60,-0.410,0.130,-9.450,0.00000,0
83.504,0.0,0.0,1.60,-0.410,0.130,-9.450,0.00000,0
83.514,0.0,0.0,1.60,-0.410,0.130,-9.450,0.00000,0
83.524,0.0,0.0,1.60,-0.410,0.130,-9.450,0.00000,0
83.534,0.0,0.0,1.60,-0.410,0.130,-9.450,0.00000,0
83.544,0.0,0.0,1.60,-0.410,0.130,-9.450,0.00000,0
83.554,0.0,0.0,1.60,-0.410,0.130,-9.450,0.00000,0
83.564,0.0,0.0,1.60,-0.410,0.130,-9.450,0.00000,0
83.575,0.0,0.0,1.60,-0.410,0.130,-9.450,0.00000,0
83.585,0.0,0.0,1.60,-0.410,0.130,-9.450,0.00000,0
83.595,0.0,0.0,1.60,-0.410,0.130,-9.450,0.00000,0
83.605,0.0,0.0,1.60,-0.410,0.130,-9.450,0.00000,0
83.615,0.0,0.0,1.60,-0.410,0.130,-9.450,0.00000,0
83.625,0.0,0.0,1.60,-0.410,0.130,-9.450,0.00000,0
83.636,0.0,0.0,1.60,-0.410,0.130,-9.450,0.00000,0
83.646,0.0,0.0,1.60,-0.410,0.130,-9.450,0.00000,0
83.656,0.0,0.0,1.60,-0.410,0.130,-9.450,0.00000,0
83.666,0.0,0.0,1.60,-0.410,0.130,-9.450,0.00000,0
83.676,0.0,0.0,1.60,-0.410,0.130,-9.450,0.00000,0
83.686,0.0,0.0,1.60,-0.410,0.130,-9.450,0.00000,0
83.696,0.0,0.0,1.60,-0.410,0.130,-9.450,0.00000,0
83.706,0.0,0.0,1.60,-0.410,0.130,-9.450,0.00000,0
83.717,0.0,0.0,1.60,-0.410,0.130,-9.450,0.00000,0
83.727,0.0,0.0,1.60,-0.410,0.130,-9.450,0.00000,0
83.737,0.0,0.0,1.60,-0.410,0.130,-9.450,0.00000,0
83.747,0.0,0.0,1.60,-0.410,0.130,-9.450,0.00000,0
83.757,0.0,0.0,1.60,-0.410,0.130,-9.450,0.00000,0
83.767,0.0,0.0,1.60,-0.410,0.130,-9.450,0.00000,0
83.777,0.0,0.0,1.60,-0.410,0.130,-9.450,0.00000,0
83.788,0.0,0.0,1.60,-0.410,0.130,-9.450,0.00000,0
83.798,0.0,0.0,1.60,-0.410,0.130,-9.450,0.00000,0
83.808,0.0,0.0,1.60,-0.410,0.130,-9.450,0.00000,0
83.818,0.0,0.0,1.60,-0.410,0.130,-9.450,0.00000,0
83.828,0.0,0.0,1.60,-0.410,0.130,-9.450,0.00000,0
83.838,0.0,0.0,1.60,-0.410,0.130,-9.450,0.00000,0
83.848,0.0,0.0,1.60,-0.410,0.130,-9.450,0.00000,0
83.858,0.0,0.0,1.60,-0.410,0.130,-9.450,0.00000,0
83.869,0.0,0.0,1.60,-0.410,0.130,-9.450,0.00000,0
83.879,0.0,0.0,1.60,-0.410,0.130,-9.450,0.00000,0
83.889,0.0,0.0,1.60,-0.410,0.130,-9.450,0.00000,0
83.899,0.0,0.0,1.60,-0.410,0.130,-9.450,0.00000,0
83.909,0.0,0.0,1.60,-0.410,0.130,-9.450,0.00000,0
83.919,0.0,0.0,1.60,-0.410,0.130,-9.450,0.00000,0
83.929,0.0,0.0,1.60,-0.410,0.130,-9.450,0.00000,0
83.940,0.0,0.0,1.60,-0.410,0.130,-9.450,0.00000,0
83.950,0.0,0.0,1.60,-0.410,0.130,-9.450,0.00000,0
83.960,0.0,0.0,1.60,-0.410,0.130,-9.450,0.00000,0
83.970,0.0,0.0,1.60,-0.410,0.130,-9.450,0.00000,0
83.980,0.0,0.0,1.60,-0.410,0.130,-9.450,0.00000,0
83.990,0.0,0.0,1.60,-0.410,0.130,-9.450,0.00000,0
84.000,0.0,0.0,1.60,-0.410,0.130,-9.450,0.00000,0
84.010,0.0,0.0,1.60,-0.410,0.130,-9.450,0.00000,0
84.021,0.0,0.0,1.60,-0.410,0.130,-9.450,0.00000,0
84.031,0.0,0.0,1.60,-0.410,0.130,-9.450,0.00000,0
84.041,0.0,0.0,1.60,-0.410,0.130,-9.450,0.00000,0
84.051,0.0,0.0,1.60,-0.410,0.130,-9.450,0.00000,0
84.061,0.0,0.0,1.60,-0.410,0.130,-9.450,0.00000,0
84.071,0.0,0.0,1.60,-0.410,0.130,-9.450,0.00000,0
84.081,0.0,0.0,1.60,-0.410,0.130,-9.450,0.00000,0
84.092,0.0,0.0,1.60,-0.410,0.130,-9.450,0.00000,0
84.102,0.0,0.0,1.60,-0.410,0.130,-9.450,0.00000,0
84.112,0.0,0.0,1.60,-0.410,0.130,-9.450,0.00000,0
84.122,0.0,0.0,1.60,-0.410,0.130,-9.450,0.00000,0
84.132,0.0,0.0,1.60,-0.410,0.130,-9.450,0.00000,0
84.142,0.0,0.0,1.60,-0.410,0.130,-9.450,0.00000,0
84.152,0.0,0.0,1.60,-0.410,0.130,-9.450,0.00000,0
84.164,0.0,0.0,1.60,-0.410,0.130,-9.450,0.00000,0
84.174,0.0,0.0,1.60,-0.410,0.130,-9.450,0.00000,0
84.184,0.0,0.0,1.60,-0.410,0.130,-9.450,0.00000,0
84.194,0.0,0.0,1.60,-0.410,0.130,-9.450,0.00000,0
84.204,0.0,0.0,1.60,-0.410,0.130,-9.450,0.00000,0
84.215,0.0,0.0,1.60,-0.410,0.130,-9.450,0.00000,0
84.225,0.0,0.0,1.60,-0.410,0.130,-9.450,0.00000,0
84.235,0.0,0.0,1.60,-0.410,0.130,-9.450,0.00000,0
84.245,0.0,0.0,1.60,-0.410,0.130,-9.450,0.00000,0
84.255,0.0,0.0,1.60,-0.410,0.130,-9.450,0.00000,0
84.266,0.0,0.0,1.60,-0.410,0.130,-9.450,0.00000,0
84.276,0.0,0.0,1.60,-0.410,0.130,-9.450,0.00000,0
84.286,0.0,0.0,1.60,-0.410,0.130,-9.450,0.00000,0
84.296,0.0,0.0,1.60,-0.410,0.130,-9.450,0.00000,0
84.306,0.0,0.0,1.60,-0.410,0.130,-9.450,0.00000,0
84.316,0.0,0.0,1.60,-0.410,0.130,-9.450,0.00000,0
84.326,0.0,0.0,1.60,-0.410,0.130,-9.450,0.00000,0
84.337,0.0,0.0,1.60,-0.410,0.130,-9.450,0.00000,0
84.347,0.0,0.0,1.60,-0.410,0.130,-9.450,0.00000,0
84.357,0.0,0.0,1.60,-0.410,0.130,-9.450,0.00000,0
84.367,0.0,0.0,1.60,-0.410,0.130,-9.450,0.00000,0
84.377,0.0,0.0,1.60,-0.410,0.130,-9.450,0.00000,0
84.387,0.0,0.0,1.60,-0.410,0.130,-9.450,0.00000,0
84.397,0.0,0.0,1.60,-0.410,0.130,-9.450,0.00000,0
84.408,0.0,0.0,1.60,-0.410,0.130,-9.450,0.00000,0
84.418,0.0,0.0,1.60,-0.410,0.130,-9.450,0.00000,0
84.428,0.0,0.0,1.60,-0.410,0.130,-9.450,0.00000,0
84.438,0.0,0.0,1.60,-0.410,0.130,-9.450,0.00000,0
84.448,0.0,0.0,1.60,-0.410,0.130,-9.450,0.00000,0
84.458,0.0,0.0,1.60,-0.410,0.130,-9.450,0.00000,0
84.468,0.0,0.0,1.60,-0.410,0.130,-9.450,0.00000,0
84.479,0.0,0.0,1.60,-0.410,0.130,-9.450,0.00000,0
84.489,0.0,0.0,1.60,-0.410,0.130,-9.450,0.00000,0
84.499,0.0,0.0,1.60,-0.410,0.130,-9.450,0.00000,0
84.509,0.0,0.0,1.60,-0.410,0.130,-9.450,0.00000,0
84.519,0.0,0.0,1.60,-0.410,0.130,-9.450,0.00000,0
84.529,0.0,0.0,1.60,-0.410,0.130,-9.450,0.00000,0
84.539,0.0,0.0,1.60,-0.410,0.130,-9.450,0.00000,0
84.549,0.0,0.0,1.60,-0.410,0.130,-9.450,0.00000,0
84.560,0.0,0.0,1.60,-0.410,0.130,-9.450,0.00000,0
84.570,0.0,0.0,1.60,-0.410,0.130,-9.450,0.00000,0
84.580,0.0,0.0,1.60,-0.410,0.130,-9.450,0.00000,0
84.590,0.0,0.0,1.60,-0.410,0.130,-9.450,0.00000,0
84.600,0.0,0.0,1.60,-0.410,0.130,-9.450,0.00000,0
84.610,0.0,0.0,1.60,-0.410,0.130,-9.450,0.00000,0
84.620,0.0,0.0,1.60,-0.410,0.130,-9.450,0.00000,0
84.631,0.0,0.0,1.60,-0.410,0.130,-9.450,0.00000,0
84.641,0.0,0.0,1.60,-0.410,0.130,-9.450,0.00000,0
84.651,0.0,0.0,1.60,-0.410,0.130,-9.450,0.00000,0
84.661,0.0,0.0,1.60,-0.410,0.130,-9.450,0.00000,0
84.671,0.0,0.0,1.60,-0.410,0.130,-9.450,0.00000,0
84.681,0.0,0.0,1.60,-0.410,0.130,-9.450,0.00000,0
84.692,0.0,0.0,1.60,-0.410,0.130,-9.450,0.00000,0
84.702,0.0,0.0,1.60,-0.410,0.130,-9.450,0.00000,0
84.712,0.0,0.0,1.60,-0.410,0.130,-9.450,0.00000,0
84.722,0.0,0.0,1.60,-0.410,0.130,-9.450,0.00000,0
84.732,0.0,0.0,1.60,-0.410,0.130,-9.450,0.00000,0
84.742,0.0,0.0,1.60,-0.410,0.130,-9.450,0.00000,0
84.752,0.0,0.0,1.60,-0.410,0.130,-9.450,0.00000,0
84.762,0.0,0.0,1.60,-0.410,0.130,-9.450,0.00000,0
84.773,0.0,0.0,1.60,-0.410,0.130,-9.450,0.00000,0
84.783,0.0,0.0,1.60,-0.410,0.130,-9.450,0.00000,0
84.793,0.0,0.0,1.60,-0.410,0.130,-9.450,0.00000,0
84.803,0.0,0.0,1.60,-0.410,0.130,-9.450,0.00000,0
84.813,0.0,0.0,1.60,-0.410,0.130,-9.450,0.00000,0
84.823,0.0,0.0,1.60,-0.410,0.130,-9.450,0.00000,0
84.833,0.0,0.0,1.60,-0.410,0.130,-9.450,0.00000,0
84.843,0.0,0.0,1.60,-0.410,0.130,-9.450,0.00000,0
84.854,0.0,0.0,1.60,-0.410,0.130,-9.450,0.00000,0
84.864,0.0,0.0,1.60,-0.410,0.130,-9.450,0.00000,0
84.874,0.0,0.0,1.60,-0.410,0.130,-9.450,0.00000,0
84.884,0.0,0.0,1.60,-0.410,0.130,-9.450,0.00000,0
84.894,0.0,0.0,1.60,-0.410,0.130,-9.450,0.00000,0
84.904,0.0,0.0,1.60,-0.410,0.130,-9.450,0.00000,0
84.915,0.0,0.0,1.60,-0.410,0.130,-9.450,0.00000,0
84.925,0.0,0.0,1.60,-0.410,0.130,-9.450,0.00000,0
84.936,0.0,0.0,1.60,-0.410,0.130,-9.450,0.00000,0
84.946,0.0,0.0,1.60,-0.410,0.130,-9.450,0.00000,0
84.956,0.0,0.0,1.60,-0.410,0.130,-9.450,0.00000,0
84.966,0.0,0.0,1.60,-0.410,0.130,-9.450,0.00000,0
84.976,0.0,0.0,1.60,-0.410,0.130,-9.450,0.00000,0
84.986,0.0,0.0,1.60,-0.410,0.130,-9.450,0.00000,0
84.996,0.0,0.0,1.60,-0.410,0.130,-9.450,0.00000,0
85.007,0.0,0.0,1.60,-0.410,0.130,-9.450,0.00000,0
85.017,0.0,0.0,1.60,-0.410,0.130,-9.450,0.00000,0
85.027,0.0,0.0,1.60,-0.410,0.130,-9.450,0.00000,0
85.037,0.0,0.0,1.60,-0.410,0.130,-9.450,0.00000,0
85.047,0.0,0.0,1.60,-0.410,0.130,-9.450,0.00000,0
85.057,0.0,0.0,1.60,-0.410,0.130,-9.450,0.00000,0
85.067,0.0,0.0,1.60,-0.410,0.130,-9.450,0.00000,0
85.078,0.0,0.0,1.60,-0.410,0.130,-9.450,0.00000,0
85.088,0.0,0.0,1.60,-0.410,0.130,-9.450,0.00000,0
85.098,0.0,0.0,1.60,-0.410,0.130,-9.450,0.00000,0
85.108,0.0,0.0,1.60,-0.410,0.130,-9.450,0.00000,0
85.118,0.0,0.0,1.60,-0.410,0.130,-9.450,0.00000,0
85.128,0.0,0.0,1.60,-0.410,0.130,-9.450,0.00000,0
85.138,0.0,0.0,1.60,-0.410,0.130,-9.450,0.00000,0
85.149,0.0,0.0,1.60,-0.410,0.130,-9.450,0.00000,0
85.159,0.0,0.0,1.60,-0.410,0.130,-9.450,0.00000,0
85.169,0.0,0.0,1.60,-0.410,0.130,-9.450,0.00000,0
85.179,0.0,0.0,1.60,-0.410,0.130,-9.450,0.00000,0
85.189,0.0,0.0,1.60,-0.410,0.130,-9.450,0.00000,0
85.199,0.0,0.0,1.60,-0.410,0.130,-9.450,0.00000,0
85.209,0.0,0.0,1.60,-0.410,0.130,-9.450,0.00000,0
85.220,0.0,0.0,1.60,-0.410,0.130,-9.450,0.00000,0
85.230,0.0,0.0,1.60,-0.410,0.130,-9.450,0.00000,0
85.240,0.0,0.0,1.60,-0.410,0.130,-9.450,0.00000,0
85.250,0.0,0.0,1.60,-0.410,0.130,-9.450,0.00000,0
85.260,0.0,0.0,1.60,-0.410,0.130,-9.450,0.00000,0
85.270,0.0,0.0,1.60,-0.410,0.130,-9.450,0.00000,0
85.280,0.0,0.0,1.60,-0.410,0.130,-9.450,0.00000,0
85.291,0.0,0.0,1.60,-0.410,0.130,-9.450,0.00000,0
85.301,0.0,0.0,1.60,-0.410,0.130,-9.450,0.00000,0
85.311,0.0,0.0,1.60,-0.410,0.130,-9.450,0.00000,0
85.321,0.0,0.0,1.60,-0.410,0.130,-9.450,0.00000,0
85.331,0.0,0.0,1.60,-0.410,0.130,-9.450,0.00000,0
85.341,0.0,0.0,1.60,-0.410,0.130,-9.450,0.00000,0
85.351,0.0,0.0,1.60,-0.410,0.130,-9.450,0.00000,0
85.361,0.0,0.0,1.60,-0.410,0.130,-9.450,0.00000,0
85.372,0.0,0.0,1.60,-0.410,0.130,-9.450,0.00000,0
85.382,0.0,0.0,1.60,-0.410,0.130,-9.450,0.00000,0
85.392,0.0,0.0,1.60,-0.410,0.130,-9.450,0.00000,0
85.402,0.0,0.0,1.60,-0.410,0.130,-9.450,0.00000,0
85.412,0.0,0.0,1.60,-0.410,0.130,-9.450,0.00000,0
85.422,0.0,0.0,1.60,-0.410,0.130,-9.450,0.00000,0
85.432,0.0,0.0,1.60,-0.410,0.130,-9.450,0.00000,0
85.443,0.0,0.0,1.60,-0.410,0.130,-9.450,0.00000,0
85.453,0.0,0.0,1.60,-0.410,0.130,-9.450,0.00000,0
85.463,0.0,0.0,1.60,-0.410,0.130,-9.450,0.00000,0
85.473,0.0,0.0,1.60,-0.410,0.130,-9.450,0.00000,0
85.483,0.0,0.0,1.60,-0.410,0.130,-9.450,0.00000,0
85.493,0.0,0.0,1.60,-0.410,0.130,-9.450,0.00000,0
85.503,0.0,0.0,1.60,-0.410,0.130,-9.450,0.00000,0
85.513,0.0,0.0,1.60,-0.410,0.130,-9.450,0.00000,0
85.524,0.0,0.0,1.60,-0.410,0.130,-9.450,0.00000,0
85.534,0.0,0.0,1.60,-0.410,0.130,-9.450,0.00000,0
85.544,0.0,0.0,1.60,-0.410,0.130,-9.450,0.00000,0
85.554,0.0,0.0,1.60,-0.410,0.130,-9.450,0.00000,0
85.564,0.0,0.0,1.60,-0.410,0.130,-9.450,0.00000,0
85.574,0.0,0.0,1.60,-0.410,0.130,-9.450,0.00000,0
85.584,0.0,0.0,1.60,-0.410,0.130,-9.450,0.00000,0
85.595,0.0,0.0,1.60,-0.410,0.130,-9.450,0.00000,0
85.605,0.0,0.0,1.60,-0.410,0.130,-9.450,0.00000,0
85.615,0.0,0.0,1.60,-0.410,0.130,-9.450,0.00000,0
85.625,0.0,0.0,1.60,-0.410,0.130,-9.450,0.00000,0
85.635,0.0,0.0,1.60,-0.410,0.130,-9.450,0.00000,0
85.645,0.0,0.0,1.60,-0.410,0.130,-9.450,0.00000,0
85.655,0.0,0.0,1.60,-0.410,0.130,-9.450,0.00000,0
85.665,0.0,0.0,1.60,-0.410,0.130,-9.450,0.00000,0
85.676,0.0,0.0,1.60,-0.410,0.130,-9.450,0.00000,0
85.686,0.0,0.0,1.60,-0.410,0.130,-9.450,0.00000,0
85.696,0.0,0.0,1.60,-0.410,0.130,-9.450,0.00000,0
85.706,0.0,0.0,1.60,-0.410,0.130,-9.450,0.00000,0
85.716,0.0,0.0,1.60,-0.410,0.130,-9.450,0.00000,0
85.726,0.0,0.0,1.60,-0.410,0.130,-9.450,0.00000,0
85.737,0.0,0.0,1.60,-0.410,0.130,-9.450,0.00000,0
85.747,0.0,0.0,1.60,-0.410,0.130,-9.450,0.00000,0
85.757,0.0,0.0,1.60,-0.410,0.130,-9.450,0.00000,0
85.767,0.0,0.0,1.60,-0.410,0.130,-9.450,0.00000,0
85.777,0.0,0.0,1.60,-0.410,0.130,-9.450,0.00000,0
85.787,0.0,0.0,1.60,-0.410,0.130,-9.450,0.00000,0
85.798,0.0,0.0,1.60,-0.410,0.130,-9.450,0.00000,0
85.808,0.0,0.0,1.60,-0.410,0.130,-9.450,0.00000,0
85.818,0.0,0.0,1.60,-0.410,0.130,-9.450,0.00000,0
85.828,0.0,0.0,1.60,-0.410,0.130,-9.450,0.00000,0
85.838,0.0,0.0,1.60,-0.410,0.130,-9.450,0.00000,0
85.849,0.0,0.0,1.60,-0.410,0.130,-9.450,0.00000,0
85.859,0.0,0.0,1.60,-0.410,0.130,-9.450,0.00000,0
85.869,0.0,0.0,1.60,-0.410,0.130,-9.450,0.00000,0
85.879,0.0,0.0,1.60,-0.410,0.130,-9.450,0.00000,0
85.889,0.0,0.0,1.60,-0.410,0.130,-9.450,0.00000,0
85.899,0.0,0.0,1.60,-0.410,0.130,-9.450,0.00000,0
85.909,0.0,0.0,1.60,-0.410,0.130,-9.450,0.00000,0
85.919,0.0,0.0,1.60,-0.410,0.130,-9.450,0.00000,0
85.930,0.0,0.0,1.60,-0.410,0.130,-9.450,0.00000,0
85.940,0.0,0.0,1.60,-0.410,0.130,-9.450,0.00000,0
85.950,0.0,0.0,1.60,-0.410,0.130,-9.450,0.00000,0
85.960,0.0,0.0,1.60,-0.410,0.130,-9.450,0.00000,0
85.970,0.0,0.0,1.60,-0.410,0.130,-9.450,0.00000,0
85.980,0.0,0.0,1.60,-0.410,0.130,-9.450,0.00000,0
85.990,0.0,0.0,1.60,-0.410,0.130,-9.450,0.00000,0
86.000,0.0,0.0,1.60,-0.410,0.130,-9.450,0.00000,0
86.011,0.0,0.0,1.60,-0.410,0.130,-9.450,0.00000,0
86.021,0.0,0.0,1.60,-0.410,0.130,-9.450,0.00000,0
86.031,0.0,0.0,1.60,-0.410,0.130,-9.450,0.00000,0
86.041,0.0,0.0,1.60,-0.410,0.130,-9.450,0.00000,0
86.051,0.0,0.0,1.60,-0.410,0.130,-9.450,0.00000,0
86.061,0.0,0.0,1.60,-0.410,0.130,-9.450,0.00000,0
86.071,0.0,0.0,1.60,-0.410,0.130,-9.450,0.00000,0
86.082,0.0,0.0,1.60,-0.410,0.130,-9.450,0.00000,0
86.092,0.0,0.0,1.60,-0.410,0.130,-9.450,0.00000,0
86.102,0.0,0.0,1.60,-0.410,0.130,-9.450,0.00000,0
86.112,0.0,0.0,1.60,-0.410,0.130,-9.450,0.00000,0
86.122,0.0,0.0,1.60,-0.410,0.130,-9.450,0.00000,0
86.132,0.0,0.0,1.60,-0.410,0.130,-9.450,0.00000,0
86.143,0.0,0.0,1.60,-0.410,0.130,-9.450,0.00000,0
86.153,0.0,0.0,1.60,-0.410,0.130,-9.450,0.00000,0
86.163,0.0,0.0,1.60,-0.410,0.130,-9.450,0.00000,0
86.173,0.0,0.0,1.60,-0.410,0.130,-9.450,0.00000,0
86.183,0.0,0.0,1.60,-0.410,0.130,-9.450,0.00000,0
86.193,0.0,0.0,1.60,-0.410,0.130,-9.450,0.00000,0
86.203,0.0,0.0,1.60,-0.410,0.130,-9.450,0.00000,0
86.214,0.0,0.0,1.60,-0.410,0.130,-9.450,0.00000,0
86.224,0.0,0.0,1.60,-0.410,0.130,-9.450,0.00000,0
86.234,0.0,0.0,1.60,-0.410,0.130,-9.450,0.00000,0
86.244,0.0,0.0,1.60,-0.410,0.130,-9.450,0.00000,0
86.254,0.0,0.0,1.60,-0.410,0.130,-9.450,0.00000,0
86.264,0.0,0.0,1.60,-0.410,0.130,-9.450,0.00000,0
86.274,0.0,0.0,1.60,-0.410,0.130,-9.450,0.00000,0
86.285,0.0,0.0,1.60,-0.410,0.130,-9.450,0.00000,0
86.295,0.0,0.0,1.60,-0.410,0.130,-9.450,0.00000,0
86.305,0.0,0.0,1.60,-0.410,0.130,-9.450,0.00000,0
86.315,0.0,0.0,1.60,-0.410,0.130,-9.450,0.00000,0
86.325,0.0,0.0,1.60,-0.410,0.130,-9.450,0.00000,0
86.335,0.0,0.0,1.60,-0.410,0.130,-9.450,0.00000,0
86.345,0.0,0.0,1.60,-0.410,0.130,-9.450,0.00000,0
86.355,0.0,0.0,1.60,-0.410,0.130,-9.450,0.00000,0
86.366,0.0,0.0,1.60,-0.410,0.130,-9.450,0.00000,0
86.376,0.0,0.0,1.60,-0.410,0.130,-9.450,0.00000,0
86.386,0.0,0.0,1.60,-0.410,0.130,-9.450,0.00000,0
86.396,0.0,0.0,1.60,-0.410,0.130,-9.450,0.00000,0
86.406,0.0,0.0,1.60,-0.410,0.130,-9.450,0.00000,0
86.416,0.0,0.0,1.60,-0.410,0.130,-9.450,0.00000,0
86.426,0.0,0.0,1.60,-0.410,0.130,-9.450,0.00000,0
86.437,0.0,0.0,1.60,-0.410,0.130,-9.450,0.00000,0
86.447,0.0,0.0,1.60,-0.410,0.130,-9.450,0.00000,0
86.457,0.0,0.0,1.60,-0.410,0.130,-9.450,0.00000,0
86.467,0.0,0.0,1.60,-0.410,0.130,-9.450,0.00000,0
86.477,0.0,0.0,1.60,-0.410,0.130,-9.450,0.00000,0
86.487,0.0,0.0,1.60,-0.410,0.130,-9.450,0.00000,0
86.497,0.0,0.0,1.60,-0.410,0.130,-9.450,0.00000,0
86.507,0.0,0.0,1.60,-0.410,0.130,-9.450,0.00000,0
86.518,0.0,0.0,1.60,-0.410,0.130,-9.450,0.00000,0
86.528,0.0,0.0,1.60,-0.410,0.130,-9.450,0.00000,0
86.538,0.0,0.0,1.60,-0.410,0.130,-9.450,0.00000,0
86.548,0.0,0.0,1.60,-0.410,0.130,-9.450,0.00000,0
86.558,0.0,0.0,1.60,-0.410,0.130,-9.450,0.00000,0
86.569,0.0,0.0,1.60,-0.410,0.130,-9.450,0.00000,0
86.579,0.0,0.0,1.60,-0.410,0.130,-9.450,0.00000,0
86.589,0.0,0.0,1.60,-0.410,0.130,-9.450,0.00000,0
86.599,0.0,0.0,1.60,-0.410,0.130,-9.450,0.00000,0
86.609,0.0,0.0,1.60,-0.410,0.130,-9.450,0.00000,0
86.619,0.0,0.0,1.60,-0.410,0.130,-9.450,0.00000,0
86.629,0.0,0.0,1.60,-0.410,0.130,-9.450,0.00000,0
86.640,0.0,0.0,1.60,-0.410,0.130,-9.450,0.00000,0
86.650,0.0,0.0,1.60,-0.410,0.130,-9.450,0.00000,0
86.660,0.0,0.0,1.60,-0.410,0.130,-9.450,0.00000,0
86.670,0.0,0.0,1.60,-0.410,0.130,-9.450,0.00000,0
86.680,0.0,0.0,1.60,-0.410,0.130,-9.450,0.00000,0
86.690,0.0,0.0,1.60,-0.410,0.130,-9.450,0.00000,0
86.700,0.0,0.0,1.60,-0.410,0.130,-9.450,0.00000,0
86.711,0.0,0.0,1.60,-0.410,0.130,-9.450,0.00000,0
86.721,0.0,0.0,1.60,-0.410,0.130,-9.450,0.00000,0
86.731,0.0,0.0,1.60,-0.410,0.130,-9.450,0.00000,0
86.741,0.0,0.0,1.60,-0.410,0.130,-9.450,0.00000,0
86.751,0.0,0.0,1.60,-0.410,0.130,-9.450,0.00000,0
86.761,0.0,0.0,1.60,-0.410,0.130,-9.450,0.00000,0
86.771,0.0,0.0,1.60,-0.410,0.130,-9.450,0.00000,0
86.782,0.0,0.0,1.60,-0.410,0.130,-9.450,0.00000,0
86.792,0.0,0.0,1.60,-0.410,0.130,-9.450,0.00000,0
86.802,0.0,0.0,1.60,-0.410,0.130,-9.450,0.00000,0
86.812,0.0,0.0,1.60,-0.410,0.130,-9.450,0.00000,0
86.822,0.0,0.0,1.60,-0.410,0.130,-9.450,0.00000,0
86.832,0.0,0.0,1.60,-0.410,0.130,-9.450,0.00000,0
86.842,0.0,0.0,1.60,-0.410,0.130,-9.450,0.00000,0
86.852,0.0,0.0,1.60,-0.410,0.130,-9.450,0.00000,0
86.863,0.0,0.0,1.60,-0.410,0.130,-9.450,0.00000,0
86.873,0.0,0.0,1.60,-0.410,0.130,-9.450,0.00000,0
86.883,0.0,0.0,1.60,-0.410,0.130,-9.450,0.00000,0
86.893,0.0,0.0,1.60,-0.410,0.130,-9.450,0.00000,0
86.903,0.0,0.0,1.60,-0.410,0.130,-9.450,0.00000,0
86.913,0.0,0.0,1.60,-0.410,0.130,-9.450,0.00000,0
86.923,0.0,0.0,1.60,-0.410,0.130,-9.450,0.00000,0
86.934,0.0,0.0,1.60,-0.410,0.130,-9.450,0.00000,0
86.944,0.0,0.0,1.60,-0.410,0.130,-9.450,0.00000,0
86.954,0.0,0.0,1.60,-0.410,0.130,-9.450,0.00000,0
86.964,0.0,0.0,1.60,-0.410,0.130,-9.450,0.00000,0
86.974,0.0,0.0,1.60,-0.410,0.130,-9.450,0.00000,0
86.984,0.0,0.0,1.60,-0.410,0.130,-9.450,0.00000,0
86.994,0.0,0.0,1.60,-0.410,0.130,-9.450,0.00000,0
87.004,0.0,0.0,1.60,-0.410,0.130,-9.450,0.00000,0
87.015,0.0,0.0,1.60,-0.410,0.130,-9.450,0.00000,0
87.025,0.0,0.0,1.60,-0.410,0.130,-9.450,0.00000,0
87.035,0.0,0.0,1.60,-0.410,0.130,-9.450,0.00000,0
87.045,0.0,0.0,1.60,-0.410,0.130,-9.450,0.00000,0
87.055,0.0,0.0,1.60,-0.410,0.130,-9.450,0.00000,0
87.065,0.0,0.0,1.60,-0.410,0.130,-9.450,0.00000,0
87.075,0.0,0.0,1.60,-0.410,0.130,-9.450,0.00000,0
87.085,0.0,0.0,1.60,-0.410,0.130,-9.450,0.00000,0
87.096,0.0,0.0,1.60,-0.410,0.130,-9.450,0.00000,0
87.106,0.0,0.0,1.60,-0.410,0.130,-9.450,0.00000,0
87.116,0.0,0.0,1.60,-0.410,0.130,-9.450,0.00000,0
87.126,0.0,0.0,1.60,-0.410,0.130,-9.450,0.00000,0
87.136,0.0,0.0,1.60,-0.410,0.130,-9.450,0.00000,0
87.146,0.0,0.0,1.60,-0.410,0.130,-9.450,0.00000,0
87.156,0.0,0.0,1.60,-0.410,0.130,-9.450,0.00000,0
87.166,0.0,0.0,1.60,-0.410,0.130,-9.450,0.00000,0
87.177,0.0,0.0,1.60,-0.410,0.130,-9.450,0.00000,0
87.187,0.0,0.0,1.60,-0.410,0.130,-9.450,0.00000,0
87.197,0.0,0.0,1.60,-0.410,0.130,-9.450,0.00000,0
87.207,0.0,0.0,1.60,-0.410,0.130,-9.450,0.00000,0
87.217,0.0,0.0,1.60,-0.410,0.130,-9.450,0.00000,0
87.228,0.0,0.0,1.60,-0.410,0.130,-9.450,0.00000,0
87.238,0.0,0.0,1.60,-0.410,0.130,-9.450,0.00000,0
87.248,0.0,0.0,1.60,-0.410,0.130,-9.450,0.00000,0
87.258,0.0,0.0,1.60,-0.410,0.130,-9.450,0.00000,0
87.268,0.0,0.0,1.60,-0.410,0.130,-9.450,0.00000,0
87.278,0.0,0.0,1.60,-0.410,0.130,-9.450,0.00000,0
87.288,0.0,0.0,1.60,-0.410,0.130,-9.450,0.00000,0
87.298,0.0,0.0,1.60,-0.410,0.130,-9.450,0.00000,0
87.309,0.0,0.0,1.60,-0.410,0.130,-9.450,0.00000,0
87.319,0.0,0.0,1.60,-0.410,0.130,-9.450,0.00000,0
87.329,0.0,0.0,1.60,-0.410,0.130,-9.450,0.00000,0
87.339,0.0,0.0,1.60,-0.410,0.130,-9.450,0.00000,0
87.349,0.0,0.0,1.60,-0.410,0.130,-9.450,0.00000,0
87.359,0.0,0.0,1.60,-0.410,0.130,-9.450,0.00000,0
87.369,0.0,0.0,1.60,-0.410,0.130,-9.450,0.00000,0
87.380,0.0,0.0,1.60,-0.410,0.130,-9.450,0.00000,0
87.390,0.0,0.0,1.60,-0.410,0.130,-9.450,0.00000,0
87.400,0.0,0.0,1.60,-0.410,0.130,-9.450,0.00000,0
87.410,0.0,0.0,1.60,-0.410,0.130,-9.450,0.00000,0
87.420,0.0,0.0,1.60,-0.410,0.130,-9.450,0.00000,0
87.430,0.0,0.0,1.60,-0.410,0.130,-9.450,0.00000,0
87.440,0.0,0.0,1.60,-0.410,0.130,-9.450,0.00000,0
87.451,0.0,0.0,1.60,-0.410,0.130,-9.450,0.00000,0
87.461,0.0,0.0,1.60,-0.410,0.130,-9.450,0.00000,0
87.471,0.0,0.0,1.60,-0.410,0.130,-9.450,0.00000,0
87.481,0.0,0.0,1.60,-0.410,0.130,-9.450,0.00000,0
87.491,0.0,0.0,1.60,-0.410,0.130,-9.450,0.00000,0
87.501,0.0,0.0,1.60,-0.410,0.130,-9.450,0.00000,0
87.511,0.0,0.0,1.60,-0.410,0.130,-9.450,0.00000,0
87.521,0.0,0.0,1.60,-0.410,0.130,-9.450,0.00000,0
87.532,0.0,0.0,1.60,-0.410,0.130,-9.450,0.00000,0
87.542,0.0,0.0,1.60,-0.410,0.130,-9.450,0.00000,0
87.552,0.0,0.0,1.60,-0.410,0.130,-9.450,0.00000,0
87.562,0.0,0.0,1.60,-0.410,0.130,-9.450,0.00000,0
87.572,0.0,0.0,1.60,-0.410,0.130,-9.450,0.00000,0
87.582,0.0,0.0,1.60,-0.410,0.130,-9.450,0.00000,0
87.592,0.0,0.0,1.60,-0.410,0.130,-9.450,0.00000,0
87.603,0.0,0.0,1.60,-0.410,0.130,-9.450,0.00000,0
87.613,0.0,0.0,1.60,-0.410,0.130,-9.450,0.00000,0
87.623,0.0,0.0,1.60,-0.410,0.130,-9.450,0.00000,0
87.633,0.0,0.0,1.60,-0.410,0.130,-9.450,0.00000,0
87.643,0.0,0.0,1.60,-0.410,0.130,-9.450,0.00000,0
87.653,0.0,0.0,1.60,-0.410,0.130,-9.450,0.00000,0
87.663,0.0,0.0,1.60,-0.410,0.130,-9.450,0.00000,0
87.673,0.0,0.0,1.60,-0.410,0.130,-9.450,0.00000,0
87.684,0.0,0.0,1.60,-0.410,0.130,-9.450,0.00000,0
87.694,0.0,0.0,1.60,-0.410,0.130,-9.450,0.00000,0
87.704,0.0,0.0,1.60,-0.410,0.130,-9.450,0.00000,0
87.714,0.0,0.0,1.60,-0.410,0.130,-9.450,0.00000,0
87.724,0.0,0.0,1.60,-0.410,0.130,-9.450,0.00000,0
87.734,0.0,0.0,1.60,-0.410,0.130,-9.450,0.00000,0
87.744,0.0,0.0,1.60,-0.410,0.130,-9.450,0.00000,0
87.755,0.0,0.0,1.60,-0.410,0.130,-9.450,0.00000,0
87.765,0.0,0.0,1.60,-0.410,0.130,-9.450,0.00000,0
87.775,0.0,0.0,1.60,-0.410,0.130,-9.450,0.00000,0
87.785,0.0,0.0,1.60,-0.410,0.130,-9.450,0.00000,0
87.795,0.0,0.0,1.60,-0.410,0.130,-9.450,0.00000,0
87.805,0.0,0.0,1.60,-0.410,0.130,-9.450,0.00000,0
87.815,0.0,0.0,1.60,-0.410,0.130,-9.450,0.00000,0
87.825,0.0,0.0,1.60,-0.410,0.130,-9.450,0.00000,0
87.836,0.0,0.0,1.60,-0.410,0.130,-9.450,0.00000,0
87.846,0.0,0.0,1.60,-0.410,0.130,-9.450,0.00000,0
87.856,0.0,0.0,1.60,-0.410,0.130,-9.450,0.00000,0
87.866,0.0,0.0,1.60,-0.410,0.130,-9.450,0.00000,0
87.876,0.0,0.0,1.60,-0.410,0.130,-9.450,0.00000,0
87.886,0.0,0.0,1.60,-0.410,0.130,-9.450,0.00000,0
87.896,0.0,0.0,1.60,-0.410,0.130,-9.450,0.00000,0
87.906,0.0,0.0,1.60,-0.410,0.130,-9.450,0.00000,0
87.917,0.0,0.0,1.60,-0.410,0.130,-9.450,0.00000,0
87.927,0.0,0.0,1.60,-0.410,0.130,-9.450,0.00000,0
87.937,0.0,0.0,1.60,-0.410,0.130,-9.450,0.00000,0
87.947,0.0,0.0,1.60,-0.410,0.130,-9.450,0.00000,0
87.957,0.0,0.0,1.60,-0.410,0.130,-9.450,0.00000,0
87.967,0.0,0.0,1.60,-0.410,0.130,-9.450,0.00000,0
87.977,0.0,0.0,1.60,-0.410,0.130,-9.450,0.00000,0
87.988,0.0,0.0,1.60,-0.410,0.130,-9.450,0.00000,0
87.998,0.0,0.0,1.60,-0.410,0.130,-9.450,0.00000,0
88.008,0.0,0.0,1.60,-0.410,0.130,-9.450,0.00000,0
88.018,0.0,0.0,1.60,-0.410,0.130,-9.450,0.00000,0
88.028,0.0,0.0,1.60,-0.410,0.130,-9.450,0.00000,0
88.038,0.0,0.0,1.60,-0.410,0.130,-9.450,0.00000,0
88.049,0.0,0.0,1.60,-0.410,0.130,-9.450,0.00000,0
88.059,0.0,0.0,1.60,-0.410,0.130,-9.450,0.00000,0
88.069,0.0,0.0,1.60,-0.410,0.130,-9.450,0.00000,0
88.079,0.0,0.0,1.60,-0.410,0.130,-9.450,0.00000,0
88.089,0.0,0.0,1.60,-0.410,0.130,-9.450,0.00000,0
88.099,0.0,0.0,1.60,-0.410,0.130,-9.450,0.00000,0
88.109,0.0,0.0,1.60,-0.410,0.130,-9.450,0.00000,0
88.119,0.0,0.0,1.60,-0.410,0.130,-9.450,0.00000,0
88.130,0.0,0.0,1.60,-0.410,0.130,-9.450,0.00000,0
88.140,0.0,0.0,1.60,-0.410,0.130,-9.450,0.00000,0
88.150,0.0,0.0,1.60,-0.410,0.130,-9.450,0.00000,0
88.160,0.0,0.0,1.60,-0.410,0.130,-9.450,0.00000,0
88.170,0.0,0.0,1.60,-0.410,0.130,-9.450,0.00000,0
88.180,0.0,0.0,1.60,-0.410,0.130,-9.450,0.00000,0
88.190,0.0,0.0,1.60,-0.410,0.130,-9.450,0.00000,0
88.201,0.0,0.0,1.60,-0.410,0.130,-9.450,0.00000,0
88.211,0.0,0.0,1.60,-0.410,0.130,-9.450,0.00000,0
88.221,0.0,0.0,1.60,-0.410,0.130,-9.450,0.00000,0
88.231,0.0,0.0,1.60,-0.410,0.130,-9.450,0.00000,0
88.242,0.0,0.0,1.60,-0.410,0.130,-9.450,0.00000,0
88.252,0.0,0.0,1.60,-0.410,0.130,-9.450,0.00000,0
88.262,0.0,0.0,1.60,-0.410,0.130,-9.450,0.00000,0
88.272,0.0,0.0,1.60,-0.410,0.130,-9.450,0.00000,0
88.282,0.0,0.0,1.60,-0.410,0.130,-9.450,0.00000,0
88.292,0.0,0.0,1.60,-0.410,0.130,-9.450,0.00000,0
88.302,0.0,0.0,1.60,-0.410,0.130,-9.450,0.00000,0
88.312,0.0,0.0,1.60,-0.410,0.130,-9.450,0.00000,0
88.323,0.0,0.0,1.60,-0.410,0.130,-9.450,0.00000,0
88.333,0.0,0.0,1.60,-0.410,0.130,-9.450,0.00000,0
88.343,0.0,0.0,1.60,-0.410,0.130,-9.450,0.00000,0
88.353,0.0,0.0,1.60,-0.410,0.130,-9.450,0.00000,0
88.363,0.0,0.0,1.60,-0.410,0.130,-9.450,0.00000,0
88.373,0.0,0.0,1.60,-0.410,0.130,-9.450,0.00000,0
88.383,0.0,0.0,1.60,-0.410,0.130,-9.450,0.00000,0
88.394,0.0,0.0,1.60,-0.410,0.130,-9.450,0.00000,0
88.404,0.0,0.0,1.60,-0.410,0.130,-9.450,0.00000,0
88.414,0.0,0.0,1.60,-0.410,0.130,-9.450,0.00000,0
88.424,0.0,0.0,1.60,-0.410,0.130,-9.450,0.00000,0
88.434,0.0,0.0,1.60,-0.410,0.130,-9.450,0.00000,0
88.444,0.0,0.0,1.60,-0.410,0.130,-9.450,0.00000,0
88.454,0.0,0.0,1.60,-0.410,0.130,-9.450,0.00000,0
88.465,0.0,0.0,1.60,-0.410,0.130,-9.450,0.00000,0
88.475,0.0,0.0,1.60,-0.410,0.130,-9.450,0.00000,0
88.485,0.0,0.0,1.60,-0.410,0.130,-9.450,0.00000,0
88.495,0.0,0.0,1.60,-0.410,0.130,-9.450,0.00000,0
88.505,0.0,0.0,1.60,-0.410,0.130,-9.450,0.00000,0
88.515,0.0,0.0,1.60,-0.410,0.130,-9.450,0.00000,0
88.525,0.0,0.0,1.60,-0.410,0.130,-9.450,0.00000,0
88.536,0.0,0.0,1.60,-0.410,0.130,-9.450,0.00000,0
88.546,0.0,0.0,1.60,-0.410,0.130,-9.450,0.00000,0
88.556,0.0,0.0,1.60,-0.410,0.130,-9.450,0.00000,0
88.566,0.0,0.0,1.60,-0.410,0.130,-9.450,0.00000,0
88.576,0.0,0.0,1.60,-0.410,0.130,-9.450,0.00000,0
88.586,0.0,0.0,1.60,-0.410,0.130,-9.450,0.00000,0
88.596,0.0,0.0,1.60,-0.410,0.130,-9.450,0.00000,0
88.606,0.0,0.0,1.60,-0.410,0.130,-9.450,0.00000,0
88.617,0.0,0.0,1.60,-0.410,0.130,-9.450,0.00000,0
88.627,0.0,0.0,1.60,-0.410,0.130,-9.450,0.00000,0
88.637,0.0,0.0,1.60,-0.410,0.130,-9.450,0.00000,0
88.647,0.0,0.0,1.60,-0.410,0.130,-9.450,0.00000,0
88.657,0.0,0.0,1.60,-0.410,0.130,-9.450,0.00000,0
88.667,0.0,0.0,1.60,-0.410,0.130,-9.450,0.00000,0
88.677,0.0,0.0,1.60,-0.410,0.130,-9.450,0.00000,0
88.688,0.0,0.0,1.60,-0.410,0.130,-9.450,0.00000,0
88.698,0.0,0.0,1.60,-0.410,0.130,-9.450,0.00000,0
88.708,0.0,0.0,1.60,-0.410,0.130,-9.450,0.00000,0
88.718,0.0,0.0,1.60,-0.410,0.130,-9.450,0.00000,0
88.728,0.0,0.0,1.60,-0.410,0.130,-9.450,0.00000,0
88.738,0.0,0.0,1.60,-0.410,0.130,-9.450,0.00000,0
88.748,0.0,0.0,1.60,-0.410,0.130,-9.450,0.00000,0
88.758,0.0,0.0,1.60,-0.410,0.130,-9.450,0.00000,0
88.769,0.0,0.0,1.60,-0.410,0.130,-9.450,0.00000,0
88.779,0.0,0.0,1.60,-0.410,0.130,-9.450,0.00000,0
88.789,0.0,0.0,1.60,-0.410,0.130,-9.450,0.00000,0
88.799,0.0,0.0,1.60,-0.410,0.130,-9.450,0.00000,0
88.809,0.0,0.0,1.60,-0.410,0.130,-9.450,0.00000,0
88.819,0.0,0.0,1.60,-0.410,0.130,-9.450,0.00000,0
88.829,0.0,0.0,1.60,-0.410,0.130,-9.450,0.00000,0
88.840,0.0,0.0,1.60,-0.410,0.130,-9.450,0.00000,0
88.850,0.0,0.0,1.60,-0.410,0.130,-9.450,0.00000,0
88.860,0.0,0.0,1.60,-0.410,0.130,-9.450,0.00000,0
88.870,0.0,0.0,1.60,-0.410,0.130,-9.450,0.00000,0
88.880,0.0,0.0,1.60,-0.410,0.130,-9.450,0.00000,0
88.890,0.0,0.0,1.60,-0.410,0.130,-9.450,0.00000,0
88.900,0.0,0.0,1.60,-0.410,0.130,-9.450,0.00000,0
88.910,0.0,0.0,1.60,-0.410,0.130,-9.450,0.00000,0
88.922,0.0,0.0,1.60,-0.410,0.130,-9.450,0.00000,0
88.932,0.0,0.0,1.60,-0.410,0.130,-9.450,0.00000,0
88.942,0.0,0.0,1.60,-0.410,0.130,-9.450,0.00000,0
88.952,0.0,0.0,1.60,-0.410,0.130,-9.450,0.00000,0
88.962,0.0,0.0,1.60,-0.410,0.130,-9.450,0.00000,0
88.973,0.0,0.0,1.60,-0.410,0.130,-9.450,0.00000,0
88.983,0.0,0.0,1.60,-0.410,0.130,-9.450,0.00000,0
88.993,0.0,0.0,1.60,-0.410,0.130,-9.450,0.00000,0
89.003,0.0,0.0,1.60,-0.410,0.130,-9.450,0.00000,0
89.013,0.0,0.0,1.60,-0.410,0.130,-9.450,0.00000,0
89.023,0.0,0.0,1.60,-0.410,0.130,-9.450,0.00000,0
89.033,0.0,0.0,1.60,-0.410,0.130,-9.450,0.00000,0
89.044,0.0,0.0,1.60,-0.410,0.130,-9.450,0.00000,0
89.054,0.0,0.0,1.60,-0.410,0.130,-9.450,0.00000,0
89.064,0.0,0.0,1.60,-0.410,0.130,-9.450,0.00000,0
89.074,0.0,0.0,1.60,-0.410,0.130,-9.450,0.00000,0
89.084,0.0,0.0,1.60,-0.410,0.130,-9.450,0.00000,0
89.095,0.0,0.0,1.60,-0.410,0.130,-9.450,0.00000,0
89.105,0.0,0.0,1.60,-0.410,0.130,-9.450,0.00000,0
89.115,0.0,0.0,1.60,-0.410,0.130,-9.450,0.00000,0
89.125,0.0,0.0,1.60,-0.410,0.130,-9.450,0.00000,0
89.135,0.0,0.0,1.60,-0.410,0.130,-9.450,0.00000,0
89.145,0.0,0.0,1.60,-0.410,0.130,-9.450,0.00000,0
89.155,0.0,0.0,1.60,-0.410,0.130,-9.450,0.00000,0
89.166,0.0,0.0,1.60,-0.410,0.130,-9.450,0.00000,0
89.176,0.0,0.0,1.60,-0.410,0.130,-9.450,0.00000,0
89.186,0.0,0.0,1.60,-0.410,0.130,-9.450,0.00000,0
89.196,0.0,0.0,1.60,-0.410,0.130,-9.450,0.00000,0
89.206,0.0,0.0,1.60,-0.410,0.130,-9.450,0.00000,0
89.216,0.0,0.0,1.60,-0.410,0.130,-9.450,0.00000,0
89.226,0.0,0.0,1.60,-0.410,0.130,-9.450,0.00000,0
89.237,0.0,0.0,1.60,-0.410,0.130,-9.450,0.00000,0
89.247,0.0,0.0,1.60,-0.410,0.130,-9.450,0.00000,0
89.257,0.0,0.0,1.60,-0.410,0.130,-9.450,0.00000,0
89.267,0.0,0.0,1.60,-0.410,0.130,-9.450,0.00000,0
89.277,0.0,0.0,1.60,-0.410,0.130,-9.450,0.00000,0
89.287,0.0,0.0,1.60,-0.410,0.130,-9.450,0.00000,0
89.297,0.0,0.0,1.60,-0.410,0.130,-9.450,0.00000,0
89.308,0.0,0.0,1.60,-0.410,0.130,-9.450,0.00000,0
89.318,0.0,0.0,1.60,-0.410,0.130,-9.450,0.00000,0
89.328,0.0,0.0,1.60,-0.410,0.130,-9.450,0.00000,0
89.338,0.0,0.0,1.60,-0.410,0.130,-9.450,0.00000,0
89.348,0.0,0.0,1.60,-0.410,0.130,-9.450,0.00000,0
89.358,0.0,0.0,1.60,-0.410,0.130,-9.450,0.00000,0
89.368,0.0,0.0,1.60,-0.410,0.130,-9.450,0.00000,0
89.379,0.0,0.0,1.60,-0.410,0.130,-9.450,0.00000,0
89.389,0.0,0.0,1.60,-0.410,0.130,-9.450,0.00000,0
89.399,0.0,0.0,1.60,-0.410,0.130,-9.450,0.00000,0
89.409,0.0,0.0,1.60,-0.410,0.130,-9.450,0.00000,0
89.419,0.0,0.0,1.60,-0.410,0.130,-9.450,0.00000,0
89.429,0.0,0.0,1.60,-0.410,0.130,-9.450,0.00000,0
89.439,0.0,0.0,1.60,-0.410,0.130,-9.450,0.00000,0
89.450,0.0,0.0,1.60,-0.410,0.130,-9.450,0.00000,0
89.460,0.0,0.0,1.60,-0.410,0.130,-9.450,0.00000,0
89.470,0.0,0.0,1.60,-0.410,0.130,-9.450,0.00000,0
89.480,0.0,0.0,1.60,-0.410,0.130,-9.450,0.00000,0
89.490,0.0,0.0,1.60,-0.410,0.130,-9.450,0.00000,0
89.500,0.0,0.0,1.60,-0.410,0.130,-9.450,0.00000,0
89.510,0.0,0.0,1.60,-0.410,0.130,-9.450,0.00000,0
89.520,0.0,0.0,1.60,-0.410,0.130,-9.450,0.00000,0
89.530,0.0,0.0,1.60,-0.410,0.130,-9.450,0.00000,0
89.541,0.0,0.0,1.60,-0.410,0.130,-9.450,0.00000,0
89.551,0.0,0.0,1.60,-0.410,0.130,-9.450,0.00000,0
89.561,0.0,0.0,1.60,-0.410,0.130,-9.450,0.00000,0
89.571,0.0,0.0,1.60,-0.410,0.130,-9.450,0.00000,0
89.581,0.0,0.0,1.60,-0.410,0.130,-9.450,0.00000,0
89.591,0.0,0.0,1.60,-0.410,0.130,-9.450,0.00000,0
89.601,0.0,0.0,1.60,-0.410,0.130,-9.450,0.00000,0
89.612,0.0,0.0,1.60,-0.410,0.130,-9.450,0.00000,0
89.622,0.0,0.0,1.60,-0.410,0.130,-9.450,0.00000,0
89.632,0.0,0.0,1.60,-0.410,0.130,-9.450,0.00000,0
89.642,0.0,0.0,1.60,-0.410,0.130,-9.450,0.00000,0
89.652,0.0,0.0,1.60,-0.410,0.130,-9.450,0.00000,0
89.662,0.0,0.0,1.60,-0.410,0.130,-9.450,0.00000,0
89.672,0.0,0.0,1.60,-0.410,0.130,-9.450,0.00000,0
89.682,0.0,0.0,1.60,-0.410,0.130,-9.450,0.00000,0
89.693,0.0,0.0,1.60,-0.410,0.130,-9.450,0.00000,0
89.703,0.0,0.0,1.60,-0.410,0.130,-9.450,0.00000,0
89.713,0.0,0.0,1.60,-0.410,0.130,-9.450,0.00000,0
89.723,0.0,0.0,1.60,-0.410,0.130,-9.450,0.00000,0
89.733,0.0,0.0,1.60,-0.410,0.130,-9.450,0.00000,0
89.743,0.0,0.0,1.60,-0.410,0.130,-9.450,0.00000,0
89.753,0.0,0.0,1.60,-0.410,0.130,-9.450,0.00000,0
89.764,0.0,0.0,1.60,-0.410,0.130,-9.450,0.00000,0
89.774,0.0,0.0,1.60,-0.410,0.130,-9.450,0.00000,0
89.784,0.0,0.0,1.60,-0.410,0.130,-9.450,0.00000,0
89.794,0.0,0.0,1.60,-0.410,0.130,-9.450,0.00000,0
89.804,0.0,0.0,1.60,-0.410,0.130,-9.450,0.00000,0
89.814,0.0,0.0,1.60,-0.410,0.130,-9.450,0.00000,0
89.824,0.0,0.0,1.60,-0.410,0.130,-9.450,0.00000,0
89.835,0.0,0.0,1.60,-0.410,0.130,-9.450,0.00000,0
89.845,0.0,0.0,1.60,-0.410,0.130,-9.450,0.00000,0
89.855,0.0,0.0,1.60,-0.410,0.130,-9.450,0.00000,0
89.865,0.0,0.0,1.60,-0.410,0.130,-9.450,0.00000,0
89.875,0.0,0.0,1.60,-0.410,0.130,-9.450,0.00000,0
89.885,0.0,0.0,1.60,-0.410,0.130,-9.450,0.00000,0
89.895,0.0,0.0,1.60,-0.410,0.130,-9.450,0.00000,0
89.906,0.0,0.0,1.60,-0.410,0.130,-9.450,0.00000,0
89.916,0.0,0.0,1.60,-0.410,0.130,-9.450,0.00000,0
89.926,0.0,0.0,1.60,-0.410,0.130,-9.450,0.00000,0
89.936,0.0,0.0,1.60,-0.410,0.130,-9.450,0.00000,0
89.946,0.0,0.0,1.60,-0.410,0.130,-9.450,0.00000,0
89.956,0.0,0.0,1.60,-0.410,0.130,-9.450,0.00000,0
89.966,0.0,0.0,1.60,-0.410,0.130,-9.450,0.00000,0
89.976,0.0,0.0,1.60,-0.410,0.130,-9.450,0.00000,0
89.987,0.0,0.0,1.60,-0.410,0.130,-9.450,0.00000,0
89.997,0.0,0.0,1.60,-0.410,0.130,-9.450,0.00000,0
90.007,0.0,0.0,1.60,-0.410,0.130,-9.450,0.00000,0
90.017,0.0,0.0,1.60,-0.410,0.130,-9.450,0.00000,0
90.027,0.0,0.0,1.60,-0.410,0.130,-9.450,0.00000,0
90.037,0.0,0.0,1.60,-0.410,0.130,-9.450,0.00000,0
90.047,0.0,0.0,1.60,-0.410,0.130,-9.450,0.00000,0
90.058,0.0,0.0,1.60,-0.410,0.130,-9.450,0.00000,0
90.068,0.0,0.0,1.60,-0.410,0.130,-9.450,0.00000,0
90.078,0.0,0.0,1.60,-0.410,0.130,-9.450,0.00000,0
90.088,0.0,0.0,1.60,-0.410,0.130,-9.450,0.00000,0
90.098,0.0,0.0,1.60,-0.410,0.130,-9.450,0.00000,0
90.108,0.0,0.0,1.60,-0.410,0.130,-9.450,0.00000,0
90.118,0.0,0.0,1.60,-0.410,0.130,-9.450,0.00000,0
90.129,0.0,0.0,1.60,-0.410,0.130,-9.450,0.00000,0
90.139,0.0,0.0,1.60,-0.410,0.130,-9.450,0.00000,0
90.149,0.0,0.0,1.60,-0.410,0.130,-9.450,0.00000,0
90.159,0.0,0.0,1.60,-0.410,0.130,-9.450,0.00000,0
90.169,0.0,0.0,1.60,-0.410,0.130,-9.450,0.00000,0
90.179,0.0,0.0,1.60,-0.410,0.130,-9.450,0.00000,0
90.189,0.0,0.0,1.60,-0.410,0.130,-9.450,0.00000,0
90.200,0.0,0.0,1.60,-0.410,0.130,-9.450,0.00000,0
90.210,0.0,0.0,1.60,-0.410,0.130,-9.450,0.00000,0
90.220,0.0,0.0,1.60,-0.410,0.130,-9.450,0.00000,0
90.230,0.0,0.0,1.60,-0.410,0.130,-9.450,0.00000,0
90.240,0.0,0.0,1.60,-0.410,0.130,-9.450,0.00000,0
90.250,0.0,0.0,1.60,-0.410,0.130,-9.450,0.00000,0
90.260,0.0,0.0,1.60,-0.410,0.130,-9.450,0.00000,0
90.270,0.0,0.0,1.60,-0.410,0.130,-9.450,0.00000,0
90.281,0.0,0.0,1.60,-0.410,0.130,-9.450,0.00000,0
90.291,0.0,0.0,1.60,-0.410,0.130,-9.450,0.00000,0
90.301,0.0,0.0,1.60,-0.410,0.130,-9.450,0.00000,0
90.311,0.0,0.0,1.60,-0.410,0.130,-9.450,0.00000,0
90.321,0.0,0.0,1.60,-0.410,0.130,-9.450,0.00000,0
90.331,0.0,0.0,1.60,-0.410,0.130,-9.450,0.00000,0
90.341,0.0,0.0,1.60,-0.410,0.130,-9.450,0.00000,0
90.352,0.0,0.0,1.60,-0.410,0.130,-9.450,0.00000,0
90.362,0.0,0.0,1.60,-0.410,0.130,-9.450,0.00000,0
90.372,0.0,0.0,1.60,-0.410,0.130,-9.450,0.00000,0
90.382,0.0,0.0,1.60,-0.410,0.130,-9.450,0.00000,0
90.392,0.0,0.0,1.60,-0.410,0.130,-9.450,0.00000,0
90.402,0.0,0.0,1.60,-0.410,0.130,-9.450,0.00000,0
90.412,0.0,0.0,1.60,-0.410,0.130,-9.450,0.00000,0
90.422,0.0,0.0,1.60,-0.410,0.130,-9.450,0.00000,0
90.433,0.0,0.0,1.60,-0.410,0.130,-9.450,0.00000,0
90.443,0.0,0.0,1.60,-0.410,0.130,-9.450,0.00000,0
90.453,0.0,0.0,1.60,-0.410,0.130,-9.450,0.00000,0
90.463,0.0,0.0,1.60,-0.410,0.130,-9.450,0.00000,0
90.474,0.0,0.0,1.60,-0.410,0.130,-9.450,0.00000,0
90.484,0.0,0.0,1.60,-0.410,0.130,-9.450,0.00000,0
90.494,0.0,0.0,1.60,-0.410,0.130,-9.450,0.00000,0
90.504,0.0,0.0,1.60,-0.410,0.130,-9.450,0.00000,0
90.514,0.0,0.0,1.60,-0.410,0.130,-9.450,0.00000,0
90.525,0.0,0.0,1.60,-0.410,0.130,-9.450,0.00000,0
90.535,0.0,0.0,1.60,-0.410,0.130,-9.450,0.00000,0
90.545,0.0,0.0,1.60,-0.410,0.130,-9.450,0.00000,0
90.555,0.0,0.0,1.60,-0.410,0.130,-9.450,0.00000,0
90.565,0.0,0.0,1.60,-0.410,0.130,-9.450,0.00000,0
90.575,0.0,0.0,1.60,-0.410,0.130,-9.450,0.00000,0
90.585,0.0,0.0,1.60,-0.410,0.130,-9.450,0.00000,0
90.596,0.0,0.0,1.60,-0.410,0.130,-9.450,0.00000,0
90.606,0.0,0.0,1.60,-0.410,0.130,-9.450,0.00000,0
90.616,0.0,0.0,1.60,-0.410,0.130,-9.450,0.00000,0
90.626,0.0,0.0,1.60,-0.410,0.130,-9.450,0.00000,0
90.636,0.0,0.0,1.60,-0.410,0.130,-9.450,0.00000,0
90.647,0.0,0.0,1.60,-0.410,0.130,-9.450,0.00000,0
90.657,0.0,0.0,1.60,-0.410,0.130,-9.450,0.00000,0
90.667,0.0,0.0,1.60,-0.410,0.130,-9.450,0.00000,0
90.677,0.0,0.0,1.60,-0.410,0.130,-9.450,0.00000,0
90.687,0.0,0.0,1.60,-0.410,0.130,-9.450,0.00000,0
90.697,0.0,0.0,1.60,-0.410,0.130,-9.450,0.00000,0
90.707,0.0,0.0,1.60,-0.410,0.130,-9.450,0.00000,0
90.718,0.0,0.0,1.60,-0.410,0.130,-9.450,0.00000,0
90.728,0.0,0.0,1.60,-0.410,0.130,-9.450,0.00000,0
90.738,0.0,0.0,1.60,-0.410,0.130,-9.450,0.00000,0
90.748,0.0,0.0,1.60,-0.410,0.130,-9.450,0.00000,0
90.758,0.0,0.0,1.60,-0.410,0.130,-9.450,0.00000,0
90.768,0.0,0.0,1.60,-0.410,0.130,-9.450,0.00000,0
90.778,0.0,0.0,1.60,-0.410,0.130,-9.450,0.00000,0
90.789,0.0,0.0,1.60,-0.410,0.130,-9.450,0.00000,0
90.799,0.0,0.0,1.60,-0.410,0.130,-9.450,0.00000,0
90.809,0.0,0.0,1.60,-0.410,0.130,-9.450,0.00000,0
90.819,0.0,0.0,1.60,-0.410,0.130,-9.450,0.00000,0
90.829,0.0,0.0,1.60,-0.410,0.130,-9.450,0.00000,0
90.839,0.0,0.0,1.60,-0.410,0.130,-9.450,0.00000,0
90.849,0.0,0.0,1.60,-0.410,0.130,-9.450,0.00000,0
90.860,0.0,0.0,1.60,-0.410,0.130,-9.450,0.00000,0
90.870,0.0,0.0,1.60,-0.410,0.130,-9.450,0.00000,0
90.880,0.0,0.0,1.60,-0.410,0.130,-9.450,0.00000,0
90.890,0.0,0.0,1.60,-0.410,0.130,-9.450,0.00000,0
90.900,0.0,0.0,1.60,-0.410,0.130,-9.450,0.00000,0
90.910,0.0,0.0,1.60,-0.410,0.130,-9.450,0.00000,0
90.920,0.0,0.0,1.60,-0.410,0.130,-9.450,0.00000,0
90.930,0.0,0.0,1.60,-0.410,0.130,-9.450,0.00000,0
90.941,0.0,0.0,1.60,-0.410,0.130,-9.450,0.00000,0
90.951,0.0,0.0,1.60,-0.410,0.130,-9.450,0.00000,0
90.961,0.0,0.0,1.60,-0.410,0.130,-9.450,0.00000,0
90.971,0.0,0.0,1.60,-0.410,0.130,-9.450,0.00000,0
90.981,0.0,0.0,1.60,-0.410,0.130,-9.450,0.00000,0
90.991,0.0,0.0,1.60,-0.410,0.130,-9.450,0.00000,0
91.001,0.0,0.0,1.60,-0.410,0.130,-9.450,0.00000,0
91.012,0.0,0.0,1.60,-0.410,0.130,-9.450,0.00000,0
91.022,0.0,0.0,1.60,-0.410,0.130,-9.450,0.00000,0
91.032,0.0,0.0,1.60,-0.410,0.130,-9.450,0.00000,0
91.042,0.0,0.0,1.60,-0.410,0.130,-9.450,0.00000,0
91.052,0.0,0.0,1.60,-0.410,0.130,-9.450,0.00000,0
91.062,0.0,0.0,1.60,-0.410,0.130,-9.450,0.00000,0
91.072,0.0,0.0,1.60,-0.410,0.130,-9.450,0.00000,0
91.083,0.0,0.0,1.60,-0.410,0.130,-9.450,0.00000,0
91.093,0.0,0.0,1.60,-0.410,0.130,-9.450,0.00000,0
91.103,0.0,0.0,1.60,-0.410,0.130,-9.450,0.00000,0
91.113,0.0,0.0,1.60,-0.410,0.130,-9.450,0.00000,0
91.123,0.0,0.0,1.60,-0.410,0.130,-9.450,0.00000,0
91.133,0.0,0.0,1.60,-0.410,0.130,-9.450,0.00000,0
91.143,0.0,0.0,1.60,-0.410,0.130,-9.450,0.00000,0
91.153,0.0,0.0,1.60,-0.410,0.130,-9.450,0.00000,0
91.164,0.0,0.0,1.60,-0.410,0.130,-9.450,0.00000,0
91.174,0.0,0.0,1.60,-0.410,0.130,-9.450,0.00000,0
91.184,0.0,0.0,1.60,-0.410,0.130,-9.450,0.00000,0
91.194,0.0,0.0,1.60,-0.410,0.130,-9.450,0.00000,0
91.204,0.0,0.0,1.60,-0.410,0.130,-9.450,0.00000,0
91.214,0.0,0.0,1.60,-0.410,0.130,-9.450,0.00000,0
91.224,0.0,0.0,1.60,-0.410,0.130,-9.450,0.00000,0
91.234,0.0,0.0,1.60,-0.410,0.130,-9.450,0.00000,0
91.245,0.0,0.0,1.60,-0.410,0.130,-9.450,0.00000,0
91.255,0.0,0.0,1.60,-0.410,0.130,-9.450,0.00000,0
91.265,0.0,0.0,1.60,-0.410,0.130,-9.450,0.00000,0
91.275,0.0,0.0,1.60,-0.410,0.130,-9.450,0.00000,0
91.285,0.0,0.0,1.60,-0.410,0.130,-9.450,0.00000,0
91.295,0.0,0.0,1.60,-0.410,0.130,-9.450,0.00000,0
91.306,0.0,0.0,1.60,-0.410,0.130,-9.450,0.00000,0
91.316,0.0,0.0,1.60,-0.410,0.130,-9.450,0.00000,0
91.326,0.0,0.0,1.60,-0.410,0.130,-9.450,0.00000,0
91.336,0.0,0.0,1.60,-0.410,0.130,-9.450,0.00000,0
91.346,0.0,0.0,1.60,-0.410,0.130,-9.450,0.00000,0
91.356,0.0,0.0,1.60,-0.410,0.130,-9.450,0.00000,0
91.366,0.0,0.0,1.60,-0.410,0.130,-9.450,0.00000,0
91.376,0.0,0.0,1.60,-0.410,0.130,-9.450,0.00000,0
91.387,0.0,0.0,1.60,-0.410,0.130,-9.450,0.00000,0
91.397,0.0,0.0,1.60,-0.410,0.130,-9.450,0.00000,0
91.407,0.0,0.0,1.60,-0.410,0.130,-9.450,0.00000,0
91.417,0.0,0.0,1.60,-0.410,0.130,-9.450,0.00000,0
91.427,0.0,0.0,1.60,-0.410,0.130,-9.450,0.00000,0
91.437,0.0,0.0,1.60,-0.410,0.130,-9.450,0.00000,0
91.448,0.0,0.0,1.60,-0.410,0.130,-9.450,0.00000,0
91.458,0.0,0.0,1.60,-0.410,0.130,-9.450,0.00000,0
91.468,0.0,0.0,1.60,-0.410,0.130,-9.450,0.00000,0
91.478,0.0,0.0,1.60,-0.410,0.130,-9.450,0.00000,0
91.488,0.0,0.0,1.60,-0.410,0.130,-9.450,0.00000,0
91.498,0.0,0.0,1.60,-0.410,0.130,-9.450,0.00000,0
91.508,0.0,0.0,1.60,-0.410,0.130,-9.450,0.00000,0
91.518,0.0,0.0,1.60,-0.410,0.130,-9.450,0.00000,0
91.529,0.0,0.0,1.60,-0.410,0.130,-9.450,0.00000,0
91.539,0.0,0.0,1.60,-0.410,0.130,-9.450,0.00000,0
91.549,0.0,0.0,1.60,-0.410,0.130,-9.450,0.00000,0
91.559,0.0,0.0,1.60,-0.410,0.130,-9.450,0.00000,0
91.569,0.0,0.0,1.60,-0.410,0.130,-9.450,0.00000,0
91.579,0.0,0.0,1.60,-0.410,0.130,-9.450,0.00000,0
91.589,0.0,0.0,1.60,-0.410,0.130,-9.450,0.00000,0
91.600,0.0,0.0,1.60,-0.410,0.130,-9.450,0.00000,0
91.610,0.0,0.0,1.60,-0.410,0.130,-9.450,0.00000,0
91.620,0.0,0.0,1.60,-0.410,0.130,-9.450,0.00000,0
91.630,0.0,0.0,1.60,-0.410,0.130,-9.450,0.00000,0
91.640,0.0,0.0,1.60,-0.410,0.130,-9.450,0.00000,0
91.650,0.0,0.0,1.60,-0.410,0.130,-9.450,0.00000,0
91.660,0.0,0.0,1.60,-0.410,0.130,-9.450,0.00000,0
91.670,0.0,0.0,1.60,-0.410,0.130,-9.450,0.00000,0
91.681,0.0,0.0,1.60,-0.410,0.130,-9.450,0.00000,0
91.691,0.0,0.0,1.60,-0.410,0.130,-9.450,0.00000,0
91.701,0.0,0.0,1.60,-0.410,0.130,-9.450,0.00000,0
91.711,0.0,0.0,1.60,-0.410,0.130,-9.450,0.00000,0
91.721,0.0,0.0,1.60,-0.410,0.130,-9.450,0.00000,0
91.731,0.0,0.0,1.60,-0.410,0.130,-9.450,0.00000,0
91.741,0.0,0.0,1.60,-0.410,0.130,-9.450,0.00000,0
91.751,0.0,0.0,1.60,-0.410,0.130,-9.450,0.00000,0
91.762,0.0,0.0,1.60,-0.410,0.130,-9.450,0.00000,0
91.772,0.0,0.0,1.60,-0.410,0.130,-9.450,0.00000,0
91.782,0.0,0.0,1.60,-0.410,0.130,-9.450,0.00000,0
91.792,0.0,0.0,1.60,-0.410,0.130,-9.450,0.00000,0
91.802,0.0,0.0,1.60,-0.410,0.130,-9.450,0.00000,0
91.812,0.0,0.0,1.60,-0.410,0.130,-9.450,0.00000,0
91.822,0.0,0.0,1.60,-0.410,0.130,-9.450,0.00000,0
91.832,0.0,0.0,1.60,-0.410,0.130,-9.450,0.00000,0
91.843,0.0,0.0,1.60,-0.410,0.130,-9.450,0.00000,0
91.853,0.0,0.0,1.60,-0.410,0.130,-9.450,0.00000,0
91.863,0.0,0.0,1.60,-0.410,0.130,-9.450,0.00000,0
91.873,0.0,0.0,1.60,-0.410,0.130,-9.450,0.00000,0
91.883,0.0,0.0,1.60,-0.410,0.130,-9.450,0.00000,0
91.893,0.0,0.0,1.60,-0.410,0.130,-9.450,0.00000,0
91.903,0.0,0.0,1.60,-0.410,0.130,-9.450,0.00000,0
91.914,0.0,0.0,1.60,-0.410,0.130,-9.450,0.00000,0
91.924,0.0,0.0,1.60,-0.410,0.130,-9.450,0.00000,0
91.934,0.0,0.0,1.60,-0.410,0.130,-9.450,0.00000,0
91.944,0.0,0.0,1.60,-0.410,0.130,-9.450,0.00000,0
91.954,0.0,0.0,1.60,-0.410,0.130,-9.450,0.00000,0
91.964,0.0,0.0,1.60,-0.410,0.130,-9.450,0.00000,0
91.974,0.0,0.0,1.60,-0.410,0.130,-9.450,0.00000,0
91.984,0.0,0.0,1.60,-0.410,0.130,-9.450,0.00000,0
91.995,0.0,0.0,1.60,-0.410,0.130,-9.450,0.00000,0
92.005,0.0,0.0,1.60,-0.410,0.130,-9.450,0.00000,0
92.015,0.0,0.0,1.60,-0.410,0.130,-9.450,0.00000,0
92.025,0.0,0.0,1.60,-0.410,0.130,-9.450,0.00000,0
92.035,0.0,0.0,1.60,-0.410,0.130,-9.450,0.00000,0
92.045,0.0,0.0,1.60,-0.410,0.130,-9.450,0.00000,0
92.055,0.0,0.0,1.60,-0.410,0.130,-9.450,0.00000,0
92.066,0.0,0.0,1.60,-0.410,0.130,-9.450,0.00000,0
92.076,0.0,0.0,1.60,-0.410,0.130,-9.450,0.00000,0
92.086,0.0,0.0,1.60,-0.410,0.130,-9.450,0.00000,0
92.096,0.0,0.0,1.60,-0.410,0.130,-9.450,0.00000,0
92.106,0.0,0.0,1.60,-0.410,0.130,-9.450,0.00000,0
92.116,0.0,0.0,1.60,-0.410,0.130,-9.450,0.00000,0
92.126,0.0,0.0,1.60,-0.410,0.130,-9.450,0.00000,0
92.136,0.0,0.0,1.60,-0.410,0.130,-9.450,0.00000,0
92.147,0.0,0.0,1.60,-0.410,0.130,-9.450,0.00000,0
92.157,0.0,0.0,1.60,-0.410,0.130,-9.450,0.00000,0
92.167,0.0,0.0,1.60,-0.410,0.130,-9.450,0.00000,0
92.177,0.0,0.0,1.60,-0.410,0.130,-9.450,0.00000,0
92.188,0.0,0.0,1.60,-0.410,0.130,-9.450,0.00000,0
92.198,0.0,0.0,1.60,-0.410,0.130,-9.450,0.00000,0
92.208,0.0,0.0,1.60,-0.410,0.130,-9.450,0.00000,0
92.218,0.0,0.0,1.60,-0.410,0.130,-9.450,0.00000,0
92.228,0.0,0.0,1.60,-0.410,0.130,-9.450,0.00000,0
92.238,0.0,0.0,1.60,-0.410,0.130,-9.450,0.00000,0
92.249,0.0,0.0,1.60,-0.410,0.130,-9.450,0.00000,0
92.259,0.0,0.0,1.60,-0.410,0.130,-9.450,0.00000,0
92.269,0.0,0.0,1.60,-0.410,0.130,-9.450,0.00000,0
92.279,0.0,0.0,1.60,-0.410,0.130,-9.450,0.00000,0
92.289,0.0,0.0,1.60,-0.410,0.130,-9.450,0.00000,0
92.299,0.0,0.0,1.60,-0.410,0.130,-9.450,0.00000,0
92.309,0.0,0.0,1.60,-0.410,0.130,-9.450,0.00000,0
92.320,0.0,0.0,1.60,-0.410,0.130,-9.450,0.00000,0
92.330,0.0,0.0,1.60,-0.410,0.130,-9.450,0.00000,0
92.340,0.0,0.0,1.60,-0.410,0.130,-9.450,0.00000,0
92.350,0.0,0.0,1.60,-0.410,0.130,-9.450,0.00000,0
92.360,0.0,0.0,1.60,-0.410,0.130,-9.450,0.00000,0
92.370,0.0,0.0,1.60,-0.410,0.130,-9.450,0.00000,0
92.380,0.0,0.0,1.60,-0.410,0.130,-9.450,0.00000,0
92.391,0.0,0.0,1.60,-0.410,0.130,-9.450,0.00000,0
92.401,0.0,0.0,1.60,-0.410,0.130,-9.450,0.00000,0
92.411,0.0,0.0,1.60,-0.410,0.130,-9.450,0.00000,0
92.421,0.0,0.0,1.60,-0.410,0.130,-9.450,0.00000,0
92.431,0.0,0.0,1.60,-0.410,0.130,-9.450,0.00000,0
92.441,0.0,0.0,1.60,-0.410,0.130,-9.450,0.00000,0
92.451,0.0,0.0,1.60,-0.410,0.130,-9.450,0.00000,0
92.462,0.0,0.0,1.60,-0.410,0.130,-9.450,0.00000,0
92.472,0.0,0.0,1.60,-0.410,0.130,-9.450,0.00000,0
92.482,0.0,0.0,1.60,-0.410,0.130,-9.450,0.00000,0
92.492,0.0,0.0,1.60,-0.410,0.130,-9.450,0.00000,0
92.502,0.0,0.0,1.60,-0.410,0.130,-9.450,0.00000,0
92.512,0.0,0.0,1.60,-0.410,0.130,-9.450,0.00000,0
92.522,0.0,0.0,1.60,-0.410,0.130,-9.450,0.00000,0
92.532,0.0,0.0,1.60,-0.410,0.130,-9.450,0.00000,0
92.543,0.0,0.0,1.60,-0.410,0.130,-9.450,0.00000,0
92.553,0.0,0.0,1.60,-0.410,0.130,-9.450,0.00000,0
92.563,0.0,0.0,1.60,-0.410,0.130,-9.450,0.00000,0
92.573,0.0,0.0,1.60,-0.410,0.130,-9.450,0.00000,0
92.583,0.0,0.0,1.60,-0.410,0.130,-9.450,0.00000,0
92.593,0.0,0.0,1.60,-0.410,0.130,-9.450,0.00000,0
92.604,0.0,0.0,1.60,-0.410,0.130,-9.450,0.00000,0
92.614,0.0,0.0,1.60,-0.410,0.130,-9.450,0.00000,0
92.624,0.0,0.0,1.60,-0.410,0.130,-9.450,0.00000,0
92.634,0.0,0.0,1.60,-0.410,0.130,-9.450,0.00000,0
92.644,0.0,0.0,1.60,-0.410,0.130,-9.450,0.00000,0
92.654,0.0,0.0,1.60,-0.410,0.130,-9.450,0.00000,0
92.664,0.0,0.0,1.60,-0.410,0.130,-9.450,0.00000,0
92.674,0.0,0.0,1.60,-0.410,0.130,-9.450,0.00000,0
92.685,0.0,0.0,1.60,-0.410,0.130,-9.450,0.00000,0
92.695,0.0,0.0,1.60,-0.410,0.130,-9.450,0.00000,0
92.705,0.0,0.0,1.60,-0.410,0.130,-9.450,0.00000,0
92.715,0.0,0.0,1.60,-0.410,0.130,-9.450,0.00000,0
92.725,0.0,0.0,1.60,-0.410,0.130,-9.450,0.00000,0
92.735,0.0,0.0,1.60,-0.410,0.130,-9.450,0.00000,0
92.745,0.0,0.0,1.60,-0.410,0.130,-9.450,0.00000,0
92.756,0.0,0.0,1.60,-0.410,0.130,-9.450,0.00000,0
92.766,0.0,0.0,1.60,-0.410,0.130,-9.450,0.00000,0
92.776,0.0,0.0,1.60,-0.410,0.130,-9.450,0.00000,0
92.786,0.0,0.0,1.60,-0.410,0.130,-9.450,0.00000,0
92.796,0.0,0.0,1.60,-0.410,0.130,-9.450,0.00000,0
92.806,0.0,0.0,1.60,-0.410,0.130,-9.450,0.00000,0
92.816,0.0,0.0,1.60,-0.410,0.130,-9.450,0.00000,0
92.826,0.0,0.0,1.60,-0.410,0.130,-9.450,0.00000,0
92.836,0.0,0.0,1.60,-0.410,0.130,-9.450,0.00000,0
92.847,0.0,0.0,1.60,-0.410,0.130,-9.450,0.00000,0
92.857,0.0,0.0,1.60,-0.410,0.130,-9.450,0.00000,0
92.867,0.0,0.0,1.60,-0.410,0.130,-9.450,0.00000,0
92.877,0.0,0.0,1.60,-0.410,0.130,-9.450,0.00000,0
92.887,0.0,0.0,1.60,-0.410,0.130,-9.450,0.00000,0
92.897,0.0,0.0,1.60,-0.410,0.130,-9.450,0.00000,0
92.907,0.0,0.0,1.60,-0.410,0.130,-9.450,0.00000,0
92.918,0.0,0.0,1.60,-0.410,0.130,-9.450,0.00000,0
92.929,0.0,0.0,1.60,-0.410,0.130,-9.450,0.00000,0
92.939,0.0,0.0,1.60,-0.410,0.130,-9.450,0.00000,0
92.949,0.0,0.0,1.60,-0.410,0.130,-9.450,0.00000,0
92.959,0.0,0.0,1.60,-0.410,0.130,-9.450,0.00000,0
92.969,0.0,0.0,1.60,-0.410,0.130,-9.450,0.00000,0
92.979,0.0,0.0,1.60,-0.410,0.130,-9.450,0.00000,0
92.990,0.0,0.0,1.60,-0.410,0.130,-9.450,0.00000,0
93.000,0.0,0.0,1.60,-0.410,0.130,-9.450,0.00000,0
93.010,0.0,0.0,1.60,-0.410,0.130,-9.450,0.00000,0
93.020,0.0,0.0,1.60,-0.410,0.130,-9.450,0.00000,0
93.030,0.0,0.0,1.60,-0.410,0.130,-9.450,0.00000,0
93.041,0.0,0.0,1.60,-0.410,0.130,-9.450,0.00000,0
93.051,0.0,0.0,1.60,-0.410,0.130,-9.450,0.00000,0
93.061,0.0,0.0,1.60,-0.410,0.130,-9.450,0.00000,0
93.071,0.0,0.0,1.60,-0.410,0.130,-9.450,0.00000,0
93.081,0.0,0.0,1.60,-0.410,0.130,-9.450,0.00000,0
93.091,0.0,0.0,1.60,-0.410,0.130,-9.450,0.00000,0
93.101,0.0,0.0,1.60,-0.410,0.130,-9.450,0.00000,0
93.112,0.0,0.0,1.60,-0.410,0.130,-9.450,0.00000,0
93.122,0.0,0.0,1.60,-0.410,0.130,-9.450,0.00000,0
93.132,0.0,0.0,1.60,-0.410,0.130,-9.450,0.00000,0
93.142,0.0,0.0,1.60,-0.410,0.130,-9.450,0.00000,0
93.152,0.0,0.0,1.60,-0.410,0.130,-9.450,0.00000,0
93.162,0.0,0.0,1.60,-0.410,0.130,-9.450,0.00000,0
93.172,0.0,0.0,1.60,-0.410,0.130,-9.450,0.00000,0
93.183,0.0,0.0,1.60,-0.410,0.130,-9.450,0.00000,0
93.193,0.0,0.0,1.60,-0.410,0.130,-9.450,0.00000,0
93.203,0.0,0.0,1.60,-0.410,0.130,-9.450,0.00000,0
93.213,0.0,0.0,1.60,-0.410,0.130,-9.450,0.00000,0
93.223,0.0,0.0,1.60,-0.410,0.130,-9.450,0.00000,0
93.233,0.0,0.0,1.60,-0.410,0.130,-9.450,0.00000,0
93.243,0.0,0.0,1.60,-0.410,0.130,-9.450,0.00000,0
93.254,0.0,0.0,1.60,-0.410,0.130,-9.450,0.00000,0
93.264,0.0,0.0,1.60,-0.410,0.130,-9.450,0.00000,0
93.274,0.0,0.0,1.60,-0.410,0.130,-9.450,0.00000,0
93.284,0.0,0.0,1.60,-0.410,0.130,-9.450,0.00000,0
93.294,0.0,0.0,1.60,-0.410,0.130,-9.450,0.00000,0
93.304,0.0,0.0,1.60,-0.410,0.130,-9.450,0.00000,0
93.314,0.0,0.0,1.60,-0.410,0.130,-9.450,0.00000,0
93.325,0.0,0.0,1.60,-0.410,0.130,-9.450,0.00000,0
93.335,0.0,0.0,1.60,-0.410,0.130,-9.450,0.00000,0
93.345,0.0,0.0,1.60,-0.410,0.130,-9.450,0.00000,0
93.355,0.0,0.0,1.60,-0.410,0.130,-9.450,0.00000,0
93.365,0.0,0.0,1.60,-0.410,0.130,-9.450,0.00000,0
93.375,0.0,0.0,1.60,-0.410,0.130,-9.450,0.00000,0
93.385,0.0,0.0,1.60,-0.410,0.130,-9.450,0.00000,0
93.396,0.0,0.0,1.60,-0.410,0.130,-9.450,0.00000,0
93.406,0.0,0.0,1.60,-0.410,0.130,-9.450,0.00000,0
93.416,0.0,0.0,1.60,-0.410,0.130,-9.450,0.00000,0
93.426,0.0,0.0,1.60,-0.410,0.130,-9.450,0.00000,0
93.436,0.0,0.0,1.60,-0.410,0.130,-9.450,0.00000,0
93.446,0.0,0.0,1.60,-0.410,0.130,-9.450,0.00000,0
93.456,0.0,0.0,1.60,-0.410,0.130,-9.450,0.00000,0
93.466,0.0,0.0,1.60,-0.410,0.130,-9.450,0.00000,0
93.477,0.0,0.0,1.60,-0.410,0.130,-9.450,0.00000,0
93.487,0.0,0.0,1.60,-0.410,0.130,-9.450,0.00000,0
93.497,0.0,0.0,1.60,-0.410,0.130,-9.450,0.00000,0
93.507,0.0,0.0,1.60,-0.410,0.130,-9.450,0.00000,0
93.517,0.0,0.0,1.60,-0.410,0.130,-9.450,0.00000,0
93.527,0.0,0.0,1.60,-0.410,0.130,-9.450,0.00000,0
93.537,0.0,0.0,1.60,-0.410,0.130,-9.450,0.00000,0
93.547,0.0,0.0,1.60,-0.410,0.130,-9.450,0.00000,0
93.558,0.0,0.0,1.60,-0.410,0.130,-9.450,0.00000,0
93.568,0.0,0.0,1.60,-0.410,0.130,-9.450,0.00000,0
93.578,0.0,0.0,1.60,-0.410,0.130,-9.450,0.00000,0
93.588,0.0,0.0,1.60,-0.410,0.130,-9.450,0.00000,0
93.598,0.0,0.0,1.60,-0.410,0.130,-9.450,0.00000,0
93.608,0.0,0.0,1.60,-0.410,0.130,-9.450,0.00000,0
93.618,0.0,0.0,1.60,-0.410,0.130,-9.450,0.00000,0
93.628,0.0,0.0,1.60,-0.410,0.130,-9.450,0.00000,0
93.639,0.0,0.0,1.60,-0.410,0.130,-9.450,0.00000,0
93.649,0.0,0.0,1.60,-0.410,0.130,-9.450,0.00000,0
93.659,0.0,0.0,1.60,-0.410,0.130,-9.450,0.00000,0
93.669,0.0,0.0,1.60,-0.410,0.130,-9.450,0.00000,0
93.679,0.0,0.0,1.60,-0.410,0.130,-9.450,0.00000,0
93.689,0.0,0.0,1.60,-0.410,0.130,-9.450,0.00000,0
93.700,0.0,0.0,1.60,-0.410,0.130,-9.450,0.00000,0
93.710,0.0,0.0,1.60,-0.410,0.130,-9.450,0.00000,0
93.720,0.0,0.0,1.60,-0.410,0.130,-9.450,0.00000,0
93.730,0.0,0.0,1.60,-0.410,0.130,-9.450,0.00000,0
93.740,0.0,0.0,1.60,-0.410,0.130,-9.450,0.00000,0
93.750,0.0,0.0,1.60,-0.410,0.130,-9.450,0.00000,0
93.760,0.0,0.0,1.60,-0.410,0.130,-9.450,0.00000,0
93.771,0.0,0.0,1.60,-0.410,0.130,-9.450,0.00000,0
93.781,0.0,0.0,1.60,-0.410,0.130,-9.450,0.00000,0
93.791,0.0,0.0,1.60,-0.410,0.130,-9.450,0.00000,0
93.801,0.0,0.0,1.60,-0.410,0.130,-9.450,0.00000,0
93.811,0.0,0.0,1.60,-0.410,0.130,-9.450,0.00000,0
93.821,0.0,0.0,1.60,-0.410,0.130,-9.450,0.00000,0
93.831,0.0,0.0,1.60,-0.410,0.130,-9.450,0.00000,0
93.842,0.0,0.0,1.60,-0.410,0.130,-9.450,0.00000,0
93.852,0.0,0.0,1.60,-0.410,0.130,-9.450,0.00000,0
93.862,0.0,0.0,1.60,-0.410,0.130,-9.450,0.00000,0
93.872,0.0,0.0,1.60,-0.410,0.130,-9.450,0.00000,0
93.882,0.0,0.0,1.60,-0.410,0.130,-9.450,0.00000,0
93.892,0.0,0.0,1.60,-0.410,0.130,-9.450,0.00000,0
93.902,0.0,0.0,1.60,-0.410,0.130,-9.450,0.00000,0
93.913,0.0,0.0,1.60,-0.410,0.130,-9.450,0.00000,0
93.923,0.0,0.0,1.60,-0.410,0.130,-9.450,0.00000,0
93.933,0.0,0.0,1.60,-0.410,0.130,-9.450,0.00000,0
93.943,0.0,0.0,1.60,-0.410,0.130,-9.450,0.00000,0
93.953,0.0,0.0,1.60,-0.410,0.130,-9.450,0.00000,0
93.963,0.0,0.0,1.60,-0.410,0.130,-9.450,0.00000,0
93.973,0.0,0.0,1.60,-0.410,0.130,-9.450,0.00000,0
93.983,0.0,0.0,1.60,-0.410,0.130,-9.450,0.00000,0
93.994,0.0,0.0,1.60,-0.410,0.130,-9.450,0.00000,0
94.004,0.0,0.0,1.60,-0.410,0.130,-9.450,0.00000,0
94.014,0.0,0.0,1.60,-0.410,0.130,-9.450,0.00000,0
94.024,0.0,0.0,1.60,-0.410,0.130,-9.450,0.00000,0
94.034,0.0,0.0,1.60,-0.410,0.130,-9.450,0.00000,0
94.044,0.0,0.0,1.60,-0.410,0.130,-9.450,0.00000,0
94.054,0.0,0.0,1.60,-0.410,0.130,-9.450,0.00000,0
94.065,0.0,0.0,1.60,-0.410,0.130,-9.450,0.00000,0
94.075,0.0,0.0,1.60,-0.410,0.130,-9.450,0.00000,0
94.085,0.0,0.0,1.60,-0.410,0.130,-9.450,0.00000,0
94.095,0.0,0.0,1.60,-0.410,0.130,-9.450,0.00000,0
94.105,0.0,0.0,1.60,-0.410,0.130,-9.450,0.00000,0
94.115,0.0,0.0,1.60,-0.410,0.130,-9.450,0.00000,0
94.126,0.0,0.0,1.60,-0.410,0.130,-9.450,0.00000,0
94.136,0.0,0.0,1.60,-0.410,0.130,-9.450,0.00000,0
94.146,0.0,0.0,1.60,-0.410,0.130,-9.450,0.00000,0
94.156,0.0,0.0,1.60,-0.410,0.130,-9.450,0.00000,0
94.166,0.0,0.0,1.60,-0.410,0.130,-9.450,0.00000,0
94.176,0.0,0.0,1.60,-0.410,0.130,-9.450,0.00000,0
94.186,0.0,0.0,1.60,-0.410,0.130,-9.450,0.00000,0
94.197,0.0,0.0,1.60,-0.410,0.130,-9.450,0.00000,0
94.207,0.0,0.0,1.60,-0.410,0.130,-9.450,0.00000,0
94.217,0.0,0.0,1.60,-0.410,0.130,-9.450,0.00000,0
94.227,0.0,0.0,1.60,-0.410,0.130,-9.450,0.00000,0
94.237,0.0,0.0,1.60,-0.410,0.130,-9.450,0.00000,0
94.247,0.0,0.0,1.60,-0.410,0.130,-9.450,0.00000,0
94.257,0.0,0.0,1.60,-0.410,0.130,-9.450,0.00000,0
94.267,0.0,0.0,1.60,-0.410,0.130,-9.450,0.00000,0
94.278,0.0,0.0,1.60,-0.410,0.130,-9.450,0.00000,0
94.288,0.0,0.0,1.60,-0.410,0.130,-9.450,0.00000,0
94.298,0.0,0.0,1.60,-0.410,0.130,-9.450,0.00000,0
94.308,0.0,0.0,1.60,-0.410,0.130,-9.450,0.00000,0
94.318,0.0,0.0,1.60,-0.410,0.130,-9.450,0.00000,0
94.328,0.0,0.0,1.60,-0.410,0.130,-9.450,0.00000,0
94.338,0.0,0.0,1.60,-0.410,0.130,-9.450,0.00000,0
94.349,0.0,0.0,1.60,-0.410,0.130,-9.450,0.00000,0
94.359,0.0,0.0,1.60,-0.410,0.130,-9.450,0.00000,0
94.369,0.0,0.0,1.60,-0.410,0.130,-9.450,0.00000,0
94.379,0.0,0.0,1.60,-0.410,0.130,-9.450,0.00000,0
94.389,0.0,0.0,1.60,-0.410,0.130,-9.450,0.00000,0
94.399,0.0,0.0,1.60,-0.410,0.130,-9.450,0.00000,0
94.409,0.0,0.0,1.60,-0.410,0.130,-9.450,0.00000,0
94.419,0.0,0.0,1.60,-0.410,0.130,-9.450,0.00000,0
94.430,0.0,0.0,1.60,-0.410,0.130,-9.450,0.00000,0
94.440,0.0,0.0,1.60,-0.410,0.130,-9.450,0.00000,0
94.450,0.0,0.0,1.60,-0.410,0.130,-9.450,0.00000,0
94.460,0.0,0.0,1.60,-0.410,0.130,-9.450,0.00000,0
94.470,0.0,0.0,1.60,-0.410,0.130,-9.450,0.00000,0
94.480,0.0,0.0,1.60,-0.410,0.130,-9.450,0.00000,0
94.490,0.0,0.0,1.60,-0.410,0.130,-9.450,0.00000,0
94.501,0.0,0.0,1.60,-0.410,0.130,-9.450,0.00000,0
94.511,0.0,0.0,1.60,-0.410,0.130,-9.450,0.00000,0
94.521,0.0,0.0,1.60,-0.410,0.130,-9.450,0.00000,0
94.531,0.0,0.0,1.60,-0.410,0.130,-9.450,0.00000,0
94.542,0.0,0.0,1.60,-0.410,0.130,-9.450,0.00000,0
94.552,0.0,0.0,1.60,-0.410,0.130,-9.450,0.00000,0
94.562,0.0,0.0,1.60,-0.410,0.130,-9.450,0.00000,0
94.572,0.0,0.0,1.60,-0.410,0.130,-9.450,0.00000,0
94.582,0.0,0.0,1.60,-0.410,0.130,-9.450,0.00000,0
94.592,0.0,0.0,1.60,-0.410,0.130,-9.450,0.00000,0
94.602,0.0,0.0,1.60,-0.410,0.130,-9.450,0.00000,0
94.613,0.0,0.0,1.60,-0.410,0.130,-9.450,0.00000,0
94.623,0.0,0.0,1.60,-0.410,0.130,-9.450,0.00000,0
94.633,0.0,0.0,1.60,-0.410,0.130,-9.450,0.00000,0
94.643,0.0,0.0,1.60,-0.410,0.130,-9.450,0.00000,0
94.653,0.0,0.0,1.60,-0.410,0.130,-9.450,0.00000,0
94.663,0.0,0.0,1.60,-0.410,0.130,-9.450,0.00000,0
94.673,0.0,0.0,1.60,-0.410,0.130,-9.450,0.00000,0
94.683,0.0,0.0,1.60,-0.410,0.130,-9.450,0.00000,0
94.694,0.0,0.0,1.60,-0.410,0.130,-9.450,0.00000,0
94.704,0.0,0.0,1.60,-0.410,0.130,-9.450,0.00000,0
94.714,0.0,0.0,1.60,-0.410,0.130,-9.450,0.00000,0
94.724,0.0,0.0,1.60,-0.410,0.130,-9.450,0.00000,0
94.734,0.0,0.0,1.60,-0.410,0.130,-9.450,0.00000,0
94.744,0.0,0.0,1.60,-0.410,0.130,-9.450,0.00000,0
94.754,0.0,0.0,1.60,-0.410,0.130,-9.450,0.00000,0
94.765,0.0,0.0,1.60,-0.410,0.130,-9.450,0.00000,0
94.775,0.0,0.0,1.60,-0.410,0.130,-9.450,0.00000,0
94.785,0.0,0.0,1.60,-0.410,0.130,-9.450,0.00000,0
94.795,0.0,0.0,1.60,-0.410,0.130,-9.450,0.00000,0
94.805,0.0,0.0,1.60,-0.410,0.130,-9.450,0.00000,0
94.815,0.0,0.0,1.60,-0.410,0.130,-9.450,0.00000,0
94.825,0.0,0.0,1.60,-0.410,0.130,-9.450,0.00000,0
94.835,0.0,0.0,1.60,-0.410,0.130,-9.450,0.00000,0
94.846,0.0,0.0,1.60,-0.410,0.130,-9.450,0.00000,0
94.856,0.0,0.0,1.60,-0.410,0.130,-9.450,0.00000,0
94.866,0.0,0.0,1.60,-0.410,0.130,-9.450,0.00000,0
94.876,0.0,0.0,1.60,-0.410,0.130,-9.450,0.00000,0
94.886,0.0,0.0,1.60,-0.410,0.130,-9.450,0.00000,0
94.896,0.0,0.0,1.60,-0.410,0.130,-9.450,0.00000,0
94.906,0.0,0.0,1.60,-0.410,0.130,-9.450,0.00000,0
94.917,0.0,0.0,1.60,-0.410,0.130,-9.450,0.00000,0
94.927,0.0,0.0,1.60,-0.410,0.130,-9.450,0.00000,0
94.937,0.0,0.0,1.60,-0.410,0.130,-9.450,0.00000,0
94.947,0.0,0.0,1.60,-0.410,0.130,-9.450,0.00000,0
94.957,0.0,0.0,1.60,-0.410,0.130,-9.450,0.00000,0
94.967,0.0,0.0,1.60,-0.410,0.130,-9.450,0.00000,0
94.977,0.0,0.0,1.60,-0.410,0.130,-9.450,0.00000,0
94.987,0.0,0.0,1.60,-0.410,0.130,-9.450,0.00000,0
94.998,0.0,0.0,1.60,-0.410,0.130,-9.450,0.00000,0
95.008,0.0,0.0,1.60,-0.410,0.130,-9.450,0.00000,0
95.018,0.0,0.0,1.60,-0.410,0.130,-9.450,0.00000,0
95.028,0.0,0.0,1.60,-0.410,0.130,-9.450,0.00000,0
95.038,0.0,0.0,1.60,-0.410,0.130,-9.450,0.00000,0
95.048,0.0,0.0,1.60,-0.410,0.130,-9.450,0.00000,0
95.058,0.0,0.0,1.60,-0.410,0.130,-9.450,0.00000,0
95.069,0.0,0.0,1.60,-0.410,0.130,-9.450,0.00000,0
95.079,0.0,0.0,1.60,-0.410,0.130,-9.450,0.00000,0
95.089,0.0,0.0,1.60,-0.410,0.130,-9.450,0.00000,0
95.099,0.0,0.0,1.60,-0.410,0.130,-9.450,0.00000,0
95.109,0.0,0.0,1.60,-0.410,0.130,-9.450,0.00000,0
95.119,0.0,0.0,1.60,-0.410,0.130,-9.450,0.00000,0
95.129,0.0,0.0,1.60,-0.410,0.130,-9.450,0.00000,0
95.139,0.0,0.0,1.60,-0.410,0.130,-9.450,0.00000,0
95.150,0.0,0.0,1.60,-0.410,0.130,-9.450,0.00000,0
95.160,0.0,0.0,1.60,-0.410,0.130,-9.450,0.00000,0
95.170,0.0,0.0,1.60,-0.410,0.130,-9.450,0.00000,0
95.180,0.0,0.0,1.60,-0.410,0.130,-9.450,0.00000,0
95.190,0.0,0.0,1.60,-0.410,0.130,-9.450,0.00000,0
95.200,0.0,0.0,1.60,-0.410,0.130,-9.450,0.00000,0
95.210,0.0,0.0,1.60,-0.410,0.130,-9.450,0.00000,0
95.220,0.0,0.0,1.60,-0.410,0.130,-9.450,0.00000,0
95.231,0.0,0.0,1.60,-0.410,0.130,-9.450,0.00000,0
95.241,0.0,0.0,1.60,-0.410,0.130,-9.450,0.00000,0
95.251,0.0,0.0,1.60,-0.410,0.130,-9.450,0.00000,0
95.261,0.0,0.0,1.60,-0.410,0.130,-9.450,0.00000,0
95.271,0.0,0.0,1.60,-0.410,0.130,-9.450,0.00000,0
95.281,0.0,0.0,1.60,-0.410,0.130,-9.450,0.00000,0
95.291,0.0,0.0,1.60,-0.410,0.130,-9.450,0.00000,0
95.301,0.0,0.0,1.60,-0.410,0.130,-9.450,0.00000,0
95.312,0.0,0.0,1.60,-0.410,0.130,-9.450,0.00000,0
95.322,0.0,0.0,1.60,-0.410,0.130,-9.450,0.00000,0
95.332,0.0,0.0,1.60,-0.410,0.130,-9.450,0.00000,0
95.342,0.0,0.0,1.60,-0.410,0.130,-9.450,0.00000,0
95.352,0.0,0.0,1.60,-0.410,0.130,-9.450,0.00000,0
95.363,0.0,0.0,1.60,-0.410,0.130,-9.450,0.00000,0
95.373,0.0,0.0,1.60,-0.410,0.130,-9.450,0.00000,0
95.383,0.0,0.0,1.60,-0.410,0.130,-9.450,0.00000,0
95.393,0.0,0.0,1.60,-0.410,0.130,-9.450,0.00000,0
95.403,0.0,0.0,1.60,-0.410,0.130,-9.450,0.00000,0
95.413,0.0,0.0,1.60,-0.410,0.130,-9.450,0.00000,0
95.423,0.0,0.0,1.60,-0.410,0.130,-9.450,0.00000,0
95.433,0.0,0.0,1.60,-0.410,0.130,-9.450,0.00000,0
95.444,0.0,0.0,1.60,-0.410,0.130,-9.450,0.00000,0
95.454,0.0,0.0,1.60,-0.410,0.130,-9.450,0.00000,0
95.464,0.0,0.0,1.60,-0.410,0.130,-9.450,0.00000,0
95.474,0.0,0.0,1.60,-0.410,0.130,-9.450,0.00000,0
95.484,0.0,0.0,1.60,-0.410,0.130,-9.450,0.00000,0
95.494,0.0,0.0,1.60,-0.410,0.130,-9.450,0.00000,0
95.505,0.0,0.0,1.60,-0.410,0.130,-9.450,0.00000,0
95.515,0.0,0.0,1.60,-0.410,0.130,-9.450,0.00000,0
95.525,0.0,0.0,1.60,-0.410,0.130,-9.450,0.00000,0
95.535,0.0,0.0,1.60,-0.410,0.130,-9.450,0.00000,0
95.545,0.0,0.0,1.60,-0.410,0.130,-9.450,0.00000,0
95.555,0.0,0.0,1.60,-0.410,0.130,-9.450,0.00000,0
95.565,0.0,0.0,1.60,-0.410,0.130,-9.450,0.00000,0
95.575,0.0,0.0,1.60,-0.410,0.130,-9.450,0.00000,0
95.586,0.0,0.0,1.60,-0.410,0.130,-9.450,0.00000,0
95.596,0.0,0.0,1.60,-0.410,0.130,-9.450,0.00000,0
95.606,0.0,0.0,1.60,-0.410,0.130,-9.450,0.00000,0
95.616,0.0,0.0,1.60,-0.410,0.130,-9.450,0.00000,0
95.626,0.0,0.0,1.60,-0.410,0.130,-9.450,0.00000,0
95.636,0.0,0.0,1.60,-0.410,0.130,-9.450,0.00000,0
95.646,0.0,0.0,1.60,-0.410,0.130,-9.450,0.00000,0
95.657,0.0,0.0,1.60,-0.410,0.130,-9.450,0.00000,0
95.667,0.0,0.0,1.60,-0.410,0.130,-9.450,0.00000,0
95.677,0.0,0.0,1.60,-0.410,0.130,-9.450,0.00000,0
95.687,0.0,0.0,1.60,-0.410,0.130,-9.450,0.00000,0
95.697,0.0,0.0,1.60,-0.410,0.130,-9.450,0.00000,0
95.707,0.0,0.0,1.60,-0.410,0.130,-9.450,0.00000,0
95.718,0.0,0.0,1.60,-0.410,0.130,-9.450,0.00000,0
95.728,0.0,0.0,1.60,-0.410,0.130,-9.450,0.00000,0
95.738,0.0,0.0,1.60,-0.410,0.130,-9.450,0.00000,0
95.748,0.0,0.0,1.60,-0.410,0.130,-9.450,0.00000,0
95.758,0.0,0.0,1.60,-0.410,0.130,-9.450,0.00000,0
95.768,0.0,0.0,1.60,-0.410,0.130,-9.450,0.00000,0
95.778,0.0,0.0,1.60,-0.410,0.130,-9.450,0.00000,0
95.788,0.0,0.0,1.60,-0.410,0.130,-9.450,0.00000,0
95.799,0.0,0.0,1.60,-0.410,0.130,-9.450,0.00000,0
95.809,0.0,0.0,1.60,-0.410,0.130,-9.450,0.00000,0
95.819,0.0,0.0,1.60,-0.410,0.130,-9.450,0.00000,0
95.829,0.0,0.0,1.60,-0.410,0.130,-9.450,0.00000,0
95.839,0.0,0.0,1.60,-0.410,0.130,-9.450,0.00000,0
95.849,0.0,0.0,1.60,-0.410,0.130,-9.450,0.00000,0
95.859,0.0,0.0,1.60,-0.410,0.130,-9.450,0.00000,0
95.870,0.0,0.0,1.60,-0.410,0.130,-9.450,0.00000,0
95.880,0.0,0.0,1.60,-0.410,0.130,-9.450,0.00000,0
95.890,0.0,0.0,1.60,-0.410,0.130,-9.450,0.00000,0
95.900,0.0,0.0,1.60,-0.410,0.130,-9.450,0.00000,0
95.910,0.0,0.0,1.60,-0.410,0.130,-9.450,0.00000,0
95.920,0.0,0.0,1.60,-0.410,0.130,-9.450,0.00000,0
95.930,0.0,0.0,1.60,-0.410,0.130,-9.450,0.00000,0
95.940,0.0,0.0,1.60,-0.410,0.130,-9.450,0.00000,0
95.951,0.0,0.0,1.60,-0.410,0.130,-9.450,0.00000,0
95.961,0.0,0.0,1.60,-0.410,0.130,-9.450,0.00000,0
95.971,0.0,0.0,1.60,-0.410,0.130,-9.450,0.00000,0
95.981,0.0,0.0,1.60,-0.410,0.130,-9.450,0.00000,0
95.991,0.0,0.0,1.60,-0.410,0.130,-9.450,0.00000,0
96.001,0.0,0.0,1.60,-0.410,0.130,-9.450,0.00000,0
96.011,0.0,0.0,1.60,-0.410,0.130,-9.450,0.00000,0
96.022,0.0,0.0,1.60,-0.410,0.130,-9.450,0.00000,0
96.032,0.0,0.0,1.60,-0.410,0.130,-9.450,0.00000,0
96.042,0.0,0.0,1.60,-0.410,0.130,-9.450,0.00000,0
96.052,0.0,0.0,1.60,-0.410,0.130,-9.450,0.00000,0
96.062,0.0,0.0,1.60,-0.410,0.130,-9.450,0.00000,0
96.072,0.0,0.0,1.60,-0.410,0.130,-9.450,0.00000,0
96.082,0.0,0.0,1.60,-0.410,0.130,-9.450,0.00000,0
96.092,0.0,0.0,1.60,-0.410,0.130,-9.450,0.00000,0
96.103,0.0,0.0,1.60,-0.410,0.130,-9.450,0.00000,0
96.113,0.0,0.0,1.60,-0.410,0.130,-9.450,0.00000,0
96.123,0.0,0.0,1.60,-0.410,0.130,-9.450,0.00000,0
96.133,0.0,0.0,1.60,-0.410,0.130,-9.450,0.00000,0
96.143,0.0,0.0,1.60,-0.410,0.130,-9.450,0.00000,0
96.153,0.0,0.0,1.60,-0.410,0.130,-9.450,0.00000,0
96.163,0.0,0.0,1.60,-0.410,0.130,-9.450,0.00000,0
96.174,0.0,0.0,1.60,-0.410,0.130,-9.450,0.00000,0
96.184,0.0,0.0,1.60,-0.410,0.130,-9.450,0.00000,0
96.194,0.0,0.0,1.60,-0.410,0.130,-9.450,0.00000,0
96.204,0.0,0.0,1.60,-0.410,0.130,-9.450,0.00000,0
96.214,0.0,0.0,1.60,-0.410,0.130,-9.450,0.00000,0
96.224,0.0,0.0,1.60,-0.410,0.130,-9.450,0.00000,0
96.234,0.0,0.0,1.60,-0.410,0.130,-9.450,0.00000,0
96.245,0.0,0.0,1.60,-0.410,0.130,-9.450,0.00000,0
96.255,0.0,0.0,1.60,-0.410,0.130,-9.450,0.00000,0
96.265,0.0,0.0,1.60,-0.410,0.130,-9.450,0.00000,0
96.275,0.0,0.0,1.60,-0.410,0.130,-9.450,0.00000,0
96.285,0.0,0.0,1.60,-0.410,0.130,-9.450,0.00000,0
96.295,0.0,0.0,1.60,-0.410,0.130,-9.450,0.00000,0
96.305,0.0,0.0,1.60,-0.410,0.130,-9.450,0.00000,0
96.315,0.0,0.0,1.60,-0.410,0.130,-9.450,0.00000,0
96.326,0.0,0.0,1.60,-0.410,0.130,-9.450,0.00000,0
96.336,0.0,0.0,1.60,-0.410,0.130,-9.450,0.00000,0
96.346,0.0,0.0,1.60,-0.410,0.130,-9.450,0.00000,0
96.356,0.0,0.0,1.60,-0.410,0.130,-9.450,0.00000,0
96.366,0.0,0.0,1.60,-0.410,0.130,-9.450,0.00000,0
96.376,0.0,0.0,1.60,-0.410,0.130,-9.450,0.00000,0
96.386,0.0,0.0,1.60,-0.410,0.130,-9.450,0.00000,0
96.397,0.0,0.0,1.60,-0.410,0.130,-9.450,0.00000,0
96.407,0.0,0.0,1.60,-0.410,0.130,-9.450,0.00000,0
96.417,0.0,0.0,1.60,-0.410,0.130,-9.450,0.00000,0
96.427,0.0,0.0,1.60,-0.410,0.130,-9.450,0.00000,0
96.437,0.0,0.0,1.60,-0.410,0.130,-9.450,0.00000,0
96.447,0.0,0.0,1.60,-0.410,0.130,-9.450,0.00000,0
96.457,0.0,0.0,1.60,-0.410,0.130,-9.450,0.00000,0
96.468,0.0,0.0,1.60,-0.410,0.130,-9.450,0.00000,0
96.478,0.0,0.0,1.60,-0.410,0.130,-9.450,0.00000,0
96.488,0.0,0.0,1.60,-0.410,0.130,-9.450,0.00000,0
96.498,0.0,0.0,1.60,-0.410,0.130,-9.450,0.00000,0
96.508,0.0,0.0,1.60,-0.410,0.130,-9.450,0.00000,0
96.518,0.0,0.0,1.60,-0.410,0.130,-9.450,0.00000,0
96.528,0.0,0.0,1.60,-0.410,0.130,-9.450,0.00000,0
96.538,0.0,0.0,1.60,-0.410,0.130,-9.450,0.00000,0
96.549,0.0,0.0,1.60,-0.410,0.130,-9.450,0.00000,0
96.559,0.0,0.0,1.60,-0.410,0.130,-9.450,0.00000,0
96.569,0.0,0.0,1.60,-0.410,0.130,-9.450,0.00000,0
96.579,0.0,0.0,1.60,-0.410,0.130,-9.450,0.00000,0
96.589,0.0,0.0,1.60,-0.410,0.130,-9.450,0.00000,0
96.599,0.0,0.0,1.60,-0.410,0.130,-9.450,0.00000,0
96.609,0.0,0.0,1.60,-0.410,0.130,-9.450,0.00000,0
96.620,0.0,0.0,1.60,-0.410,0.130,-9.450,0.00000,0
96.630,0.0,0.0,1.60,-0.410,0.130,-9.450,0.00000,0
96.640,0.0,0.0,1.60,-0.410,0.130,-9.450,0.00000,0
96.650,0.0,0.0,1.60,-0.410,0.130,-9.450,0.00000,0
96.660,0.0,0.0,1.60,-0.410,0.130,-9.450,0.00000,0
96.670,0.0,0.0,1.60,-0.410,0.130,-9.450,0.00000,0
96.680,0.0,0.0,1.60,-0.410,0.130,-9.450,0.00000,0
96.690,0.0,0.0,1.60,-0.410,0.130,-9.450,0.00000,0
96.701,0.0,0.0,1.60,-0.410,0.130,-9.450,0.00000,0
96.711,0.0,0.0,1.60,-0.410,0.130,-9.450,0.00000,0
96.721,0.0,0.0,1.60,-0.410,0.130,-9.450,0.00000,0
96.731,0.0,0.0,1.60,-0.410,0.130,-9.450,0.00000,0
96.741,0.0,0.0,1.60,-0.410,0.130,-9.450,0.00000,0
96.751,0.0,0.0,1.60,-0.410,0.130,-9.450,0.00000,0
96.761,0.0,0.0,1.60,-0.410,0.130,-9.450,0.00000,0
96.772,0.0,0.0,1.60,-0.410,0.130,-9.450,0.00000,0
96.782,0.0,0.0,1.60,-0.410,0.130,-9.450,0.00000,0
96.792,0.0,0.0,1.60,-0.410,0.130,-9.450,0.00000,0
96.802,0.0,0.0,1.60,-0.410,0.130,-9.450,0.00000,0
96.812,0.0,0.0,1.60,-0.410,0.130,-9.450,0.00000,0
96.822,0.0,0.0,1.60,-0.410,0.130,-9.450,0.00000,0
96.832,0.0,0.0,1.60,-0.410,0.130,-9.450,0.00000,0
96.842,0.0,0.0,1.60,-0.410,0.130,-9.450,0.00000,0
96.853,0.0,0.0,1.60,-0.410,0.130,-9.450,0.00000,0
96.863,0.0,0.0,1.60,-0.410,0.130,-9.450,0.00000,0
96.873,0.0,0.0,1.60,-0.410,0.130,-9.450,0.00000,0
96.883,0.0,0.0,1.60,-0.410,0.130,-9.450,0.00000,0
96.893,0.0,0.0,1.60,-0.410,0.130,-9.450,0.00000,0
96.903,0.0,0.0,1.60,-0.410,0.130,-9.450,0.00000,0
96.913,0.0,0.0,1.60,-0.410,0.130,-9.450,0.00000,0
96.923,0.0,0.0,1.60,-0.410,0.130,-9.450,0.00000,0
96.934,0.0,0.0,1.60,-0.410,0.130,-9.450,0.00000,0
96.944,0.0,0.0,1.60,-0.410,0.130,-9.450,0.00000,0
96.954,0.0,0.0,1.60,-0.410,0.130,-9.450,0.00000,0
96.964,0.0,0.0,1.60,-0.410,0.130,-9.450,0.00000,0
96.974,0.0,0.0,1.60,-0.410,0.130,-9.450,0.00000,0
96.984,0.0,0.0,1.60,-0.410,0.130,-9.450,0.00000,0
96.994,0.0,0.0,1.60,-0.410,0.130,-9.450,0.00000,0
97.005,0.0,0.0,1.60,-0.410,0.130,-9.450,0.00000,0
97.015,0.0,0.0,1.60,-0.410,0.130,-9.450,0.00000,0
97.025,0.0,0.0,1.60,-0.410,0.130,-9.450,0.00000,0
97.035,0.0,0.0,1.60,-0.410,0.130,-9.450,0.00000,0
97.045,0.0,0.0,1.60,-0.410,0.130,-9.450,0.00000,0
97.055,0.0,0.0,1.60,-0.410,0.130,-9.450,0.00000,0
97.066,0.0,0.0,1.60,-0.410,0.130,-9.450,0.00000,0
97.076,0.0,0.0,1.60,-0.410,0.130,-9.450,0.00000,0
97.086,0.0,0.0,1.60,-0.410,0.130,-9.450,0.00000,0
97.096,0.0,0.0,1.60,-0.410,0.130,-9.450,0.00000,0
97.106,0.0,0.0,1.60,-0.410,0.130,-9.450,0.00000,0
97.116,0.0,0.0,1.60,-0.410,0.130,-9.450,0.00000,0
97.126,0.0,0.0,1.60,-0.410,0.130,-9.450,0.00000,0
97.136,0.0,0.0,1.60,-0.410,0.130,-9.450,0.00000,0
97.147,0.0,0.0,1.60,-0.410,0.130,-9.450,0.00000,0
97.157,0.0,0.0,1.60,-0.410,0.130,-9.450,0.00000,0
97.167,0.0,0.0,1.60,-0.410,0.130,-9.450,0.00000,0
97.177,0.0,0.0,1.60,-0.410,0.130,-9.450,0.00000,0
97.187,0.0,0.0,1.60,-0.410,0.130,-9.450,0.00000,0
97.197,0.0,0.0,1.60,-0.410,0.130,-9.450,0.00000,0
97.207,0.0,0.0,1.60,-0.410,0.130,-9.450,0.00000,0
97.218,0.0,0.0,1.60,-0.410,0.130,-9.450,0.00000,0
97.228,0.0,0.0,1.60,-0.410,0.130,-9.450,0.00000,0
97.238,0.0,0.0,1.60,-0.410,0.130,-9.450,0.00000,0
97.248,0.0,0.0,1.60,-0.410,0.130,-9.450,0.00000,0
97.258,0.0,0.0,1.60,-0.410,0.130,-9.450,0.00000,0
97.268,0.0,0.0,1.60,-0.410,0.130,-9.450,0.00000,0
97.278,0.0,0.0,1.60,-0.410,0.130,-9.450,0.00000,0
97.288,0.0,0.0,1.60,-0.410,0.130,-9.450,0.00000,0
97.299,0.0,0.0,1.60,-0.410,0.130,-9.450,0.00000,0
97.309,0.0,0.0,1.60,-0.410,0.130,-9.450,0.00000,0
97.319,0.0,0.0,1.60,-0.410,0.130,-9.450,0.00000,0
97.329,0.0,0.0,1.60,-0.410,0.130,-9.450,0.00000,0
97.339,0.0,0.0,1.60,-0.410,0.130,-9.450,0.00000,0
97.349,0.0,0.0,1.60,-0.410,0.130,-9.450,0.00000,0
97.359,0.0,0.0,1.60,-0.410,0.130,-9.450,0.00000,0
97.370,0.0,0.0,1.60,-0.410,0.130,-9.450,0.00000,0
97.380,0.0,0.0,1.60,-0.410,0.130,-9.450,0.00000,0
97.390,0.0,0.0,1.60,-0.410,0.130,-9.450,0.00000,0
97.400,0.0,0.0,1.60,-0.410,0.130,-9.450,0.00000,0
97.410,0.0,0.0,1.60,-0.410,0.130,-9.450,0.00000,0
97.420,0.0,0.0,1.60,-0.410,0.130,-9.450,0.00000,0
97.430,0.0,0.0,1.60,-0.410,0.130,-9.450,0.00000,0
97.441,0.0,0.0,1.60,-0.410,0.130,-9.450,0.00000,0
97.451,0.0,0.0,1.60,-0.410,0.130,-9.450,0.00000,0
97.461,0.0,0.0,1.60,-0.410,0.130,-9.450,0.00000,0
97.471,0.0,0.0,1.60,-0.410,0.130,-9.450,0.00000,0
97.481,0.0,0.0,1.60,-0.410,0.130,-9.450,0.00000,0
97.491,0.0,0.0,1.60,-0.410,0.130,-9.450,0.00000,0
97.501,0.0,0.0,1.60,-0.410,0.130,-9.450,0.00000,0
97.512,0.0,0.0,1.60,-0.410,0.130,-9.450,0.00000,0
97.522,0.0,0.0,1.60,-0.410,0.130,-9.450,0.00000,0
97.532,0.0,0.0,1.60,-0.410,0.130,-9.450,0.00000,0
97.542,0.0,0.0,1.60,-0.410,0.130,-9.450,0.00000,0
97.552,0.0,0.0,1.60,-0.410,0.130,-9.450,0.00000,0
97.562,0.0,0.0,1.60,-0.410,0.130,-9.450,0.00000,0
97.572,0.0,0.0,1.60,-0.410,0.130,-9.450,0.00000,0
97.582,0.0,0.0,1.60,-0.410,0.130,-9.450,0.00000,0
97.593,0.0,0.0,1.60,-0.410,0.130,-9.450,0.00000,0
97.603,0.0,0.0,1.60,-0.410,0.130,-9.450,0.00000,0
97.613,0.0,0.0,1.60,-0.410,0.130,-9.450,0.00000,0
97.623,0.0,0.0,1.60,-0.410,0.130,-9.450,0.00000,0
97.633,0.0,0.0,1.60,-0.410,0.130,-9.450,0.00000,0
97.643,0.0,0.0,1.60,-0.410,0.130,-9.450,0.00000,0
97.653,0.0,0.0,1.60,-0.410,0.130,-9.450,0.00000,0
97.663,0.0,0.0,1.60,-0.410,0.130,-9.450,0.00000,0
97.674,0.0,0.0,1.60,-0.410,0.130,-9.450,0.00000,0
97.684,0.0,0.0,1.60,-0.410,0.130,-9.450,0.00000,0
97.694,0.0,0.0,1.60,-0.410,0.130,-9.450,0.00000,0
97.704,0.0,0.0,1.60,-0.410,0.130,-9.450,0.00000,0
97.714,0.0,0.0,1.60,-0.410,0.130,-9.450,0.00000,0
97.724,0.0,0.0,1.60,-0.410,0.130,-9.450,0.00000,0
97.734,0.0,0.0,1.60,-0.410,0.130,-9.450,0.00000,0
97.744,0.0,0.0,1.60,-0.410,0.130,-9.450,0.00000,0
97.755,0.0,0.0,1.60,-0.410,0.130,-9.450,0.00000,0
97.765,0.0,0.0,1.60,-0.410,0.130,-9.450,0.00000,0
97.775,0.0,0.0,1.60,-0.410,0.130,-9.450,0.00000,0
97.785,0.0,0.0,1.60,-0.410,0.130,-9.450,0.00000,0
97.795,0.0,0.0,1.60,-0.410,0.130,-9.450,0.00000,0
97.805,0.0,0.0,1.60,-0.410,0.130,-9.450,0.00000,0
97.815,0.0,0.0,1.60,-0.410,0.130,-9.450,0.00000,0
97.825,0.0,0.0,1.60,-0.410,0.130,-9.450,0.00000,0
97.836,0.0,0.0,1.60,-0.410,0.130,-9.450,0.00000,0
97.846,0.0,0.0,1.60,-0.410,0.130,-9.450,0.00000,0
97.856,0.0,0.0,1.60,-0.410,0.130,-9.450,0.00000,0
97.866,0.0,0.0,1.60,-0.410,0.130,-9.450,0.00000,0
97.876,0.0,0.0,1.60,-0.410,0.130,-9.450,0.00000,0
97.886,0.0,0.0,1.60,-0.410,0.130,-9.450,0.00000,0
97.896,0.0,0.0,1.60,-0.410,0.130,-9.450,0.00000,0
97.907,0.0,0.0,1.60,-0.410,0.130,-9.450,0.00000,0
97.917,0.0,0.0,1.60,-0.410,0.130,-9.450,0.00000,0
97.927,0.0,0.0,1.60,-0.410,0.130,-9.450,0.00000,0
97.937,0.0,0.0,1.60,-0.410,0.130,-9.450,0.00000,0
97.947,0.0,0.0,1.60,-0.410,0.130,-9.450,0.00000,0
97.957,0.0,0.0,1.60,-0.410,0.130,-9.450,0.00000,0
97.967,0.0,0.0,1.60,-0.410,0.130,-9.450,0.00000,0
97.978,0.0,0.0,1.60,-0.410,0.130,-9.450,0.00000,0
97.988,0.0,0.0,1.60,-0.410,0.130,-9.450,0.00000,0
97.998,0.0,0.0,1.60,-0.410,0.130,-9.450,0.00000,0
98.008,0.0,0.0,1.60,-0.410,0.130,-9.450,0.00000,0
98.018,0.0,0.0,1.60,-0.410,0.130,-9.450,0.00000,0
98.028,0.0,0.0,1.60,-0.410,0.130,-9.450,0.00000,0
98.039,0.0,0.0,1.60,-0.410,0.130,-9.450,0.00000,0
98.049,0.0,0.0,1.60,-0.410,0.130,-9.450,0.00000,0
98.059,0.0,0.0,1.60,-0.410,0.130,-9.450,0.00000,0
98.069,0.0,0.0,1.60,-0.410,0.130,-9.450,0.00000,0
98.079,0.0,0.0,1.60,-0.410,0.130,-9.450,0.00000,0
98.090,0.0,0.0,1.60,-0.410,0.130,-9.450,0.00000,0
98.100,0.0,0.0,1.60,-0.410,0.130,-9.450,0.00000,0
98.110,0.0,0.0,1.60,-0.410,0.130,-9.450,0.00000,0
98.120,0.0,0.0,1.60,-0.410,0.130,-9.450,0.00000,0
98.130,0.0,0.0,1.60,-0.410,0.130,-9.450,0.00000,0
98.140,0.0,0.0,1.60,-0.410,0.130,-9.450,0.00000,0
98.150,0.0,0.0,1.60,-0.410,0.130,-9.450,0.00000,0
98.161,0.0,0.0,1.60,-0.410,0.130,-9.450,0.00000,0
98.171,0.0,0.0,1.60,-0.410,0.130,-9.450,0.00000,0
98.181,0.0,0.0,1.60,-0.410,0.130,-9.450,0.00000,0
98.191,0.0,0.0,1.60,-0.410,0.130,-9.450,0.00000,0
98.201,0.0,0.0,1.60,-0.410,0.130,-9.450,0.00000,0
98.211,0.0,0.0,1.60,-0.410,0.130,-9.450,0.00000,0
98.221,0.0,0.0,1.60,-0.410,0.130,-9.450,0.00000,0
98.232,0.0,0.0,1.60,-0.410,0.130,-9.450,0.00000,0
98.242,0.0,0.0,1.60,-0.410,0.130,-9.450,0.00000,0
98.252,0.0,0.0,1.60,-0.410,0.130,-9.450,0.00000,0
98.262,0.0,0.0,1.60,-0.410,0.130,-9.450,0.00000,0
98.272,0.0,0.0,1.60,-0.410,0.130,-9.450,0.00000,0
98.282,0.0,0.0,1.60,-0.410,0.130,-9.450,0.00000,0
98.292,0.0,0.0,1.60,-0.410,0.130,-9.450,0.00000,0
98.302,0.0,0.0,1.60,-0.410,0.130,-9.450,0.00000,0
98.313,0.0,0.0,1.60,-0.410,0.130,-9.450,0.00000,0
98.323,0.0,0.0,1.60,-0.410,0.130,-9.450,0.00000,0
98.333,0.0,0.0,1.60,-0.410,0.130,-9.450,0.00000,0
98.343,0.0,0.0,1.60,-0.410,0.130,-9.450,0.00000,0
98.353,0.0,0.0,1.60,-0.410,0.130,-9.450,0.00000,0
98.363,0.0,0.0,1.60,-0.410,0.130,-9.450,0.00000,0
98.373,0.0,0.0,1.60,-0.410,0.130,-9.450,0.00000,0
98.384,0.0,0.0,1.60,-0.410,0.130,-9.450,0.00000,0
98.394,0.0,0.0,1.60,-0.410,0.130,-9.450,0.00000,0
98.404,0.0,0.0,1.60,-0.410,0.130,-9.450,0.00000,0
98.414,0.0,0.0,1.60,-0.410,0.130,-9.450,0.00000,0
98.424,0.0,0.0,1.60,-0.410,0.130,-9.450,0.00000,0
98.434,0.0,0.0,1.60,-0.410,0.130,-9.450,0.00000,0
98.444,0.0,0.0,1.60,-0.410,0.130,-9.450,0.00000,0
98.455,0.0,0.0,1.60,-0.410,0.130,-9.450,0.00000,0
98.465,0.0,0.0,1.60,-0.410,0.130,-9.450,0.00000,0
98.475,0.0,0.0,1.60,-0.410,0.130,-9.450,0.00000,0
98.485,0.0,0.0,1.60,-0.410,0.130,-9.450,0.00000,0
98.495,0.0,0.0,1.60,-0.410,0.130,-9.450,0.00000,0
98.505,0.0,0.0,1.60,-0.410,0.130,-9.450,0.00000,0
98.515,0.0,0.0,1.60,-0.410,0.130,-9.450,0.00000,0
98.525,0.0,0.0,1.60,-0.410,0.130,-9.450,0.00000,0
98.535,0.0,0.0,1.60,-0.410,0.130,-9.450,0.00000,0
98.546,0.0,0.0,1.60,-0.410,0.130,-9.450,0.00000,0
98.556,0.0,0.0,1.60,-0.410,0.130,-9.450,0.00000,0
98.566,0.0,0.0,1.60,-0.410,0.130,-9.450,0.00000,0
98.576,0.0,0.0,1.60,-0.410,0.130,-9.450,0.00000,0
98.586,0.0,0.0,1.60,-0.410,0.130,-9.450,0.00000,0
98.596,0.0,0.0,1.60,-0.410,0.130,-9.450,0.00000,0
98.607,0.0,0.0,1.60,-0.410,0.130,-9.450,0.00000,0
98.617,0.0,0.0,1.60,-0.410,0.130,-9.450,0.00000,0
98.627,0.0,0.0,1.60,-0.410,0.130,-9.450,0.00000,0
98.637,0.0,0.0,1.60,-0.410,0.130,-9.450,0.00000,0
98.648,0.0,0.0,1.60,-0.410,0.130,-9.450,0.00000,0
98.658,0.0,0.0,1.60,-0.410,0.130,-9.450,0.00000,0
98.668,0.0,0.0,1.60,-0.410,0.130,-9.450,0.00000,0
98.678,0.0,0.0,1.60,-0.410,0.130,-9.450,0.00000,0
98.688,0.0,0.0,1.60,-0.410,0.130,-9.450,0.00000,0
98.699,0.0,0.0,1.60,-0.410,0.130,-9.450,0.00000,0
98.709,0.0,0.0,1.60,-0.410,0.130,-9.450,0.00000,0
98.719,0.0,0.0,1.60,-0.410,0.130,-9.450,0.00000,0
98.729,0.0,0.0,1.60,-0.410,0.130,-9.450,0.00000,0
98.739,0.0,0.0,1.60,-0.410,0.130,-9.450,0.00000,0
98.749,0.0,0.0,1.60,-0.410,0.130,-9.450,0.00000,0
98.759,0.0,0.0,1.60,-0.410,0.130,-9.450,0.00000,0
98.770,0.0,0.0,1.60,-0.410,0.130,-9.450,0.00000,0
98.780,0.0,0.0,1.60,-0.410,0.130,-9.450,0.00000,0
98.790,0.0,0.0,1.60,-0.410,0.130,-9.450,0.00000,0
98.800,0.0,0.0,1.60,-0.410,0.130,-9.450,0.00000,0
98.810,0.0,0.0,1.60,-0.410,0.130,-9.450,0.00000,0
98.820,0.0,0.0,1.60,-0.410,0.130,-9.450,0.00000,0
98.830,0.0,0.0,1.60,-0.410,0.130,-9.450,0.00000,0
98.840,0.0,0.0,1.60,-0.410,0.130,-9.450,0.00000,0
98.851,0.0,0.0,1.60,-0.410,0.130,-9.450,0.00000,0
98.861,0.0,0.0,1.60,-0.410,0.130,-9.450,0.00000,0
98.871,0.0,0.0,1.60,-0.410,0.130,-9.450,0.00000,0
98.881,0.0,0.0,1.60,-0.410,0.130,-9.450,0.00000,0
98.891,0.0,0.0,1.60,-0.410,0.130,-9.450,0.00000,0
98.901,0.0,0.0,1.60,-0.410,0.130,-9.450,0.00000,0
98.912,0.0,0.0,1.60,-0.410,0.130,-9.450,0.00000,0
98.922,0.0,0.0,1.60,-0.410,0.130,-9.450,0.00000,0
98.932,0.0,0.0,1.60,-0.410,0.130,-9.450,0.00000,0
98.942,0.0,0.0,1.60,-0.410,0.130,-9.450,0.00000,0
98.952,0.0,0.0,1.60,-0.410,0.130,-9.450,0.00000,0
98.962,0.0,0.0,1.60,-0.410,0.130,-9.450,0.00000,0
98.972,0.0,0.0,1.60,-0.410,0.130,-9.450,0.00000,0
98.982,0.0,0.0,1.60,-0.410,0.130,-9.450,0.00000,0
98.993,0.0,0.0,1.60,-0.410,0.130,-9.450,0.00000,0
99.003,0.0,0.0,1.60,-0.410,0.130,-9.450,0.00000,0
99.013,0.0,0.0,1.60,-0.410,0.130,-9.450,0.00000,0
99.023,0.0,0.0,1.60,-0.410,0.130,-9.450,0.00000,0
99.033,0.0,0.0,1.60,-0.410,0.130,-9.450,0.00000,0
99.043,0.0,0.0,1.60,-0.410,0.130,-9.450,0.00000,0
99.053,0.0,0.0,1.60,-0.410,0.130,-9.450,0.00000,0
99.064,0.0,0.0,1.60,-0.410,0.130,-9.450,0.00000,0
99.074,0.0,0.0,1.60,-0.410,0.130,-9.450,0.00000,0
99.084,0.0,0.0,1.60,-0.410,0.130,-9.450,0.00000,0
99.094,0.0,0.0,1.60,-0.410,0.130,-9.450,0.00000,0
99.104,0.0,0.0,1.60,-0.410,0.130,-9.450,0.00000,0
99.114,0.0,0.0,1.60,-0.410,0.130,-9.450,0.00000,0
99.125,0.0,0.0,1.60,-0.410,0.130,-9.450,0.00000,0
99.135,0.0,0.0,1.60,-0.410,0.130,-9.450,0.00000,0
99.145,0.0,0.0,1.60,-0.410,0.130,-9.450,0.00000,0
99.155,0.0,0.0,1.60,-0.410,0.130,-9.450,0.00000,0
99.165,0.0,0.0,1.60,-0.410,0.130,-9.450,0.00000,0
99.175,0.0,0.0,1.60,-0.410,0.130,-9.450,0.00000,0
99.185,0.0,0.0,1.60,-0.410,0.130,-9.450,0.00000,0
99.195,0.0,0.0,1.60,-0.410,0.130,-9.450,0.00000,0
99.206,0.0,0.0,1.60,-0.410,0.130,-9.450,0.00000,0
99.216,0.0,0.0,1.60,-0.410,0.130,-9.450,0.00000,0
99.226,0.0,0.0,1.60,-0.410,0.130,-9.450,0.00000,0
99.236,0.0,0.0,1.60,-0.410,0.130,-9.450,0.00000,0
99.246,0.0,0.0,1.60,-0.410,0.130,-9.450,0.00000,0
99.256,0.0,0.0,1.60,-0.410,0.130,-9.450,0.00000,0
99.266,0.0,0.0,1.60,-0.410,0.130,-9.450,0.00000,0
99.277,0.0,0.0,1.60,-0.410,0.130,-9.450,0.00000,0
99.287,0.0,0.0,1.60,-0.410,0.130,-9.450,0.00000,0
99.297,0.0,0.0,1.60,-0.410,0.130,-9.450,0.00000,0
99.307,0.0,0.0,1.60,-0.410,0.130,-9.450,0.00000,0
99.317,0.0,0.0,1.60,-0.410,0.130,-9.450,0.00000,0
99.327,0.0,0.0,1.60,-0.410,0.130,-9.450,0.00000,0
99.337,0.0,0.0,1.60,-0.410,0.130,-9.450,0.00000,0
99.347,0.0,0.0,1.60,-0.410,0.130,-9.450,0.00000,0
99.358,0.0,0.0,1.60,-0.410,0.130,-9.450,0.00000,0
99.368,0.0,0.0,1.60,-0.410,0.130,-9.450,0.00000,0
99.378,0.0,0.0,1.60,-0.410,0.130,-9.450,0.00000,0
99.388,0.0,0.0,1.60,-0.410,0.130,-9.450,0.00000,0
99.398,0.0,0.0,1.60,-0.410,0.130,-9.450,0.00000,0
99.408,0.0,0.0,1.60,-0.410,0.130,-9.450,0.00000,0
99.418,0.0,0.0,1.60,-0.410,0.130,-9.450,0.00000,0
99.429,0.0,0.0,1.60,-0.410,0.130,-9.450,0.00000,0
99.439,0.0,0.0,1.60,-0.410,0.130,-9.450,0.00000,0
99.449,0.0,0.0,1.60,-0.410,0.130,-9.450,0.00000,0
99.459,0.0,0.0,1.60,-0.410,0.130,-9.450,0.00000,0
99.469,0.0,0.0,1.60,-0.410,0.130,-9.450,0.00000,0
99.479,0.0,0.0,1.60,-0.410,0.130,-9.450,0.00000,0
99.489,0.0,0.0,1.60,-0.410,0.130,-9.450,0.00000,0
99.500,0.0,0.0,1.60,-0.410,0.130,-9.450,0.00000,0
99.510,0.0,0.0,1.60,-0.410,0.130,-9.450,0.00000,0
99.520,0.0,0.0,1.60,-0.410,0.130,-9.450,0.00000,0
99.530,0.0,0.0,1.60,-0.410,0.130,-9.450,0.00000,0
99.540,0.0,0.0,1.60,-0.410,0.130,-9.450,0.00000,0
99.550,0.0,0.0,1.60,-0.410,0.130,-9.450,0.00000,0
99.560,0.0,0.0,1.60,-0.410,0.130,-9.450,0.00000,0
99.571,0.0,0.0,1.60,-0.410,0.130,-9.450,0.00000,0
99.581,0.0,0.0,1.60,-0.410,0.130,-9.450,0.00000,0
99.591,0.0,0.0,1.60,-0.410,0.130,-9.450,0.00000,0
99.601,0.0,0.0,1.60,-0.410,0.130,-9.450,0.00000,0
99.611,0.0,0.0,1.60,-0.410,0.130,-9.450,0.00000,0
99.621,0.0,0.0,1.60,-0.410,0.130,-9.450,0.00000,0
99.631,0.0,0.0,1.60,-0.410,0.130,-9.450,0.00000,0
99.641,0.0,0.0,1.60,-0.410,0.130,-9.450,0.00000,0
99.652,0.0,0.0,1.60,-0.410,0.130,-9.450,0.00000,0
99.662,0.0,0.0,1.60,-0.410,0.130,-9.450,0.00000,0
99.672,0.0,0.0,1.60,-0.410,0.130,-9.450,0.00000,0
99.682,0.0,0.0,1.60,-0.410,0.130,-9.450,0.00000,0
99.692,0.0,0.0,1.60,-0.410,0.130,-9.450,0.00000,0
99.702,0.0,0.0,1.60,-0.410,0.130,-9.450,0.00000,0
99.713,0.0,0.0,1.60,-0.410,0.130,-9.450,0.00000,0
99.723,0.0,0.0,1.60,-0.410,0.130,-9.450,0.00000,0
99.733,0.0,0.0,1.60,-0.410,0.130,-9.450,0.00000,0
99.743,0.0,0.0,1.60,-0.410,0.130,-9.450,0.00000,0
99.753,0.0,0.0,1.60,-0.410,0.130,-9.450,0.00000,0
99.763,0.0,0.0,1.60,-0.410,0.130,-9.450,0.00000,0
99.773,0.0,0.0,1.60,-0.410,0.130,-9.450,0.00000,0
99.783,0.0,0.0,1.60,-0.410,0.130,-9.450,0.00000,0
99.794,0.0,0.0,1.60,-0.410,0.130,-9.450,0.00000,0
99.804,0.0,0.0,1.60,-0.410,0.130,-9.450,0.00000,0
99.814,0.0,0.0,1.60,-0.410,0.130,-9.450,0.00000,0
99.824,0.0,0.0,1.60,-0.410,0.130,-9.450,0.00000,0
99.834,0.0,0.0,1.60,-0.410,0.130,-9.450,0.00000,0
99.844,0.0,0.0,1.60,-0.410,0.130,-9.450,0.00000,0
99.854,0.0,0.0,1.60,-0.410,0.130,-9.450,0.00000,0
99.865,0.0,0.0,1.60,-0.410,0.130,-9.450,0.00000,0
99.875,0.0,0.0,1.60,-0.410,0.130,-9.450,0.00000,0
99.885,0.0,0.0,1.60,-0.410,0.130,-9.450,0.00000,0
99.895,0.0,0.0,1.60,-0.410,0.130,-9.450,0.00000,0
99.905,0.0,0.0,1.60,-0.410,0.130,-9.450,0.00000,0
99.915,0.0,0.0,1.60,-0.410,0.130,-9.450,0.00000,0
99.925,0.0,0.0,1.60,-0.410,0.130,-9.450,0.00000,0
99.936,0.0,0.0,1.60,-0.410,0.130,-9.450,0.00000,0
99.946,0.0,0.0,1.60,-0.410,0.130,-9.450,0.00000,0
99.956,0.0,0.0,1.60,-0.410,0.130,-9.450,0.00000,0
99.966,0.0,0.0,1.60,-0.410,0.130,-9.450,0.00000,0
99.976,0.0,0.0,1.60,-0.410,0.130,-9.450,0.00000,0
99.986,0.0,0.0,1.60,-0.410,0.130,-9.450,0.00000,0
99.996,0.0,0.0,1.60,-0.410,0.130,-9.450,0.00000,0
100.006,0.0,0.0,1.60,-0.410,0.130,-9.450,0.00000,0
100.017,0.0,0.0,1.60,-0.410,0.130,-9.450,0.00000,0
100.027,0.0,0.0,1.60,-0.410,0.130,-9.450,0.00000,0
100.037,0.0,0.0,1.60,-0.410,0.130,-9.450,0.00000,0
100.047,0.0,0.0,1.60,-0.410,0.130,-9.450,0.00000,0
100.057,0.0,0.0,1.60,-0.410,0.130,-9.450,0.00000,0
100.067,0.0,0.0,1.60,-0.410,0.130,-9.450,0.00000,0
100.077,0.0,0.0,1.60,-0.410,0.130,-9.450,0.00000,0
100.087,0.0,0.0,1.60,-0.410,0.130,-9.450,0.00000,0
100.098,0.0,0.0,1.60,-0.410,0.130,-9.450,0.00000,0
100.108,0.0,0.0,1.60,-0.410,0.130,-9.450,0.00000,0
100.118,0.0,0.0,1.60,-0.410,0.130,-9.450,0.00000,0
100.128,0.0,0.0,1.60,-0.410,0.130,-9.450,0.00000,0
100.138,0.0,0.0,1.60,-0.410,0.130,-9.450,0.00000,0
100.148,0.0,0.0,1.60,-0.410,0.130,-9.450,0.00000,0
100.158,0.0,0.0,1.60,-0.410,0.130,-9.450,0.00000,0
100.169,0.0,0.0,1.60,-0.410,0.130,-9.450,0.00000,0
100.179,0.0,0.0,1.60,-0.410,0.130,-9.450,0.00000,0
100.189,0.0,0.0,1.60,-0.410,0.130,-9.450,0.00000,0
100.199,0.0,0.0,1.60,-0.410,0.130,-9.450,0.00000,0
100.209,0.0,0.0,1.60,-0.410,0.130,-9.450,0.00000,0
100.219,0.0,0.0,1.60,-0.410,0.130,-9.450,0.00000,0
100.229,0.0,0.0,1.60,-0.410,0.130,-9.450,0.00000,0
100.240,0.0,0.0,1.60,-0.410,0.130,-9.450,0.00000,0
100.250,0.0,0.0,1.60,-0.410,0.130,-9.450,0.00000,0
100.260,0.0,0.0,1.60,-0.410,0.130,-9.450,0.00000,0
100.270,0.0,0.0,1.60,-0.410,0.130,-9.450,0.00000,0
100.280,0.0,0.0,1.60,-0.410,0.130,-9.450,0.00000,0
100.291,0.0,0.0,1.60,-0.410,0.130,-9.450,0.00000,0
100.301,0.0,0.0,1.60,-0.410,0.130,-9.450,0.00000,0
100.311,0.0,0.0,1.60,-0.410,0.130,-9.450,0.00000,0
100.322,0.0,0.0,1.60,-0.410,0.130,-9.450,0.00000,0
100.332,0.0,0.0,1.60,-0.410,0.130,-9.450,0.00000,0
100.342,0.0,0.0,1.60,-0.410,0.130,-9.450,0.00000,0
100.352,0.0,0.0,1.60,-0.410,0.130,-9.450,0.00000,0
100.362,0.0,0.0,1.60,-0.410,0.130,-9.450,0.00000,0
100.372,0.0,0.0,1.60,-0.410,0.130,-9.450,0.00000,0
100.382,0.0,0.0,1.60,-0.410,0.130,-9.450,0.00000,0
100.392,0.0,0.0,1.60,-0.410,0.130,-9.450,0.00000,0
100.403,0.0,0.0,1.60,-0.410,0.130,-9.450,0.00000,0
100.413,0.0,0.0,1.60,-0.410,0.130,-9.450,0.00000,0
100.423,0.0,0.0,1.60,-0.410,0.130,-9.450,0.00000,0
100.433,0.0,0.0,1.60,-0.410,0.130,-9.450,0.00000,0
100.443,0.0,0.0,1.60,-0.410,0.130,-9.450,0.00000,0
100.453,0.0,0.0,1.60,-0.410,0.130,-9.450,0.00000,0
100.464,0.0,0.0,1.60,-0.410,0.130,-9.450,0.00000,0
100.474,0.0,0.0,1.60,-0.410,0.130,-9.450,0.00000,0
100.484,0.0,0.0,1.60,-0.410,0.130,-9.450,0.00000,0
100.494,0.0,0.0,1.60,-0.410,0.130,-9.450,0.00000,0
100.504,0.0,0.0,1.60,-0.410,0.130,-9.450,0.00000,0
100.514,0.0,0.0,1.60,-0.410,0.130,-9.450,0.00000,0
100.524,0.0,0.0,1.60,-0.410,0.130,-9.450,0.00000,0
100.534,0.0,0.0,1.60,-0.410,0.130,-9.450,0.00000,0
100.545,0.0,0.0,1.60,-0.410,0.130,-9.450,0.00000,0
100.555,0.0,0.0,1.60,-0.410,0.130,-9.450,0.00000,0
100.565,0.0,0.0,1.60,-0.410,0.130,-9.450,0.00000,0
100.575,0.0,0.0,1.60,-0.410,0.130,-9.450,0.00000,0
100.585,0.0,0.0,1.60,-0.410,0.130,-9.450,0.00000,0
100.595,0.0,0.0,1.60,-0.410,0.130,-9.450,0.00000,0
100.605,0.0,0.0,1.60,-0.410,0.130,-9.450,0.00000,0
100.616,0.0,0.0,1.60,-0.410,0.130,-9.450,0.00000,0
100.626,0.0,0.0,1.60,-0.410,0.130,-9.450,0.00000,0
100.636,0.0,0.0,1.60,-0.410,0.130,-9.450,0.00000,0
100.646,0.0,0.0,1.60,-0.410,0.130,-9.450,0.00000,0
100.656,0.0,0.0,1.60,-0.410,0.130,-9.450,0.00000,0
100.666,0.0,0.0,1.60,-0.410,0.130,-9.450,0.00000,0
100.676,0.0,0.0,1.60,-0.410,0.130,-9.450,0.00000,0
100.686,0.0,0.0,1.60,-0.410,0.130,-9.450,0.00000,0
100.697,0.0,0.0,1.60,-0.410,0.130,-9.450,0.00000,0
100.707,0.0,0.0,1.60,-0.410,0.130,-9.450,0.00000,0
100.717,0.0,0.0,1.60,-0.410,0.130,-9.450,0.00000,0
100.727,0.0,0.0,1.60,-0.410,0.130,-9.450,0.00000,0
100.737,0.0,0.0,1.60,-0.410,0.130,-9.450,0.00000,0
100.747,0.0,0.0,1.60,-0.410,0.130,-9.450,0.00000,0
100.757,0.0,0.0,1.60,-0.410,0.130,-9.450,0.00000,0
100.768,0.0,0.0,1.60,-0.410,0.130,-9.450,0.00000,0
100.778,0.0,0.0,1.60,-0.410,0.130,-9.450,0.00000,0
100.788,0.0,0.0,1.60,-0.410,0.130,-9.450,0.00000,0
100.798,0.0,0.0,1.60,-0.410,0.130,-9.450,0.00000,0
100.808,0.0,0.0,1.60,-0.410,0.130,-9.450,0.00000,0
100.818,0.0,0.0,1.60,-0.410,0.130,-9.450,0.00000,0
100.828,0.0,0.0,1.60,-0.410,0.130,-9.450,0.00000,0
100.838,0.0,0.0,1.60,-0.410,0.130,-9.450,0.00000,0
100.849,0.0,0.0,1.60,-0.410,0.130,-9.450,0.00000,0
100.859,0.0,0.0,1.60,-0.410,0.130,-9.450,0.00000,0
100.869,0.0,0.0,1.60,-0.410,0.130,-9.450,0.00000,0
100.879,0.0,0.0,1.60,-0.410,0.130,-9.450,0.00000,0
100.889,0.0,0.0,1.60,-0.410,0.130,-9.450,0.00000,0
100.899,0.0,0.0,1.60,-0.410,0.130,-9.450,0.00000,0
100.909,0.0,0.0,1.60,-0.410,0.130,-9.450,0.00000,0
100.919,0.0,0.0,1.60,-0.410,0.130,-9.450,0.00000,0
100.930,0.0,0.0,1.60,-0.410,0.130,-9.450,0.00000,0
100.940,0.0,0.0,1.60,-0.410,0.130,-9.450,0.00000,0
100.950,0.0,0.0,1.60,-0.410,0.130,-9.450,0.00000,0
100.960,0.0,0.0,1.60,-0.410,0.130,-9.450,0.00000,0
100.970,0.0,0.0,1.60,-0.410,0.130,-9.450,0.00000,0
100.980,0.0,0.0,1.60,-0.410,0.130,-9.450,0.00000,0
100.990,0.0,0.0,1.60,-0.410,0.130,-9.450,0.00000,0
101.000,0.0,0.0,1.60,-0.410,0.130,-9.450,0.00000,0
101.011,0.0,0.0,1.60,-0.410,0.130,-9.450,0.00000,0
101.021,0.0,0.0,1.60,-0.410,0.130,-9.450,0.00000,0
101.031,0.0,0.0,1.60,-0.410,0.130,-9.450,0.00000,0
101.041,0.0,0.0,1.60,-0.410,0.130,-9.450,0.00000,0
101.051,0.0,0.0,1.60,-0.410,0.130,-9.450,0.00000,0
101.061,0.0,0.0,1.60,-0.410,0.130,-9.450,0.00000,0
101.071,0.0,0.0,1.60,-0.410,0.130,-9.450,0.00000,0
101.081,0.0,0.0,1.60,-0.410,0.130,-9.450,0.00000,0
101.092,0.0,0.0,1.60,-0.410,0.130,-9.450,0.00000,0
101.102,0.0,0.0,1.60,-0.410,0.130,-9.450,0.00000,0
101.112,0.0,0.0,1.60,-0.410,0.130,-9.450,0.00000,0
101.122,0.0,0.0,1.60,-0.410,0.130,-9.450,0.00000,0
101.132,0.0,0.0,1.60,-0.410,0.130,-9.450,0.00000,0
101.142,0.0,0.0,1.60,-0.410,0.130,-9.450,0.00000,0
101.152,0.0,0.0,1.60,-0.410,0.130,-9.450,0.00000,0
101.163,0.0,0.0,1.60,-0.410,0.130,-9.450,0.00000,0
101.173,0.0,0.0,1.60,-0.410,0.130,-9.450,0.00000,0
101.183,0.0,0.0,1.60,-0.410,0.130,-9.450,0.00000,0
101.193,0.0,0.0,1.60,-0.410,0.130,-9.450,0.00000,0
101.203,0.0,0.0,1.60,-0.410,0.130,-9.450,0.00000,0
101.213,0.0,0.0,1.60,-0.410,0.130,-9.450,0.00000,0
101.223,0.0,0.0,1.60,-0.410,0.130,-9.450,0.00000,0
101.234,0.0,0.0,1.60,-0.410,0.130,-9.450,0.00000,0
101.244,0.0,0.0,1.60,-0.410,0.130,-9.450,0.00000,0
101.254,0.0,0.0,1.60,-0.410,0.130,-9.450,0.00000,0
101.264,0.0,0.0,1.60,-0.410,0.130,-9.450,0.00000,0
101.274,0.0,0.0,1.60,-0.410,0.130,-9.450,0.00000,0
101.284,0.0,0.0,1.60,-0.410,0.130,-9.450,0.00000,0
101.294,0.0,0.0,1.60,-0.410,0.130,-9.450,0.00000,0
101.305,0.0,0.0,1.60,-0.410,0.130,-9.450,0.00000,0
101.315,0.0,0.0,1.60,-0.410,0.130,-9.450,0.00000,0
101.325,0.0,0.0,1.60,-0.410,0.130,-9.450,0.00000,0
101.335,0.0,0.0,1.60,-0.410,0.130,-9.450,0.00000,0
101.345,0.0,0.0,1.60,-0.410,0.130,-9.450,0.00000,0
101.355,0.0,0.0,1.60,-0.410,0.130,-9.450,0.00000,0
101.365,0.0,0.0,1.60,-0.410,0.130,-9.450,0.00000,0
101.376,0.0,0.0,1.60,-0.410,0.130,-9.450,0.00000,0
101.386,0.0,0.0,1.60,-0.410,0.130,-9.450,0.00000,0
101.396,0.0,0.0,1.60,-0.410,0.130,-9.450,0.00000,0
101.406,0.0,0.0,1.60,-0.410,0.130,-9.450,0.00000,0
101.416,0.0,0.0,1.60,-0.410,0.130,-9.450,0.00000,0
101.426,0.0,0.0,1.60,-0.410,0.130,-9.450,0.00000,0
101.436,0.0,0.0,1.60,-0.410,0.130,-9.450,0.00000,0
101.446,0.0,0.0,1.60,-0.410,0.130,-9.450,0.00000,0
101.457,0.0,0.0,1.60,-0.410,0.130,-9.450,0.00000,0
101.467,0.0,0.0,1.60,-0.410,0.130,-9.450,0.00000,0
101.477,0.0,0.0,1.60,-0.410,0.130,-9.450,0.00000,0
101.487,0.0,0.0,1.60,-0.410,0.130,-9.450,0.00000,0
101.497,0.0,0.0,1.60,-0.410,0.130,-9.450,0.00000,0
101.507,0.0,0.0,1.60,-0.410,0.130,-9.450,0.00000,0
101.517,0.0,0.0,1.60,-0.410,0.130,-9.450,0.00000,0
101.528,0.0,0.0,1.60,-0.410,0.130,-9.450,0.00000,0
101.538,0.0,0.0,1.60,-0.410,0.130,-9.450,0.00000,0
101.548,0.0,0.0,1.60,-0.410,0.130,-9.450,0.00000,0
101.558,0.0,0.0,1.60,-0.410,0.130,-9.450,0.00000,0
101.568,0.0,0.0,1.60,-0.410,0.130,-9.450,0.00000,0
101.578,0.0,0.0,1.60,-0.410,0.130,-9.450,0.00000,0
101.588,0.0,0.0,1.60,-0.410,0.130,-9.450,0.00000,0
101.598,0.0,0.0,1.60,-0.410,0.130,-9.450,0.00000,0
101.609,0.0,0.0,1.60,-0.410,0.130,-9.450,0.00000,0
101.619,0.0,0.0,1.60,-0.410,0.130,-9.450,0.00000,0
101.629,0.0,0.0,1.60,-0.410,0.130,-9.450,0.00000,0
101.639,0.0,0.0,1.60,-0.410,0.130,-9.450,0.00000,0
101.649,0.0,0.0,1.60,-0.410,0.130,-9.450,0.00000,0
101.659,0.0,0.0,1.60,-0.410,0.130,-9.450,0.00000,0
101.669,0.0,0.0,1.60,-0.410,0.130,-9.450,0.00000,0
101.680,0.0,0.0,1.60,-0.410,0.130,-9.450,0.00000,0
101.690,0.0,0.0,1.60,-0.410,0.130,-9.450,0.00000,0
101.700,0.0,0.0,1.60,-0.410,0.130,-9.450,0.00000,0
101.710,0.0,0.0,1.60,-0.410,0.130,-9.450,0.00000,0
101.720,0.0,0.0,1.60,-0.410,0.130,-9.450,0.00000,0
101.730,0.0,0.0,1.60,-0.410,0.130,-9.450,0.00000,0
101.740,0.0,0.0,1.60,-0.410,0.130,-9.450,0.00000,0
101.750,0.0,0.0,1.60,-0.410,0.130,-9.450,0.00000,0
101.761,0.0,0.0,1.60,-0.410,0.130,-9.450,0.00000,0
101.771,0.0,0.0,1.60,-0.410,0.130,-9.450,0.00000,0
101.781,0.0,0.0,1.60,-0.410,0.130,-9.450,0.00000,0
101.791,0.0,0.0,1.60,-0.410,0.130,-9.450,0.00000,0
101.801,0.0,0.0,1.60,-0.410,0.130,-9.450,0.00000,0
101.811,0.0,0.0,1.60,-0.410,0.130,-9.450,0.00000,0
101.822,0.0,0.0,1.60,-0.410,0.130,-9.450,0.00000,0
101.832,0.0,0.0,1.60,-0.410,0.130,-9.450,0.00000,0
101.842,0.0,0.0,1.60,-0.410,0.130,-9.450,0.00000,0
101.852,0.0,0.0,1.60,-0.410,0.130,-9.450,0.00000,0
101.862,0.0,0.0,1.60,-0.410,0.130,-9.450,0.00000,0
101.872,0.0,0.0,1.60,-0.410,0.130,-9.450,0.00000,0
101.882,0.0,0.0,1.60,-0.410,0.130,-9.450,0.00000,0
101.892,0.0,0.0,1.60,-0.410,0.130,-9.450,0.00000,0
101.903,0.0,0.0,1.60,-0.410,0.130,-9.450,0.00000,0
101.913,0.0,0.0,1.60,-0.410,0.130,-9.450,0.00000,0
101.923,0.0,0.0,1.60,-0.410,0.130,-9.450,0.00000,0
101.933,0.0,0.0,1.60,-0.410,0.130,-9.450,0.00000,0
101.943,0.0,0.0,1.60,-0.410,0.130,-9.450,0.00000,0
101.953,0.0,0.0,1.60,-0.410,0.130,-9.450,0.00000,0
101.964,0.0,0.0,1.60,-0.410,0.130,-9.450,0.00000,0
101.974,0.0,0.0,1.60,-0.410,0.130,-9.450,0.00000,0
101.984,0.0,0.0,1.60,-0.410,0.130,-9.450,0.00000,0
101.994,0.0,0.0,1.60,-0.410,0.130,-9.450,0.00000,0
102.004,0.0,0.0,1.60,-0.410,0.130,-9.450,0.00000,0
102.014,0.0,0.0,1.60,-0.410,0.130,-9.450,0.00000,0
102.024,0.0,0.0,1.60,-0.410,0.130,-9.450,0.00000,0
102.034,0.0,0.0,1.60,-0.410,0.130,-9.450,0.00000,0
102.045,0.0,0.0,1.60,-0.410,0.130,-9.450,0.00000,0
102.055,0.0,0.0,1.60,-0.410,0.130,-9.450,0.00000,0
102.065,0.0,0.0,1.60,-0.410,0.130,-9.450,0.00000,0
102.075,0.0,0.0,1.60,-0.410,0.130,-9.450,0.00000,0
102.085,0.0,0.0,1.60,-0.410,0.130,-9.450,0.00000,0
102.095,0.0,0.0,1.60,-0.410,0.130,-9.450,0.00000,0
102.105,0.0,0.0,1.60,-0.410,0.130,-9.450,0.00000,0
102.116,0.0,0.0,1.60,-0.410,0.130,-9.450,0.00000,0
102.126,0.0,0.0,1.60,-0.410,0.130,-9.450,0.00000,0
102.136,0.0,0.0,1.60,-0.410,0.130,-9.450,0.00000,0
102.146,0.0,0.0,1.60,-0.410,0.130,-9.450,0.00000,0
102.156,0.0,0.0,1.60,-0.410,0.130,-9.450,0.00000,0
102.166,0.0,0.0,1.60,-0.410,0.130,-9.450,0.00000,0
102.176,0.0,0.0,1.60,-0.410,0.130,-9.450,0.00000,0
102.186,0.0,0.0,1.60,-0.410,0.130,-9.450,0.00000,0
102.197,0.0,0.0,1.60,-0.410,0.130,-9.450,0.00000,0
102.207,0.0,0.0,1.60,-0.410,0.130,-9.450,0.00000,0
102.217,0.0,0.0,1.60,-0.410,0.130,-9.450,0.00000,0
102.227,0.0,0.0,1.60,-0.410,0.130,-9.450,0.00000,0
102.237,0.0,0.0,1.60,-0.410,0.130,-9.450,0.00000,0
102.247,0.0,0.0,1.60,-0.410,0.130,-9.450,0.00000,0
102.257,0.0,0.0,1.60,-0.410,0.130,-9.450,0.00000,0
102.268,0.0,0.0,1.60,-0.410,0.130,-9.450,0.00000,0
102.278,0.0,0.0,1.60,-0.410,0.130,-9.450,0.00000,0
102.288,0.0,0.0,1.60,-0.410,0.130,-9.450,0.00000,0
102.298,0.0,0.0,1.60,-0.410,0.130,-9.450,0.00000,0
102.308,0.0,0.0,1.60,-0.410,0.130,-9.450,0.00000,0
102.318,0.0,0.0,1.60,-0.410,0.130,-9.450,0.00000,0
102.328,0.0,0.0,1.60,-0.410,0.130,-9.450,0.00000,0
102.339,0.0,0.0,1.60,-0.410,0.130,-9.450,0.00000,0
102.349,0.0,0.0,1.60,-0.410,0.130,-9.450,0.00000,0
102.359,0.0,0.0,1.60,-0.410,0.130,-9.450,0.00000,0
102.369,0.0,0.0,1.60,-0.410,0.130,-9.450,0.00000,0
102.379,0.0,0.0,1.60,-0.410,0.130,-9.450,0.00000,0
102.389,0.0,0.0,1.60,-0.410,0.130,-9.450,0.00000,0
102.399,0.0,0.0,1.60,-0.410,0.130,-9.450,0.00000,0
102.410,0.0,0.0,1.60,-0.410,0.130,-9.450,0.00000,0
102.420,0.0,0.0,1.60,-0.410,0.130,-9.450,0.00000,0
102.430,0.0,0.0,1.60,-0.410,0.130,-9.450,0.00000,0
102.440,0.0,0.0,1.60,-0.410,0.130,-9.450,0.00000,0
102.450,0.0,0.0,1.60,-0.410,0.130,-9.450,0.00000,0
102.460,0.0,0.0,1.60,-0.410,0.130,-9.450,0.00000,0
102.470,0.0,0.0,1.60,-0.410,0.130,-9.450,0.00000,0
102.480,0.0,0.0,1.60,-0.410,0.130,-9.450,0.00000,0
102.491,0.0,0.0,1.60,-0.410,0.130,-9.450,0.00000,0
102.501,0.0,0.0,1.60,-0.410,0.130,-9.450,0.00000,0
102.511,0.0,0.0,1.60,-0.410,0.130,-9.450,0.00000,0
102.521,0.0,0.0,1.60,-0.410,0.130,-9.450,0.00000,0
102.531,0.0,0.0,1.60,-0.410,0.130,-9.450,0.00000,0
102.541,0.0,0.0,1.60,-0.410,0.130,-9.450,0.00000,0
102.551,0.0,0.0,1.60,-0.410,0.130,-9.450,0.00000,0
102.561,0.0,0.0,1.60,-0.410,0.130,-9.450,0.00000,0
102.572,0.0,0.0,1.60,-0.410,0.130,-9.450,0.00000,0
102.582,0.0,0.0,1.60,-0.410,0.130,-9.450,0.00000,0
102.592,0.0,0.0,1.60,-0.410,0.130,-9.450,0.00000,0
102.602,0.0,0.0,1.60,-0.410,0.130,-9.450,0.00000,0
102.612,0.0,0.0,1.60,-0.410,0.130,-9.450,0.00000,0
102.622,0.0,0.0,1.60,-0.410,0.130,-9.450,0.00000,0
102.632,0.0,0.0,1.60,-0.410,0.130,-9.450,0.00000,0
102.642,0.0,0.0,1.60,-0.410,0.130,-9.450,0.00000,0
102.653,0.0,0.0,1.60,-0.410,0.130,-9.450,0.00000,0
102.663,0.0,0.0,1.60,-0.410,0.130,-9.450,0.00000,0
102.673,0.0,0.0,1.60,-0.410,0.130,-9.450,0.00000,0
102.683,0.0,0.0,1.60,-0.410,0.130,-9.450,0.00000,0
102.693,0.0,0.0,1.60,-0.410,0.130,-9.450,0.00000,0
102.703,0.0,0.0,1.60,-0.410,0.130,-9.450,0.00000,0
102.713,0.0,0.0,1.60,-0.410,0.130,-9.450,0.00000,0
102.724,0.0,0.0,1.60,-0.410,0.130,-9.450,0.00000,0
102.734,0.0,0.0,1.60,-0.410,0.130,-9.450,0.00000,0
102.745,0.0,0.0,1.60,-0.410,0.130,-9.450,0.00000,0
102.755,0.0,0.0,1.60,-0.410,0.130,-9.450,0.00000,0
102.765,0.0,0.0,1.60,-0.410,0.130,-9.450,0.00000,0
102.775,0.0,0.0,1.60,-0.410,0.130,-9.450,0.00000,0
102.785,0.0,0.0,1.60,-0.410,0.130,-9.450,0.00000,0
102.796,0.0,0.0,1.60,-0.410,0.130,-9.450,0.00000,0
102.806,0.0,0.0,1.60,-0.410,0.130,-9.450,0.00000,0
102.816,0.0,0.0,1.60,-0.410,0.130,-9.450,0.00000,0
102.826,0.0,0.0,1.60,-0.410,0.130,-9.450,0.00000,0
102.836,0.0,0.0,1.60,-0.410,0.130,-9.450,0.00000,0
102.847,0.0,0.0,1.60,-0.410,0.130,-9.450,0.00000,0
102.857,0.0,0.0,1.60,-0.410,0.130,-9.450,0.00000,0
102.867,0.0,0.0,1.60,-0.410,0.130,-9.450,0.00000,0
102.877,0.0,0.0,1.60,-0.410,0.130,-9.450,0.00000,0
102.887,0.0,0.0,1.60,-0.410,0.130,-9.450,0.00000,0
102.897,0.0,0.0,1.60,-0.410,0.130,-9.450,0.00000,0
102.908,0.0,0.0,1.60,-0.410,0.130,-9.450,0.00000,0
102.918,0.0,0.0,1.60,-0.410,0.130,-9.450,0.00000,0
102.928,0.0,0.0,1.60,-0.410,0.130,-9.450,0.00000,0
102.938,0.0,0.0,1.60,-0.410,0.130,-9.450,0.00000,0
102.948,0.0,0.0,1.60,-0.410,0.130,-9.450,0.00000,0
102.958,0.0,0.0,1.60,-0.410,0.130,-9.450,0.00000,0
102.968,0.0,0.0,1.60,-0.410,0.130,-9.450,0.00000,0
102.978,0.0,0.0,1.60,-0.410,0.130,-9.450,0.00000,0
102.989,0.0,0.0,1.60,-0.410,0.130,-9.450,0.00000,0
102.999,0.0,0.0,1.60,-0.410,0.130,-9.450,0.00000,0
103.009,0.0,0.0,1.60,-0.410,0.130,-9.450,0.00000,0
103.019,0.0,0.0,1.60,-0.410,0.130,-9.450,0.00000,0
103.029,0.0,0.0,1.60,-0.410,0.130,-9.450,0.00000,0
103.039,0.0,0.0,1.60,-0.410,0.130,-9.450,0.00000,0
103.050,0.0,0.0,1.60,-0.410,0.130,-9.450,0.00000,0
103.060,0.0,0.0,1.60,-0.410,0.130,-9.450,0.00000,0
103.070,0.0,0.0,1.60,-0.410,0.130,-9.450,0.00000,0
103.080,0.0,0.0,1.60,-0.410,0.130,-9.450,0.00000,0
103.090,0.0,0.0,1.60,-0.410,0.130,-9.450,0.00000,0
103.100,0.0,0.0,1.60,-0.410,0.130,-9.450,0.00000,0
103.110,0.0,0.0,1.60,-0.410,0.130,-9.450,0.00000,0
103.121,0.0,0.0,1.60,-0.410,0.130,-9.450,0.00000,0
103.131,0.0,0.0,1.60,-0.410,0.130,-9.450,0.00000,0
103.141,0.0,0.0,1.60,-0.410,0.130,-9.450,0.00000,0
103.151,0.0,0.0,1.60,-0.410,0.130,-9.450,0.00000,0
103.161,0.0,0.0,1.60,-0.410,0.130,-9.450,0.00000,0
103.171,0.0,0.0,1.60,-0.410,0.130,-9.450,0.00000,0
103.181,0.0,0.0,1.60,-0.410,0.130,-9.450,0.00000,0
103.191,0.0,0.0,1.60,-0.410,0.130,-9.450,0.00000,0
103.202,0.0,0.0,1.60,-0.410,0.130,-9.450,0.00000,0
103.212,0.0,0.0,1.60,-0.410,0.130,-9.450,0.00000,0
103.222,0.0,0.0,1.60,-0.410,0.130,-9.450,0.00000,0
103.232,0.0,0.0,1.60,-0.410,0.130,-9.450,0.00000,0
103.242,0.0,0.0,1.60,-0.410,0.130,-9.450,0.00000,0
103.252,0.0,0.0,1.60,-0.410,0.130,-9.450,0.00000,0
103.262,0.0,0.0,1.60,-0.410,0.130,-9.450,0.00000,0
103.272,0.0,0.0,1.60,-0.410,0.130,-9.450,0.00000,0
103.283,0.0,0.0,1.60,-0.410,0.130,-9.450,0.00000,0
103.293,0.0,0.0,1.60,-0.410,0.130,-9.450,0.00000,0
103.303,0.0,0.0,1.60,-0.410,0.130,-9.450,0.00000,0
103.313,0.0,0.0,1.60,-0.410,0.130,-9.450,0.00000,0
103.323,0.0,0.0,1.60,-0.410,0.130,-9.450,0.00000,0
103.333,0.0,0.0,1.60,-0.410,0.130,-9.450,0.00000,0
103.343,0.0,0.0,1.60,-0.410,0.130,-9.450,0.00000,0
103.353,0.0,0.0,1.60,-0.410,0.130,-9.450,0.00000,0
103.364,0.0,0.0,1.60,-0.410,0.130,-9.450,0.00000,0
103.374,0.0,0.0,1.60,-0.410,0.130,-9.450,0.00000,0
103.384,0.0,0.0,1.60,-0.410,0.130,-9.450,0.00000,0
103.394,0.0,0.0,1.60,-0.410,0.130,-9.450,0.00000,0
103.404,0.0,0.0,1.60,-0.410,0.130,-9.450,0.00000,0
103.414,0.0,0.0,1.60,-0.410,0.130,-9.450,0.00000,0
103.425,0.0,0.0,1.60,-0.410,0.130,-9.450,0.00000,0
103.435,0.0,0.0,1.60,-0.410,0.130,-9.450,0.00000,0
103.445,0.0,0.0,1.60,-0.410,0.130,-9.450,0.00000,0
103.455,0.0,0.0,1.60,-0.410,0.130,-9.450,0.00000,0
103.465,0.0,0.0,1.60,-0.410,0.130,-9.450,0.00000,0
103.475,0.0,0.0,1.60,-0.410,0.130,-9.450,0.00000,0
103.485,0.0,0.0,1.60,-0.410,0.130,-9.450,0.00000,0
103.496,0.0,0.0,1.60,-0.410,0.130,-9.450,0.00000,0
103.506,0.0,0.0,1.60,-0.410,0.130,-9.450,0.00000,0
103.516,0.0,0.0,1.60,-0.410,0.130,-9.450,0.00000,0
103.526,0.0,0.0,1.60,-0.410,0.130,-9.450,0.00000,0
103.536,0.0,0.0,1.60,-0.410,0.130,-9.450,0.00000,0
103.546,0.0,0.0,1.60,-0.410,0.130,-9.450,0.00000,0
103.557,0.0,0.0,1.60,-0.410,0.130,-9.450,0.00000,0
103.567,0.0,0.0,1.60,-0.410,0.130,-9.450,0.00000,0
103.577,0.0,0.0,1.60,-0.410,0.130,-9.450,0.00000,0
103.587,0.0,0.0,1.60,-0.410,0.130,-9.450,0.00000,0
103.597,0.0,0.0,1.60,-0.410,0.130,-9.450,0.00000,0
103.607,0.0,0.0,1.60,-0.410,0.130,-9.450,0.00000,0
103.618,0.0,0.0,1.60,-0.410,0.130,-9.450,0.00000,0
103.628,0.0,0.0,1.60,-0.410,0.130,-9.450,0.00000,0
103.638,0.0,0.0,1.60,-0.410,0.130,-9.450,0.00000,0
103.648,0.0,0.0,1.60,-0.410,0.130,-9.450,0.00000,0
103.658,0.0,0.0,1.60,-0.410,0.130,-9.450,0.00000,0
103.668,0.0,0.0,1.60,-0.410,0.130,-9.450,0.00000,0
103.678,0.0,0.0,1.60,-0.410,0.130,-9.450,0.00000,0
103.688,0.0,0.0,1.60,-0.410,0.130,-9.450,0.00000,0
103.699,0.0,0.0,1.60,-0.410,0.130,-9.450,0.00000,0
103.709,0.0,0.0,1.60,-0.410,0.130,-9.450,0.00000,0
103.719,0.0,0.0,1.60,-0.410,0.130,-9.450,0.00000,0
103.729,0.0,0.0,1.60,-0.410,0.130,-9.450,0.00000,0
103.739,0.0,0.0,1.60,-0.410,0.130,-9.450,0.00000,0
103.749,0.0,0.0,1.60,-0.410,0.130,-9.450,0.00000,0
103.759,0.0,0.0,1.60,-0.410,0.130,-9.450,0.00000,0
103.770,0.0,0.0,1.60,-0.410,0.130,-9.450,0.00000,0
103.780,0.0,0.0,1.60,-0.410,0.130,-9.450,0.00000,0
103.790,0.0,0.0,1.60,-0.410,0.130,-9.450,0.00000,0
103.800,0.0,0.0,1.60,-0.410,0.130,-9.450,0.00000,0
103.810,0.0,0.0,1.60,-0.410,0.130,-9.450,0.00000,0
103.820,0.0,0.0,1.60,-0.410,0.130,-9.450,0.00000,0
103.830,0.0,0.0,1.60,-0.410,0.130,-9.450,0.00000,0
103.840,0.0,0.0,1.60,-0.410,0.130,-9.450,0.00000,0
103.851,0.0,0.0,1.60,-0.410,0.130,-9.450,0.00000,0
103.861,0.0,0.0,1.60,-0.410,0.130,-9.450,0.00000,0
103.871,0.0,0.0,1.60,-0.410,0.130,-9.450,0.00000,0
103.881,0.0,0.0,1.60,-0.410,0.130,-9.450,0.00000,0
103.891,0.0,0.0,1.60,-0.410,0.130,-9.450,0.00000,0
103.901,0.0,0.0,1.60,-0.410,0.130,-9.450,0.00000,0
103.911,0.0,0.0,1.60,-0.410,0.130,-9.450,0.00000,0
103.922,0.0,0.0,1.60,-0.410,0.130,-9.450,0.00000,0
103.932,0.0,0.0,1.60,-0.410,0.130,-9.450,0.00000,0
103.942,0.0,0.0,1.60,-0.410,0.130,-9.450,0.00000,0
103.952,0.0,0.0,1.60,-0.410,0.130,-9.450,0.00000,0
103.962,0.0,0.0,1.60,-0.410,0.130,-9.450,0.00000,0
103.972,0.0,0.0,1.60,-0.410,0.130,-9.450,0.00000,0
103.982,0.0,0.0,1.60,-0.410,0.130,-9.450,0.00000,0
103.992,0.0,0.0,1.60,-0.410,0.130,-9.450,0.00000,0
104.002,0.0,0.0,1.60,-0.410,0.130,-9.450,0.00000,0
104.013,0.0,0.0,1.60,-0.410,0.130,-9.450,0.00000,0
104.023,0.0,0.0,1.60,-0.410,0.130,-9.450,0.00000,0
104.033,0.0,0.0,1.60,-0.410,0.130,-9.450,0.00000,0
104.043,0.0,0.0,1.60,-0.410,0.130,-9.450,0.00000,0
104.053,0.0,0.0,1.60,-0.410,0.130,-9.450,0.00000,0
104.063,0.0,0.0,1.60,-0.410,0.130,-9.450,0.00000,0
104.074,0.0,0.0,1.60,-0.410,0.130,-9.450,0.00000,0
104.084,0.0,0.0,1.60,-0.410,0.130,-9.450,0.00000,0
104.094,0.0,0.0,1.60,-0.410,0.130,-9.450,0.00000,0
104.104,0.0,0.0,1.60,-0.410,0.130,-9.450,0.00000,0
104.114,0.0,0.0,1.60,-0.410,0.130,-9.450,0.00000,0
104.124,0.0,0.0,1.60,-0.410,0.130,-9.450,0.00000,0
104.134,0.0,0.0,1.60,-0.410,0.130,-9.450,0.00000,0
104.144,0.0,0.0,1.60,-0.410,0.130,-9.450,0.00000,0
104.155,0.0,0.0,1.60,-0.410,0.130,-9.450,0.00000,0
104.165,0.0,0.0,1.60,-0.410,0.130,-9.450,0.00000,0
104.175,0.0,0.0,1.60,-0.410,0.130,-9.450,0.00000,0
104.185,0.0,0.0,1.60,-0.410,0.130,-9.450,0.00000,0
104.195,0.0,0.0,1.60,-0.410,0.130,-9.450,0.00000,0
104.205,0.0,0.0,1.60,-0.410,0.130,-9.450,0.00000,0
104.215,0.0,0.0,1.60,-0.410,0.130,-9.450,0.00000,0
104.226,0.0,0.0,1.60,-0.410,0.130,-9.450,0.00000,0
104.236,0.0,0.0,1.60,-0.410,0.130,-9.450,0.00000,0
104.246,0.0,0.0,1.60,-0.410,0.130,-9.450,0.00000,0
104.256,0.0,0.0,1.60,-0.410,0.130,-9.450,0.00000,0
104.266,0.0,0.0,1.60,-0.410,0.130,-9.450,0.00000,0
104.276,0.0,0.0,1.60,-0.410,0.130,-9.450,0.00000,0
104.286,0.0,0.0,1.60,-0.410,0.130,-9.450,0.00000,0
104.296,0.0,0.0,1.60,-0.410,0.130,-9.450,0.00000,0
104.307,0.0,0.0,1.60,-0.410,0.130,-9.450,0.00000,0
104.317,0.0,0.0,1.60,-0.410,0.130,-9.450,0.00000,0
104.327,0.0,0.0,1.60,-0.410,0.130,-9.450,0.00000,0
104.337,0.0,0.0,1.60,-0.410,0.130,-9.450,0.00000,0
104.347,0.0,0.0,1.60,-0.410,0.130,-9.450,0.00000,0
104.357,0.0,0.0,1.60,-0.410,0.130,-9.450,0.00000,0
104.368,0.0,0.0,1.60,-0.410,0.130,-9.450,0.00000,0
104.378,0.0,0.0,1.60,-0.410,0.130,-9.450,0.00000,0
104.388,0.0,0.0,1.60,-0.410,0.130,-9.450,0.00000,0
104.398,0.0,0.0,1.60,-0.410,0.130,-9.450,0.00000,0
104.408,0.0,0.0,1.60,-0.410,0.130,-9.450,0.00000,0
104.418,0.0,0.0,1.60,-0.410,0.130,-9.450,0.00000,0
104.428,0.0,0.0,1.60,-0.410,0.130,-9.450,0.00000,0
104.438,0.0,0.0,1.60,-0.410,0.130,-9.450,0.00000,0
104.449,0.0,0.0,1.60,-0.410,0.130,-9.450,0.00000,0
104.459,0.0,0.0,1.60,-0.410,0.130,-9.450,0.00000,0
104.469,0.0,0.0,1.60,-0.410,0.130,-9.450,0.00000,0
104.479,0.0,0.0,1.60,-0.410,0.130,-9.450,0.00000,0
104.489,0.0,0.0,1.60,-0.410,0.130,-9.450,0.00000,0
104.499,0.0,0.0,1.60,-0.410,0.130,-9.450,0.00000,0
104.510,0.0,0.0,1.60,-0.410,0.130,-9.450,0.00000,0
104.520,0.0,0.0,1.60,-0.410,0.130,-9.450,0.00000,0
104.530,0.0,0.0,1.60,-0.410,0.130,-9.450,0.00000,0
104.540,0.0,0.0,1.60,-0.410,0.130,-9.450,0.00000,0
104.550,0.0,0.0,1.60,-0.410,0.130,-9.450,0.00000,0
104.560,0.0,0.0,1.60,-0.410,0.130,-9.450,0.00000,0
104.570,0.0,0.0,1.60,-0.410,0.130,-9.450,0.00000,0
104.580,0.0,0.0,1.60,-0.410,0.130,-9.450,0.00000,0
104.591,0.0,0.0,1.60,-0.410,0.130,-9.450,0.00000,0
104.601,0.0,0.0,1.60,-0.410,0.130,-9.450,0.00000,0
104.611,0.0,0.0,1.60,-0.410,0.130,-9.450,0.00000,0
104.621,0.0,0.0,1.60,-0.410,0.130,-9.450,0.00000,0
104.631,0.0,0.0,1.60,-0.410,0.130,-9.450,0.00000,0
104.641,0.0,0.0,1.60,-0.410,0.130,-9.450,0.00000,0
104.651,0.0,0.0,1.60,-0.410,0.130,-9.450,0.00000,0
104.662,0.0,0.0,1.60,-0.410,0.130,-9.450,0.00000,0
104.672,0.0,0.0,1.60,-0.410,0.130,-9.450,0.00000,0
104.682,0.0,0.0,1.60,-0.410,0.130,-9.450,0.00000,0
104.692,0.0,0.0,1.60,-0.410,0.130,-9.450,0.00000,0
104.702,0.0,0.0,1.60,-0.410,0.130,-9.450,0.00000,0
104.712,0.0,0.0,1.60,-0.410,0.130,-9.450,0.00000,0
104.722,0.0,0.0,1.60,-0.410,0.130,-9.450,0.00000,0
104.733,0.0,0.0,1.60,-0.410,0.130,-9.450,0.00000,0
104.743,0.0,0.0,1.60,-0.410,0.130,-9.450,0.00000,0
104.753,0.0,0.0,1.60,-0.410,0.130,-9.450,0.00000,0
104.763,0.0,0.0,1.60,-0.410,0.130,-9.450,0.00000,0
104.773,0.0,0.0,1.60,-0.410,0.130,-9.450,0.00000,0
104.783,0.0,0.0,1.60,-0.410,0.130,-9.450,0.00000,0
104.793,0.0,0.0,1.60,-0.410,0.130,-9.450,0.00000,0
104.804,0.0,0.0,1.60,-0.410,0.130,-9.450,0.00000,0
104.814,0.0,0.0,1.60,-0.410,0.130,-9.450,0.00000,0
104.824,0.0,0.0,1.60,-0.410,0.130,-9.450,0.00000,0
104.834,0.0,0.0,1.60,-0.410,0.130,-9.450,0.00000,0
104.844,0.0,0.0,1.60,-0.410,0.130,-9.450,0.00000,0
104.854,0.0,0.0,1.60,-0.410,0.130,-9.450,0.00000,0
104.864,0.0,0.0,1.60,-0.410,0.130,-9.450,0.00000,0
104.875,0.0,0.0,1.60,-0.410,0.130,-9.450,0.00000,0
104.885,0.0,0.0,1.60,-0.410,0.130,-9.450,0.00000,0
104.895,0.0,0.0,1.60,-0.410,0.130,-9.450,0.00000,0
104.905,0.0,0.0,1.60,-0.410,0.130,-9.450,0.00000,0
104.915,0.0,0.0,1.60,-0.410,0.130,-9.450,0.00000,0
104.925,0.0,0.0,1.60,-0.410,0.130,-9.450,0.00000,0
104.935,0.0,0.0,1.60,-0.410,0.130,-9.450,0.00000,0
104.945,0.0,0.0,1.60,-0.410,0.130,-9.450,0.00000,0
104.956,0.0,0.0,1.60,-0.410,0.130,-9.450,0.00000,0
104.966,0.0,0.0,1.60,-0.410,0.130,-9.450,0.00000,0
104.976,0.0,0.0,1.60,-0.410,0.130,-9.450,0.00000,0
104.986,0.0,0.0,1.60,-0.410,0.130,-9.450,0.00000,0
104.996,0.0,0.0,1.60,-0.410,0.130,-9.450,0.00000,0
105.007,0.0,0.0,1.60,-0.410,0.130,-9.450,0.00000,0
105.017,0.0,0.0,1.60,-0.410,0.130,-9.450,0.00000,0
105.027,0.0,0.0,1.60,-0.410,0.130,-9.450,0.00000,0
105.037,0.0,0.0,1.60,-0.410,0.130,-9.450,0.00000,0
105.047,0.0,0.0,1.60,-0.410,0.130,-9.450,0.00000,0
105.057,0.0,0.0,1.60,-0.410,0.130,-9.450,0.00000,0
105.067,0.0,0.0,1.60,-0.410,0.130,-9.450,0.00000,0
105.078,0.0,0.0,1.60,-0.410,0.130,-9.450,0.00000,0
105.088,0.0,0.0,1.60,-0.410,0.130,-9.450,0.00000,0
105.098,0.0,0.0,1.60,-0.410,0.130,-9.450,0.00000,0
105.108,0.0,0.0,1.60,-0.410,0.130,-9.450,0.00000,0
105.118,0.0,0.0,1.60,-0.410,0.130,-9.450,0.00000,0
105.128,0.0,0.0,1.60,-0.410,0.130,-9.450,0.00000,0
105.138,0.0,0.0,1.60,-0.410,0.130,-9.450,0.00000,0
105.148,0.0,0.0,1.60,-0.410,0.130,-9.450,0.00000,0
105.159,0.0,0.0,1.60,-0.410,0.130,-9.450,0.00000,0
105.169,0.0,0.0,1.60,-0.410,0.130,-9.450,0.00000,0
105.179,0.0,0.0,1.60,-0.410,0.130,-9.450,0.00000,0
105.189,0.0,0.0,1.60,-0.410,0.130,-9.450,0.00000,0
105.199,0.0,0.0,1.60,-0.410,0.130,-9.450,0.00000,0
105.209,0.0,0.0,1.60,-0.410,0.130,-9.450,0.00000,0
105.220,0.0,0.0,1.60,-0.410,0.130,-9.450,0.00000,0
105.230,0.0,0.0,1.60,-0.410,0.130,-9.450,0.00000,0
105.240,0.0,0.0,1.60,-0.410,0.130,-9.450,0.00000,0
105.250,0.0,0.0,1.60,-0.410,0.130,-9.450,0.00000,0
105.260,0.0,0.0,1.60,-0.410,0.130,-9.450,0.00000,0
105.270,0.0,0.0,1.60,-0.410,0.130,-9.450,0.00000,0
105.280,0.0,0.0,1.60,-0.410,0.130,-9.450,0.00000,0
105.291,0.0,0.0,1.60,-0.410,0.130,-9.450,0.00000,0
105.301,0.0,0.0,1.60,-0.410,0.130,-9.450,0.00000,0
105.311,0.0,0.0,1.60,-0.410,0.130,-9.450,0.00000,0
105.321,0.0,0.0,1.60,-0.410,0.130,-9.450,0.00000,0
105.331,0.0,0.0,1.60,-0.410,0.130,-9.450,0.00000,0
105.341,0.0,0.0,1.60,-0.410,0.130,-9.450,0.00000,0
105.351,0.0,0.0,1.60,-0.410,0.130,-9.450,0.00000,0
105.362,0.0,0.0,1.60,-0.410,0.130,-9.450,0.00000,0
105.372,0.0,0.0,1.60,-0.410,0.130,-9.450,0.00000,0
105.382,0.0,0.0,1.60,-0.410,0.130,-9.450,0.00000,0
105.392,0.0,0.0,1.60,-0.410,0.130,-9.450,0.00000,0
105.402,0.0,0.0,1.60,-0.410,0.130,-9.450,0.00000,0
105.412,0.0,0.0,1.60,-0.410,0.130,-9.450,0.00000,0
105.422,0.0,0.0,1.60,-0.410,0.130,-9.450,0.00000,0
105.432,0.0,0.0,1.60,-0.410,0.130,-9.450,0.00000,0
105.443,0.0,0.0,1.60,-0.410,0.130,-9.450,0.00000,0
105.453,0.0,0.0,1.60,-0.410,0.130,-9.450,0.00000,0
105.463,0.0,0.0,1.60,-0.410,0.130,-9.450,0.00000,0
105.473,0.0,0.0,1.60,-0.410,0.130,-9.450,0.00000,0
105.483,0.0,0.0,1.60,-0.410,0.130,-9.450,0.00000,0
105.493,0.0,0.0,1.60,-0.410,0.130,-9.450,0.00000,0
105.504,0.0,0.0,1.60,-0.410,0.130,-9.450,0.00000,0
105.514,0.0,0.0,1.60,-0.410,0.130,-9.450,0.00000,0
105.524,0.0,0.0,1.60,-0.410,0.130,-9.450,0.00000,0
105.534,0.0,0.0,1.60,-0.410,0.130,-9.450,0.00000,0
105.544,0.0,0.0,1.60,-0.410,0.130,-9.450,0.00000,0
105.554,0.0,0.0,1.60,-0.410,0.130,-9.450,0.00000,0
105.564,0.0,0.0,1.60,-0.410,0.130,-9.450,0.00000,0
105.574,0.0,0.0,1.60,-0.410,0.130,-9.450,0.00000,0
105.585,0.0,0.0,1.60,-0.410,0.130,-9.450,0.00000,0
105.595,0.0,0.0,1.60,-0.410,0.130,-9.450,0.00000,0
105.605,0.0,0.0,1.60,-0.410,0.130,-9.450,0.00000,0
105.615,0.0,0.0,1.60,-0.410,0.130,-9.450,0.00000,0
105.625,0.0,0.0,1.60,-0.410,0.130,-9.450,0.00000,0
105.635,0.0,0.0,1.60,-0.410,0.130,-9.450,0.00000,0
105.645,0.0,0.0,1.60,-0.410,0.130,-9.450,0.00000,0
105.655,0.0,0.0,1.60,-0.410,0.130,-9.450,0.00000,0
105.666,0.0,0.0,1.60,-0.410,0.130,-9.450,0.00000,0
105.676,0.0,0.0,1.60,-0.410,0.130,-9.450,0.00000,0
105.686,0.0,0.0,1.60,-0.410,0.130,-9.450,0.00000,0
105.696,0.0,0.0,1.60,-0.410,0.130,-9.450,0.00000,0
105.706,0.0,0.0,1.60,-0.410,0.130,-9.450,0.00000,0
105.716,0.0,0.0,1.60,-0.410,0.130,-9.450,0.00000,0
105.726,0.0,0.0,1.60,-0.410,0.130,-9.450,0.00000,0
105.736,0.0,0.0,1.60,-0.410,0.130,-9.450,0.00000,0
105.747,0.0,0.0,1.60,-0.410,0.130,-9.450,0.00000,0
105.757,0.0,0.0,1.60,-0.410,0.130,-9.450,0.00000,0
105.767,0.0,0.0,1.60,-0.410,0.130,-9.450,0.00000,0
105.777,0.0,0.0,1.60,-0.410,0.130,-9.450,0.00000,0
105.787,0.0,0.0,1.60,-0.410,0.130,-9.450,0.00000,0
105.797,0.0,0.0,1.60,-0.410,0.130,-9.450,0.00000,0
105.807,0.0,0.0,1.60,-0.410,0.130,-9.450,0.00000,0
105.817,0.0,0.0,1.60,-0.410,0.130,-9.450,0.00000,0
105.828,0.0,0.0,1.60,-0.410,0.130,-9.450,0.00000,0
105.838,0.0,0.0,1.60,-0.410,0.130,-9.450,0.00000,0
105.848,0.0,0.0,1.60,-0.410,0.130,-9.450,0.00000,0
105.858,0.0,0.0,1.60,-0.410,0.130,-9.450,0.00000,0
105.868,0.0,0.0,1.60,-0.410,0.130,-9.450,0.00000,0
105.878,0.0,0.0,1.60,-0.410,0.130,-9.450,0.00000,0
105.888,0.0,0.0,1.60,-0.410,0.130,-9.450,0.00000,0
105.898,0.0,0.0,1.60,-0.410,0.130,-9.450,0.00000,0
105.909,0.0,0.0,1.60,-0.410,0.130,-9.450,0.00000,0
105.919,0.0,0.0,1.60,-0.410,0.130,-9.450,0.00000,0
105.929,0.0,0.0,1.60,-0.410,0.130,-9.450,0.00000,0
105.939,0.0,0.0,1.60,-0.410,0.130,-9.450,0.00000,0
105.949,0.0,0.0,1.60,-0.410,0.130,-9.450,0.00000,0
105.959,0.0,0.0,1.60,-0.410,0.130,-9.450,0.00000,0
105.969,0.0,0.0,1.60,-0.410,0.130,-9.450,0.00000,0
105.980,0.0,0.0,1.60,-0.410,0.130,-9.450,0.00000,0
105.990,0.0,0.0,1.60,-0.410,0.130,-9.450,0.00000,0
106.000,0.0,0.0,1.60,-0.410,0.130,-9.450,0.00000,0
106.010,0.0,0.0,1.60,-0.410,0.130,-9.450,0.00000,0
106.020,0.0,0.0,1.60,-0.410,0.130,-9.450,0.00000,0
106.031,0.0,0.0,1.60,-0.410,0.130,-9.450,0.00000,0
106.041,0.0,0.0,1.60,-0.410,0.130,-9.450,0.00000,0
106.051,0.0,0.0,1.60,-0.410,0.130,-9.450,0.00000,0
106.061,0.0,0.0,1.60,-0.410,0.130,-9.450,0.00000,0
106.071,0.0,0.0,1.60,-0.410,0.130,-9.450,0.00000,0
106.081,0.0,0.0,1.60,-0.410,0.130,-9.450,0.00000,0
106.091,0.0,0.0,1.60,-0.410,0.130,-9.450,0.00000,0
106.102,0.0,0.0,1.60,-0.410,0.130,-9.450,0.00000,0
106.112,0.0,0.0,1.60,-0.410,0.130,-9.450,0.00000,0
106.122,0.0,0.0,1.60,-0.410,0.130,-9.450,0.00000,0
106.132,0.0,0.0,1.60,-0.410,0.130,-9.450,0.00000,0
106.143,0.0,0.0,1.60,-0.410,0.130,-9.450,0.00000,0
106.153,0.0,0.0,1.60,-0.410,0.130,-9.450,0.00000,0
106.163,0.0,0.0,1.60,-0.410,0.130,-9.450,0.00000,0
106.173,0.0,0.0,1.60,-0.410,0.130,-9.450,0.00000,0
106.183,0.0,0.0,1.60,-0.410,0.130,-9.450,0.00000,0
106.193,0.0,0.0,1.60,-0.410,0.130,-9.450,0.00000,0
106.203,0.0,0.0,1.60,-0.410,0.130,-9.450,0.00000,0
106.213,0.0,0.0,1.60,-0.410,0.130,-9.450,0.00000,0
106.224,0.0,0.0,1.60,-0.410,0.130,-9.450,0.00000,0
106.234,0.0,0.0,1.60,-0.410,0.130,-9.450,0.00000,0
106.244,0.0,0.0,1.60,-0.410,0.130,-9.450,0.00000,0
106.254,0.0,0.0,1.60,-0.410,0.130,-9.450,0.00000,0
106.264,0.0,0.0,1.60,-0.410,0.130,-9.450,0.00000,0
106.274,0.0,0.0,1.60,-0.410,0.130,-9.450,0.00000,0
106.284,0.0,0.0,1.60,-0.410,0.130,-9.450,0.00000,0
106.294,0.0,0.0,1.60,-0.410,0.130,-9.450,0.00000,0
106.305,0.0,0.0,1.60,-0.410,0.130,-9.450,0.00000,0
106.315,0.0,0.0,1.60,-0.410,0.130,-9.450,0.00000,0
106.325,0.0,0.0,1.60,-0.410,0.130,-9.450,0.00000,0
106.335,0.0,0.0,1.60,-0.410,0.130,-9.450,0.00000,0
106.345,0.0,0.0,1.60,-0.410,0.130,-9.450,0.00000,0
106.355,0.0,0.0,1.60,-0.410,0.130,-9.450,0.00000,0
106.365,0.0,0.0,1.60,-0.410,0.130,-9.450,0.00000,0
106.376,0.0,0.0,1.60,-0.410,0.130,-9.450,0.00000,0
106.386,0.0,0.0,1.60,-0.410,0.130,-9.450,0.00000,0
106.396,0.0,0.0,1.60,-0.410,0.130,-9.450,0.00000,0
106.406,0.0,0.0,1.60,-0.410,0.130,-9.450,0.00000,0
106.416,0.0,0.0,1.60,-0.410,0.130,-9.450,0.00000,0
106.426,0.0,0.0,1.60,-0.410,0.130,-9.450,0.00000,0
106.436,0.0,0.0,1.60,-0.410,0.130,-9.450,0.00000,0
106.447,0.0,0.0,1.60,-0.410,0.130,-9.450,0.00000,0
106.457,0.0,0.0,1.60,-0.410,0.130,-9.450,0.00000,0
106.467,0.0,0.0,1.60,-0.410,0.130,-9.450,0.00000,0
106.477,0.0,0.0,1.60,-0.410,0.130,-9.450,0.00000,0
106.487,0.0,0.0,1.60,-0.410,0.130,-9.450,0.00000,0
106.497,0.0,0.0,1.60,-0.410,0.130,-9.450,0.00000,0
106.507,0.0,0.0,1.60,-0.410,0.130,-9.450,0.00000,0
106.518,0.0,0.0,1.60,-0.410,0.130,-9.450,0.00000,0
106.528,0.0,0.0,1.60,-0.410,0.130,-9.450,0.00000,0
106.538,0.0,0.0,1.60,-0.410,0.130,-9.450,0.00000,0
106.548,0.0,0.0,1.60,-0.410,0.130,-9.450,0.00000,0
106.558,0.0,0.0,1.60,-0.410,0.130,-9.450,0.00000,0
106.568,0.0,0.0,1.60,-0.410,0.130,-9.450,0.00000,0
106.578,0.0,0.0,1.60,-0.410,0.130,-9.450,0.00000,0
106.589,0.0,0.0,1.60,-0.410,0.130,-9.450,0.00000,0
106.599,0.0,0.0,1.60,-0.410,0.130,-9.450,0.00000,0
106.609,0.0,0.0,1.60,-0.410,0.130,-9.450,0.00000,0
106.619,0.0,0.0,1.60,-0.410,0.130,-9.450,0.00000,0
106.629,0.0,0.0,1.60,-0.410,0.130,-9.450,0.00000,0
106.639,0.0,0.0,1.60,-0.410,0.130,-9.450,0.00000,0
106.649,0.0,0.0,1.60,-0.410,0.130,-9.450,0.00000,0
106.659,0.0,0.0,1.60,-0.410,0.130,-9.450,0.00000,0
106.670,0.0,0.0,1.60,-0.410,0.130,-9.450,0.00000,0
106.680,0.0,0.0,1.60,-0.410,0.130,-9.450,0.00000,0
106.690,0.0,0.0,1.60,-0.410,0.130,-9.450,0.00000,0
106.700,0.0,0.0,1.60,-0.410,0.130,-9.450,0.00000,0
106.710,0.0,0.0,1.60,-0.410,0.130,-9.450,0.00000,0
106.720,0.0,0.0,1.60,-0.410,0.130,-9.450,0.00000,0
106.730,0.0,0.0,1.60,-0.410,0.130,-9.450,0.00000,0
106.740,0.0,0.0,1.60,-0.410,0.130,-9.450,0.00000,0
106.751,0.0,0.0,1.60,-0.410,0.130,-9.450,0.00000,0
106.761,0.0,0.0,1.60,-0.410,0.130,-9.450,0.00000,0
106.771,0.0,0.0,1.60,-0.410,0.130,-9.450,0.00000,0
106.781,0.0,0.0,1.60,-0.410,0.130,-9.450,0.00000,0
106.791,0.0,0.0,1.60,-0.410,0.130,-9.450,0.00000,0
106.801,0.0,0.0,1.60,-0.410,0.130,-9.450,0.00000,0
106.811,0.0,0.0,1.60,-0.410,0.130,-9.450,0.00000,0
106.822,0.0,0.0,1.60,-0.410,0.130,-9.450,0.00000,0
106.832,0.0,0.0,1.60,-0.410,0.130,-9.450,0.00000,0
106.842,0.0,0.0,1.60,-0.410,0.130,-9.450,0.00000,0
106.852,0.0,0.0,1.60,-0.410,0.130,-9.450,0.00000,0
106.862,0.0,0.0,1.60,-0.410,0.130,-9.450,0.00000,0
106.872,0.0,0.0,1.60,-0.410,0.130,-9.450,0.00000,0
106.882,0.0,0.0,1.60,-0.410,0.130,-9.450,0.00000,0
106.893,0.0,0.0,1.60,-0.410,0.130,-9.450,0.00000,0
106.903,0.0,0.0,1.60,-0.410,0.130,-9.450,0.00000,0
106.913,0.0,0.0,1.60,-0.410,0.130,-9.450,0.00000,0
106.923,0.0,0.0,1.60,-0.410,0.130,-9.450,0.00000,0
106.933,0.0,0.0,1.60,-0.410,0.130,-9.450,0.00000,0
106.943,0.0,0.0,1.60,-0.410,0.130,-9.450,0.00000,0
106.953,0.0,0.0,1.60,-0.410,0.130,-9.450,0.00000,0
106.964,0.0,0.0,1.60,-0.410,0.130,-9.450,0.00000,0
106.974,0.0,0.0,1.60,-0.410,0.130,-9.450,0.00000,0
106.984,0.0,0.0,1.60,-0.410,0.130,-9.450,0.00000,0
106.994,0.0,0.0,1.60,-0.410,0.130,-9.450,0.00000,0
107.004,0.0,0.0,1.60,-0.410,0.130,-9.450,0.00000,0
107.014,0.0,0.0,1.60,-0.410,0.130,-9.450,0.00000,0
107.024,0.0,0.0,1.60,-0.410,0.130,-9.450,0.00000,0
107.035,0.0,0.0,1.60,-0.410,0.130,-9.450,0.00000,0
107.045,0.0,0.0,1.60,-0.410,0.130,-9.450,0.00000,0
107.055,0.0,0.0,1.60,-0.410,0.130,-9.450,0.00000,0
107.065,0.0,0.0,1.60,-0.410,0.130,-9.450,0.00000,0
107.075,0.0,0.0,1.60,-0.410,0.130,-9.450,0.00000,0
107.085,0.0,0.0,1.60,-0.410,0.130,-9.450,0.00000,0
107.095,0.0,0.0,1.60,-0.410,0.130,-9.450,0.00000,0
107.106,0.0,0.0,1.60,-0.410,0.130,-9.450,0.00000,0
107.116,0.0,0.0,1.60,-0.410,0.130,-9.450,0.00000,0
107.126,0.0,0.0,1.60,-0.410,0.130,-9.450,0.00000,0
107.136,0.0,0.0,1.60,-0.410,0.130,-9.450,0.00000,0
107.146,0.0,0.0,1.60,-0.410,0.130,-9.450,0.00000,0
107.156,0.0,0.0,1.60,-0.410,0.130,-9.450,0.00000,0
107.167,0.0,0.0,1.60,-0.410,0.130,-9.450,0.00000,0
107.177,0.0,0.0,1.60,-0.410,0.130,-9.450,0.00000,0
107.187,0.0,0.0,1.60,-0.410,0.130,-9.450,0.00000,0
107.197,0.0,0.0,1.60,-0.410,0.130,-9.450,0.00000,0
107.207,0.0,0.0,1.60,-0.410,0.130,-9.450,0.00000,0
107.217,0.0,0.0,1.60,-0.410,0.130,-9.450,0.00000,0
107.227,0.0,0.0,1.60,-0.410,0.130,-9.450,0.00000,0
107.237,0.0,0.0,1.60,-0.410,0.130,-9.450,0.00000,0
107.248,0.0,0.0,1.60,-0.410,0.130,-9.450,0.00000,0
107.258,0.0,0.0,1.60,-0.410,0.130,-9.450,0.00000,0
107.268,0.0,0.0,1.60,-0.410,0.130,-9.450,0.00000,0
107.278,0.0,0.0,1.60,-0.410,0.130,-9.450,0.00000,0
107.288,0.0,0.0,1.60,-0.410,0.130,-9.450,0.00000,0
107.298,0.0,0.0,1.60,-0.410,0.130,-9.450,0.00000,0
107.308,0.0,0.0,1.60,-0.410,0.130,-9.450,0.00000,0
107.318,0.0,0.0,1.60,-0.410,0.130,-9.450,0.00000,0
107.329,0.0,0.0,1.60,-0.410,0.130,-9.450,0.00000,0
107.339,0.0,0.0,1.60,-0.410,0.130,-9.450,0.00000,0
107.349,0.0,0.0,1.60,-0.410,0.130,-9.450,0.00000,0
107.359,0.0,0.0,1.60,-0.410,0.130,-9.450,0.00000,0
107.369,0.0,0.0,1.60,-0.410,0.130,-9.450,0.00000,0
107.379,0.0,0.0,1.60,-0.410,0.130,-9.450,0.00000,0
107.389,0.0,0.0,1.60,-0.410,0.130,-9.450,0.00000,0
107.399,0.0,0.0,1.60,-0.410,0.130,-9.450,0.00000,0
107.410,0.0,0.0,1.60,-0.410,0.130,-9.450,0.00000,0
107.420,0.0,0.0,1.60,-0.410,0.130,-9.450,0.00000,0
107.430,0.0,0.0,1.60,-0.410,0.130,-9.450,0.00000,0
107.440,0.0,0.0,1.60,-0.410,0.130,-9.450,0.00000,0
107.450,0.0,0.0,1.60,-0.410,0.130,-9.450,0.00000,0
107.460,0.0,0.0,1.60,-0.410,0.130,-9.450,0.00000,0
107.470,0.0,0.0,1.60,-0.410,0.130,-9.450,0.00000,0
107.480,0.0,0.0,1.60,-0.410,0.130,-9.450,0.00000,0
107.491,0.0,0.0,1.60,-0.410,0.130,-9.450,0.00000,0
107.501,0.0,0.0,1.60,-0.410,0.130,-9.450,0.00000,0
107.511,0.0,0.0,1.60,-0.410,0.130,-9.450,0.00000,0
107.521,0.0,0.0,1.60,-0.410,0.130,-9.450,0.00000,0
107.531,0.0,0.0,1.60,-0.410,0.130,-9.450,0.00000,0
107.541,0.0,0.0,1.60,-0.410,0.130,-9.450,0.00000,0
107.551,0.0,0.0,1.60,-0.410,0.130,-9.450,0.00000,0
107.562,0.0,0.0,1.60,-0.410,0.130,-9.450,0.00000,0
107.572,0.0,0.0,1.60,-0.410,0.130,-9.450,0.00000,0
107.582,0.0,0.0,1.60,-0.410,0.130,-9.450,0.00000,0
107.592,0.0,0.0,1.60,-0.410,0.130,-9.450,0.00000,0
107.602,0.0,0.0,1.60,-0.410,0.130,-9.450,0.00000,0
107.612,0.0,0.0,1.60,-0.410,0.130,-9.450,0.00000,0
107.622,0.0,0.0,1.60,-0.410,0.130,-9.450,0.00000,0
107.633,0.0,0.0,1.60,-0.410,0.130,-9.450,0.00000,0
107.643,0.0,0.0,1.60,-0.410,0.130,-9.450,0.00000,0
107.653,0.0,0.0,1.60,-0.410,0.130,-9.450,0.00000,0
107.663,0.0,0.0,1.60,-0.410,0.130,-9.450,0.00000,0
107.673,0.0,0.0,1.60,-0.410,0.130,-9.450,0.00000,0
107.683,0.0,0.0,1.60,-0.410,0.130,-9.450,0.00000,0
107.693,0.0,0.0,1.60,-0.410,0.130,-9.450,0.00000,0
107.703,0.0,0.0,1.60,-0.410,0.130,-9.450,0.00000,0
107.714,0.0,0.0,1.60,-0.410,0.130,-9.450,0.00000,0
107.724,0.0,0.0,1.60,-0.410,0.130,-9.450,0.00000,0
107.734,0.0,0.0,1.60,-0.410,0.130,-9.450,0.00000,0
107.744,0.0,0.0,1.60,-0.410,0.130,-9.450,0.00000,0
107.754,0.0,0.0,1.60,-0.410,0.130,-9.450,0.00000,0
107.764,0.0,0.0,1.60,-0.410,0.130,-9.450,0.00000,0
107.774,0.0,0.0,1.60,-0.410,0.130,-9.450,0.00000,0
107.785,0.0,0.0,1.60,-0.410,0.130,-9.450,0.00000,0
107.795,0.0,0.0,1.60,-0.410,0.130,-9.450,0.00000,0
107.805,0.0,0.0,1.60,-0.410,0.130,-9.450,0.00000,0
107.815,0.0,0.0,1.60,-0.410,0.130,-9.450,0.00000,0
107.825,0.0,0.0,1.60,-0.410,0.130,-9.450,0.00000,0
107.835,0.0,0.0,1.60,-0.410,0.130,-9.450,0.00000,0
107.845,0.0,0.0,1.60,-0.410,0.130,-9.450,0.00000,0
107.856,0.0,0.0,1.60,-0.410,0.130,-9.450,0.00000,0
107.866,0.0,0.0,1.60,-0.410,0.130,-9.450,0.00000,0
107.876,0.0,0.0,1.60,-0.410,0.130,-9.450,0.00000,0
107.886,0.0,0.0,1.60,-0.410,0.130,-9.450,0.00000,0
107.896,0.0,0.0,1.60,-0.410,0.130,-9.450,0.00000,0
107.906,0.0,0.0,1.60,-0.410,0.130,-9.450,0.00000,0
107.916,0.0,0.0,1.60,-0.410,0.130,-9.450,0.00000,0
107.927,0.0,0.0,1.60,-0.410,0.130,-9.450,0.00000,0
107.937,0.0,0.0,1.60,-0.410,0.130,-9.450,0.00000,0
107.947,0.0,0.0,1.60,-0.410,0.130,-9.450,0.00000,0
107.957,0.0,0.0,1.60,-0.410,0.130,-9.450,0.00000,0
107.967,0.0,0.0,1.60,-0.410,0.130,-9.450,0.00000,0
107.977,0.0,0.0,1.60,-0.410,0.130,-9.450,0.00000,0
107.987,0.0,0.0,1.60,-0.410,0.130,-9.450,0.00000,0
107.998,0.0,0.0,1.60,-0.410,0.130,-9.450,0.00000,0
108.008,0.0,0.0,1.60,-0.410,0.130,-9.450,0.00000,0
108.018,0.0,0.0,1.60,-0.410,0.130,-9.450,0.00000,0
108.028,0.0,0.0,1.60,-0.410,0.130,-9.450,0.00000,0
108.038,0.0,0.0,1.60,-0.410,0.130,-9.450,0.00000,0
108.048,0.0,0.0,1.60,-0.410,0.130,-9.450,0.00000,0
108.059,0.0,0.0,1.60,-0.410,0.130,-9.450,0.00000,0
108.069,0.0,0.0,1.60,-0.410,0.130,-9.450,0.00000,0
108.079,0.0,0.0,1.60,-0.410,0.130,-9.450,0.00000,0
108.089,0.0,0.0,1.60,-0.410,0.130,-9.450,0.00000,0
108.099,0.0,0.0,1.60,-0.410,0.130,-9.450,0.00000,0
108.109,0.0,0.0,1.60,-0.410,0.130,-9.450,0.00000,0
108.119,0.0,0.0,1.60,-0.410,0.130,-9.450,0.00000,0
108.130,0.0,0.0,1.60,-0.410,0.130,-9.450,0.00000,0
108.140,0.0,0.0,1.60,-0.410,0.130,-9.450,0.00000,0
108.150,0.0,0.0,1.60,-0.410,0.130,-9.450,0.00000,0
108.160,0.0,0.0,1.60,-0.410,0.130,-9.450,0.00000,0
108.170,0.0,0.0,1.60,-0.410,0.130,-9.450,0.00000,0
108.180,0.0,0.0,1.60,-0.410,0.130,-9.450,0.00000,0
108.190,0.0,0.0,1.60,-0.410,0.130,-9.450,0.00000,0
108.200,0.0,0.0,1.60,-0.410,0.130,-9.450,0.00000,0
108.211,0.0,0.0,1.60,-0.410,0.130,-9.450,0.00000,0
108.221,0.0,0.0,1.60,-0.410,0.130,-9.450,0.00000,0
108.231,0.0,0.0,1.60,-0.410,0.130,-9.450,0.00000,0
108.241,0.0,0.0,1.60,-0.410,0.130,-9.450,0.00000,0
108.251,0.0,0.0,1.60,-0.410,0.130,-9.450,0.00000,0
108.261,0.0,0.0,1.60,-0.410,0.130,-9.450,0.00000,0
108.271,0.0,0.0,1.60,-0.410,0.130,-9.450,0.00000,0
108.282,0.0,0.0,1.60,-0.410,0.130,-9.450,0.00000,0
108.292,0.0,0.0,1.60,-0.410,0.130,-9.450,0.00000,0
108.302,0.0,0.0,1.60,-0.410,0.130,-9.450,0.00000,0
108.312,0.0,0.0,1.60,-0.410,0.130,-9.450,0.00000,0
108.322,0.0,0.0,1.60,-0.410,0.130,-9.450,0.00000,0
108.332,0.0,0.0,1.60,-0.410,0.130,-9.450,0.00000,0
108.342,0.0,0.0,1.60,-0.410,0.130,-9.450,0.00000,0
108.352,0.0,0.0,1.60,-0.410,0.130,-9.450,0.00000,0
108.363,0.0,0.0,1.60,-0.410,0.130,-9.450,0.00000,0
108.373,0.0,0.0,1.60,-0.410,0.130,-9.450,0.00000,0
108.383,0.0,0.0,1.60,-0.410,0.130,-9.450,0.00000,0
108.393,0.0,0.0,1.60,-0.410,0.130,-9.450,0.00000,0
108.403,0.0,0.0,1.60,-0.410,0.130,-9.450,0.00000,0
108.413,0.0,0.0,1.60,-0.410,0.130,-9.450,0.00000,0
108.423,0.0,0.0,1.60,-0.410,0.130,-9.450,0.00000,0
108.433,0.0,0.0,1.60,-0.410,0.130,-9.450,0.00000,0
108.444,0.0,0.0,1.60,-0.410,0.130,-9.450,0.00000,0
108.454,0.0,0.0,1.60,-0.410,0.130,-9.450,0.00000,0
108.464,0.0,0.0,1.60,-0.410,0.130,-9.450,0.00000,0
108.474,0.0,0.0,1.60,-0.410,0.130,-9.450,0.00000,0
108.484,0.0,0.0,1.60,-0.410,0.130,-9.450,0.00000,0
108.494,0.0,0.0,1.60,-0.410,0.130,-9.450,0.00000,0
108.504,0.0,0.0,1.60,-0.410,0.130,-9.450,0.00000,0
108.515,0.0,0.0,1.60,-0.410,0.130,-9.450,0.00000,0
108.525,0.0,0.0,1.60,-0.410,0.130,-9.450,0.00000,0
108.535,0.0,0.0,1.60,-0.410,0.130,-9.450,0.00000,0
108.545,0.0,0.0,1.60,-0.410,0.130,-9.450,0.00000,0
108.555,0.0,0.0,1.60,-0.410,0.130,-9.450,0.00000,0
108.565,0.0,0.0,1.60,-0.410,0.130,-9.450,0.00000,0
108.575,0.0,0.0,1.60,-0.410,0.130,-9.450,0.00000,0
108.586,0.0,0.0,1.60,-0.410,0.130,-9.450,0.00000,0
108.596,0.0,0.0,1.60,-0.410,0.130,-9.450,0.00000,0
108.606,0.0,0.0,1.60,-0.410,0.130,-9.450,0.00000,0
108.616,0.0,0.0,1.60,-0.410,0.130,-9.450,0.00000,0
108.627,0.0,0.0,1.60,-0.410,0.130,-9.450,0.00000,0
108.637,0.0,0.0,1.60,-0.410,0.130,-9.450,0.00000,0
108.647,0.0,0.0,1.60,-0.410,0.130,-9.450,0.00000,0
108.657,0.0,0.0,1.60,-0.410,0.130,-9.450,0.00000,0
108.667,0.0,0.0,1.60,-0.410,0.130,-9.450,0.00000,0
108.677,0.0,0.0,1.60,-0.410,0.130,-9.450,0.00000,0
108.687,0.0,0.0,1.60,-0.410,0.130,-9.450,0.00000,0
108.697,0.0,0.0,1.60,-0.410,0.130,-9.450,0.00000,0
108.708,0.0,0.0,1.60,-0.410,0.130,-9.450,0.00000,0
108.718,0.0,0.0,1.60,-0.410,0.130,-9.450,0.00000,0
108.728,0.0,0.0,1.60,-0.410,0.130,-9.450,0.00000,0
108.738,0.0,0.0,1.60,-0.410,0.130,-9.450,0.00000,0
108.748,0.0,0.0,1.60,-0.410,0.130,-9.450,0.00000,0
108.758,0.0,0.0,1.60,-0.410,0.130,-9.450,0.00000,0
108.769,0.0,0.0,1.60,-0.410,0.130,-9.450,0.00000,0
108.779,0.0,0.0,1.60,-0.410,0.130,-9.450,0.00000,0
108.789,0.0,0.0,1.60,-0.410,0.130,-9.450,0.00000,0
108.799,0.0,0.0,1.60,-0.410,0.130,-9.450,0.00000,0
108.809,0.0,0.0,1.60,-0.410,0.130,-9.450,0.00000,0
108.819,0.0,0.0,1.60,-0.410,0.130,-9.450,0.00000,0
108.829,0.0,0.0,1.60,-0.410,0.130,-9.450,0.00000,0
108.839,0.0,0.0,1.60,-0.410,0.130,-9.450,0.00000,0
108.850,0.0,0.0,1.60,-0.410,0.130,-9.450,0.00000,0
108.860,0.0,0.0,1.60,-0.410,0.130,-9.450,0.00000,0
108.870,0.0,0.0,1.60,-0.410,0.130,-9.450,0.00000,0
108.880,0.0,0.0,1.60,-0.410,0.130,-9.450,0.00000,0
108.890,0.0,0.0,1.60,-0.410,0.130,-9.450,0.00000,0
108.900,0.0,0.0,1.60,-0.410,0.130,-9.450,0.00000,0
108.910,0.0,0.0,1.60,-0.410,0.130,-9.450,0.00000,0
108.921,0.0,0.0,1.60,-0.410,0.130,-9.450,0.00000,0
108.931,0.0,0.0,1.60,-0.410,0.130,-9.450,0.00000,0
108.941,0.0,0.0,1.60,-0.410,0.130,-9.450,0.00000,0
108.951,0.0,0.0,1.60,-0.410,0.130,-9.450,0.00000,0
108.961,0.0,0.0,1.60,-0.410,0.130,-9.450,0.00000,0
108.971,0.0,0.0,1.60,-0.410,0.130,-9.450,0.00000,0
108.981,0.0,0.0,1.60,-0.410,0.130,-9.450,0.00000,0
108.991,0.0,0.0,1.60,-0.410,0.130,-9.450,0.00000,0
109.002,0.0,0.0,1.60,-0.410,0.130,-9.450,0.00000,0
109.012,0.0,0.0,1.60,-0.410,0.130,-9.450,0.00000,0
109.022,0.0,0.0,1.60,-0.410,0.130,-9.450,0.00000,0
109.032,0.0,0.0,1.60,-0.410,0.130,-9.450,0.00000,0
109.042,0.0,0.0,1.60,-0.410,0.130,-9.450,0.00000,0
109.052,0.0,0.0,1.60,-0.410,0.130,-9.450,0.00000,0
109.062,0.0,0.0,1.60,-0.410,0.130,-9.450,0.00000,0
109.073,0.0,0.0,1.60,-0.410,0.130,-9.450,0.00000,0
109.083,0.0,0.0,1.60,-0.410,0.130,-9.450,0.00000,0
109.093,0.0,0.0,1.60,-0.410,0.130,-9.450,0.00000,0
109.103,0.0,0.0,1.60,-0.410,0.130,-9.450,0.00000,0
109.113,0.0,0.0,1.60,-0.410,0.130,-9.450,0.00000,0
109.123,0.0,0.0,1.60,-0.410,0.130,-9.450,0.00000,0
109.133,0.0,0.0,1.60,-0.410,0.130,-9.450,0.00000,0
109.143,0.0,0.0,1.60,-0.410,0.130,-9.450,0.00000,0
109.154,0.0,0.0,1.60,-0.410,0.130,-9.450,0.00000,0
109.164,0.0,0.0,1.60,-0.410,0.130,-9.450,0.00000,0
109.174,0.0,0.0,1.60,-0.410,0.130,-9.450,0.00000,0
109.184,0.0,0.0,1.60,-0.410,0.130,-9.450,0.00000,0
109.194,0.0,0.0,1.60,-0.410,0.130,-9.450,0.00000,0
109.204,0.0,0.0,1.60,-0.410,0.130,-9.450,0.00000,0
109.214,0.0,0.0,1.60,-0.410,0.130,-9.450,0.00000,0
109.224,0.0,0.0,1.60,-0.410,0.130,-9.450,0.00000,0
109.235,0.0,0.0,1.60,-0.410,0.130,-9.450,0.00000,0
109.245,0.0,0.0,1.60,-0.410,0.130,-9.450,0.00000,0
109.255,0.0,0.0,1.60,-0.410,0.130,-9.450,0.00000,0
109.265,0.0,0.0,1.60,-0.410,0.130,-9.450,0.00000,0
109.275,0.0,0.0,1.60,-0.410,0.130,-9.450,0.00000,0
109.285,0.0,0.0,1.60,-0.410,0.130,-9.450,0.00000,0
109.295,0.0,0.0,1.60,-0.410,0.130,-9.450,0.00000,0
109.305,0.0,0.0,1.60,-0.410,0.130,-9.450,0.00000,0
109.316,0.0,0.0,1.60,-0.410,0.130,-9.450,0.00000,0
109.326,0.0,0.0,1.60,-0.410,0.130,-9.450,0.00000,0
109.336,0.0,0.0,1.60,-0.410,0.130,-9.450,0.00000,0
109.346,0.0,0.0,1.60,-0.410,0.130,-9.450,0.00000,0
109.356,0.0,0.0,1.60,-0.410,0.130,-9.450,0.00000,0
109.366,0.0,0.0,1.60,-0.410,0.130,-9.450,0.00000,0
109.376,0.0,0.0,1.60,-0.410,0.130,-9.450,0.00000,0
109.387,0.0,0.0,1.60,-0.410,0.130,-9.450,0.00000,0
109.397,0.0,0.0,1.60,-0.410,0.130,-9.450,0.00000,0
109.407,0.0,0.0,1.60,-0.410,0.130,-9.450,0.00000,0
109.417,0.0,0.0,1.60,-0.410,0.130,-9.450,0.00000,0
109.427,0.0,0.0,1.60,-0.410,0.130,-9.450,0.00000,0
109.437,0.0,0.0,1.60,-0.410,0.130,-9.450,0.00000,0
109.447,0.0,0.0,1.60,-0.410,0.130,-9.450,0.00000,0
109.457,0.0,0.0,1.60,-0.410,0.130,-9.450,0.00000,0
109.468,0.0,0.0,1.60,-0.410,0.130,-9.450,0.00000,0
109.478,0.0,0.0,1.60,-0.410,0.130,-9.450,0.00000,0
109.488,0.0,0.0,1.60,-0.410,0.130,-9.450,0.00000,0
109.498,0.0,0.0,1.60,-0.410,0.130,-9.450,0.00000,0
109.508,0.0,0.0,1.60,-0.410,0.130,-9.450,0.00000,0
109.518,0.0,0.0,1.60,-0.410,0.130,-9.450,0.00000,0
109.528,0.0,0.0,1.60,-0.410,0.130,-9.450,0.00000,0
109.539,0.0,0.0,1.60,-0.410,0.130,-9.450,0.00000,0
109.549,0.0,0.0,1.60,-0.410,0.130,-9.450,0.00000,0
109.559,0.0,0.0,1.60,-0.410,0.130,-9.450,0.00000,0
109.569,0.0,0.0,1.60,-0.410,0.130,-9.450,0.00000,0
109.579,0.0,0.0,1.60,-0.410,0.130,-9.450,0.00000,0
109.589,0.0,0.0,1.60,-0.410,0.130,-9.450,0.00000,0
109.599,0.0,0.0,1.60,-0.410,0.130,-9.450,0.00000,0
109.610,0.0,0.0,1.60,-0.410,0.130,-9.450,0.00000,0
109.620,0.0,0.0,1.60,-0.410,0.130,-9.450,0.00000,0
109.630,0.0,0.0,1.60,-0.410,0.130,-9.450,0.00000,0
109.640,0.0,0.0,1.60,-0.410,0.130,-9.450,0.00000,0
109.650,0.0,0.0,1.60,-0.410,0.130,-9.450,0.00000,0
109.660,0.0,0.0,1.60,-0.410,0.130,-9.450,0.00000,0
109.670,0.0,0.0,1.60,-0.410,0.130,-9.450,0.00000,0
109.681,0.0,0.0,1.60,-0.410,0.130,-9.450,0.00000,0
109.691,0.0,0.0,1.60,-0.410,0.130,-9.450,0.00000,0
109.701,0.0,0.0,1.60,-0.410,0.130,-9.450,0.00000,0
109.711,0.0,0.0,1.60,-0.410,0.130,-9.450,0.00000,0
109.721,0.0,0.0,1.60,-0.410,0.130,-9.450,0.00000,0
109.731,0.0,0.0,1.60,-0.410,0.130,-9.450,0.00000,0
109.742,0.0,0.0,1.60,-0.410,0.130,-9.450,0.00000,0
109.752,0.0,0.0,1.60,-0.410,0.130,-9.450,0.00000,0
109.762,0.0,0.0,1.60,-0.410,0.130,-9.450,0.00000,0
109.772,0.0,0.0,1.60,-0.410,0.130,-9.450,0.00000,0
109.782,0.0,0.0,1.60,-0.410,0.130,-9.450,0.00000,0
109.792,0.0,0.0,1.60,-0.410,0.130,-9.450,0.00000,0
109.802,0.0,0.0,1.60,-0.410,0.130,-9.450,0.00000,0
109.812,0.0,0.0,1.60,-0.410,0.130,-9.450,0.00000,0
109.823,0.0,0.0,1.60,-0.410,0.130,-9.450,0.00000,0
109.833,0.0,0.0,1.60,-0.410,0.130,-9.450,0.00000,0
109.843,0.0,0.0,1.60,-0.410,0.130,-9.450,0.00000,0
109.853,0.0,0.0,1.60,-0.410,0.130,-9.450,0.00000,0
109.863,0.0,0.0,1.60,-0.410,0.130,-9.450,0.00000,0
109.873,0.0,0.0,1.60,-0.410,0.130,-9.450,0.00000,0
109.883,0.0,0.0,1.60,-0.410,0.130,-9.450,0.00000,0
109.894,0.0,0.0,1.60,-0.410,0.130,-9.450,0.00000,0
109.904,0.0,0.0,1.60,-0.410,0.130,-9.450,0.00000,0
109.914,0.0,0.0,1.60,-0.410,0.130,-9.450,0.00000,0
109.924,0.0,0.0,1.60,-0.410,0.130,-9.450,0.00000,0
109.934,0.0,0.0,1.60,-0.410,0.130,-9.450,0.00000,0
109.944,0.0,0.0,1.60,-0.410,0.130,-9.450,0.00000,0
109.954,0.0,0.0,1.60,-0.410,0.130,-9.450,0.00000,0
109.964,0.0,0.0,1.60,-0.410,0.130,-9.450,0.00000,0
109.975,0.0,0.0,1.60,-0.410,0.130,-9.450,0.00000,0
109.985,0.0,0.0,1.60,-0.410,0.130,-9.450,0.00000,0
109.995,0.0,0.0,1.60,-0.410,0.130,-9.450,0.00000,0
110.005,0.0,0.0,1.60,-0.410,0.130,-9.450,0.00000,0
110.015,0.0,0.0,1.60,-0.410,0.130,-9.450,0.00000,0
110.025,0.0,0.0,1.60,-0.410,0.130,-9.450,0.00000,0
110.035,0.0,0.0,1.60,-0.410,0.130,-9.450,0.00000,0
110.045,0.0,0.0,1.60,-0.410,0.130,-9.450,0.00000,0
110.056,0.0,0.0,1.60,-0.410,0.130,-9.450,0.00000,0
110.066,0.0,0.0,1.60,-0.410,0.130,-9.450,0.00000,0
110.076,0.0,0.0,1.60,-0.410,0.130,-9.450,0.00000,0
110.086,0.0,0.0,1.60,-0.410,0.130,-9.450,0.00000,0
110.096,0.0,0.0,1.60,-0.410,0.130,-9.450,0.00000,0
110.106,0.0,0.0,1.60,-0.410,0.130,-9.450,0.00000,0
110.116,0.0,0.0,1.60,-0.410,0.130,-9.450,0.00000,0
110.126,0.0,0.0,1.60,-0.410,0.130,-9.450,0.00000,0
110.137,0.0,0.0,1.60,-0.410,0.130,-9.450,0.00000,0
110.147,0.0,0.0,1.60,-0.410,0.130,-9.450,0.00000,0
110.157,0.0,0.0,1.60,-0.410,0.130,-9.450,0.00000,0
110.167,0.0,0.0,1.60,-0.410,0.130,-9.450,0.00000,0
110.177,0.0,0.0,1.60,-0.410,0.130,-9.450,0.00000,0
110.187,0.0,0.0,1.60,-0.410,0.130,-9.450,0.00000,0
110.197,0.0,0.0,1.60,-0.410,0.130,-9.450,0.00000,0
110.208,0.0,0.0,1.60,-0.410,0.130,-9.450,0.00000,0
110.218,0.0,0.0,1.60,-0.410,0.130,-9.450,0.00000,0
110.228,0.0,0.0,1.60,-0.410,0.130,-9.450,0.00000,0
110.238,0.0,0.0,1.60,-0.410,0.130,-9.450,0.00000,0
110.248,0.0,0.0,1.60,-0.410,0.130,-9.450,0.00000,0
110.258,0.0,0.0,1.60,-0.410,0.130,-9.450,0.00000,0
110.268,0.0,0.0,1.60,-0.410,0.130,-9.450,0.00000,0
110.279,0.0,0.0,1.60,-0.410,0.130,-9.450,0.00000,0
110.289,0.0,0.0,1.60,-0.410,0.130,-9.450,0.00000,0
110.299,0.0,0.0,1.60,-0.410,0.130,-9.450,0.00000,0
110.309,0.0,0.0,1.60,-0.410,0.130,-9.450,0.00000,0
110.319,0.0,0.0,1.60,-0.410,0.130,-9.450,0.00000,0
110.329,0.0,0.0,1.60,-0.410,0.130,-9.450,0.00000,0
110.339,0.0,0.0,1.60,-0.410,0.130,-9.450,0.00000,0
110.350,0.0,0.0,1.60,-0.410,0.130,-9.450,0.00000,0
110.360,0.0,0.0,1.60,-0.410,0.130,-9.450,0.00000,0
110.370,0.0,0.0,1.60,-0.410,0.130,-9.450,0.00000,0
110.380,0.0,0.0,1.60,-0.410,0.130,-9.450,0.00000,0
110.390,0.0,0.0,1.60,-0.410,0.130,-9.450,0.00000,0
110.400,0.0,0.0,1.60,-0.410,0.130,-9.450,0.00000,0
110.410,0.0,0.0,1.60,-0.410,0.130,-9.450,0.00000,0
110.421,0.0,0.0,1.60,-0.410,0.130,-9.450,0.00000,0
110.431,0.0,0.0,1.60,-0.410,0.130,-9.450,0.00000,0
110.441,0.0,0.0,1.60,-0.410,0.130,-9.450,0.00000,0
110.451,0.0,0.0,1.60,-0.410,0.130,-9.450,0.00000,0
110.461,0.0,0.0,1.60,-0.410,0.130,-9.450,0.00000,0
110.471,0.0,0.0,1.60,-0.410,0.130,-9.450,0.00000,0
110.481,0.0,0.0,1.60,-0.410,0.130,-9.450,0.00000,0
110.491,0.0,0.0,1.60,-0.410,0.130,-9.450,0.00000,0
110.502,0.0,0.0,1.60,-0.410,0.130,-9.450,0.00000,0
110.512,0.0,0.0,1.60,-0.410,0.130,-9.450,0.00000,0
110.522,0.0,0.0,1.60,-0.410,0.130,-9.450,0.00000,0
110.532,0.0,0.0,1.60,-0.410,0.130,-9.450,0.00000,0
110.542,0.0,0.0,1.60,-0.410,0.130,-9.450,0.00000,0
110.552,0.0,0.0,1.60,-0.410,0.130,-9.450,0.00000,0
110.562,0.0,0.0,1.60,-0.410,0.130,-9.450,0.00000,0
110.573,0.0,0.0,1.60,-0.410,0.130,-9.450,0.00000,0
110.583,0.0,0.0,1.60,-0.410,0.130,-9.450,0.00000,0
110.593,0.0,0.0,1.60,-0.410,0.130,-9.450,0.00000,0
110.603,0.0,0.0,1.60,-0.410,0.130,-9.450,0.00000,0
110.613,0.0,0.0,1.60,-0.410,0.130,-9.450,0.00000,0
110.623,0.0,0.0,1.60,-0.410,0.130,-9.450,0.00000,0
110.633,0.0,0.0,1.60,-0.410,0.130,-9.450,0.00000,0
110.644,0.0,0.0,1.60,-0.410,0.130,-9.450,0.00000,0
110.654,0.0,0.0,1.60,-0.410,0.130,-9.450,0.00000,0
110.664,0.0,0.0,1.60,-0.410,0.130,-9.450,0.00000,0
110.674,0.0,0.0,1.60,-0.410,0.130,-9.450,0.00000,0
110.684,0.0,0.0,1.60,-0.410,0.130,-9.450,0.00000,0
110.694,0.0,0.0,1.60,-0.410,0.130,-9.450,0.00000,0
110.704,0.0,0.0,1.60,-0.410,0.130,-9.450,0.00000,0
110.714,0.0,0.0,1.60,-0.410,0.130,-9.450,0.00000,0
110.725,0.0,0.0,1.60,-0.410,0.130,-9.450,0.00000,0
110.735,0.0,0.0,1.60,-0.410,0.130,-9.450,0.00000,0
110.745,0.0,0.0,1.60,-0.410,0.130,-9.450,0.00000,0
110.755,0.0,0.0,1.60,-0.410,0.130,-9.450,0.00000,0
110.765,0.0,0.0,1.60,-0.410,0.130,-9.450,0.00000,0
110.775,0.0,0.0,1.60,-0.410,0.130,-9.450,0.00000,0
110.785,0.0,0.0,1.60,-0.410,0.130,-9.450,0.00000,0
110.795,0.0,0.0,1.60,-0.410,0.130,-9.450,0.00000,0
110.806,0.0,0.0,1.60,-0.410,0.130,-9.450,0.00000,0
110.816,0.0,0.0,1.60,-0.410,0.130,-9.450,0.00000,0
110.826,0.0,0.0,1.60,-0.410,0.130,-9.450,0.00000,0
110.836,0.0,0.0,1.60,-0.410,0.130,-9.450,0.00000,0
110.846,0.0,0.0,1.60,-0.410,0.130,-9.450,0.00000,0
110.856,0.0,0.0,1.60,-0.410,0.130,-9.450,0.00000,0
110.866,0.0,0.0,1.60,-0.410,0.130,-9.450,0.00000,0
110.876,0.0,0.0,1.60,-0.410,0.130,-9.450,0.00000,0
110.887,0.0,0.0,1.60,-0.410,0.130,-9.450,0.00000,0
110.897,0.0,0.0,1.60,-0.410,0.130,-9.450,0.00000,0
110.907,0.0,0.0,1.60,-0.410,0.130,-9.450,0.00000,0
110.917,0.0,0.0,1.60,-0.410,0.130,-9.450,0.00000,0
110.927,0.0,0.0,1.60,-0.410,0.130,-9.450,0.00000,0
110.937,0.0,0.0,1.60,-0.410,0.130,-9.450,0.00000,0
110.947,0.0,0.0,1.60,-0.410,0.130,-9.450,0.00000,0
110.958,0.0,0.0,1.60,-0.410,0.130,-9.450,0.00000,0
110.968,0.0,0.0,1.60,-0.410,0.130,-9.450,0.00000,0
110.979,0.0,0.0,1.60,-0.410,0.130,-9.450,0.00000,0
110.989,0.0,0.0,1.60,-0.410,0.130,-9.450,0.00000,0
110.999,0.0,0.0,1.60,-0.410,0.130,-9.450,0.00000,0
111.009,0.0,0.0,1.60,-0.410,0.130,-9.450,0.00000,0
111.019,0.0,0.0,1.60,-0.410,0.130,-9.450,0.00000,0
111.029,0.0,0.0,1.60,-0.410,0.130,-9.450,0.00000,0
111.039,0.0,0.0,1.60,-0.410,0.130,-9.450,0.00000,0
111.050,0.0,0.0,1.60,-0.410,0.130,-9.450,0.00000,0
111.060,0.0,0.0,1.60,-0.410,0.130,-9.450,0.00000,0
111.070,0.0,0.0,1.60,-0.410,0.130,-9.450,0.00000,0
111.080,0.0,0.0,1.60,-0.410,0.130,-9.450,0.00000,0
111.090,0.0,0.0,1.60,-0.410,0.130,-9.450,0.00000,0
111.100,0.0,0.0,1.60,-0.410,0.130,-9.450,0.00000,0
111.110,0.0,0.0,1.60,-0.410,0.130,-9.450,0.00000,0
111.121,0.0,0.0,1.60,-0.410,0.130,-9.450,0.00000,0
111.131,0.0,0.0,1.60,-0.410,0.130,-9.450,0.00000,0
111.141,0.0,0.0,1.60,-0.410,0.130,-9.450,0.00000,0
111.151,0.0,0.0,1.60,-0.410,0.130,-9.450,0.00000,0
111.161,0.0,0.0,1.60,-0.410,0.130,-9.450,0.00000,0
111.171,0.0,0.0,1.60,-0.410,0.130,-9.450,0.00000,0
111.181,0.0,0.0,1.60,-0.410,0.130,-9.450,0.00000,0
111.191,0.0,0.0,1.60,-0.410,0.130,-9.450,0.00000,0
111.202,0.0,0.0,1.60,-0.410,0.130,-9.450,0.00000,0
111.212,0.0,0.0,1.60,-0.410,0.130,-9.450,0.00000,0
111.222,0.0,0.0,1.60,-0.410,0.130,-9.450,0.00000,0
111.232,0.0,0.0,1.60,-0.410,0.130,-9.450,0.00000,0
111.242,0.0,0.0,1.60,-0.410,0.130,-9.450,0.00000,0
111.252,0.0,0.0,1.60,-0.410,0.130,-9.450,0.00000,0
111.262,0.0,0.0,1.60,-0.410,0.130,-9.450,0.00000,0
111.273,0.0,0.0,1.60,-0.410,0.130,-9.450,0.00000,0
111.283,0.0,0.0,1.60,-0.410,0.130,-9.450,0.00000,0
111.293,0.0,0.0,1.60,-0.410,0.130,-9.450,0.00000,0
111.303,0.0,0.0,1.60,-0.410,0.130,-9.450,0.00000,0
111.313,0.0,0.0,1.60,-0.410,0.130,-9.450,0.00000,0
111.323,0.0,0.0,1.60,-0.410,0.130,-9.450,0.00000,0
111.334,0.0,0.0,1.60,-0.410,0.130,-9.450,0.00000,0
111.344,0.0,0.0,1.60,-0.410,0.130,-9.450,0.00000,0
111.354,0.0,0.0,1.60,-0.410,0.130,-9.450,0.00000,0
111.364,0.0,0.0,1.60,-0.410,0.130,-9.450,0.00000,0
111.374,0.0,0.0,1.60,-0.410,0.130,-9.450,0.00000,0
111.384,0.0,0.0,1.60,-0.410,0.130,-9.450,0.00000,0
111.394,0.0,0.0,1.60,-0.410,0.130,-9.450,0.00000,0
111.404,0.0,0.0,1.60,-0.410,0.130,-9.450,0.00000,0
111.415,0.0,0.0,1.60,-0.410,0.130,-9.450,0.00000,0
111.425,0.0,0.0,1.60,-0.410,0.130,-9.450,0.00000,0
111.435,0.0,0.0,1.60,-0.410,0.130,-9.450,0.00000,0
111.445,0.0,0.0,1.60,-0.410,0.130,-9.450,0.00000,0
111.455,0.0,0.0,1.60,-0.410,0.130,-9.450,0.00000,0
111.465,0.0,0.0,1.60,-0.410,0.130,-9.450,0.00000,0
111.475,0.0,0.0,1.60,-0.410,0.130,-9.450,0.00000,0
111.486,0.0,0.0,1.60,-0.410,0.130,-9.450,0.00000,0
111.496,0.0,0.0,1.60,-0.410,0.130,-9.450,0.00000,0
111.506,0.0,0.0,1.60,-0.410,0.130,-9.450,0.00000,0
111.516,0.0,0.0,1.60,-0.410,0.130,-9.450,0.00000,0
111.526,0.0,0.0,1.60,-0.410,0.130,-9.450,0.00000,0
111.536,0.0,0.0,1.60,-0.410,0.130,-9.450,0.00000,0
111.546,0.0,0.0,1.60,-0.410,0.130,-9.450,0.00000,0
111.556,0.0,0.0,1.60,-0.410,0.130,-9.450,0.00000,0
111.567,0.0,0.0,1.60,-0.410,0.130,-9.450,0.00000,0
111.577,0.0,0.0,1.60,-0.410,0.130,-9.450,0.00000,0
111.587,0.0,0.0,1.60,-0.410,0.130,-9.450,0.00000,0
111.597,0.0,0.0,1.60,-0.410,0.130,-9.450,0.00000,0
111.607,0.0,0.0,1.60,-0.410,0.130,-9.450,0.00000,0
111.617,0.0,0.0,1.60,-0.410,0.130,-9.450,0.00000,0
111.628,0.0,0.0,1.60,-0.410,0.130,-9.450,0.00000,0
111.638,0.0,0.0,1.60,-0.410,0.130,-9.450,0.00000,0
111.648,0.0,0.0,1.60,-0.410,0.130,-9.450,0.00000,0
111.658,0.0,0.0,1.60,-0.410,0.130,-9.450,0.00000,0
111.668,0.0,0.0,1.60,-0.410,0.130,-9.450,0.00000,0
111.678,0.0,0.0,1.60,-0.410,0.130,-9.450,0.00000,0
111.688,0.0,0.0,1.60,-0.410,0.130,-9.450,0.00000,0
111.698,0.0,0.0,1.60,-0.410,0.130,-9.450,0.00000,0
111.709,0.0,0.0,1.60,-0.410,0.130,-9.450,0.00000,0
111.719,0.0,0.0,1.60,-0.410,0.130,-9.450,0.00000,0
111.729,0.0,0.0,1.60,-0.410,0.130,-9.450,0.00000,0
111.739,0.0,0.0,1.60,-0.410,0.130,-9.450,0.00000,0
111.749,0.0,0.0,1.60,-0.410,0.130,-9.450,0.00000,0
111.760,0.0,0.0,1.60,-0.410,0.130,-9.450,0.00000,0
111.770,0.0,0.0,1.60,-0.410,0.130,-9.450,0.00000,0
111.780,0.0,0.0,1.60,-0.410,0.130,-9.450,0.00000,0
111.790,0.0,0.0,1.60,-0.410,0.130,-9.450,0.00000,0
111.801,0.0,0.0,1.60,-0.410,0.130,-9.450,0.00000,0
111.811,0.0,0.0,1.60,-0.410,0.130,-9.450,0.00000,0
111.821,0.0,0.0,1.60,-0.410,0.130,-9.450,0.00000,0
111.831,0.0,0.0,1.60,-0.410,0.130,-9.450,0.00000,0
111.841,0.0,0.0,1.60,-0.410,0.130,-9.450,0.00000,0
111.851,0.0,0.0,1.60,-0.410,0.130,-9.450,0.00000,0
111.861,0.0,0.0,1.60,-0.410,0.130,-9.450,0.00000,0
111.872,0.0,0.0,1.60,-0.410,0.130,-9.450,0.00000,0
111.882,0.0,0.0,1.60,-0.410,0.130,-9.450,0.00000,0
111.892,0.0,0.0,1.60,-0.410,0.130,-9.450,0.00000,0
111.902,0.0,0.0,1.60,-0.410,0.130,-9.450,0.00000,0
111.912,0.0,0.0,1.60,-0.410,0.130,-9.450,0.00000,0
111.922,0.0,0.0,1.60,-0.410,0.130,-9.450,0.00000,0
111.932,0.0,0.0,1.60,-0.410,0.130,-9.450,0.00000,0
111.942,0.0,0.0,1.60,-0.410,0.130,-9.450,0.00000,0
111.953,0.0,0.0,1.60,-0.410,0.130,-9.450,0.00000,0
111.963,0.0,0.0,1.60,-0.410,0.130,-9.450,0.00000,0
111.973,0.0,0.0,1.60,-0.410,0.130,-9.450,0.00000,0
111.983,0.0,0.0,1.60,-0.410,0.130,-9.450,0.00000,0
111.993,0.0,0.0,1.60,-0.410,0.130,-9.450,0.00000,0
112.003,0.0,0.0,1.60,-0.410,0.130,-9.450,0.00000,0
112.013,0.0,0.0,1.60,-0.410,0.130,-9.450,0.00000,0
112.024,0.0,0.0,1.60,-0.410,0.130,-9.450,0.00000,0
112.034,0.0,0.0,1.60,-0.410,0.130,-9.450,0.00000,0
112.044,0.0,0.0,1.60,-0.410,0.130,-9.450,0.00000,0
112.054,0.0,0.0,1.60,-0.410,0.130,-9.450,0.00000,0
112.064,0.0,0.0,1.60,-0.410,0.130,-9.450,0.00000,0
112.074,0.0,0.0,1.60,-0.410,0.130,-9.450,0.00000,0
112.084,0.0,0.0,1.60,-0.410,0.130,-9.450,0.00000,0
112.095,0.0,0.0,1.60,-0.410,0.130,-9.450,0.00000,0
112.105,0.0,0.0,1.60,-0.410,0.130,-9.450,0.00000,0
112.115,0.0,0.0,1.60,-0.410,0.130,-9.450,0.00000,0
112.125,0.0,0.0,1.60,-0.410,0.130,-9.450,0.00000,0
112.135,0.0,0.0,1.60,-0.410,0.130,-9.450,0.00000,0
112.145,0.0,0.0,1.60,-0.410,0.130,-9.450,0.00000,0
112.155,0.0,0.0,1.60,-0.410,0.130,-9.450,0.00000,0
112.166,0.0,0.0,1.60,-0.410,0.130,-9.450,0.00000,0
112.176,0.0,0.0,1.60,-0.410,0.130,-9.450,0.00000,0
112.186,0.0,0.0,1.60,-0.410,0.130,-9.450,0.00000,0
112.196,0.0,0.0,1.60,-0.410,0.130,-9.450,0.00000,0
112.206,0.0,0.0,1.60,-0.410,0.130,-9.450,0.00000,0
112.216,0.0,0.0,1.60,-0.410,0.130,-9.450,0.00000,0
112.226,0.0,0.0,1.60,-0.410,0.130,-9.450,0.00000,0
112.237,0.0,0.0,1.60,-0.410,0.130,-9.450,0.00000,0
112.247,0.0,0.0,1.60,-0.410,0.130,-9.450,0.00000,0
112.257,0.0,0.0,1.60,-0.410,0.130,-9.450,0.00000,0
112.267,0.0,0.0,1.60,-0.410,0.130,-9.450,0.00000,0
112.277,0.0,0.0,1.60,-0.410,0.130,-9.450,0.00000,0
112.287,0.0,0.0,1.60,-0.410,0.130,-9.450,0.00000,0
112.297,0.0,0.0,1.60,-0.410,0.130,-9.450,0.00000,0
112.307,0.0,0.0,1.60,-0.410,0.130,-9.450,0.00000,0
112.318,0.0,0.0,1.60,-0.410,0.130,-9.450,0.00000,0
112.328,0.0,0.0,1.60,-0.410,0.130,-9.450,0.00000,0
112.338,0.0,0.0,1.60,-0.410,0.130,-9.450,0.00000,0
112.348,0.0,0.0,1.60,-0.410,0.130,-9.450,0.00000,0
112.358,0.0,0.0,1.60,-0.410,0.130,-9.450,0.00000,0
112.368,0.0,0.0,1.60,-0.410,0.130,-9.450,0.00000,0
112.378,0.0,0.0,1.60,-0.410,0.130,-9.450,0.00000,0
112.388,0.0,0.0,1.60,-0.410,0.130,-9.450,0.00000,0
112.399,0.0,0.0,1.60,-0.410,0.130,-9.450,0.00000,0
112.409,0.0,0.0,1.60,-0.410,0.130,-9.450,0.00000,0
112.419,0.0,0.0,1.60,-0.410,0.130,-9.450,0.00000,0
112.429,0.0,0.0,1.60,-0.410,0.130,-9.450,0.00000,0
112.439,0.0,0.0,1.60,-0.410,0.130,-9.450,0.00000,0
112.449,0.0,0.0,1.60,-0.410,0.130,-9.450,0.00000,0
112.459,0.0,0.0,1.60,-0.410,0.130,-9.450,0.00000,0
112.469,0.0,0.0,1.60,-0.410,0.130,-9.450,0.00000,0
112.480,0.0,0.0,1.60,-0.410,0.130,-9.450,0.00000,0
112.490,0.0,0.0,1.60,-0.410,0.130,-9.450,0.00000,0
112.500,0.0,0.0,1.60,-0.410,0.130,-9.450,0.00000,0
112.510,0.0,0.0,1.60,-0.410,0.130,-9.450,0.00000,0
112.520,0.0,0.0,1.60,-0.410,0.130,-9.450,0.00000,0
112.530,0.0,0.0,1.60,-0.410,0.130,-9.450,0.00000,0
112.540,0.0,0.0,1.60,-0.410,0.130,-9.450,0.00000,0
112.551,0.0,0.0,1.60,-0.410,0.130,-9.450,0.00000,0
112.561,0.0,0.0,1.60,-0.410,0.130,-9.450,0.00000,0
112.571,0.0,0.0,1.60,-0.410,0.130,-9.450,0.00000,0
112.581,0.0,0.0,1.60,-0.410,0.130,-9.450,0.00000,0
112.591,0.0,0.0,1.60,-0.410,0.130,-9.450,0.00000,0
112.601,0.0,0.0,1.60,-0.410,0.130,-9.450,0.00000,0
112.612,0.0,0.0,1.60,-0.410,0.130,-9.450,0.00000,0
112.622,0.0,0.0,1.60,-0.410,0.130,-9.450,0.00000,0
112.632,0.0,0.0,1.60,-0.410,0.130,-9.450,0.00000,0
112.642,0.0,0.0,1.60,-0.410,0.130,-9.450,0.00000,0
112.652,0.0,0.0,1.60,-0.410,0.130,-9.450,0.00000,0
112.662,0.0,0.0,1.60,-0.410,0.130,-9.450,0.00000,0
112.672,0.0,0.0,1.60,-0.410,0.130,-9.450,0.00000,0
112.683,0.0,0.0,1.60,-0.410,0.130,-9.450,0.00000,0
112.693,0.0,0.0,1.60,-0.410,0.130,-9.450,0.00000,0
112.703,0.0,0.0,1.60,-0.410,0.130,-9.450,0.00000,0
112.713,0.0,0.0,1.60,-0.410,0.130,-9.450,0.00000,0
112.723,0.0,0.0,1.60,-0.410,0.130,-9.450,0.00000,0
112.733,0.0,0.0,1.60,-0.410,0.130,-9.450,0.00000,0
112.743,0.0,0.0,1.60,-0.410,0.130,-9.450,0.00000,0
112.753,0.0,0.0,1.60,-0.410,0.130,-9.450,0.00000,0
112.764,0.0,0.0,1.60,-0.410,0.130,-9.450,0.00000,0
112.774,0.0,0.0,1.60,-0.410,0.130,-9.450,0.00000,0
112.784,0.0,0.0,1.60,-0.410,0.130,-9.450,0.00000,0
112.794,0.0,0.0,1.60,-0.410,0.130,-9.450,0.00000,0
112.804,0.0,0.0,1.60,-0.410,0.130,-9.450,0.00000,0
112.814,0.0,0.0,1.60,-0.410,0.130,-9.450,0.00000,0
112.824,0.0,0.0,1.60,-0.410,0.130,-9.450,0.00000,0
112.835,0.0,0.0,1.60,-0.410,0.130,-9.450,0.00000,0
112.845,0.0,0.0,1.60,-0.410,0.130,-9.450,0.00000,0
112.855,0.0,0.0,1.60,-0.410,0.130,-9.450,0.00000,0
112.865,0.0,0.0,1.60,-0.410,0.130,-9.450,0.00000,0
112.875,0.0,0.0,1.60,-0.410,0.130,-9.450,0.00000,0
112.885,0.0,0.0,1.60,-0.410,0.130,-9.450,0.00000,0
112.895,0.0,0.0,1.60,-0.410,0.130,-9.450,0.00000,0
112.906,0.0,0.0,1.60,-0.410,0.130,-9.450,0.00000,0
112.916,0.0,0.0,1.60,-0.410,0.130,-9.450,0.00000,0
112.926,0.0,0.0,1.60,-0.410,0.130,-9.450,0.00000,0
112.936,0.0,0.0,1.60,-0.410,0.130,-9.450,0.00000,0
112.946,0.0,0.0,1.60,-0.410,0.130,-9.450,0.00000,0
112.956,0.0,0.0,1.60,-0.410,0.130,-9.450,0.00000,0
112.966,0.0,0.0,1.60,-0.410,0.130,-9.450,0.00000,0
112.977,0.0,0.0,1.60,-0.410,0.130,-9.450,0.00000,0
112.987,0.0,0.0,1.60,-0.410,0.130,-9.450,0.00000,0
112.997,0.0,0.0,1.60,-0.410,0.130,-9.450,0.00000,0
113.007,0.0,0.0,1.60,-0.410,0.130,-9.450,0.00000,0
113.017,0.0,0.0,1.60,-0.410,0.130,-9.450,0.00000,0
113.027,0.0,0.0,1.60,-0.410,0.130,-9.450,0.00000,0
113.038,0.0,0.0,1.60,-0.410,0.130,-9.450,0.00000,0
113.048,0.0,0.0,1.60,-0.410,0.130,-9.450,0.00000,0
113.058,0.0,0.0,1.60,-0.410,0.130,-9.450,0.00000,0
113.068,0.0,0.0,1.60,-0.410,0.130,-9.450,0.00000,0
113.078,0.0,0.0,1.60,-0.410,0.130,-9.450,0.00000,0
113.088,0.0,0.0,1.60,-0.410,0.130,-9.450,0.00000,0
113.098,0.0,0.0,1.60,-0.410,0.130,-9.450,0.00000,0
113.109,0.0,0.0,1.60,-0.410,0.130,-9.450,0.00000,0
113.119,0.0,0.0,1.60,-0.410,0.130,-9.450,0.00000,0
113.129,0.0,0.0,1.60,-0.410,0.130,-9.450,0.00000,0
113.139,0.0,0.0,1.60,-0.410,0.130,-9.450,0.00000,0
113.149,0.0,0.0,1.60,-0.410,0.130,-9.450,0.00000,0
113.159,0.0,0.0,1.60,-0.410,0.130,-9.450,0.00000,0
113.169,0.0,0.0,1.60,-0.410,0.130,-9.450,0.00000,0
113.179,0.0,0.0,1.60,-0.410,0.130,-9.450,0.00000,0
113.190,0.0,0.0,1.60,-0.410,0.130,-9.450,0.00000,0
113.200,0.0,0.0,1.60,-0.410,0.130,-9.450,0.00000,0
113.210,0.0,0.0,1.60,-0.410,0.130,-9.450,0.00000,0
113.220,0.0,0.0,1.60,-0.410,0.130,-9.450,0.00000,0
113.230,0.0,0.0,1.60,-0.410,0.130,-9.450,0.00000,0
113.240,0.0,0.0,1.60,-0.410,0.130,-9.450,0.00000,0
113.250,0.0,0.0,1.60,-0.410,0.130,-9.450,0.00000,0
113.260,0.0,0.0,1.60,-0.410,0.130,-9.450,0.00000,0
113.271,0.0,0.0,1.60,-0.410,0.130,-9.450,0.00000,0
113.281,0.0,0.0,1.60,-0.410,0.130,-9.450,0.00000,0
113.291,0.0,0.0,1.60,-0.410,0.130,-9.450,0.00000,0
113.301,0.0,0.0,1.60,-0.410,0.130,-9.450,0.00000,0
113.313,0.0,0.0,1.60,-0.410,0.130,-9.450,0.00000,0
113.323,0.0,0.0,1.60,-0.410,0.130,-9.450,0.00000,0
113.333,0.0,0.0,1.60,-0.410,0.130,-9.450,0.00000,0
113.343,0.0,0.0,1.60,-0.410,0.130,-9.450,0.00000,0
113.353,0.0,0.0,1.60,-0.410,0.130,-9.450,0.00000,0
113.363,0.0,0.0,1.60,-0.410,0.130,-9.450,0.00000,0
113.374,0.0,0.0,1.60,-0.410,0.130,-9.450,0.00000,0
113.384,0.0,0.0,1.60,-0.410,0.130,-9.450,0.00000,0
113.394,0.0,0.0,1.60,-0.410,0.130,-9.450,0.00000,0
113.404,0.0,0.0,1.60,-0.410,0.130,-9.450,0.00000,0
113.414,0.0,0.0,1.60,-0.410,0.130,-9.450,0.00000,0
113.424,0.0,0.0,1.60,-0.410,0.130,-9.450,0.00000,0
113.435,0.0,0.0,1.60,-0.410,0.130,-9.450,0.00000,0
113.445,0.0,0.0,1.60,-0.410,0.130,-9.450,0.00000,0
113.455,0.0,0.0,1.60,-0.410,0.130,-9.450,0.00000,0
113.465,0.0,0.0,1.60,-0.410,0.130,-9.450,0.00000,0
113.475,0.0,0.0,1.60,-0.410,0.130,-9.450,0.00000,0
113.485,0.0,0.0,1.60,-0.410,0.130,-9.450,0.00000,0
113.495,0.0,0.0,1.60,-0.410,0.130,-9.450,0.00000,0
113.505,0.0,0.0,1.60,-0.410,0.130,-9.450,0.00000,0
113.516,0.0,0.0,1.60,-0.410,0.130,-9.450,0.00000,0
113.526,0.0,0.0,1.60,-0.410,0.130,-9.450,0.00000,0
113.536,0.0,0.0,1.60,-0.410,0.130,-9.450,0.00000,0
113.546,0.0,0.0,1.60,-0.410,0.130,-9.450,0.00000,0
113.556,0.0,0.0,1.60,-0.410,0.130,-9.450,0.00000,0
113.566,0.0,0.0,1.60,-0.410,0.130,-9.450,0.00000,0
113.576,0.0,0.0,1.60,-0.410,0.130,-9.450,0.00000,0
113.587,0.0,0.0,1.60,-0.410,0.130,-9.450,0.00000,0
113.597,0.0,0.0,1.60,-0.410,0.130,-9.450,0.00000,0
113.607,0.0,0.0,1.60,-0.410,0.130,-9.450,0.00000,0
113.617,0.0,0.0,1.60,-0.410,0.130,-9.450,0.00000,0
113.627,0.0,0.0,1.60,-0.410,0.130,-9.450,0.00000,0
113.637,0.0,0.0,1.60,-0.410,0.130,-9.450,0.00000,0
113.647,0.0,0.0,1.60,-0.410,0.130,-9.450,0.00000,0
113.657,0.0,0.0,1.60,-0.410,0.130,-9.450,0.00000,0
113.668,0.0,0.0,1.60,-0.410,0.130,-9.450,0.00000,0
113.678,0.0,0.0,1.60,-0.410,0.130,-9.450,0.00000,0
113.688,0.0,0.0,1.60,-0.410,0.130,-9.450,0.00000,0
113.698,0.0,0.0,1.60,-0.410,0.130,-9.450,0.00000,0
113.708,0.0,0.0,1.60,-0.410,0.130,-9.450,0.00000,0
113.718,0.0,0.0,1.60,-0.410,0.130,-9.450,0.00000,0
113.728,0.0,0.0,1.60,-0.410,0.130,-9.450,0.00000,0
113.739,0.0,0.0,1.60,-0.410,0.130,-9.450,0.00000,0
113.749,0.0,0.0,1.60,-0.410,0.130,-9.450,0.00000,0
113.759,0.0,0.0,1.60,-0.410,0.130,-9.450,0.00000,0
113.769,0.0,0.0,1.60,-0.410,0.130,-9.450,0.00000,0
113.779,0.0,0.0,1.60,-0.410,0.130,-9.450,0.00000,0
113.789,0.0,0.0,1.60,-0.410,0.130,-9.450,0.00000,0
113.799,0.0,0.0,1.60,-0.410,0.130,-9.450,0.00000,0
113.810,0.0,0.0,1.60,-0.410,0.130,-9.450,0.00000,0
113.820,0.0,0.0,1.60,-0.410,0.130,-9.450,0.00000,0
113.830,0.0,0.0,1.60,-0.410,0.130,-9.450,0.00000,0
113.840,0.0,0.0,1.60,-0.410,0.130,-9.450,0.00000,0
113.850,0.0,0.0,1.60,-0.410,0.130,-9.450,0.00000,0
113.860,0.0,0.0,1.60,-0.410,0.130,-9.450,0.00000,0
113.870,0.0,0.0,1.60,-0.410,0.130,-9.450,0.00000,0
113.881,0.0,0.0,1.60,-0.410,0.130,-9.450,0.00000,0
113.891,0.0,0.0,1.60,-0.410,0.130,-9.450,0.00000,0
113.901,0.0,0.0,1.60,-0.410,0.130,-9.450,0.00000,0
113.911,0.0,0.0,1.60,-0.410,0.130,-9.450,0.00000,0
113.921,0.0,0.0,1.60,-0.410,0.130,-9.450,0.00000,0
113.931,0.0,0.0,1.60,-0.410,0.130,-9.450,0.00000,0
113.941,0.0,0.0,1.60,-0.410,0.130,-9.450,0.00000,0
113.951,0.0,0.0,1.60,-0.410,0.130,-9.450,0.00000,0
113.962,0.0,0.0,1.60,-0.410,0.130,-9.450,0.00000,0
113.972,0.0,0.0,1.60,-0.410,0.130,-9.450,0.00000,0
113.982,0.0,0.0,1.60,-0.410,0.130,-9.450,0.00000,0
113.992,0.0,0.0,1.60,-0.410,0.130,-9.450,0.00000,0
114.002,0.0,0.0,1.60,-0.410,0.130,-9.450,0.00000,0
114.012,0.0,0.0,1.60,-0.410,0.130,-9.450,0.00000,0
114.022,0.0,0.0,1.60,-0.410,0.130,-9.450,0.00000,0
114.032,0.0,0.0,1.60,-0.410,0.130,-9.450,0.00000,0
114.043,0.0,0.0,1.60,-0.410,0.130,-9.450,0.00000,0
114.053,0.0,0.0,1.60,-0.410,0.130,-9.450,0.00000,0
114.063,0.0,0.0,1.60,-0.410,0.130,-9.450,0.00000,0
114.073,0.0,0.0,1.60,-0.410,0.130,-9.450,0.00000,0
114.083,0.0,0.0,1.60,-0.410,0.130,-9.450,0.00000,0
114.093,0.0,0.0,1.60,-0.410,0.130,-9.450,0.00000,0
114.103,0.0,0.0,1.60,-0.410,0.130,-9.450,0.00000,0
114.114,0.0,0.0,1.60,-0.410,0.130,-9.450,0.00000,0
114.124,0.0,0.0,1.60,-0.410,0.130,-9.450,0.00000,0
114.135,0.0,0.0,1.60,-0.410,0.130,-9.450,0.00000,0
114.145,0.0,0.0,1.60,-0.410,0.130,-9.450,0.00000,0
114.155,0.0,0.0,1.60,-0.410,0.130,-9.450,0.00000,0
114.165,0.0,0.0,1.60,-0.410,0.130,-9.450,0.00000,0
114.175,0.0,0.0,1.60,-0.410,0.130,-9.450,0.00000,0
114.185,0.0,0.0,1.60,-0.410,0.130,-9.450,0.00000,0
114.195,0.0,0.0,1.60,-0.410,0.130,-9.450,0.00000,0
114.205,0.0,0.0,1.60,-0.410,0.130,-9.450,0.00000,0
114.216,0.0,0.0,1.60,-0.410,0.130,-9.450,0.00000,0
114.226,0.0,0.0,1.60,-0.410,0.130,-9.450,0.00000,0
114.236,0.0,0.0,1.60,-0.410,0.130,-9.450,0.00000,0
114.246,0.0,0.0,1.60,-0.410,0.130,-9.450,0.00000,0
114.256,0.0,0.0,1.60,-0.410,0.130,-9.450,0.00000,0
114.266,0.0,0.0,1.60,-0.410,0.130,-9.450,0.00000,0
114.276,0.0,0.0,1.60,-0.410,0.130,-9.450,0.00000,0
114.287,0.0,0.0,1.60,-0.410,0.130,-9.450,0.00000,0
114.297,0.0,0.0,1.60,-0.410,0.130,-9.450,0.00000,0
114.307,0.0,0.0,1.60,-0.410,0.130,-9.450,0.00000,0
114.317,0.0,0.0,1.60,-0.410,0.130,-9.450,0.00000,0
114.327,0.0,0.0,1.60,-0.410,0.130,-9.450,0.00000,0
114.337,0.0,0.0,1.60,-0.410,0.130,-9.450,0.00000,0
114.347,0.0,0.0,1.60,-0.410,0.130,-9.450,0.00000,0
114.358,0.0,0.0,1.60,-0.410,0.130,-9.450,0.00000,0
114.368,0.0,0.0,1.60,-0.410,0.130,-9.450,0.00000,0
114.378,0.0,0.0,1.60,-0.410,0.130,-9.450,0.00000,0
114.388,0.0,0.0,1.60,-0.410,0.130,-9.450,0.00000,0
114.398,0.0,0.0,1.60,-0.410,0.130,-9.450,0.00000,0
114.408,0.0,0.0,1.60,-0.410,0.130,-9.450,0.00000,0
114.418,0.0,0.0,1.60,-0.410,0.130,-9.450,0.00000,0
114.429,0.0,0.0,1.60,-0.410,0.130,-9.450,0.00000,0
114.439,0.0,0.0,1.60,-0.410,0.130,-9.450,0.00000,0
114.449,0.0,0.0,1.60,-0.410,0.130,-9.450,0.00000,0
114.459,0.0,0.0,1.60,-0.410,0.130,-9.450,0.00000,0
114.469,0.0,0.0,1.60,-0.410,0.130,-9.450,0.00000,0
114.479,0.0,0.0,1.60,-0.410,0.130,-9.450,0.00000,0
114.489,0.0,0.0,1.60,-0.410,0.130,-9.450,0.00000,0
114.499,0.0,0.0,1.60,-0.410,0.130,-9.450,0.00000,0
114.510,0.0,0.0,1.60,-0.410,0.130,-9.450,0.00000,0
114.520,0.0,0.0,1.60,-0.410,0.130,-9.450,0.00000,0
114.530,0.0,0.0,1.60,-0.410,0.130,-9.450,0.00000,0
114.540,0.0,0.0,1.60,-0.410,0.130,-9.450,0.00000,0
114.550,0.0,0.0,1.60,-0.410,0.130,-9.450,0.00000,0
114.560,0.0,0.0,1.60,-0.410,0.130,-9.450,0.00000,0
114.570,0.0,0.0,1.60,-0.410,0.130,-9.450,0.00000,0
114.581,0.0,0.0,1.60,-0.410,0.130,-9.450,0.00000,0
114.591,0.0,0.0,1.60,-0.410,0.130,-9.450,0.00000,0
114.601,0.0,0.0,1.60,-0.410,0.130,-9.450,0.00000,0
114.611,0.0,0.0,1.60,-0.410,0.130,-9.450,0.00000,0
114.621,0.0,0.0,1.60,-0.410,0.130,-9.450,0.00000,0
114.631,0.0,0.0,1.60,-0.410,0.130,-9.450,0.00000,0
114.642,0.0,0.0,1.60,-0.410,0.130,-9.450,0.00000,0
114.652,0.0,0.0,1.60,-0.410,0.130,-9.450,0.00000,0
114.662,0.0,0.0,1.60,-0.410,0.130,-9.450,0.00000,0
114.672,0.0,0.0,1.60,-0.410,0.130,-9.450,0.00000,0
114.682,0.0,0.0,1.60,-0.410,0.130,-9.450,0.00000,0
114.692,0.0,0.0,1.60,-0.410,0.130,-9.450,0.00000,0
114.702,0.0,0.0,1.60,-0.410,0.130,-9.450,0.00000,0
114.712,0.0,0.0,1.60,-0.410,0.130,-9.450,0.00000,0
114.722,0.0,0.0,1.60,-0.410,0.130,-9.450,0.00000,0
114.733,0.0,0.0,1.60,-0.410,0.130,-9.450,0.00000,0
114.743,0.0,0.0,1.60,-0.410,0.130,-9.450,0.00000,0
114.753,0.0,0.0,1.60,-0.410,0.130,-9.450,0.00000,0
114.763,0.0,0.0,1.60,-0.410,0.130,-9.450,0.00000,0
114.773,0.0,0.0,1.60,-0.410,0.130,-9.450,0.00000,0
114.783,0.0,0.0,1.60,-0.410,0.130,-9.450,0.00000,0
114.793,0.0,0.0,1.60,-0.410,0.130,-9.450,0.00000,0
114.804,0.0,0.0,1.60,-0.410,0.130,-9.450,0.00000,0
114.814,0.0,0.0,1.60,-0.410,0.130,-9.450,0.00000,0
114.824,0.0,0.0,1.60,-0.410,0.130,-9.450,0.00000,0
114.834,0.0,0.0,1.60,-0.410,0.130,-9.450,0.00000,0
114.844,0.0,0.0,1.60,-0.410,0.130,-9.450,0.00000,0
114.854,0.0,0.0,1.60,-0.410,0.130,-9.450,0.00000,0
114.865,0.0,0.0,1.60,-0.410,0.130,-9.450,0.00000,0
114.876,0.0,0.0,1.60,-0.410,0.130,-9.450,0.00000,0
114.886,0.0,0.0,1.60,-0.410,0.130,-9.450,0.00000,0
114.896,0.0,0.0,1.60,-0.410,0.130,-9.450,0.00000,0
114.906,0.0,0.0,1.60,-0.410,0.130,-9.450,0.00000,0
114.916,0.0,0.0,1.60,-0.410,0.130,-9.450,0.00000,0
114.926,0.0,0.0,1.60,-0.410,0.130,-9.450,0.00000,0
114.936,0.0,0.0,1.60,-0.410,0.130,-9.450,0.00000,0
114.947,0.0,0.0,1.60,-0.410,0.130,-9.450,0.00000,0
114.957,0.0,0.0,1.60,-0.410,0.130,-9.450,0.00000,0
114.967,0.0,0.0,1.60,-0.410,0.130,-9.450,0.00000,0
114.977,0.0,0.0,1.60,-0.410,0.130,-9.450,0.00000,0
114.987,0.0,0.0,1.60,-0.410,0.130,-9.450,0.00000,0
114.997,0.0,0.0,1.60,-0.410,0.130,-9.450,0.00000,0
115.007,0.0,0.0,1.60,-0.410,0.130,-9.450,0.00000,0
115.017,0.0,0.0,1.60,-0.410,0.130,-9.450,0.00000,0
115.028,0.0,0.0,1.60,-0.410,0.130,-9.450,0.00000,0
115.038,0.0,0.0,1.60,-0.410,0.130,-9.450,0.00000,0
115.048,0.0,0.0,1.60,-0.410,0.130,-9.450,0.00000,0
115.058,0.0,0.0,1.60,-0.410,0.130,-9.450,0.00000,0
115.068,0.0,0.0,1.60,-0.410,0.130,-9.450,0.00000,0
115.078,0.0,0.0,1.60,-0.410,0.130,-9.450,0.00000,0
115.088,0.0,0.0,1.60,-0.410,0.130,-9.450,0.00000,0
115.099,0.0,0.0,1.60,-0.410,0.130,-9.450,0.00000,0
115.109,0.0,0.0,1.60,-0.410,0.130,-9.450,0.00000,0
115.119,0.0,0.0,1.60,-0.410,0.130,-9.450,0.00000,0
115.129,0.0,0.0,1.60,-0.410,0.130,-9.450,0.00000,0
115.139,0.0,0.0,1.60,-0.410,0.130,-9.450,0.00000,0
115.149,0.0,0.0,1.60,-0.410,0.130,-9.450,0.00000,0
115.159,0.0,0.0,1.60,-0.410,0.130,-9.450,0.00000,0
115.169,0.0,0.0,1.60,-0.410,0.130,-9.450,0.00000,0
115.180,0.0,0.0,1.60,-0.410,0.130,-9.450,0.00000,0
115.190,0.0,0.0,1.60,-0.410,0.130,-9.450,0.00000,0
115.200,0.0,0.0,1.60,-0.410,0.130,-9.450,0.00000,0
115.210,0.0,0.0,1.60,-0.410,0.130,-9.450,0.00000,0
115.220,0.0,0.0,1.60,-0.410,0.130,-9.450,0.00000,0
115.230,0.0,0.0,1.60,-0.410,0.130,-9.450,0.00000,0
115.240,0.0,0.0,1.60,-0.410,0.130,-9.450,0.00000,0
115.251,0.0,0.0,1.60,-0.410,0.130,-9.450,0.00000,0
115.261,0.0,0.0,1.60,-0.410,0.130,-9.450,0.00000,0
115.271,0.0,0.0,1.60,-0.410,0.130,-9.450,0.00000,0
115.281,0.0,0.0,1.60,-0.410,0.130,-9.450,0.00000,0
115.291,0.0,0.0,1.60,-0.410,0.130,-9.450,0.00000,0
115.301,0.0,0.0,1.60,-0.410,0.130,-9.450,0.00000,0
115.311,0.0,0.0,1.60,-0.410,0.130,-9.450,0.00000,0
115.322,0.0,0.0,1.60,-0.410,0.130,-9.450,0.00000,0
115.332,0.0,0.0,1.60,-0.410,0.130,-9.450,0.00000,0
115.342,0.0,0.0,1.60,-0.410,0.130,-9.450,0.00000,0
115.352,0.0,0.0,1.60,-0.410,0.130,-9.450,0.00000,0
115.362,0.0,0.0,1.60,-0.410,0.130,-9.450,0.00000,0
115.372,0.0,0.0,1.60,-0.410,0.130,-9.450,0.00000,0
115.382,0.0,0.0,1.60,-0.410,0.130,-9.450,0.00000,0
115.393,0.0,0.0,1.60,-0.410,0.130,-9.450,0.00000,0
115.403,0.0,0.0,1.60,-0.410,0.130,-9.450,0.00000,0
115.413,0.0,0.0,1.60,-0.410,0.130,-9.450,0.00000,0
115.423,0.0,0.0,1.60,-0.410,0.130,-9.450,0.00000,0
115.433,0.0,0.0,1.60,-0.410,0.130,-9.450,0.00000,0
115.443,0.0,0.0,1.60,-0.410,0.130,-9.450,0.00000,0
115.453,0.0,0.0,1.60,-0.410,0.130,-9.450,0.00000,0
115.463,0.0,0.0,1.60,-0.410,0.130,-9.450,0.00000,0
115.474,0.0,0.0,1.60,-0.410,0.130,-9.450,0.00000,0
115.484,0.0,0.0,1.60,-0.410,0.130,-9.450,0.00000,0
115.494,0.0,0.0,1.60,-0.410,0.130,-9.450,0.00000,0
115.504,0.0,0.0,1.60,-0.410,0.130,-9.450,0.00000,0
115.514,0.0,0.0,1.60,-0.410,0.130,-9.450,0.00000,0
115.524,0.0,0.0,1.60,-0.410,0.130,-9.450,0.00000,0
115.534,0.0,0.0,1.60,-0.410,0.130,-9.450,0.00000,0
115.545,0.0,0.0,1.60,-0.410,0.130,-9.450,0.00000,0
115.555,0.0,0.0,1.60,-0.410,0.130,-9.450,0.00000,0
115.565,0.0,0.0,1.60,-0.410,0.130,-9.450,0.00000,0
115.575,0.0,0.0,1.60,-0.410,0.130,-9.450,0.00000,0
115.585,0.0,0.0,1.60,-0.410,0.130,-9.450,0.00000,0
115.595,0.0,0.0,1.60,-0.410,0.130,-9.450,0.00000,0
115.605,0.0,0.0,1.60,-0.410,0.130,-9.450,0.00000,0
115.615,0.0,0.0,1.60,-0.410,0.130,-9.450,0.00000,0
115.626,0.0,0.0,1.60,-0.410,0.130,-9.450,0.00000,0
115.636,0.0,0.0,1.60,-0.410,0.130,-9.450,0.00000,0
115.646,0.0,0.0,1.60,-0.410,0.130,-9.450,0.00000,0
115.656,0.0,0.0,1.60,-0.410,0.130,-9.450,0.00000,0
115.667,0.0,0.0,1.60,-0.410,0.130,-9.450,0.00000,0
115.677,0.0,0.0,1.60,-0.410,0.130,-9.450,0.00000,0
115.687,0.0,0.0,1.60,-0.410,0.130,-9.450,0.00000,0
115.697,0.0,0.0,1.60,-0.410,0.130,-9.450,0.00000,0
115.707,0.0,0.0,1.60,-0.410,0.130,-9.450,0.00000,0
115.717,0.0,0.0,1.60,-0.410,0.130,-9.450,0.00000,0
115.728,0.0,0.0,1.60,-0.410,0.130,-9.450,0.00000,0
115.738,0.0,0.0,1.60,-0.410,0.130,-9.450,0.00000,0
115.748,0.0,0.0,1.60,-0.410,0.130,-9.450,0.00000,0
115.758,0.0,0.0,1.60,-0.410,0.130,-9.450,0.00000,0
115.768,0.0,0.0,1.60,-0.410,0.130,-9.450,0.00000,0
115.778,0.0,0.0,1.60,-0.410,0.130,-9.450,0.00000,0
115.789,0.0,0.0,1.60,-0.410,0.130,-9.450,0.00000,0
115.799,0.0,0.0,1.60,-0.410,0.130,-9.450,0.00000,0
115.809,0.0,0.0,1.60,-0.410,0.130,-9.450,0.00000,0
115.819,0.0,0.0,1.60,-0.410,0.130,-9.450,0.00000,0
115.829,0.0,0.0,1.60,-0.410,0.130,-9.450,0.00000,0
115.839,0.0,0.0,1.60,-0.410,0.130,-9.450,0.00000,0
115.849,0.0,0.0,1.60,-0.410,0.130,-9.450,0.00000,0
115.859,0.0,0.0,1.60,-0.410,0.130,-9.450,0.00000,0
115.870,0.0,0.0,1.60,-0.410,0.130,-9.450,0.00000,0
115.880,0.0,0.0,1.60,-0.410,0.130,-9.450,0.00000,0
115.890,0.0,0.0,1.60,-0.410,0.130,-9.450,0.00000,0
115.900,0.0,0.0,1.60,-0.410,0.130,-9.450,0.00000,0
115.910,0.0,0.0,1.60,-0.410,0.130,-9.450,0.00000,0
115.920,0.0,0.0,1.60,-0.410,0.130,-9.450,0.00000,0
115.931,0.0,0.0,1.60,-0.410,0.130,-9.450,0.00000,0
115.941,0.0,0.0,1.60,-0.410,0.130,-9.450,0.00000,0
115.951,0.0,0.0,1.60,-0.410,0.130,-9.450,0.00000,0
115.961,0.0,0.0,1.60,-0.410,0.130,-9.450,0.00000,0
115.971,0.0,0.0,1.60,-0.410,0.130,-9.450,0.00000,0
115.981,0.0,0.0,1.60,-0.410,0.130,-9.450,0.00000,0
115.991,0.0,0.0,1.60,-0.410,0.130,-9.450,0.00000,0
116.001,0.0,0.0,1.60,-0.410,0.130,-9.450,0.00000,0
116.012,0.0,0.0,1.60,-0.410,0.130,-9.450,0.00000,0
116.022,0.0,0.0,1.60,-0.410,0.130,-9.450,0.00000,0
116.032,0.0,0.0,1.60,-0.410,0.130,-9.450,0.00000,0
116.042,0.0,0.0,1.60,-0.410,0.130,-9.450,0.00000,0
116.052,0.0,0.0,1.60,-0.410,0.130,-9.450,0.00000,0
116.062,0.0,0.0,1.60,-0.410,0.130,-9.450,0.00000,0
116.072,0.0,0.0,1.60,-0.410,0.130,-9.450,0.00000,0
116.083,0.0,0.0,1.60,-0.410,0.130,-9.450,0.00000,0
116.093,0.0,0.0,1.60,-0.410,0.130,-9.450,0.00000,0
116.103,0.0,0.0,1.60,-0.410,0.130,-9.450,0.00000,0
116.113,0.0,0.0,1.60,-0.410,0.130,-9.450,0.00000,0
116.123,0.0,0.0,1.60,-0.410,0.130,-9.450,0.00000,0
116.133,0.0,0.0,1.60,-0.410,0.130,-9.450,0.00000,0
116.143,0.0,0.0,1.60,-0.410,0.130,-9.450,0.00000,0
116.154,0.0,0.0,1.60,-0.410,0.130,-9.450,0.00000,0
116.164,0.0,0.0,1.60,-0.410,0.130,-9.450,0.00000,0
116.174,0.0,0.0,1.60,-0.410,0.130,-9.450,0.00000,0
116.184,0.0,0.0,1.60,-0.410,0.130,-9.450,0.00000,0
116.194,0.0,0.0,1.60,-0.410,0.130,-9.450,0.00000,0
116.204,0.0,0.0,1.60,-0.410,0.130,-9.450,0.00000,0
116.214,0.0,0.0,1.60,-0.410,0.130,-9.450,0.00000,0
116.225,0.0,0.0,1.60,-0.410,0.130,-9.450,0.00000,0
116.235,0.0,0.0,1.60,-0.410,0.130,-9.450,0.00000,0
116.245,0.0,0.0,1.60,-0.410,0.130,-9.450,0.00000,0
116.255,0.0,0.0,1.60,-0.410,0.130,-9.450,0.00000,0
116.265,0.0,0.0,1.60,-0.410,0.130,-9.450,0.00000,0
116.275,0.0,0.0,1.60,-0.410,0.130,-9.450,0.00000,0
116.285,0.0,0.0,1.60,-0.410,0.130,-9.450,0.00000,0
116.295,0.0,0.0,1.60,-0.410,0.130,-9.450,0.00000,0
116.306,0.0,0.0,1.60,-0.410,0.130,-9.450,0.00000,0
116.316,0.0,0.0,1.60,-0.410,0.130,-9.450,0.00000,0
116.326,0.0,0.0,1.60,-0.410,0.130,-9.450,0.00000,0
116.336,0.0,0.0,1.60,-0.410,0.130,-9.450,0.00000,0
116.346,0.0,0.0,1.60,-0.410,0.130,-9.450,0.00000,0
116.356,0.0,0.0,1.60,-0.410,0.130,-9.450,0.00000,0
116.368,0.0,0.0,1.60,-0.410,0.130,-9.450,0.00000,0
116.378,0.0,0.0,1.60,-0.410,0.130,-9.450,0.00000,0
116.388,0.0,0.0,1.60,-0.410,0.130,-9.450,0.00000,0
116.398,0.0,0.0,1.60,-0.410,0.130,-9.450,0.00000,0
116.408,0.0,0.0,1.60,-0.410,0.130,-9.450,0.00000,0
116.418,0.0,0.0,1.60,-0.410,0.130,-9.450,0.00000,0
116.429,0.0,0.0,1.60,-0.410,0.130,-9.450,0.00000,0
116.439,0.0,0.0,1.60,-0.410,0.130,-9.450,0.00000,0
116.449,0.0,0.0,1.60,-0.410,0.130,-9.450,0.00000,0
116.459,0.0,0.0,1.60,-0.410,0.130,-9.450,0.00000,0
116.469,0.0,0.0,1.60,-0.410,0.130,-9.450,0.00000,0
116.479,0.0,0.0,1.60,-0.410,0.130,-9.450,0.00000,0
116.489,0.0,0.0,1.60,-0.410,0.130,-9.450,0.00000,0
116.500,0.0,0.0,1.60,-0.410,0.130,-9.450,0.00000,0
116.510,0.0,0.0,1.60,-0.410,0.130,-9.450,0.00000,0
116.520,0.0,0.0,1.60,-0.410,0.130,-9.450,0.00000,0
116.530,0.0,0.0,1.60,-0.410,0.130,-9.450,0.00000,0
116.540,0.0,0.0,1.60,-0.410,0.130,-9.450,0.00000,0
116.550,0.0,0.0,1.60,-0.410,0.130,-9.450,0.00000,0
116.560,0.0,0.0,1.60,-0.410,0.130,-9.450,0.00000,0
116.570,0.0,0.0,1.60,-0.410,0.130,-9.450,0.00000,0
116.581,0.0,0.0,1.60,-0.410,0.130,-9.450,0.00000,0
116.591,0.0,0.0,1.60,-0.410,0.130,-9.450,0.00000,0
116.601,0.0,0.0,1.60,-0.410,0.130,-9.450,0.00000,0
116.611,0.0,0.0,1.60,-0.410,0.130,-9.450,0.00000,0
116.621,0.0,0.0,1.60,-0.410,0.130,-9.450,0.00000,0
116.631,0.0,0.0,1.60,-0.410,0.130,-9.450,0.00000,0
116.642,0.0,0.0,1.60,-0.410,0.130,-9.450,0.00000,0
116.652,0.0,0.0,1.60,-0.410,0.130,-9.450,0.00000,0
116.662,0.0,0.0,1.60,-0.410,0.130,-9.450,0.00000,0
116.672,0.0,0.0,1.60,-0.410,0.130,-9.450,0.00000,0
116.682,0.0,0.0,1.60,-0.410,0.130,-9.450,0.00000,0
116.692,0.0,0.0,1.60,-0.410,0.130,-9.450,0.00000,0
116.702,0.0,0.0,1.60,-0.410,0.130,-9.450,0.00000,0
116.713,0.0,0.0,1.60,-0.410,0.130,-9.450,0.00000,0
116.723,0.0,0.0,1.60,-0.410,0.130,-9.450,0.00000,0
116.733,0.0,0.0,1.60,-0.410,0.130,-9.450,0.00000,0
116.743,0.0,0.0,1.60,-0.410,0.130,-9.450,0.00000,0
116.753,0.0,0.0,1.60,-0.410,0.130,-9.450,0.00000,0
116.763,0.0,0.0,1.60,-0.410,0.130,-9.450,0.00000,0
116.773,0.0,0.0,1.60,-0.410,0.130,-9.450,0.00000,0
116.784,0.0,0.0,1.60,-0.410,0.130,-9.450,0.00000,0
116.794,0.0,0.0,1.60,-0.410,0.130,-9.450,0.00000,0
116.804,0.0,0.0,1.60,-0.410,0.130,-9.450,0.00000,0
116.814,0.0,0.0,1.60,-0.410,0.130,-9.450,0.00000,0
116.824,0.0,0.0,1.60,-0.410,0.130,-9.450,0.00000,0
116.834,0.0,0.0,1.60,-0.410,0.130,-9.450,0.00000,0
116.844,0.0,0.0,1.60,-0.410,0.130,-9.450,0.00000,0
116.855,0.0,0.0,1.60,-0.410,0.130,-9.450,0.00000,0
116.865,0.0,0.0,1.60,-0.410,0.130,-9.450,0.00000,0
116.875,0.0,0.0,1.60,-0.410,0.130,-9.450,0.00000,0
116.885,0.0,0.0,1.60,-0.410,0.130,-9.450,0.00000,0
116.895,0.0,0.0,1.60,-0.410,0.130,-9.450,0.00000,0
116.905,0.0,0.0,1.60,-0.410,0.130,-9.450,0.00000,0
116.915,0.0,0.0,1.60,-0.410,0.130,-9.450,0.00000,0
116.925,0.0,0.0,1.60,-0.410,0.130,-9.450,0.00000,0
116.936,0.0,0.0,1.60,-0.410,0.130,-9.450,0.00000,0
116.946,0.0,0.0,1.60,-0.410,0.130,-9.450,0.00000,0
116.956,0.0,0.0,1.60,-0.410,0.130,-9.450,0.00000,0
116.966,0.0,0.0,1.60,-0.410,0.130,-9.450,0.00000,0
116.976,0.0,0.0,1.60,-0.410,0.130,-9.450,0.00000,0
116.986,0.0,0.0,1.60,-0.410,0.130,-9.450,0.00000,0
116.996,0.0,0.0,1.60,-0.410,0.130,-9.450,0.00000,0
117.007,0.0,0.0,1.60,-0.410,0.130,-9.450,0.00000,0
117.017,0.0,0.0,1.60,-0.410,0.130,-9.450,0.00000,0
117.027,0.0,0.0,1.60,-0.410,0.130,-9.450,0.00000,0
117.037,0.0,0.0,1.60,-0.410,0.130,-9.450,0.00000,0
117.047,0.0,0.0,1.60,-0.410,0.130,-9.450,0.00000,0
117.057,0.0,0.0,1.60,-0.410,0.130,-9.450,0.00000,0
117.067,0.0,0.0,1.60,-0.410,0.130,-9.450,0.00000,0
117.077,0.0,0.0,1.60,-0.410,0.130,-9.450,0.00000,0
117.088,0.0,0.0,1.60,-0.410,0.130,-9.450,0.00000,0
117.098,0.0,0.0,1.60,-0.410,0.130,-9.450,0.00000,0
117.108,0.0,0.0,1.60,-0.410,0.130,-9.450,0.00000,0
117.118,0.0,0.0,1.60,-0.410,0.130,-9.450,0.00000,0
117.128,0.0,0.0,1.60,-0.410,0.130,-9.450,0.00000,0
117.138,0.0,0.0,1.60,-0.410,0.130,-9.450,0.00000,0
117.148,0.0,0.0,1.60,-0.410,0.130,-9.450,0.00000,0
117.158,0.0,0.0,1.60,-0.410,0.130,-9.450,0.00000,0
117.169,0.0,0.0,1.60,-0.410,0.130,-9.450,0.00000,0
117.179,0.0,0.0,1.60,-0.410,0.130,-9.450,0.00000,0
117.189,0.0,0.0,1.60,-0.410,0.130,-9.450,0.00000,0
117.199,0.0,0.0,1.60,-0.410,0.130,-9.450,0.00000,0
117.209,0.0,0.0,1.60,-0.410,0.130,-9.450,0.00000,0
117.219,0.0,0.0,1.60,-0.410,0.130,-9.450,0.00000,0
117.229,0.0,0.0,1.60,-0.410,0.130,-9.450,0.00000,0
117.240,0.0,0.0,1.60,-0.410,0.130,-9.450,0.00000,0
117.250,0.0,0.0,1.60,-0.410,0.130,-9.450,0.00000,0
117.260,0.0,0.0,1.60,-0.410,0.130,-9.450,0.00000,0
117.270,0.0,0.0,1.60,-0.410,0.130,-9.450,0.00000,0
117.280,0.0,0.0,1.60,-0.410,0.130,-9.450,0.00000,0
117.290,0.0,0.0,1.60,-0.410,0.130,-9.450,0.00000,0
117.300,0.0,0.0,1.60,-0.410,0.130,-9.450,0.00000,0
117.311,0.0,0.0,1.60,-0.410,0.130,-9.450,0.00000,0
117.321,0.0,0.0,1.60,-0.410,0.130,-9.450,0.00000,0
117.331,0.0,0.0,1.60,-0.410,0.130,-9.450,0.00000,0
117.341,0.0,0.0,1.60,-0.410,0.130,-9.450,0.00000,0
117.351,0.0,0.0,1.60,-0.410,0.130,-9.450,0.00000,0
117.361,0.0,0.0,1.60,-0.410,0.130,-9.450,0.00000,0
117.371,0.0,0.0,1.60,-0.410,0.130,-9.450,0.00000,0
117.382,0.0,0.0,1.60,-0.410,0.130,-9.450,0.00000,0
117.392,0.0,0.0,1.60,-0.410,0.130,-9.450,0.00000,0
117.402,0.0,0.0,1.60,-0.410,0.130,-9.450,0.00000,0
117.412,0.0,0.0,1.60,-0.410,0.130,-9.450,0.00000,0
117.422,0.0,0.0,1.60,-0.410,0.130,-9.450,0.00000,0
117.432,0.0,0.0,1.60,-0.410,0.130,-9.450,0.00000,0
117.442,0.0,0.0,1.60,-0.410,0.130,-9.450,0.00000,0
117.453,0.0,0.0,1.60,-0.410,0.130,-9.450,0.00000,0
117.463,0.0,0.0,1.60,-0.410,0.130,-9.450,0.00000,0
117.473,0.0,0.0,1.60,-0.410,0.130,-9.450,0.00000,0
117.483,0.0,0.0,1.60,-0.410,0.130,-9.450,0.00000,0
117.493,0.0,0.0,1.60,-0.410,0.130,-9.450,0.00000,0
117.503,0.0,0.0,1.60,-0.410,0.130,-9.450,0.00000,0
117.513,0.0,0.0,1.60,-0.410,0.130,-9.450,0.00000,0
117.523,0.0,0.0,1.60,-0.410,0.130,-9.450,0.00000,0
117.534,0.0,0.0,1.60,-0.410,0.130,-9.450,0.00000,0
117.544,0.0,0.0,1.60,-0.410,0.130,-9.450,0.00000,0
117.554,0.0,0.0,1.60,-0.410,0.130,-9.450,0.00000,0
117.564,0.0,0.0,1.60,-0.410,0.130,-9.450,0.00000,0
117.574,0.0,0.0,1.60,-0.410,0.130,-9.450,0.00000,0
117.584,0.0,0.0,1.60,-0.410,0.130,-9.450,0.00000,0
117.594,0.0,0.0,1.60,-0.410,0.130,-9.450,0.00000,0
117.605,0.0,0.0,1.60,-0.410,0.130,-9.450,0.00000,0
117.615,0.0,0.0,1.60,-0.410,0.130,-9.450,0.00000,0
117.625,0.0,0.0,1.60,-0.410,0.130,-9.450,0.00000,0
117.635,0.0,0.0,1.60,-0.410,0.130,-9.450,0.00000,0
117.645,0.0,0.0,1.60,-0.410,0.130,-9.450,0.00000,0
117.655,0.0,0.0,1.60,-0.410,0.130,-9.450,0.00000,0
117.665,0.0,0.0,1.60,-0.410,0.130,-9.450,0.00000,0
117.675,0.0,0.0,1.60,-0.410,0.130,-9.450,0.00000,0
117.686,0.0,0.0,1.60,-0.410,0.130,-9.450,0.00000,0
117.696,0.0,0.0,1.60,-0.410,0.130,-9.450,0.00000,0
117.706,0.0,0.0,1.60,-0.410,0.130,-9.450,0.00000,0
117.716,0.0,0.0,1.60,-0.410,0.130,-9.450,0.00000,0
117.726,0.0,0.0,1.60,-0.410,0.130,-9.450,0.00000,0
117.736,0.0,0.0,1.60,-0.410,0.130,-9.450,0.00000,0
117.747,0.0,0.0,1.60,-0.410,0.130,-9.450,0.00000,0
117.757,0.0,0.0,1.60,-0.410,0.130,-9.450,0.00000,0
117.767,0.0,0.0,1.60,-0.410,0.130,-9.450,0.00000,0
117.777,0.0,0.0,1.60,-0.410,0.130,-9.450,0.00000,0
117.787,0.0,0.0,1.60,-0.410,0.130,-9.450,0.00000,0
117.797,0.0,0.0,1.60,-0.410,0.130,-9.450,0.00000,0
117.807,0.0,0.0,1.60,-0.410,0.130,-9.450,0.00000,0
117.817,0.0,0.0,1.60,-0.410,0.130,-9.450,0.00000,0
117.828,0.0,0.0,1.60,-0.410,0.130,-9.450,0.00000,0
117.838,0.0,0.0,1.60,-0.410,0.130,-9.450,0.00000,0
117.848,0.0,0.0,1.60,-0.410,0.130,-9.450,0.00000,0
117.858,0.0,0.0,1.60,-0.410,0.130,-9.450,0.00000,0
117.868,0.0,0.0,1.60,-0.410,0.130,-9.450,0.00000,0
117.878,0.0,0.0,1.60,-0.410,0.130,-9.450,0.00000,0
117.888,0.0,0.0,1.60,-0.410,0.130,-9.450,0.00000,0
117.899,0.0,0.0,1.60,-0.410,0.130,-9.450,0.00000,0
117.909,0.0,0.0,1.60,-0.410,0.130,-9.450,0.00000,0
117.919,0.0,0.0,1.60,-0.410,0.130,-9.450,0.00000,0
117.929,0.0,0.0,1.60,-0.410,0.130,-9.450,0.00000,0
117.939,0.0,0.0,1.60,-0.410,0.130,-9.450,0.00000,0
117.949,0.0,0.0,1.60,-0.410,0.130,-9.450,0.00000,0
117.959,0.0,0.0,1.60,-0.410,0.130,-9.450,0.00000,0
117.971,0.0,0.0,1.60,-0.410,0.130,-9.450,0.00000,0
117.981,0.0,0.0,1.60,-0.410,0.130,-9.450,0.00000,0
117.991,0.0,0.0,1.60,-0.410,0.130,-9.450,0.00000,0
118.002,0.0,0.0,1.60,-0.410,0.130,-9.450,0.00000,0
118.012,0.0,0.0,1.60,-0.410,0.130,-9.450,0.00000,0
118.022,0.0,0.0,1.60,-0.410,0.130,-9.450,0.00000,0
118.032,0.0,0.0,1.60,-0.410,0.130,-9.450,0.00000,0
118.042,0.0,0.0,1.60,-0.410,0.130,-9.450,0.00000,0
118.052,0.0,0.0,1.60,-0.410,0.130,-9.450,0.00000,0
118.062,0.0,0.0,1.60,-0.410,0.130,-9.450,0.00000,0
118.073,0.0,0.0,1.60,-0.410,0.130,-9.450,0.00000,0
118.083,0.0,0.0,1.60,-0.410,0.130,-9.450,0.00000,0
118.093,0.0,0.0,1.60,-0.410,0.130,-9.450,0.00000,0
118.103,0.0,0.0,1.60,-0.410,0.130,-9.450,0.00000,0
118.113,0.0,0.0,1.60,-0.410,0.130,-9.450,0.00000,0
118.123,0.0,0.0,1.60,-0.410,0.130,-9.450,0.00000,0
118.133,0.0,0.0,1.60,-0.410,0.130,-9.450,0.00000,0
118.144,0.0,0.0,1.60,-0.410,0.130,-9.450,0.00000,0
118.154,0.0,0.0,1.60,-0.410,0.130,-9.450,0.00000,0
118.164,0.0,0.0,1.60,-0.410,0.130,-9.450,0.00000,0
118.174,0.0,0.0,1.60,-0.410,0.130,-9.450,0.00000,0
118.184,0.0,0.0,1.60,-0.410,0.130,-9.450,0.00000,0
118.194,0.0,0.0,1.60,-0.410,0.130,-9.450,0.00000,0
118.204,0.0,0.0,1.60,-0.410,0.130,-9.450,0.00000,0
118.214,0.0,0.0,1.60,-0.410,0.130,-9.450,0.00000,0
118.225,0.0,0.0,1.60,-0.410,0.130,-9.450,0.00000,0
118.235,0.0,0.0,1.60,-0.410,0.130,-9.450,0.00000,0
118.245,0.0,0.0,1.60,-0.410,0.130,-9.450,0.00000,0
118.255,0.0,0.0,1.60,-0.410,0.130,-9.450,0.00000,0
118.265,0.0,0.0,1.60,-0.410,0.130,-9.450,0.00000,0
118.275,0.0,0.0,1.60,-0.410,0.130,-9.450,0.00000,0
118.285,0.0,0.0,1.60,-0.410,0.130,-9.450,0.00000,0
118.296,0.0,0.0,1.60,-0.410,0.130,-9.450,0.00000,0
118.306,0.0,0.0,1.60,-0.410,0.130,-9.450,0.00000,0
118.316,0.0,0.0,1.60,-0.410,0.130,-9.450,0.00000,0
118.326,0.0,0.0,1.60,-0.410,0.130,-9.450,0.00000,0
118.336,0.0,0.0,1.60,-0.410,0.130,-9.450,0.00000,0
118.346,0.0,0.0,1.60,-0.410,0.130,-9.450,0.00000,0
118.356,0.0,0.0,1.60,-0.410,0.130,-9.450,0.00000,0
118.366,0.0,0.0,1.60,-0.410,0.130,-9.450,0.00000,0
118.377,0.0,0.0,1.60,-0.410,0.130,-9.450,0.00000,0
118.387,0.0,0.0,1.60,-0.410,0.130,-9.450,0.00000,0
118.397,0.0,0.0,1.60,-0.410,0.130,-9.450,0.00000,0
118.407,0.0,0.0,1.60,-0.410,0.130,-9.450,0.00000,0
118.417,0.0,0.0,1.60,-0.410,0.130,-9.450,0.00000,0
118.427,0.0,0.0,1.60,-0.410,0.130,-9.450,0.00000,0
118.437,0.0,0.0,1.60,-0.410,0.130,-9.450,0.00000,0
118.448,0.0,0.0,1.60,-0.410,0.130,-9.450,0.00000,0
118.458,0.0,0.0,1.60,-0.410,0.130,-9.450,0.00000,0
118.468,0.0,0.0,1.60,-0.410,0.130,-9.450,0.00000,0
118.478,0.0,0.0,1.60,-0.410,0.130,-9.450,0.00000,0
118.488,0.0,0.0,1.60,-0.410,0.130,-9.450,0.00000,0
118.498,0.0,0.0,1.60,-0.410,0.130,-9.450,0.00000,0
118.508,0.0,0.0,1.60,-0.410,0.130,-9.450,0.00000,0
118.519,0.0,0.0,1.60,-0.410,0.130,-9.450,0.00000,0
118.529,0.0,0.0,1.60,-0.410,0.130,-9.450,0.00000,0
118.539,0.0,0.0,1.60,-0.410,0.130,-9.450,0.00000,0
118.549,0.0,0.0,1.60,-0.410,0.130,-9.450,0.00000,0
118.559,0.0,0.0,1.60,-0.410,0.130,-9.450,0.00000,0
118.569,0.0,0.0,1.60,-0.410,0.130,-9.450,0.00000,0
118.579,0.0,0.0,1.60,-0.410,0.130,-9.450,0.00000,0
118.589,0.0,0.0,1.60,-0.410,0.130,-9.450,0.00000,0
118.600,0.0,0.0,1.60,-0.410,0.130,-9.450,0.00000,0
118.610,0.0,0.0,1.60,-0.410,0.130,-9.450,0.00000,0
118.620,0.0,0.0,1.60,-0.410,0.130,-9.450,0.00000,0
118.630,0.0,0.0,1.60,-0.410,0.130,-9.450,0.00000,0
118.640,0.0,0.0,1.60,-0.410,0.130,-9.450,0.00000,0
118.650,0.0,0.0,1.60,-0.410,0.130,-9.450,0.00000,0
118.660,0.0,0.0,1.60,-0.410,0.130,-9.450,0.00000,0
118.671,0.0,0.0,1.60,-0.410,0.130,-9.450,0.00000,0
118.681,0.0,0.0,1.60,-0.410,0.130,-9.450,0.00000,0
118.691,0.0,0.0,1.60,-0.410,0.130,-9.450,0.00000,0
118.701,0.0,0.0,1.60,-0.410,0.130,-9.450,0.00000,0
118.711,0.0,0.0,1.60,-0.410,0.130,-9.450,0.00000,0
118.721,0.0,0.0,1.60,-0.410,0.130,-9.450,0.00000,0
118.731,0.0,0.0,1.60,-0.410,0.130,-9.450,0.00000,0
118.742,0.0,0.0,1.60,-0.410,0.130,-9.450,0.00000,0
118.752,0.0,0.0,1.60,-0.410,0.130,-9.450,0.00000,0
118.762,0.0,0.0,1.60,-0.410,0.130,-9.450,0.00000,0
118.772,0.0,0.0,1.60,-0.410,0.130,-9.450,0.00000,0
118.782,0.0,0.0,1.60,-0.410,0.130,-9.450,0.00000,0
118.792,0.0,0.0,1.60,-0.410,0.130,-9.450,0.00000,0
118.802,0.0,0.0,1.60,-0.410,0.130,-9.450,0.00000,0
118.812,0.0,0.0,1.60,-0.410,0.130,-9.450,0.00000,0
118.823,0.0,0.0,1.60,-0.410,0.130,-9.450,0.00000,0
118.833,0.0,0.0,1.60,-0.410,0.130,-9.450,0.00000,0
118.843,0.0,0.0,1.60,-0.410,0.130,-9.450,0.00000,0
118.853,0.0,0.0,1.60,-0.410,0.130,-9.450,0.00000,0
118.863,0.0,0.0,1.60,-0.410,0.130,-9.450,0.00000,0
118.873,0.0,0.0,1.60,-0.410,0.130,-9.450,0.00000,0
118.884,0.0,0.0,1.60,-0.410,0.130,-9.450,0.00000,0
118.894,0.0,0.0,1.60,-0.410,0.130,-9.450,0.00000,0
118.904,0.0,0.0,1.60,-0.410,0.130,-9.450,0.00000,0
118.914,0.0,0.0,1.60,-0.410,0.130,-9.450,0.00000,0
118.924,0.0,0.0,1.60,-0.410,0.130,-9.450,0.00000,0
118.934,0.0,0.0,1.60,-0.410,0.130,-9.450,0.00000,0
118.944,0.0,0.0,1.60,-0.410,0.130,-9.450,0.00000,0
118.954,0.0,0.0,1.60,-0.410,0.130,-9.450,0.00000,0
118.965,0.0,0.0,1.60,-0.410,0.130,-9.450,0.00000,0
118.975,0.0,0.0,1.60,-0.410,0.130,-9.450,0.00000,0
118.985,0.0,0.0,1.60,-0.410,0.130,-9.450,0.00000,0
118.995,0.0,0.0,1.60,-0.410,0.130,-9.450,0.00000,0
119.005,0.0,0.0,1.60,-0.410,0.130,-9.450,0.00000,0
119.015,0.0,0.0,1.60,-0.410,0.130,-9.450,0.00000,0
119.025,0.0,0.0,1.60,-0.410,0.130,-9.450,0.00000,0
119.036,0.0,0.0,1.60,-0.410,0.130,-9.450,0.00000,0
119.046,0.0,0.0,1.60,-0.410,0.130,-9.450,0.00000,0
119.056,0.0,0.0,1.60,-0.410,0.130,-9.450,0.00000,0
119.066,0.0,0.0,1.60,-0.410,0.130,-9.450,0.00000,0
119.076,0.0,0.0,1.60,-0.410,0.130,-9.450,0.00000,0
119.086,0.0,0.0,1.60,-0.410,0.130,-9.450,0.00000,0
119.097,0.0,0.0,1.60,-0.410,0.130,-9.450,0.00000,0
119.107,0.0,0.0,1.60,-0.410,0.130,-9.450,0.00000,0
119.117,0.0,0.0,1.60,-0.410,0.130,-9.450,0.00000,0
119.127,0.0,0.0,1.60,-0.410,0.130,-9.450,0.00000,0
119.137,0.0,0.0,1.60,-0.410,0.130,-9.450,0.00000,0
119.147,0.0,0.0,1.60,-0.410,0.130,-9.450,0.00000,0
119.157,0.0,0.0,1.60,-0.410,0.130,-9.450,0.00000,0
119.167,0.0,0.0,1.60,-0.410,0.130,-9.450,0.00000,0
119.178,0.0,0.0,1.60,-0.410,0.130,-9.450,0.00000,0
119.188,0.0,0.0,1.60,-0.410,0.130,-9.450,0.00000,0
119.198,0.0,0.0,1.60,-0.410,0.130,-9.450,0.00000,0
119.208,0.0,0.0,1.60,-0.410,0.130,-9.450,0.00000,0
119.218,0.0,0.0,1.60,-0.410,0.130,-9.450,0.00000,0
119.228,0.0,0.0,1.60,-0.410,0.130,-9.450,0.00000,0
119.238,0.0,0.0,1.60,-0.410,0.130,-9.450,0.00000,0
119.249,0.0,0.0,1.60,-0.410,0.130,-9.450,0.00000,0
119.259,0.0,0.0,1.60,-0.410,0.130,-9.450,0.00000,0
119.269,0.0,0.0,1.60,-0.410,0.130,-9.450,0.00000,0
119.279,0.0,0.0,1.60,-0.410,0.130,-9.450,0.00000,0
119.289,0.0,0.0,1.60,-0.410,0.130,-9.450,0.00000,0
119.299,0.0,0.0,1.60,-0.410,0.130,-9.450,0.00000,0
119.309,0.0,0.0,1.60,-0.410,0.130,-9.450,0.00000,0
119.320,0.0,0.0,1.60,-0.410,0.130,-9.450,0.00000,0
119.330,0.0,0.0,1.60,-0.410,0.130,-9.450,0.00000,0
119.340,0.0,0.0,1.60,-0.410,0.130,-9.450,0.00000,0
119.350,0.0,0.0,1.60,-0.410,0.130,-9.450,0.00000,0
119.360,0.0,0.0,1.60,-0.410,0.130,-9.450,0.00000,0
119.370,0.0,0.0,1.60,-0.410,0.130,-9.450,0.00000,0
119.380,0.0,0.0,1.60,-0.410,0.130,-9.450,0.00000,0
119.390,0.0,0.0,1.60,-0.410,0.130,-9.450,0.00000,0
119.401,0.0,0.0,1.60,-0.410,0.130,-9.450,0.00000,0
119.411,0.0,0.0,1.60,-0.410,0.130,-9.450,0.00000,0
119.421,0.0,0.0,1.60,-0.410,0.130,-9.450,0.00000,0
119.431,0.0,0.0,1.60,-0.410,0.130,-9.450,0.00000,0
119.441,0.0,0.0,1.60,-0.410,0.130,-9.450,0.00000,0
119.451,0.0,0.0,1.60,-0.410,0.130,-9.450,0.00000,0
119.461,0.0,0.0,1.60,-0.410,0.130,-9.450,0.00000,0
119.471,0.0,0.0,1.60,-0.410,0.130,-9.450,0.00000,0
119.482,0.0,0.0,1.60,-0.410,0.130,-9.450,0.00000,0
119.492,0.0,0.0,1.60,-0.410,0.130,-9.450,0.00000,0
119.502,0.0,0.0,1.60,-0.410,0.130,-9.450,0.00000,0
119.512,0.0,0.0,1.60,-0.410,0.130,-9.450,0.00000,0
119.522,0.0,0.0,1.60,-0.410,0.130,-9.450,0.00000,0
119.532,0.0,0.0,1.60,-0.410,0.130,-9.450,0.00000,0
119.542,0.0,0.0,1.60,-0.410,0.130,-9.450,0.00000,0
119.553,0.0,0.0,1.60,-0.410,0.130,-9.450,0.00000,0
119.563,0.0,0.0,1.60,-0.410,0.130,-9.450,0.00000,0
119.573,0.0,0.0,1.60,-0.410,0.130,-9.450,0.00000,0
119.584,0.0,0.0,1.60,-0.410,0.130,-9.450,0.00000,0
119.594,0.0,0.0,1.60,-0.410,0.130,-9.450,0.00000,0
119.604,0.0,0.0,1.60,-0.410,0.130,-9.450,0.00000,0
119.614,0.0,0.0,1.60,-0.410,0.130,-9.450,0.00000,0
119.624,0.0,0.0,1.60,-0.410,0.130,-9.450,0.00000,0
119.634,0.0,0.0,1.60,-0.410,0.130,-9.450,0.00000,0
119.644,0.0,0.0,1.60,-0.410,0.130,-9.450,0.00000,0
119.655,0.0,0.0,1.60,-0.410,0.130,-9.450,0.00000,0
119.665,0.0,0.0,1.60,-0.410,0.130,-9.450,0.00000,0
119.675,0.0,0.0,1.60,-0.410,0.130,-9.450,0.00000,0
119.685,0.0,0.0,1.60,-0.410,0.130,-9.450,0.00000,0
119.695,0.0,0.0,1.60,-0.410,0.130,-9.450,0.00000,0
119.705,0.0,0.0,1.60,-0.410,0.130,-9.450,0.00000,0
119.715,0.0,0.0,1.60,-0.410,0.130,-9.450,0.00000,0
119.726,0.0,0.0,1.60,-0.410,0.130,-9.450,0.00000,0
119.736,0.0,0.0,1.60,-0.410,0.130,-9.450,0.00000,0
119.746,0.0,0.0,1.60,-0.410,0.130,-9.450,0.00000,0
119.756,0.0,0.0,1.60,-0.410,0.130,-9.450,0.00000,0
119.766,0.0,0.0,1.60,-0.410,0.130,-9.450,0.00000,0
119.776,0.0,0.0,1.60,-0.410,0.130,-9.450,0.00000,0
119.786,0.0,0.0,1.60,-0.410,0.130,-9.450,0.00000,0
119.797,0.0,0.0,1.60,-0.410,0.130,-9.450,0.00000,0
119.807,0.0,0.0,1.60,-0.410,0.130,-9.450,0.00000,0
119.817,0.0,0.0,1.60,-0.410,0.130,-9.450,0.00000,0
119.827,0.0,0.0,1.60,-0.410,0.130,-9.450,0.00000,0
119.837,0.0,0.0,1.60,-0.410,0.130,-9.450,0.00000,0
119.847,0.0,0.0,1.60,-0.410,0.130,-9.450,0.00000,0
119.857,0.0,0.0,1.60,-0.410,0.130,-9.450,0.00000,0
119.867,0.0,0.0,1.60,-0.410,0.130,-9.450,0.00000,0
119.878,0.0,0.0,1.60,-0.410,0.130,-9.450,0.00000,0
119.888,0.0,0.0,1.60,-0.410,0.130,-9.450,0.00000,0
119.898,0.0,0.0,1.60,-0.410,0.130,-9.450,0.00000,0
119.908,0.0,0.0,1.60,-0.410,0.130,-9.450,0.00000,0
119.918,0.0,0.0,1.60,-0.410,0.130,-9.450,0.00000,0
119.928,0.0,0.0,1.60,-0.410,0.130,-9.450,0.00000,0
119.938,0.0,0.0,1.60,-0.410,0.130,-9.450,0.00000,0
119.949,0.0,0.0,1.60,-0.410,0.130,-9.450,0.00000,0
119.959,0.0,0.0,1.60,-0.410,0.130,-9.450,0.00000,0
119.969,0.0,0.0,1.60,-0.410,0.130,-9.450,0.00000,0
119.979,0.0,0.0,1.60,-0.410,0.130,-9.450,0.00000,0
119.989,0.0,0.0,1.60,-0.410,0.130,-9.450,0.00000,0
119.999,0.0,0.0,1.60,-0.410,0.130,-9.450,0.00000,0
120.009,0.0,0.0,1.60,-0.410,0.130,-9.450,0.00000,0
120.019,0.0,0.0,1.60,-0.410,0.130,-9.450,0.00000,0
120.029,0.0,0.0,1.60,-0.410,0.130,-9.450,0.00000,0
120.040,0.0,0.0,1.60,-0.410,0.130,-9.450,0.00000,0
120.050,0.0,0.0,1.60,-0.410,0.130,-9.450,0.00000,0
120.060,0.0,0.0,1.60,-0.410,0.130,-9.450,0.00000,0
120.070,0.0,0.0,1.60,-0.410,0.130,-9.450,0.00000,0
120.080,0.0,0.0,1.60,-0.410,0.130,-9.450,0.00000,0
120.090,0.0,0.0,1.60,-0.410,0.130,-9.450,0.00000,0
120.100,0.0,0.0,1.60,-0.410,0.130,-9.450,0.00000,0
120.110,0.0,0.0,1.60,-0.410,0.130,-9.450,0.00000,0
120.121,0.0,0.0,1.60,-0.410,0.130,-9.450,0.00000,0
120.131,0.0,0.0,1.60,-0.410,0.130,-9.450,0.00000,0
120.141,0.0,0.0,1.60,-0.410,0.130,-9.450,0.00000,0
120.151,0.0,0.0,1.60,-0.410,0.130,-9.450,0.00000,0
120.161,0.0,0.0,1.60,-0.410,0.130,-9.450,0.00000,0
120.171,0.0,0.0,1.60,-0.410,0.130,-9.450,0.00000,0
120.181,0.0,0.0,1.60,-0.410,0.130,-9.450,0.00000,0
120.192,0.0,0.0,1.60,-0.410,0.130,-9.450,0.00000,0
120.202,0.0,0.0,1.60,-0.410,0.130,-9.450,0.00000,0
120.212,0.0,0.0,1.60,-0.410,0.130,-9.450,0.00000,0
120.222,0.0,0.0,1.60,-0.410,0.130,-9.450,0.00000,0
120.232,0.0,0.0,1.60,-0.410,0.130,-9.450,0.00000,0
120.242,0.0,0.0,1.60,-0.410,0.130,-9.450,0.00000,0
120.252,0.0,0.0,1.60,-0.410,0.130,-9.450,0.00000,0
120.263,0.0,0.0,1.60,-0.410,0.130,-9.450,0.00000,0
120.273,0.0,0.0,1.60,-0.410,0.130,-9.450,0.00000,0
120.283,0.0,0.0,1.60,-0.410,0.130,-9.450,0.00000,0
120.293,0.0,0.0,1.60,-0.410,0.130,-9.450,0.00000,0
120.303,0.0,0.0,1.60,-0.410,0.130,-9.450,0.00000,0
120.313,0.0,0.0,1.60,-0.410,0.130,-9.450,0.00000,0
120.323,0.0,0.0,1.60,-0.410,0.130,-9.450,0.00000,0
120.333,0.0,0.0,1.60,-0.410,0.130,-9.450,0.00000,0
120.344,0.0,0.0,1.60,-0.410,0.130,-9.450,0.00000,0
120.354,0.0,0.0,1.60,-0.410,0.130,-9.450,0.00000,0
120.364,0.0,0.0,1.60,-0.410,0.130,-9.450,0.00000,0
120.374,0.0,0.0,1.60,-0.410,0.130,-9.450,0.00000,0
120.384,0.0,0.0,1.60,-0.410,0.130,-9.450,0.00000,0
120.394,0.0,0.0,1.60,-0.410,0.130,-9.450,0.00000,0
120.405,0.0,0.0,1.60,-0.410,0.130,-9.450,0.00000,0
120.415,0.0,0.0,1.60,-0.410,0.130,-9.450,0.00000,0
120.425,0.0,0.0,1.60,-0.410,0.130,-9.450,0.00000,0
120.435,0.0,0.0,1.60,-0.410,0.130,-9.450,0.00000,0
120.445,0.0,0.0,1.60,-0.410,0.130,-9.450,0.00000,0
120.455,0.0,0.0,1.60,-0.410,0.130,-9.450,0.00000,0
120.465,0.0,0.0,1.60,-0.410,0.130,-9.450,0.00000,0
120.475,0.0,0.0,1.60,-0.410,0.130,-9.450,0.00000,0
120.486,0.0,0.0,1.60,-0.410,0.130,-9.450,0.00000,0
120.496,0.0,0.0,1.60,-0.410,0.130,-9.450,0.00000,0
120.506,0.0,0.0,1.60,-0.410,0.130,-9.450,0.00000,0
120.516,0.0,0.0,1.60,-0.410,0.130,-9.450,0.00000,0
120.526,0.0,0.0,1.60,-0.410,0.130,-9.450,0.00000,0
120.536,0.0,0.0,1.60,-0.410,0.130,-9.450,0.00000,0
120.546,0.0,0.0,1.60,-0.410,0.130,-9.450,0.00000,0
120.557,0.0,0.0,1.60,-0.410,0.130,-9.450,0.00000,0
120.567,0.0,0.0,1.60,-0.410,0.130,-9.450,0.00000,0
120.577,0.0,0.0,1.60,-0.410,0.130,-9.450,0.00000,0
120.587,0.0,0.0,1.60,-0.410,0.130,-9.450,0.00000,0
120.597,0.0,0.0,1.60,-0.410,0.130,-9.450,0.00000,0
120.607,0.0,0.0,1.60,-0.410,0.130,-9.450,0.00000,0
120.617,0.0,0.0,1.60,-0.410,0.130,-9.450,0.00000,0
120.627,0.0,0.0,1.60,-0.410,0.130,-9.450,0.00000,0
120.638,0.0,0.0,1.60,-0.410,0.130,-9.450,0.00000,0
120.648,0.0,0.0,1.60,-0.410,0.130,-9.450,0.00000,0
120.658,0.0,0.0,1.60,-0.410,0.130,-9.450,0.00000,0
120.668,0.0,0.0,1.60,-0.410,0.130,-9.450,0.00000,0
120.678,0.0,0.0,1.60,-0.410,0.130,-9.450,0.00000,0
120.688,0.0,0.0,1.60,-0.410,0.130,-9.450,0.00000,0
120.699,0.0,0.0,1.60,-0.410,0.130,-9.450,0.00000,0
120.709,0.0,0.0,1.60,-0.410,0.130,-9.450,0.00000,0
120.719,0.0,0.0,1.60,-0.410,0.130,-9.450,0.00000,0
120.729,0.0,0.0,1.60,-0.410,0.130,-9.450,0.00000,0
120.739,0.0,0.0,1.60,-0.410,0.130,-9.450,0.00000,0
120.749,0.0,0.0,1.60,-0.410,0.130,-9.450,0.00000,0
120.759,0.0,0.0,1.60,-0.410,0.130,-9.450,0.00000,0
120.769,0.0,0.0,1.60,-0.410,0.130,-9.450,0.00000,0
120.780,0.0,0.0,1.60,-0.410,0.130,-9.450,0.00000,0
120.790,0.0,0.0,1.60,-0.410,0.130,-9.450,0.00000,0
120.800,0.0,0.0,1.60,-0.410,0.130,-9.450,0.00000,0
120.810,0.0,0.0,1.60,-0.410,0.130,-9.450,0.00000,0
120.820,0.0,0.0,1.60,-0.410,0.130,-9.450,0.00000,0
120.830,0.0,0.0,1.60,-0.410,0.130,-9.450,0.00000,0
120.840,0.0,0.0,1.60,-0.410,0.130,-9.450,0.00000,0
120.851,0.0,0.0,1.60,-0.410,0.130,-9.450,0.00000,0
120.861,0.0,0.0,1.60,-0.410,0.130,-9.450,0.00000,0
120.871,0.0,0.0,1.60,-0.410,0.130,-9.450,0.00000,0
120.881,0.0,0.0,1.60,-0.410,0.130,-9.450,0.00000,0
120.891,0.0,0.0,1.60,-0.410,0.130,-9.450,0.00000,0
120.901,0.0,0.0,1.60,-0.410,0.130,-9.450,0.00000,0
120.911,0.0,0.0,1.60,-0.410,0.130,-9.450,0.00000,0
120.922,0.0,0.0,1.60,-0.410,0.130,-9.450,0.00000,0
120.932,0.0,0.0,1.60,-0.410,0.130,-9.450,0.00000,0
120.942,0.0,0.0,1.60,-0.410,0.130,-9.450,0.00000,0
120.952,0.0,0.0,1.60,-0.410,0.130,-9.450,0.00000,0
120.962,0.0,0.0,1.60,-0.410,0.130,-9.450,0.00000,0
120.972,0.0,0.0,1.60,-0.410,0.130,-9.450,0.00000,0
120.982,0.0,0.0,1.60,-0.410,0.130,-9.450,0.00000,0
120.992,0.0,0.0,1.60,-0.410,0.130,-9.450,0.00000,0
121.003,0.0,0.0,1.60,-0.410,0.130,-9.450,0.00000,0
121.013,0.0,0.0,1.60,-0.410,0.130,-9.450,0.00000,0
121.023,0.0,0.0,1.60,-0.410,0.130,-9.450,0.00000,0
121.033,0.0,0.0,1.60,-0.410,0.130,-9.450,0.00000,0
121.043,0.0,0.0,1.60,-0.410,0.130,-9.450,0.00000,0
121.053,0.0,0.0,1.60,-0.410,0.130,-9.450,0.00000,0
121.063,0.0,0.0,1.60,-0.410,0.130,-9.450,0.00000,0
121.073,0.0,0.0,1.60,-0.410,0.130,-9.450,0.00000,0
121.084,0.0,0.0,1.60,-0.410,0.130,-9.450,0.00000,0
121.094,0.0,0.0,1.60,-0.410,0.130,-9.450,0.00000,0
121.104,0.0,0.0,1.60,-0.410,0.130,-9.450,0.00000,0
121.114,0.0,0.0,1.60,-0.410,0.130,-9.450,0.00000,0
121.124,0.0,0.0,1.60,-0.410,0.130,-9.450,0.00000,0
121.134,0.0,0.0,1.60,-0.410,0.130,-9.450,0.00000,0
121.144,0.0,0.0,1.60,-0.410,0.130,-9.450,0.00000,0
121.154,0.0,0.0,1.60,-0.410,0.130,-9.450,0.00000,0
121.165,0.0,0.0,1.60,-0.410,0.130,-9.450,0.00000,0
121.175,0.0,0.0,1.60,-0.410,0.130,-9.450,0.00000,0
121.185,0.0,0.0,1.60,-0.410,0.130,-9.450,0.00000,0
121.195,0.0,0.0,1.60,-0.410,0.130,-9.450,0.00000,0
121.205,0.0,0.0,1.60,-0.410,0.130,-9.450,0.00000,0
121.215,0.0,0.0,1.60,-0.410,0.130,-9.450,0.00000,0
121.225,0.0,0.0,1.60,-0.410,0.130,-9.450,0.00000,0
121.235,0.0,0.0,1.60,-0.410,0.130,-9.450,0.00000,0
121.246,0.0,0.0,1.60,-0.410,0.130,-9.450,0.00000,0
121.256,0.0,0.0,1.60,-0.410,0.130,-9.450,0.00000,0
121.266,0.0,0.0,1.60,-0.410,0.130,-9.450,0.00000,0
121.276,0.0,0.0,1.60,-0.410,0.130,-9.450,0.00000,0
121.286,0.0,0.0,1.60,-0.410,0.130,-9.450,0.00000,0
121.296,0.0,0.0,1.60,-0.410,0.130,-9.450,0.00000,0
121.306,0.0,0.0,1.60,-0.410,0.130,-9.450,0.00000,0
121.317,0.0,0.0,1.60,-0.410,0.130,-9.450,0.00000,0
121.327,0.0,0.0,1.60,-0.410,0.130,-9.450,0.00000,0
121.337,0.0,0.0,1.60,-0.410,0.130,-9.450,0.00000,0
121.347,0.0,0.0,1.60,-0.410,0.130,-9.450,0.00000,0
121.357,0.0,0.0,1.60,-0.410,0.130,-9.450,0.00000,0
121.367,0.0,0.0,1.60,-0.410,0.130,-9.450,0.00000,0
121.378,0.0,0.0,1.60,-0.410,0.130,-9.450,0.00000,0
121.388,0.0,0.0,1.60,-0.410,0.130,-9.450,0.00000,0
121.398,0.0,0.0,1.60,-0.410,0.130,-9.450,0.00000,0
121.408,0.0,0.0,1.60,-0.410,0.130,-9.450,0.00000,0
121.418,0.0,0.0,1.60,-0.410,0.130,-9.450,0.00000,0
121.428,0.0,0.0,1.60,-0.410,0.130,-9.450,0.00000,0
121.439,0.0,0.0,1.60,-0.410,0.130,-9.450,0.00000,0
121.449,0.0,0.0,1.60,-0.410,0.130,-9.450,0.00000,0
121.459,0.0,0.0,1.60,-0.410,0.130,-9.450,0.00000,0
121.469,0.0,0.0,1.60,-0.410,0.130,-9.450,0.00000,0
121.479,0.0,0.0,1.60,-0.410,0.130,-9.450,0.00000,0
121.489,0.0,0.0,1.60,-0.410,0.130,-9.450,0.00000,0
121.499,0.0,0.0,1.60,-0.410,0.130,-9.450,0.00000,0
121.510,0.0,0.0,1.60,-0.410,0.130,-9.450,0.00000,0
121.520,0.0,0.0,1.60,-0.410,0.130,-9.450,0.00000,0
121.530,0.0,0.0,1.60,-0.410,0.130,-9.450,0.00000,0
121.540,0.0,0.0,1.60,-0.410,0.130,-9.450,0.00000,0
121.550,0.0,0.0,1.60,-0.410,0.130,-9.450,0.00000,0
121.560,0.0,0.0,1.60,-0.410,0.130,-9.450,0.00000,0
121.570,0.0,0.0,1.60,-0.410,0.130,-9.450,0.00000,0
121.580,0.0,0.0,1.60,-0.410,0.130,-9.450,0.00000,0
121.591,0.0,0.0,1.60,-0.410,0.130,-9.450,0.00000,0
121.601,0.0,0.0,1.60,-0.410,0.130,-9.450,0.00000,0
121.611,0.0,0.0,1.60,-0.410,0.130,-9.450,0.00000,0
121.621,0.0,0.0,1.60,-0.410,0.130,-9.450,0.00000,0
121.631,0.0,0.0,1.60,-0.410,0.130,-9.450,0.00000,0
121.641,0.0,0.0,1.60,-0.410,0.130,-9.450,0.00000,0
121.651,0.0,0.0,1.60,-0.410,0.130,-9.450,0.00000,0
121.662,0.0,0.0,1.60,-0.410,0.130,-9.450,0.00000,0
121.672,0.0,0.0,1.60,-0.410,0.130,-9.450,0.00000,0
121.682,0.0,0.0,1.60,-0.410,0.130,-9.450,0.00000,0
121.692,0.0,0.0,1.60,-0.410,0.130,-9.450,0.00000,0
121.702,0.0,0.0,1.60,-0.410,0.130,-9.450,0.00000,0
121.712,0.0,0.0,1.60,-0.410,0.130,-9.450,0.00000,0
121.722,0.0,0.0,1.60,-0.410,0.130,-9.450,0.00000,0
121.733,0.0,0.0,1.60,-0.410,0.130,-9.450,0.00000,0
121.743,0.0,0.0,1.60,-0.410,0.130,-9.450,0.00000,0
121.753,0.0,0.0,1.60,-0.410,0.130,-9.450,0.00000,0
121.763,0.0,0.0,1.60,-0.410,0.130,-9.450,0.00000,0
121.773,0.0,0.0,1.60,-0.410,0.130,-9.450,0.00000,0
121.783,0.0,0.0,1.60,-0.410,0.130,-9.450,0.00000,0
121.793,0.0,0.0,1.60,-0.410,0.130,-9.450,0.00000,0
121.804,0.0,0.0,1.60,-0.410,0.130,-9.450,0.00000,0
121.814,0.0,0.0,1.60,-0.410,0.130,-9.450,0.00000,0
121.824,0.0,0.0,1.60,-0.410,0.130,-9.450,0.00000,0
121.834,0.0,0.0,1.60,-0.410,0.130,-9.450,0.00000,0
121.844,0.0,0.0,1.60,-0.410,0.130,-9.450,0.00000,0
121.854,0.0,0.0,1.60,-0.410,0.130,-9.450,0.00000,0
121.864,0.0,0.0,1.60,-0.410,0.130,-9.450,0.00000,0
121.874,0.0,0.0,1.60,-0.410,0.130,-9.450,0.00000,0
121.885,0.0,0.0,1.60,-0.410,0.130,-9.450,0.00000,0
121.895,0.0,0.0,1.60,-0.410,0.130,-9.450,0.00000,0
121.905,0.0,0.0,1.60,-0.410,0.130,-9.450,0.00000,0
121.915,0.0,0.0,1.60,-0.410,0.130,-9.450,0.00000,0
121.925,0.0,0.0,1.60,-0.410,0.130,-9.450,0.00000,0
121.935,0.0,0.0,1.60,-0.410,0.130,-9.450,0.00000,0
121.945,0.0,0.0,1.60,-0.410,0.130,-9.450,0.00000,0
121.955,0.0,0.0,1.60,-0.410,0.130,-9.450,0.00000,0
121.966,0.0,0.0,1.60,-0.410,0.130,-9.450,0.00000,0
121.976,0.0,0.0,1.60,-0.410,0.130,-9.450,0.00000,0
121.986,0.0,0.0,1.60,-0.410,0.130,-9.450,0.00000,0
121.996,0.0,0.0,1.60,-0.410,0.130,-9.450,0.00000,0
122.006,0.0,0.0,1.60,-0.410,0.130,-9.450,0.00000,0
122.016,0.0,0.0,1.60,-0.410,0.130,-9.450,0.00000,0
122.027,0.0,0.0,1.60,-0.410,0.130,-9.450,0.00000,0
122.037,0.0,0.0,1.60,-0.410,0.130,-9.450,0.00000,0
122.047,0.0,0.0,1.60,-0.410,0.130,-9.450,0.00000,0
122.058,0.0,0.0,1.60,-0.410,0.130,-9.450,0.00000,0
122.068,0.0,0.0,1.60,-0.410,0.130,-9.450,0.00000,0
122.078,0.0,0.0,1.60,-0.410,0.130,-9.450,0.00000,0
122.088,0.0,0.0,1.60,-0.410,0.130,-9.450,0.00000,0
122.098,0.0,0.0,1.60,-0.410,0.130,-9.450,0.00000,0
122.108,0.0,0.0,1.60,-0.410,0.130,-9.450,0.00000,0
122.118,0.0,0.0,1.60,-0.410,0.130,-9.450,0.00000,0
122.129,0.0,0.0,1.60,-0.410,0.130,-9.450,0.00000,0
122.139,0.0,0.0,1.60,-0.410,0.130,-9.450,0.00000,0
122.149,0.0,0.0,1.60,-0.410,0.130,-9.450,0.00000,0
122.159,0.0,0.0,1.60,-0.410,0.130,-9.450,0.00000,0
122.169,0.0,0.0,1.60,-0.410,0.130,-9.450,0.00000,0
122.179,0.0,0.0,1.60,-0.410,0.130,-9.450,0.00000,0
122.189,0.0,0.0,1.60,-0.410,0.130,-9.450,0.00000,0
122.200,0.0,0.0,1.60,-0.410,0.130,-9.450,0.00000,0
122.210,0.0,0.0,1.60,-0.410,0.130,-9.450,0.00000,0
122.220,0.0,0.0,1.60,-0.410,0.130,-9.450,0.00000,0
122.230,0.0,0.0,1.60,-0.410,0.130,-9.450,0.00000,0
122.240,0.0,0.0,1.60,-0.410,0.130,-9.450,0.00000,0
122.250,0.0,0.0,1.60,-0.410,0.130,-9.450,0.00000,0
122.260,0.0,0.0,1.60,-0.410,0.130,-9.450,0.00000,0
122.270,0.0,0.0,1.60,-0.410,0.130,-9.450,0.00000,0
122.281,0.0,0.0,1.60,-0.410,0.130,-9.450,0.00000,0
122.291,0.0,0.0,1.60,-0.410,0.130,-9.450,0.00000,0
122.301,0.0,0.0,1.60,-0.410,0.130,-9.450,0.00000,0
122.311,0.0,0.0,1.60,-0.410,0.130,-9.450,0.00000,0
122.321,0.0,0.0,1.60,-0.410,0.130,-9.450,0.00000,0
122.331,0.0,0.0,1.60,-0.410,0.130,-9.450,0.00000,0
122.342,0.0,0.0,1.60,-0.410,0.130,-9.450,0.00000,0
122.352,0.0,0.0,1.60,-0.410,0.130,-9.450,0.00000,0
122.362,0.0,0.0,1.60,-0.410,0.130,-9.450,0.00000,0
122.372,0.0,0.0,1.60,-0.410,0.130,-9.450,0.00000,0
122.382,0.0,0.0,1.60,-0.410,0.130,-9.450,0.00000,0
122.392,0.0,0.0,1.60,-0.410,0.130,-9.450,0.00000,0
122.402,0.0,0.0,1.60,-0.410,0.130,-9.450,0.00000,0
122.413,0.0,0.0,1.60,-0.410,0.130,-9.450,0.00000,0
122.423,0.0,0.0,1.60,-0.410,0.130,-9.450,0.00000,0
122.433,0.0,0.0,1.60,-0.410,0.130,-9.450,0.00000,0
122.443,0.0,0.0,1.60,-0.410,0.130,-9.450,0.00000,0
122.453,0.0,0.0,1.60,-0.410,0.130,-9.450,0.00000,0
122.463,0.0,0.0,1.60,-0.410,0.130,-9.450,0.00000,0
122.474,0.0,0.0,1.60,-0.410,0.130,-9.450,0.00000,0
122.484,0.0,0.0,1.60,-0.410,0.130,-9.450,0.00000,0
122.494,0.0,0.0,1.60,-0.410,0.130,-9.450,0.00000,0
122.504,0.0,0.0,1.60,-0.410,0.130,-9.450,0.00000,0
122.514,0.0,0.0,1.60,-0.410,0.130,-9.450,0.00000,0
122.524,0.0,0.0,1.60,-0.410,0.130,-9.450,0.00000,0
122.534,0.0,0.0,1.60,-0.410,0.130,-9.450,0.00000,0
122.545,0.0,0.0,1.60,-0.410,0.130,-9.450,0.00000,0
122.555,0.0,0.0,1.60,-0.410,0.130,-9.450,0.00000,0
122.565,0.0,0.0,1.60,-0.410,0.130,-9.450,0.00000,0
122.575,0.0,0.0,1.60,-0.410,0.130,-9.450,0.00000,0
122.585,0.0,0.0,1.60,-0.410,0.130,-9.450,0.00000,0
122.595,0.0,0.0,1.60,-0.410,0.130,-9.450,0.00000,0
122.605,0.0,0.0,1.60,-0.410,0.130,-9.450,0.00000,0
122.615,0.0,0.0,1.60,-0.410,0.130,-9.450,0.00000,0
122.626,0.0,0.0,1.60,-0.410,0.130,-9.450,0.00000,0
122.636,0.0,0.0,1.60,-0.410,0.130,-9.450,0.00000,0
122.646,0.0,0.0,1.60,-0.410,0.130,-9.450,0.00000,0
122.656,0.0,0.0,1.60,-0.410,0.130,-9.450,0.00000,0
122.666,0.0,0.0,1.60,-0.410,0.130,-9.450,0.00000,0
122.676,0.0,0.0,1.60,-0.410,0.130,-9.450,0.00000,0
122.686,0.0,0.0,1.60,-0.410,0.130,-9.450,0.00000,0
122.696,0.0,0.0,1.60,-0.410,0.130,-9.450,0.00000,0
122.707,0.0,0.0,1.60,-0.410,0.130,-9.450,0.00000,0
122.717,0.0,0.0,1.60,-0.410,0.130,-9.450,0.00000,0
122.727,0.0,0.0,1.60,-0.410,0.130,-9.450,0.00000,0
122.737,0.0,0.0,1.60,-0.410,0.130,-9.450,0.00000,0
122.747,0.0,0.0,1.60,-0.410,0.130,-9.450,0.00000,0
122.757,0.0,0.0,1.60,-0.410,0.130,-9.450,0.00000,0
122.767,0.0,0.0,1.60,-0.410,0.130,-9.450,0.00000,0
122.778,0.0,0.0,1.60,-0.410,0.130,-9.450,0.00000,0
122.788,0.0,0.0,1.60,-0.410,0.130,-9.450,0.00000,0
122.798,0.0,0.0,1.60,-0.410,0.130,-9.450,0.00000,0
122.808,0.0,0.0,1.60,-0.410,0.130,-9.450,0.00000,0
122.818,0.0,0.0,1.60,-0.410,0.130,-9.450,0.00000,0
122.829,0.0,0.0,1.60,-0.410,0.130,-9.450,0.00000,0
122.839,0.0,0.0,1.60,-0.410,0.130,-9.450,0.00000,0
122.849,0.0,0.0,1.60,-0.410,0.130,-9.450,0.00000,0
122.859,0.0,0.0,1.60,-0.410,0.130,-9.450,0.00000,0
122.869,0.0,0.0,1.60,-0.410,0.130,-9.450,0.00000,0
122.879,0.0,0.0,1.60,-0.410,0.130,-9.450,0.00000,0
122.889,0.0,0.0,1.60,-0.410,0.130,-9.450,0.00000,0
122.900,0.0,0.0,1.60,-0.410,0.130,-9.450,0.00000,0
122.910,0.0,0.0,1.60,-0.410,0.130,-9.450,0.00000,0
122.920,0.0,0.0,1.60,-0.410,0.130,-9.450,0.00000,0
122.930,0.0,0.0,1.60,-0.410,0.130,-9.450,0.00000,0
122.940,0.0,0.0,1.60,-0.410,0.130,-9.450,0.00000,0
122.950,0.0,0.0,1.60,-0.410,0.130,-9.450,0.00000,0
122.961,0.0,0.0,1.60,-0.410,0.130,-9.450,0.00000,0
122.971,0.0,0.0,1.60,-0.410,0.130,-9.450,0.00000,0
122.981,0.0,0.0,1.60,-0.410,0.130,-9.450,0.00000,0
122.991,0.0,0.0,1.60,-0.410,0.130,-9.450,0.00000,0
123.001,0.0,0.0,1.60,-0.410,0.130,-9.450,0.00000,0
123.012,0.0,0.0,1.60,-0.410,0.130,-9.450,0.00000,0
123.022,0.0,0.0,1.60,-0.410,0.130,-9.450,0.00000,0
123.032,0.0,0.0,1.60,-0.410,0.130,-9.450,0.00000,0
123.042,0.0,0.0,1.60,-0.410,0.130,-9.450,0.00000,0
123.052,0.0,0.0,1.60,-0.410,0.130,-9.450,0.00000,0
123.062,0.0,0.0,1.60,-0.410,0.130,-9.450,0.00000,0
123.073,0.0,0.0,1.60,-0.410,0.130,-9.450,0.00000,0
123.083,0.0,0.0,1.60,-0.410,0.130,-9.450,0.00000,0
123.093,0.0,0.0,1.60,-0.410,0.130,-9.450,0.00000,0
123.103,0.0,0.0,1.60,-0.410,0.130,-9.450,0.00000,0
123.113,0.0,0.0,1.60,-0.410,0.130,-9.450,0.00000,0
123.123,0.0,0.0,1.60,-0.410,0.130,-9.450,0.00000,0
123.133,0.0,0.0,1.60,-0.410,0.130,-9.450,0.00000,0
123.144,0.0,0.0,1.60,-0.410,0.130,-9.450,0.00000,0
123.154,0.0,0.0,1.60,-0.410,0.130,-9.450,0.00000,0
123.164,0.0,0.0,1.60,-0.410,0.130,-9.450,0.00000,0
123.174,0.0,0.0,1.60,-0.410,0.130,-9.450,0.00000,0
123.184,0.0,0.0,1.60,-0.410,0.130,-9.450,0.00000,0
123.194,0.0,0.0,1.60,-0.410,0.130,-9.450,0.00000,0
123.204,0.0,0.0,1.60,-0.410,0.130,-9.450,0.00000,0
123.214,0.0,0.0,1.60,-0.410,0.130,-9.450,0.00000,0
123.224,0.0,0.0,1.60,-0.410,0.130,-9.450,0.00000,0
123.235,0.0,0.0,1.60,-0.410,0.130,-9.450,0.00000,0
123.245,0.0,0.0,1.60,-0.410,0.130,-9.450,0.00000,0
123.255,0.0,0.0,1.60,-0.410,0.130,-9.450,0.00000,0
123.265,0.0,0.0,1.60,-0.410,0.130,-9.450,0.00000,0
123.275,0.0,0.0,1.60,-0.410,0.130,-9.450,0.00000,0
123.285,0.0,0.0,1.60,-0.410,0.130,-9.450,0.00000,0
123.295,0.0,0.0,1.60,-0.410,0.130,-9.450,0.00000,0
123.305,0.0,0.0,1.60,-0.410,0.130,-9.450,0.00000,0
123.316,0.0,0.0,1.60,-0.410,0.130,-9.450,0.00000,0
123.326,0.0,0.0,1.60,-0.410,0.130,-9.450,0.00000,0
123.336,0.0,0.0,1.60,-0.410,0.130,-9.450,0.00000,0
123.346,0.0,0.0,1.60,-0.410,0.130,-9.450,0.00000,0
123.356,0.0,0.0,1.60,-0.410,0.130,-9.450,0.00000,0
123.366,0.0,0.0,1.60,-0.410,0.130,-9.450,0.00000,0
123.376,0.0,0.0,1.60,-0.410,0.130,-9.450,0.00000,0
123.386,0.0,0.0,1.60,-0.410,0.130,-9.450,0.00000,0
123.397,0.0,0.0,1.60,-0.410,0.130,-9.450,0.00000,0
123.407,0.0,0.0,1.60,-0.410,0.130,-9.450,0.00000,0
123.417,0.0,0.0,1.60,-0.410,0.130,-9.450,0.00000,0
123.427,0.0,0.0,1.60,-0.410,0.130,-9.450,0.00000,0
123.437,0.0,0.0,1.60,-0.410,0.130,-9.450,0.00000,0
123.447,0.0,0.0,1.60,-0.410,0.130,-9.450,0.00000,0
123.457,0.0,0.0,1.60,-0.410,0.130,-9.450,0.00000,0
123.467,0.0,0.0,1.60,-0.410,0.130,-9.450,0.00000,0
123.478,0.0,0.0,1.60,-0.410,0.130,-9.450,0.00000,0
123.488,0.0,0.0,1.60,-0.410,0.130,-9.450,0.00000,0
123.498,0.0,0.0,1.60,-0.410,0.130,-9.450,0.00000,0
123.508,0.0,0.0,1.60,-0.410,0.130,-9.450,0.00000,0
123.518,0.0,0.0,1.60,-0.410,0.130,-9.450,0.00000,0
123.530,0.0,0.0,1.60,-0.410,0.130,-9.450,0.00000,0
123.540,0.0,0.0,1.60,-0.410,0.130,-9.450,0.00000,0
123.550,0.0,0.0,1.60,-0.410,0.130,-9.450,0.00000,0
123.560,0.0,0.0,1.60,-0.410,0.130,-9.450,0.00000,0
123.570,0.0,0.0,1.60,-0.410,0.130,-9.450,0.00000,0
123.581,0.0,0.0,1.60,-0.410,0.130,-9.450,0.00000,0
123.591,0.0,0.0,1.60,-0.410,0.130,-9.450,0.00000,0
123.601,0.0,0.0,1.60,-0.410,0.130,-9.450,0.00000,0
123.611,0.0,0.0,1.60,-0.410,0.130,-9.450,0.00000,0
123.621,0.0,0.0,1.60,-0.410,0.130,-9.450,0.00000,0
123.631,0.0,0.0,1.60,-0.410,0.130,-9.450,0.00000,0
123.641,0.0,0.0,1.60,-0.410,0.130,-9.450,0.00000,0
123.652,0.0,0.0,1.60,-0.410,0.130,-9.450,0.00000,0
123.662,0.0,0.0,1.60,-0.410,0.130,-9.450,0.00000,0
123.672,0.0,0.0,1.60,-0.410,0.130,-9.450,0.00000,0
123.682,0.0,0.0,1.60,-0.410,0.130,-9.450,0.00000,0
123.692,0.0,0.0,1.60,-0.410,0.130,-9.450,0.00000,0
123.702,0.0,0.0,1.60,-0.410,0.130,-9.450,0.00000,0
123.712,0.0,0.0,1.60,-0.410,0.130,-9.450,0.00000,0
123.723,0.0,0.0,1.60,-0.410,0.130,-9.450,0.00000,0
123.733,0.0,0.0,1.60,-0.410,0.130,-9.450,0.00000,0
123.743,0.0,0.0,1.60,-0.410,0.130,-9.450,0.00000,0
123.753,0.0,0.0,1.60,-0.410,0.130,-9.450,0.00000,0
123.763,0.0,0.0,1.60,-0.410,0.130,-9.450,0.00000,0
123.773,0.0,0.0,1.60,-0.410,0.130,-9.450,0.00000,0
123.783,0.0,0.0,1.60,-0.410,0.130,-9.450,0.00000,0
123.794,0.0,0.0,1.60,-0.410,0.130,-9.450,0.00000,0
123.804,0.0,0.0,1.60,-0.410,0.130,-9.450,0.00000,0
123.814,0.0,0.0,1.60,-0.410,0.130,-9.450,0.00000,0
123.824,0.0,0.0,1.60,-0.410,0.130,-9.450,0.00000,0
123.834,0.0,0.0,1.60,-0.410,0.130,-9.450,0.00000,0
123.844,0.0,0.0,1.60,-0.410,0.130,-9.450,0.00000,0
123.855,0.0,0.0,1.60,-0.410,0.130,-9.450,0.00000,0
123.865,0.0,0.0,1.60,-0.410,0.130,-9.450,0.00000,0
123.875,0.0,0.0,1.60,-0.410,0.130,-9.450,0.00000,0
123.885,0.0,0.0,1.60,-0.410,0.130,-9.450,0.00000,0
123.895,0.0,0.0,1.60,-0.410,0.130,-9.450,0.00000,0
123.905,0.0,0.0,1.60,-0.410,0.130,-9.450,0.00000,0
123.915,0.0,0.0,1.60,-0.410,0.130,-9.450,0.00000,0
123.925,0.0,0.0,1.60,-0.410,0.130,-9.450,0.00000,0
123.936,0.0,0.0,1.60,-0.410,0.130,-9.450,0.00000,0
123.946,0.0,0.0,1.60,-0.410,0.130,-9.450,0.00000,0
123.956,0.0,0.0,1.60,-0.410,0.130,-9.450,0.00000,0
123.966,0.0,0.0,1.60,-0.410,0.130,-9.450,0.00000,0
123.976,0.0,0.0,1.60,-0.410,0.130,-9.450,0.00000,0
123.986,0.0,0.0,1.60,-0.410,0.130,-9.450,0.00000,0
123.996,0.0,0.0,1.60,-0.410,0.130,-9.450,0.00000,0
124.007,0.0,0.0,1.60,-0.410,0.130,-9.450,0.00000,0
124.017,0.0,0.0,1.60,-0.410,0.130,-9.450,0.00000,0
124.027,0.0,0.0,1.60,-0.410,0.130,-9.450,0.00000,0
124.037,0.0,0.0,1.60,-0.410,0.130,-9.450,0.00000,0
124.047,0.0,0.0,1.60,-0.410,0.130,-9.450,0.00000,0
124.057,0.0,0.0,1.60,-0.410,0.130,-9.450,0.00000,0
124.068,0.0,0.0,1.60,-0.410,0.130,-9.450,0.00000,0
124.078,0.0,0.0,1.60,-0.410,0.130,-9.450,0.00000,0
124.088,0.0,0.0,1.60,-0.410,0.130,-9.450,0.00000,0
124.098,0.0,0.0,1.60,-0.410,0.130,-9.450,0.00000,0
124.108,0.0,0.0,1.60,-0.410,0.130,-9.450,0.00000,0
124.118,0.0,0.0,1.60,-0.410,0.130,-9.450,0.00000,0
124.128,0.0,0.0,1.60,-0.410,0.130,-9.450,0.00000,0
124.139,0.0,0.0,1.60,-0.410,0.130,-9.450,0.00000,0
124.149,0.0,0.0,1.60,-0.410,0.130,-9.450,0.00000,0
124.159,0.0,0.0,1.60,-0.410,0.130,-9.450,0.00000,0
124.169,0.0,0.0,1.60,-0.410,0.130,-9.450,0.00000,0
124.179,0.0,0.0,1.60,-0.410,0.130,-9.450,0.00000,0
124.189,0.0,0.0,1.60,-0.410,0.130,-9.450,0.00000,0
124.199,0.0,0.0,1.60,-0.410,0.130,-9.450,0.00000,0
124.210,0.0,0.0,1.60,-0.410,0.130,-9.450,0.00000,0
124.220,0.0,0.0,1.60,-0.410,0.130,-9.450,0.00000,0
124.230,0.0,0.0,1.60,-0.410,0.130,-9.450,0.00000,0
124.241,0.0,0.0,1.60,-0.410,0.130,-9.450,0.00000,0
124.251,0.0,0.0,1.60,-0.410,0.130,-9.450,0.00000,0
124.261,0.0,0.0,1.60,-0.410,0.130,-9.450,0.00000,0
124.271,0.0,0.0,1.60,-0.410,0.130,-9.450,0.00000,0
124.281,0.0,0.0,1.60,-0.410,0.130,-9.450,0.00000,0
124.291,0.0,0.0,1.60,-0.410,0.130,-9.450,0.00000,0
124.301,0.0,0.0,1.60,-0.410,0.130,-9.450,0.00000,0
124.311,0.0,0.0,1.60,-0.410,0.130,-9.450,0.00000,0
124.322,0.0,0.0,1.60,-0.410,0.130,-9.450,0.00000,0
124.332,0.0,0.0,1.60,-0.410,0.130,-9.450,0.00000,0
124.342,0.0,0.0,1.60,-0.410,0.130,-9.450,0.00000,0
124.352,0.0,0.0,1.60,-0.410,0.130,-9.450,0.00000,0
124.362,0.0,0.0,1.60,-0.410,0.130,-9.450,0.00000,0
124.372,0.0,0.0,1.60,-0.410,0.130,-9.450,0.00000,0
124.382,0.0,0.0,1.60,-0.410,0.130,-9.450,0.00000,0
124.393,0.0,0.0,1.60,-0.410,0.130,-9.450,0.00000,0
124.403,0.0,0.0,1.60,-0.410,0.130,-9.450,0.00000,0
124.413,0.0,0.0,1.60,-0.410,0.130,-9.450,0.00000,0
124.423,0.0,0.0,1.60,-0.410,0.130,-9.450,0.00000,0
124.433,0.0,0.0,1.60,-0.410,0.130,-9.450,0.00000,0
124.443,0.0,0.0,1.60,-0.410,0.130,-9.450,0.00000,0
124.453,0.0,0.0,1.60,-0.410,0.130,-9.450,0.00000,0
124.464,0.0,0.0,1.60,-0.410,0.130,-9.450,0.00000,0
124.474,0.0,0.0,1.60,-0.410,0.130,-9.450,0.00000,0
124.484,0.0,0.0,1.60,-0.410,0.130,-9.450,0.00000,0
124.494,0.0,0.0,1.60,-0.410,0.130,-9.450,0.00000,0
124.504,0.0,0.0,1.60,-0.410,0.130,-9.450,0.00000,0
124.514,0.0,0.0,1.60,-0.410,0.130,-9.450,0.00000,0
124.524,0.0,0.0,1.60,-0.410,0.130,-9.450,0.00000,0
124.534,0.0,0.0,1.60,-0.410,0.130,-9.450,0.00000,0
124.545,0.0,0.0,1.60,-0.410,0.130,-9.450,0.00000,0
124.555,0.0,0.0,1.60,-0.410,0.130,-9.450,0.00000,0
124.565,0.0,0.0,1.60,-0.410,0.130,-9.450,0.00000,0
124.575,0.0,0.0,1.60,-0.410,0.130,-9.450,0.00000,0
124.585,0.0,0.0,1.60,-0.410,0.130,-9.450,0.00000,0
124.595,0.0,0.0,1.60,-0.410,0.130,-9.450,0.00000,0
124.605,0.0,0.0,1.60,-0.410,0.130,-9.450,0.00000,0
124.616,0.0,0.0,1.60,-0.410,0.130,-9.450,0.00000,0
124.626,0.0,0.0,1.60,-0.410,0.130,-9.450,0.00000,0
124.636,0.0,0.0,1.60,-0.410,0.130,-9.450,0.00000,0
124.646,0.0,0.0,1.60,-0.410,0.130,-9.450,0.00000,0
124.656,0.0,0.0,1.60,-0.410,0.130,-9.450,0.00000,0
124.666,0.0,0.0,1.60,-0.410,0.130,-9.450,0.00000,0
124.676,0.0,0.0,1.60,-0.410,0.130,-9.450,0.00000,0
124.686,0.0,0.0,1.60,-0.410,0.130,-9.450,0.00000,0
124.697,0.0,0.0,1.60,-0.410,0.130,-9.450,0.00000,0
124.707,0.0,0.0,1.60,-0.410,0.130,-9.450,0.00000,0
124.717,0.0,0.0,1.60,-0.410,0.130,-9.450,0.00000,0
124.727,0.0,0.0,1.60,-0.410,0.130,-9.450,0.00000,0
124.737,0.0,0.0,1.60,-0.410,0.130,-9.450,0.00000,0
124.747,0.0,0.0,1.60,-0.410,0.130,-9.450,0.00000,0
124.757,0.0,0.0,1.60,-0.410,0.130,-9.450,0.00000,0
124.767,0.0,0.0,1.60,-0.410,0.130,-9.450,0.00000,0
124.778,0.0,0.0,1.60,-0.410,0.130,-9.450,0.00000,0
124.788,0.0,0.0,1.60,-0.410,0.130,-9.450,0.00000,0
124.798,0.0,0.0,1.60,-0.410,0.130,-9.450,0.00000,0
124.808,0.0,0.0,1.60,-0.410,0.130,-9.450,0.00000,0
124.818,0.0,0.0,1.60,-0.410,0.130,-9.450,0.00000,0
124.828,0.0,0.0,1.60,-0.410,0.130,-9.450,0.00000,0
124.838,0.0,0.0,1.60,-0.410,0.130,-9.450,0.00000,0
124.849,0.0,0.0,1.60,-0.410,0.130,-9.450,0.00000,0
124.859,0.0,0.0,1.60,-0.410,0.130,-9.450,0.00000,0
124.869,0.0,0.0,1.60,-0.410,0.130,-9.450,0.00000,0
124.879,0.0,0.0,1.60,-0.410,0.130,-9.450,0.00000,0
124.889,0.0,0.0,1.60,-0.410,0.130,-9.450,0.00000,0
124.899,0.0,0.0,1.60,-0.410,0.130,-9.450,0.00000,0
124.909,0.0,0.0,1.60,-0.410,0.130,-9.450,0.00000,0
124.919,0.0,0.0,1.60,-0.410,0.130,-9.450,0.00000,0
124.930,0.0,0.0,1.60,-0.410,0.130,-9.450,0.00000,0
124.940,0.0,0.0,1.60,-0.410,0.130,-9.450,0.00000,0
124.950,0.0,0.0,1.60,-0.410,0.130,-9.450,0.00000,0
124.960,0.0,0.0,1.60,-0.410,0.130,-9.450,0.00000,0
124.970,0.0,0.0,1.60,-0.410,0.130,-9.450,0.00000,0
124.980,0.0,0.0,1.60,-0.410,0.130,-9.450,0.00000,0
124.990,0.0,0.0,1.60,-0.410,0.130,-9.450,0.00000,0
125.000,0.0,0.0,1.60,-0.410,0.130,-9.450,0.00000,0
125.011,0.0,0.0,1.60,-0.410,0.130,-9.450,0.00000,0
125.021,0.0,0.0,1.60,-0.410,0.130,-9.450,0.00000,0
125.031,0.0,0.0,1.60,-0.410,0.130,-9.450,0.00000,0
125.041,0.0,0.0,1.60,-0.410,0.130,-9.450,0.00000,0
125.051,0.0,0.0,1.60,-0.410,0.130,-9.450,0.00000,0
125.061,0.0,0.0,1.60,-0.410,0.130,-9.450,0.00000,0
125.071,0.0,0.0,1.60,-0.410,0.130,-9.450,0.00000,0
125.081,0.0,0.0,1.60,-0.410,0.130,-9.450,0.00000,0
125.092,0.0,0.0,1.60,-0.410,0.130,-9.450,0.00000,0
125.102,0.0,0.0,1.60,-0.410,0.130,-9.450,0.00000,0
125.112,0.0,0.0,1.60,-0.410,0.130,-9.450,0.00000,0
125.122,0.0,0.0,1.60,-0.410,0.130,-9.450,0.00000,0
125.133,0.0,0.0,1.60,-0.410,0.130,-9.450,0.00000,0
125.143,0.0,0.0,1.60,-0.410,0.130,-9.450,0.00000,0
125.153,0.0,0.0,1.60,-0.410,0.130,-9.450,0.00000,0
125.163,0.0,0.0,1.60,-0.410,0.130,-9.450,0.00000,0
125.173,0.0,0.0,1.60,-0.410,0.130,-9.450,0.00000,0
125.183,0.0,0.0,1.60,-0.410,0.130,-9.450,0.00000,0
125.193,0.0,0.0,1.60,-0.410,0.130,-9.450,0.00000,0
125.204,0.0,0.0,1.60,-0.410,0.130,-9.450,0.00000,0
125.214,0.0,0.0,1.60,-0.410,0.130,-9.450,0.00000,0
125.224,0.0,0.0,1.60,-0.410,0.130,-9.450,0.00000,0
125.234,0.0,0.0,1.60,-0.410,0.130,-9.450,0.00000,0
125.244,0.0,0.0,1.60,-0.410,0.130,-9.450,0.00000,0
125.254,0.0,0.0,1.60,-0.410,0.130,-9.450,0.00000,0
125.264,0.0,0.0,1.60,-0.410,0.130,-9.450,0.00000,0
125.275,0.0,0.0,1.60,-0.410,0.130,-9.450,0.00000,0
125.285,0.0,0.0,1.60,-0.410,0.130,-9.450,0.00000,0
125.295,0.0,0.0,1.60,-0.410,0.130,-9.450,0.00000,0
125.305,0.0,0.0,1.60,-0.410,0.130,-9.450,0.00000,0
125.315,0.0,0.0,1.60,-0.410,0.130,-9.450,0.00000,0
125.325,0.0,0.0,1.60,-0.410,0.130,-9.450,0.00000,0
125.335,0.0,0.0,1.60,-0.410,0.130,-9.450,0.00000,0
125.346,0.0,0.0,1.60,-0.410,0.130,-9.450,0.00000,0
125.356,0.0,0.0,1.60,-0.410,0.130,-9.450,0.00000,0
125.366,0.0,0.0,1.60,-0.410,0.130,-9.450,0.00000,0
125.376,0.0,0.0,1.60,-0.410,0.130,-9.450,0.00000,0
125.386,0.0,0.0,1.60,-0.410,0.130,-9.450,0.00000,0
125.396,0.0,0.0,1.60,-0.410,0.130,-9.450,0.00000,0
125.406,0.0,0.0,1.60,-0.410,0.130,-9.450,0.00000,0
125.417,0.0,0.0,1.60,-0.410,0.130,-9.450,0.00000,0
125.427,0.0,0.0,1.60,-0.410,0.130,-9.450,0.00000,0
125.437,0.0,0.0,1.60,-0.410,0.130,-9.450,0.00000,0
125.447,0.0,0.0,1.60,-0.410,0.130,-9.450,0.00000,0
125.457,0.0,0.0,1.60,-0.410,0.130,-9.450,0.00000,0
125.467,0.0,0.0,1.60,-0.410,0.130,-9.450,0.00000,0
125.477,0.0,0.0,1.60,-0.410,0.130,-9.450,0.00000,0
125.488,0.0,0.0,1.60,-0.410,0.130,-9.450,0.00000,0
125.498,0.0,0.0,1.60,-0.410,0.130,-9.450,0.00000,0
125.508,0.0,0.0,1.60,-0.410,0.130,-9.450,0.00000,0
125.518,0.0,0.0,1.60,-0.410,0.130,-9.450,0.00000,0
125.528,0.0,0.0,1.60,-0.410,0.130,-9.450,0.00000,0
125.538,0.0,0.0,1.60,-0.410,0.130,-9.450,0.00000,0
125.548,0.0,0.0,1.60,-0.410,0.130,-9.450,0.00000,0
125.559,0.0,0.0,1.60,-0.410,0.130,-9.450,0.00000,0
125.569,0.0,0.0,1.60,-0.410,0.130,-9.450,0.00000,0
125.579,0.0,0.0,1.60,-0.410,0.130,-9.450,0.00000,0
125.589,0.0,0.0,1.60,-0.410,0.130,-9.450,0.00000,0
125.599,0.0,0.0,1.60,-0.410,0.130,-9.450,0.00000,0
125.609,0.0,0.0,1.60,-0.410,0.130,-9.450,0.00000,0
125.619,0.0,0.0,1.60,-0.410,0.130,-9.450,0.00000,0
125.629,0.0,0.0,1.60,-0.410,0.130,-9.450,0.00000,0
125.640,0.0,0.0,1.60,-0.410,0.130,-9.450,0.00000,0
125.650,0.0,0.0,1.60,-0.410,0.130,-9.450,0.00000,0
125.660,0.0,0.0,1.60,-0.410,0.130,-9.450,0.00000,0
125.670,0.0,0.0,1.60,-0.410,0.130,-9.450,0.00000,0
125.680,0.0,0.0,1.60,-0.410,0.130,-9.450,0.00000,0
125.690,0.0,0.0,1.60,-0.410,0.130,-9.450,0.00000,0
125.700,0.0,0.0,1.60,-0.410,0.130,-9.450,0.00000,0
125.711,0.0,0.0,1.60,-0.410,0.130,-9.450,0.00000,0
125.721,0.0,0.0,1.60,-0.410,0.130,-9.450,0.00000,0
125.731,0.0,0.0,1.60,-0.410,0.130,-9.450,0.00000,0
125.741,0.0,0.0,1.60,-0.410,0.130,-9.450,0.00000,0
125.751,0.0,0.0,1.60,-0.410,0.130,-9.450,0.00000,0
125.761,0.0,0.0,1.60,-0.410,0.130,-9.450,0.00000,0
125.771,0.0,0.0,1.60,-0.410,0.130,-9.450,0.00000,0
125.782,0.0,0.0,1.60,-0.410,0.130,-9.450,0.00000,0
125.792,0.0,0.0,1.60,-0.410,0.130,-9.450,0.00000,0
125.802,0.0,0.0,1.60,-0.410,0.130,-9.450,0.00000,0
125.812,0.0,0.0,1.60,-0.410,0.130,-9.450,0.00000,0
125.822,0.0,0.0,1.60,-0.410,0.130,-9.450,0.00000,0
125.832,0.0,0.0,1.60,-0.410,0.130,-9.450,0.00000,0
125.842,0.0,0.0,1.60,-0.410,0.130,-9.450,0.00000,0
125.853,0.0,0.0,1.60,-0.410,0.130,-9.450,0.00000,0
125.863,0.0,0.0,1.60,-0.410,0.130,-9.450,0.00000,0
125.873,0.0,0.0,1.60,-0.410,0.130,-9.450,0.00000,0
125.884,0.0,0.0,1.60,-0.410,0.130,-9.450,0.00000,0
125.894,0.0,0.0,1.60,-0.410,0.130,-9.450,0.00000,0
125.904,0.0,0.0,1.60,-0.410,0.130,-9.450,0.00000,0
125.914,0.0,0.0,1.60,-0.410,0.130,-9.450,0.00000,0
125.924,0.0,0.0,1.60,-0.410,0.130,-9.450,0.00000,0
125.935,0.0,0.0,1.60,-0.410,0.130,-9.450,0.00000,0
125.945,0.0,0.0,1.60,-0.410,0.130,-9.450,0.00000,0
125.955,0.0,0.0,1.60,-0.410,0.130,-9.450,0.00000,0
125.965,0.0,0.0,1.60,-0.410,0.130,-9.450,0.00000,0
125.975,0.0,0.0,1.60,-0.410,0.130,-9.450,0.00000,0
125.985,0.0,0.0,1.60,-0.410,0.130,-9.450,0.00000,0
125.995,0.0,0.0,1.60,-0.410,0.130,-9.450,0.00000,0
126.006,0.0,0.0,1.60,-0.410,0.130,-9.450,0.00000,0
126.016,0.0,0.0,1.60,-0.410,0.130,-9.450,0.00000,0
126.026,0.0,0.0,1.60,-0.410,0.130,-9.450,0.00000,0
126.036,0.0,0.0,1.60,-0.410,0.130,-9.450,0.00000,0
126.046,0.0,0.0,1.60,-0.410,0.130,-9.450,0.00000,0
126.056,0.0,0.0,1.60,-0.410,0.130,-9.450,0.00000,0
126.066,0.0,0.0,1.60,-0.410,0.130,-9.450,0.00000,0
126.076,0.0,0.0,1.60,-0.410,0.130,-9.450,0.00000,0
126.087,0.0,0.0,1.60,-0.410,0.130,-9.450,0.00000,0
126.097,0.0,0.0,1.60,-0.410,0.130,-9.450,0.00000,0
126.107,0.0,0.0,1.60,-0.410,0.130,-9.450,0.00000,0
126.117,0.0,0.0,1.60,-0.410,0.130,-9.450,0.00000,0
126.127,0.0,0.0,1.60,-0.410,0.130,-9.450,0.00000,0
126.137,0.0,0.0,1.60,-0.410,0.130,-9.450,0.00000,0
126.147,0.0,0.0,1.60,-0.410,0.130,-9.450,0.00000,0
126.158,0.0,0.0,1.60,-0.410,0.130,-9.450,0.00000,0
126.168,0.0,0.0,1.60,-0.410,0.130,-9.450,0.00000,0
126.178,0.0,0.0,1.60,-0.410,0.130,-9.450,0.00000,0
126.188,0.0,0.0,1.60,-0.410,0.130,-9.450,0.00000,0
126.198,0.0,0.0,1.60,-0.410,0.130,-9.450,0.00000,0
126.208,0.0,0.0,1.60,-0.410,0.130,-9.450,0.00000,0
126.218,0.0,0.0,1.60,-0.410,0.130,-9.450,0.00000,0
126.228,0.0,0.0,1.60,-0.410,0.130,-9.450,0.00000,0
126.239,0.0,0.0,1.60,-0.410,0.130,-9.450,0.00000,0
126.249,0.0,0.0,1.60,-0.410,0.130,-9.450,0.00000,0
126.259,0.0,0.0,1.60,-0.410,0.130,-9.450,0.00000,0
126.269,0.0,0.0,1.60,-0.410,0.130,-9.450,0.00000,0
126.279,0.0,0.0,1.60,-0.410,0.130,-9.450,0.00000,0
126.289,0.0,0.0,1.60,-0.410,0.130,-9.450,0.00000,0
126.299,0.0,0.0,1.60,-0.410,0.130,-9.450,0.00000,0
126.310,0.0,0.0,1.60,-0.410,0.130,-9.450,0.00000,0
126.320,0.0,0.0,1.60,-0.410,0.130,-9.450,0.00000,0
126.330,0.0,0.0,1.60,-0.410,0.130,-9.450,0.00000,0
126.340,0.0,0.0,1.60,-0.410,0.130,-9.450,0.00000,0
126.350,0.0,0.0,1.60,-0.410,0.130,-9.450,0.00000,0
126.360,0.0,0.0,1.60,-0.410,0.130,-9.450,0.00000,0
126.370,0.0,0.0,1.60,-0.410,0.130,-9.450,0.00000,0
126.380,0.0,0.0,1.60,-0.410,0.130,-9.450,0.00000,0
126.391,0.0,0.0,1.60,-0.410,0.130,-9.450,0.00000,0
126.401,0.0,0.0,1.60,-0.410,0.130,-9.450,0.00000,0
126.411,0.0,0.0,1.60,-0.410,0.130,-9.450,0.00000,0
126.421,0.0,0.0,1.60,-0.410,0.130,-9.450,0.00000,0
126.431,0.0,0.0,1.60,-0.410,0.130,-9.450,0.00000,0
126.441,0.0,0.0,1.60,-0.410,0.130,-9.450,0.00000,0
126.451,0.0,0.0,1.60,-0.410,0.130,-9.450,0.00000,0
126.461,0.0,0.0,1.60,-0.410,0.130,-9.450,0.00000,0
126.472,0.0,0.0,1.60,-0.410,0.130,-9.450,0.00000,0
126.482,0.0,0.0,1.60,-0.410,0.130,-9.450,0.00000,0
126.492,0.0,0.0,1.60,-0.410,0.130,-9.450,0.00000,0
126.502,0.0,0.0,1.60,-0.410,0.130,-9.450,0.00000,0
126.512,0.0,0.0,1.60,-0.410,0.130,-9.450,0.00000,0
126.522,0.0,0.0,1.60,-0.410,0.130,-9.450,0.00000,0
126.532,0.0,0.0,1.60,-0.410,0.130,-9.450,0.00000,0
126.542,0.0,0.0,1.60,-0.410,0.130,-9.450,0.00000,0
126.553,0.0,0.0,1.60,-0.410,0.130,-9.450,0.00000,0
126.563,0.0,0.0,1.60,-0.410,0.130,-9.450,0.00000,0
126.573,0.0,0.0,1.60,-0.410,0.130,-9.450,0.00000,0
126.583,0.0,0.0,1.60,-0.410,0.130,-9.450,0.00000,0
126.593,0.0,0.0,1.60,-0.410,0.130,-9.450,0.00000,0
126.603,0.0,0.0,1.60,-0.410,0.130,-9.450,0.00000,0
126.613,0.0,0.0,1.60,-0.410,0.130,-9.450,0.00000,0
126.624,0.0,0.0,1.60,-0.410,0.130,-9.450,0.00000,0
126.634,0.0,0.0,1.60,-0.410,0.130,-9.450,0.00000,0
126.644,0.0,0.0,1.60,-0.410,0.130,-9.450,0.00000,0
126.654,0.0,0.0,1.60,-0.410,0.130,-9.450,0.00000,0
126.664,0.0,0.0,1.60,-0.410,0.130,-9.450,0.00000,0
126.674,0.0,0.0,1.60,-0.410,0.130,-9.450,0.00000,0
126.684,0.0,0.0,1.60,-0.410,0.130,-9.450,0.00000,0
126.694,0.0,0.0,1.60,-0.410,0.130,-9.450,0.00000,0
126.705,0.0,0.0,1.60,-0.410,0.130,-9.450,0.00000,0
126.715,0.0,0.0,1.60,-0.410,0.130,-9.450,0.00000,0
126.725,0.0,0.0,1.60,-0.410,0.130,-9.450,0.00000,0
126.735,0.0,0.0,1.60,-0.410,0.130,-9.450,0.00000,0
126.745,0.0,0.0,1.60,-0.410,0.130,-9.450,0.00000,0
126.755,0.0,0.0,1.60,-0.410,0.130,-9.450,0.00000,0
126.765,0.0,0.0,1.60,-0.410,0.130,-9.450,0.00000,0
126.776,0.0,0.0,1.60,-0.410,0.130,-9.450,0.00000,0
126.786,0.0,0.0,1.60,-0.410,0.130,-9.450,0.00000,0
126.796,0.0,0.0,1.60,-0.410,0.130,-9.450,0.00000,0
126.806,0.0,0.0,1.60,-0.410,0.130,-9.450,0.00000,0
126.816,0.0,0.0,1.60,-0.410,0.130,-9.450,0.00000,0
126.826,0.0,0.0,1.60,-0.410,0.130,-9.450,0.00000,0
126.836,0.0,0.0,1.60,-0.410,0.130,-9.450,0.00000,0
126.847,0.0,0.0,1.60,-0.410,0.130,-9.450,0.00000,0
126.857,0.0,0.0,1.60,-0.410,0.130,-9.450,0.00000,0
126.867,0.0,0.0,1.60,-0.410,0.130,-9.450,0.00000,0
126.877,0.0,0.0,1.60,-0.410,0.130,-9.450,0.00000,0
126.887,0.0,0.0,1.60,-0.410,0.130,-9.450,0.00000,0
126.897,0.0,0.0,1.60,-0.410,0.130,-9.450,0.00000,0
126.908,0.0,0.0,1.60,-0.410,0.130,-9.450,0.00000,0
126.918,0.0,0.0,1.60,-0.410,0.130,-9.450,0.00000,0
126.928,0.0,0.0,1.60,-0.410,0.130,-9.450,0.00000,0
126.938,0.0,0.0,1.60,-0.410,0.130,-9.450,0.00000,0
126.948,0.0,0.0,1.60,-0.410,0.130,-9.450,0.00000,0
126.958,0.0,0.0,1.60,-0.410,0.130,-9.450,0.00000,0
126.968,0.0,0.0,1.60,-0.410,0.130,-9.450,0.00000,0
126.978,0.0,0.0,1.60,-0.410,0.130,-9.450,0.00000,0
126.989,0.0,0.0,1.60,-0.410,0.130,-9.450,0.00000,0
126.999,0.0,0.0,1.60,-0.410,0.130,-9.450,0.00000,0
127.009,0.0,0.0,1.60,-0.410,0.130,-9.450,0.00000,0
127.019,0.0,0.0,1.60,-0.410,0.130,-9.450,0.00000,0
127.029,0.0,0.0,1.60,-0.410,0.130,-9.450,0.00000,0
127.039,0.0,0.0,1.60,-0.410,0.130,-9.450,0.00000,0
127.049,0.0,0.0,1.60,-0.410,0.130,-9.450,0.00000,0
127.060,0.0,0.0,1.60,-0.410,0.130,-9.450,0.00000,0
127.070,0.0,0.0,1.60,-0.410,0.130,-9.450,0.00000,0
127.080,0.0,0.0,1.60,-0.410,0.130,-9.450,0.00000,0
127.090,0.0,0.0,1.60,-0.410,0.130,-9.450,0.00000,0
127.100,0.0,0.0,1.60,-0.410,0.130,-9.450,0.00000,0
127.110,0.0,0.0,1.60,-0.410,0.130,-9.450,0.00000,0
127.120,0.0,0.0,1.60,-0.410,0.130,-9.450,0.00000,0
127.130,0.0,0.0,1.60,-0.410,0.130,-9.450,0.00000,0
127.141,0.0,0.0,1.60,-0.410,0.130,-9.450,0.00000,0
127.151,0.0,0.0,1.60,-0.410,0.130,-9.450,0.00000,0
127.161,0.0,0.0,1.60,-0.410,0.130,-9.450,0.00000,0
127.171,0.0,0.0,1.60,-0.410,0.130,-9.450,0.00000,0
127.181,0.0,0.0,1.60,-0.410,0.130,-9.450,0.00000,0
127.191,0.0,0.0,1.60,-0.410,0.130,-9.450,0.00000,0
127.201,0.0,0.0,1.60,-0.410,0.130,-9.450,0.00000,0
127.211,0.0,0.0,1.60,-0.410,0.130,-9.450,0.00000,0
127.222,0.0,0.0,1.60,-0.410,0.130,-9.450,0.00000,0
127.232,0.0,0.0,1.60,-0.410,0.130,-9.450,0.00000,0
127.242,0.0,0.0,1.60,-0.410,0.130,-9.450,0.00000,0
127.252,0.0,0.0,1.60,-0.410,0.130,-9.450,0.00000,0
127.262,0.0,0.0,1.60,-0.410,0.130,-9.450,0.00000,0
127.272,0.0,0.0,1.60,-0.410,0.130,-9.450,0.00000,0
127.282,0.0,0.0,1.60,-0.410,0.130,-9.450,0.00000,0
127.293,0.0,0.0,1.60,-0.410,0.130,-9.450,0.00000,0
127.303,0.0,0.0,1.60,-0.410,0.130,-9.450,0.00000,0
127.313,0.0,0.0,1.60,-0.410,0.130,-9.450,0.00000,0
127.323,0.0,0.0,1.60,-0.410,0.130,-9.450,0.00000,0
127.333,0.0,0.0,1.60,-0.410,0.130,-9.450,0.00000,0
127.343,0.0,0.0,1.60,-0.410,0.130,-9.450,0.00000,0
127.353,0.0,0.0,1.60,-0.410,0.130,-9.450,0.00000,0
127.364,0.0,0.0,1.60,-0.410,0.130,-9.450,0.00000,0
127.374,0.0,0.0,1.60,-0.410,0.130,-9.450,0.00000,0
127.384,0.0,0.0,1.60,-0.410,0.130,-9.450,0.00000,0
127.394,0.0,0.0,1.60,-0.410,0.130,-9.450,0.00000,0
127.404,0.0,0.0,1.60,-0.410,0.130,-9.450,0.00000,0
127.414,0.0,0.0,1.60,-0.410,0.130,-9.450,0.00000,0
127.424,0.0,0.0,1.60,-0.410,0.130,-9.450,0.00000,0
127.434,0.0,0.0,1.60,-0.410,0.130,-9.450,0.00000,0
127.445,0.0,0.0,1.60,-0.410,0.130,-9.450,0.00000,0
127.455,0.0,0.0,1.60,-0.410,0.130,-9.450,0.00000,0
127.465,0.0,0.0,1.60,-0.410,0.130,-9.450,0.00000,0
127.475,0.0,0.0,1.60,-0.410,0.130,-9.450,0.00000,0
127.485,0.0,0.0,1.60,-0.410,0.130,-9.450,0.00000,0
127.495,0.0,0.0,1.60,-0.410,0.130,-9.450,0.00000,0
127.505,0.0,0.0,1.60,-0.410,0.130,-9.450,0.00000,0
127.515,0.0,0.0,1.60,-0.410,0.130,-9.450,0.00000,0
127.526,0.0,0.0,1.60,-0.410,0.130,-9.450,0.00000,0
127.536,0.0,0.0,1.60,-0.410,0.130,-9.450,0.00000,0
127.546,0.0,0.0,1.60,-0.410,0.130,-9.450,0.00000,0
127.556,0.0,0.0,1.60,-0.410,0.130,-9.450,0.00000,0
127.566,0.0,0.0,1.60,-0.410,0.130,-9.450,0.00000,0
127.576,0.0,0.0,1.60,-0.410,0.130,-9.450,0.00000,0
127.586,0.0,0.0,1.60,-0.410,0.130,-9.450,0.00000,0
127.597,0.0,0.0,1.60,-0.410,0.130,-9.450,0.00000,0
127.607,0.0,0.0,1.60,-0.410,0.130,-9.450,0.00000,0
127.617,0.0,0.0,1.60,-0.410,0.130,-9.450,0.00000,0
127.627,0.0,0.0,1.60,-0.410,0.130,-9.450,0.00000,0
127.637,0.0,0.0,1.60,-0.410,0.130,-9.450,0.00000,0
127.647,0.0,0.0,1.60,-0.410,0.130,-9.450,0.00000,0
127.657,0.0,0.0,1.60,-0.410,0.130,-9.450,0.00000,0
127.668,0.0,0.0,1.60,-0.410,0.130,-9.450,0.00000,0
127.678,0.0,0.0,1.60,-0.410,0.130,-9.450,0.00000,0
127.688,0.0,0.0,1.60,-0.410,0.130,-9.450,0.00000,0
127.698,0.0,0.0,1.60,-0.410,0.130,-9.450,0.00000,0
127.708,0.0,0.0,1.60,-0.410,0.130,-9.450,0.00000,0
127.718,0.0,0.0,1.60,-0.410,0.130,-9.450,0.00000,0
127.728,0.0,0.0,1.60,-0.410,0.130,-9.450,0.00000,0
127.739,0.0,0.0,1.60,-0.410,0.130,-9.450,0.00000,0
127.749,0.0,0.0,1.60,-0.410,0.130,-9.450,0.00000,0
127.759,0.0,0.0,1.60,-0.410,0.130,-9.450,0.00000,0
127.769,0.0,0.0,1.60,-0.410,0.130,-9.450,0.00000,0
127.779,0.0,0.0,1.60,-0.410,0.130,-9.450,0.00000,0
127.789,0.0,0.0,1.60,-0.410,0.130,-9.450,0.00000,0
127.799,0.0,0.0,1.60,-0.410,0.130,-9.450,0.00000,0
127.810,0.0,0.0,1.60,-0.410,0.130,-9.450,0.00000,0
127.820,0.0,0.0,1.60,-0.410,0.130,-9.450,0.00000,0
127.830,0.0,0.0,1.60,-0.410,0.130,-9.450,0.00000,0
127.840,0.0,0.0,1.60,-0.410,0.130,-9.450,0.00000,0
127.850,0.0,0.0,1.60,-0.410,0.130,-9.450,0.00000,0
127.860,0.0,0.0,1.60,-0.410,0.130,-9.450,0.00000,0
127.870,0.0,0.0,1.60,-0.410,0.130,-9.450,0.00000,0
127.880,0.0,0.0,1.60,-0.410,0.130,-9.450,0.00000,0
127.891,0.0,0.0,1.60,-0.410,0.130,-9.450,0.00000,0
127.901,0.0,0.0,1.60,-0.410,0.130,-9.450,0.00000,0
127.911,0.0,0.0,1.60,-0.410,0.130,-9.450,0.00000,0
127.921,0.0,0.0,1.60,-0.410,0.130,-9.450,0.00000,0
127.931,0.0,0.0,1.60,-0.410,0.130,-9.450,0.00000,0
127.941,0.0,0.0,1.60,-0.410,0.130,-9.450,0.00000,0
127.951,0.0,0.0,1.60,-0.410,0.130,-9.450,0.00000,0
127.962,0.0,0.0,1.60,-0.410,0.130,-9.450,0.00000,0
127.972,0.0,0.0,1.60,-0.410,0.130,-9.450,0.00000,0
127.982,0.0,0.0,1.60,-0.410,0.130,-9.450,0.00000,0
127.992,0.0,0.0,1.60,-0.410,0.130,-9.450,0.00000,0
128.002,0.0,0.0,1.60,-0.410,0.130,-9.450,0.00000,0
128.012,0.0,0.0,1.60,-0.410,0.130,-9.450,0.00000,0
128.023,0.0,0.0,1.60,-0.410,0.130,-9.450,0.00000,0
128.033,0.0,0.0,1.60,-0.410,0.130,-9.450,0.00000,0
128.043,0.0,0.0,1.60,-0.410,0.130,-9.450,0.00000,0
128.053,0.0,0.0,1.60,-0.410,0.130,-9.450,0.00000,0
128.063,0.0,0.0,1.60,-0.410,0.130,-9.450,0.00000,0
128.073,0.0,0.0,1.60,-0.410,0.130,-9.450,0.00000,0
128.083,0.0,0.0,1.60,-0.410,0.130,-9.450,0.00000,0
128.094,0.0,0.0,1.60,-0.410,0.130,-9.450,0.00000,0
128.104,0.0,0.0,1.60,-0.410,0.130,-9.450,0.00000,0
128.114,0.0,0.0,1.60,-0.410,0.130,-9.450,0.00000,0
128.124,0.0,0.0,1.60,-0.410,0.130,-9.450,0.00000,0
128.134,0.0,0.0,1.60,-0.410,0.130,-9.450,0.00000,0
128.144,0.0,0.0,1.60,-0.410,0.130,-9.450,0.00000,0
128.154,0.0,0.0,1.60,-0.410,0.130,-9.450,0.00000,0
128.164,0.0,0.0,1.60,-0.410,0.130,-9.450,0.00000,0
128.174,0.0,0.0,1.60,-0.410,0.130,-9.450,0.00000,0
128.185,0.0,0.0,1.60,-0.410,0.130,-9.450,0.00000,0
128.195,0.0,0.0,1.60,-0.410,0.130,-9.450,0.00000,0
128.205,0.0,0.0,1.60,-0.410,0.130,-9.450,0.00000,0
128.215,0.0,0.0,1.60,-0.410,0.130,-9.450,0.00000,0
128.225,0.0,0.0,1.60,-0.410,0.130,-9.450,0.00000,0
128.235,0.0,0.0,1.60,-0.410,0.130,-9.450,0.00000,0
128.245,0.0,0.0,1.60,-0.410,0.130,-9.450,0.00000,0
128.256,0.0,0.0,1.60,-0.410,0.130,-9.450,0.00000,0
128.266,0.0,0.0,1.60,-0.410,0.130,-9.450,0.00000,0
128.276,0.0,0.0,1.60,-0.410,0.130,-9.450,0.00000,0
128.286,0.0,0.0,1.60,-0.410,0.130,-9.450,0.00000,0
128.296,0.0,0.0,1.60,-0.410,0.130,-9.450,0.00000,0
128.306,0.0,0.0,1.60,-0.410,0.130,-9.450,0.00000,0
128.316,0.0,0.0,1.60,-0.410,0.130,-9.450,0.00000,0
128.326,0.0,0.0,1.60,-0.410,0.130,-9.450,0.00000,0
128.338,0.0,0.0,1.60,-0.410,0.130,-9.450,0.00000,0
128.348,0.0,0.0,1.60,-0.410,0.130,-9.450,0.00000,0
128.358,0.0,0.0,1.60,-0.410,0.130,-9.450,0.00000,0
128.368,0.0,0.0,1.60,-0.410,0.130,-9.450,0.00000,0
128.378,0.0,0.0,1.60,-0.410,0.130,-9.450,0.00000,0
128.388,0.0,0.0,1.60,-0.410,0.130,-9.450,0.00000,0
128.398,0.0,0.0,1.60,-0.410,0.130,-9.450,0.00000,0
128.409,0.0,0.0,1.60,-0.410,0.130,-9.450,0.00000,0
128.419,0.0,0.0,1.60,-0.410,0.130,-9.450,0.00000,0
128.429,0.0,0.0,1.60,-0.410,0.130,-9.450,0.00000,0
128.439,0.0,0.0,1.60,-0.410,0.130,-9.450,0.00000,0
128.449,0.0,0.0,1.60,-0.410,0.130,-9.450,0.00000,0
128.459,0.0,0.0,1.60,-0.410,0.130,-9.450,0.00000,0
128.469,0.0,0.0,1.60,-0.410,0.130,-9.450,0.00000,0
128.480,0.0,0.0,1.60,-0.410,0.130,-9.450,0.00000,0
128.490,0.0,0.0,1.60,-0.410,0.130,-9.450,0.00000,0
128.500,0.0,0.0,1.60,-0.410,0.130,-9.450,0.00000,0
128.510,0.0,0.0,1.60,-0.410,0.130,-9.450,0.00000,0
128.520,0.0,0.0,1.60,-0.410,0.130,-9.450,0.00000,0
128.530,0.0,0.0,1.60,-0.410,0.130,-9.450,0.00000,0
128.540,0.0,0.0,1.60,-0.410,0.130,-9.450,0.00000,0
128.551,0.0,0.0,1.60,-0.410,0.130,-9.450,0.00000,0
128.561,0.0,0.0,1.60,-0.410,0.130,-9.450,0.00000,0
128.571,0.0,0.0,1.60,-0.410,0.130,-9.450,0.00000,0
128.581,0.0,0.0,1.60,-0.410,0.130,-9.450,0.00000,0
128.591,0.0,0.0,1.60,-0.410,0.130,-9.450,0.00000,0
128.601,0.0,0.0,1.60,-0.410,0.130,-9.450,0.00000,0
128.611,0.0,0.0,1.60,-0.410,0.130,-9.450,0.00000,0
128.622,0.0,0.0,1.60,-0.410,0.130,-9.450,0.00000,0
128.632,0.0,0.0,1.60,-0.410,0.130,-9.450,0.00000,0
128.642,0.0,0.0,1.60,-0.410,0.130,-9.450,0.00000,0
128.652,0.0,0.0,1.60,-0.410,0.130,-9.450,0.00000,0
128.662,0.0,0.0,1.60,-0.410,0.130,-9.450,0.00000,0
128.672,0.0,0.0,1.60,-0.410,0.130,-9.450,0.00000,0
128.682,0.0,0.0,1.60,-0.410,0.130,-9.450,0.00000,0
128.693,0.0,0.0,1.60,-0.410,0.130,-9.450,0.00000,0
128.703,0.0,0.0,1.60,-0.410,0.130,-9.450,0.00000,0
128.713,0.0,0.0,1.60,-0.410,0.130,-9.450,0.00000,0
128.723,0.0,0.0,1.60,-0.410,0.130,-9.450,0.00000,0
128.733,0.0,0.0,1.60,-0.410,0.130,-9.450,0.00000,0
128.743,0.0,0.0,1.60,-0.410,0.130,-9.450,0.00000,0
128.753,0.0,0.0,1.60,-0.410,0.130,-9.450,0.00000,0
128.764,0.0,0.0,1.60,-0.410,0.130,-9.450,0.00000,0
128.774,0.0,0.0,1.60,-0.410,0.130,-9.450,0.00000,0
128.784,0.0,0.0,1.60,-0.410,0.130,-9.450,0.00000,0
128.794,0.0,0.0,1.60,-0.410,0.130,-9.450,0.00000,0
128.804,0.0,0.0,1.60,-0.410,0.130,-9.450,0.00000,0
128.814,0.0,0.0,1.60,-0.410,0.130,-9.450,0.00000,0
128.824,0.0,0.0,1.60,-0.410,0.130,-9.450,0.00000,0
128.835,0.0,0.0,1.60,-0.410,0.130,-9.450,0.00000,0
128.845,0.0,0.0,1.60,-0.410,0.130,-9.450,0.00000,0
128.855,0.0,0.0,1.60,-0.410,0.130,-9.450,0.00000,0
128.865,0.0,0.0,1.60,-0.410,0.130,-9.450,0.00000,0
128.875,0.0,0.0,1.60,-0.410,0.130,-9.450,0.00000,0
128.885,0.0,0.0,1.60,-0.410,0.130,-9.450,0.00000,0
128.895,0.0,0.0,1.60,-0.410,0.130,-9.450,0.00000,0
128.906,0.0,0.0,1.60,-0.410,0.130,-9.450,0.00000,0
128.916,0.0,0.0,1.60,-0.410,0.130,-9.450,0.00000,0
128.926,0.0,0.0,1.60,-0.410,0.130,-9.450,0.00000,0
128.936,0.0,0.0,1.60,-0.410,0.130,-9.450,0.00000,0
128.946,0.0,0.0,1.60,-0.410,0.130,-9.450,0.00000,0
128.956,0.0,0.0,1.60,-0.410,0.130,-9.450,0.00000,0
128.966,0.0,0.0,1.60,-0.410,0.130,-9.450,0.00000,0
128.976,0.0,0.0,1.60,-0.410,0.130,-9.450,0.00000,0
128.987,0.0,0.0,1.60,-0.410,0.130,-9.450,0.00000,0
128.997,0.0,0.0,1.60,-0.410,0.130,-9.450,0.00000,0
129.007,0.0,0.0,1.60,-0.410,0.130,-9.450,0.00000,0
129.017,0.0,0.0,1.60,-0.410,0.130,-9.450,0.00000,0
129.027,0.0,0.0,1.60,-0.410,0.130,-9.450,0.00000,0
129.037,0.0,0.0,1.60,-0.410,0.130,-9.450,0.00000,0
129.047,0.0,0.0,1.60,-0.410,0.130,-9.450,0.00000,0
129.058,0.0,0.0,1.60,-0.410,0.130,-9.450,0.00000,0
129.068,0.0,0.0,1.60,-0.410,0.130,-9.450,0.00000,0
129.078,0.0,0.0,1.60,-0.410,0.130,-9.450,0.00000,0
129.088,0.0,0.0,1.60,-0.410,0.130,-9.450,0.00000,0
129.098,0.0,0.0,1.60,-0.410,0.130,-9.450,0.00000,0
129.108,0.0,0.0,1.60,-0.410,0.130,-9.450,0.00000,0
129.119,0.0,0.0,1.60,-0.410,0.130,-9.450,0.00000,0
129.129,0.0,0.0,1.60,-0.410,0.130,-9.450,0.00000,0
129.139,0.0,0.0,1.60,-0.410,0.130,-9.450,0.00000,0
129.149,0.0,0.0,1.60,-0.410,0.130,-9.450,0.00000,0
129.159,0.0,0.0,1.60,-0.410,0.130,-9.450,0.00000,0
129.169,0.0,0.0,1.60,-0.410,0.130,-9.450,0.00000,0
129.179,0.0,0.0,1.60,-0.410,0.130,-9.450,0.00000,0
129.189,0.0,0.0,1.60,-0.410,0.130,-9.450,0.00000,0
129.200,0.0,0.0,1.60,-0.410,0.130,-9.450,0.00000,0
129.210,0.0,0.0,1.60,-0.410,0.130,-9.450,0.00000,0
129.220,0.0,0.0,1.60,-0.410,0.130,-9.450,0.00000,0
129.230,0.0,0.0,1.60,-0.410,0.130,-9.450,0.00000,0
129.240,0.0,0.0,1.60,-0.410,0.130,-9.450,0.00000,0
129.250,0.0,0.0,1.60,-0.410,0.130,-9.450,0.00000,0
129.260,0.0,0.0,1.60,-0.410,0.130,-9.450,0.00000,0
129.270,0.0,0.0,1.60,-0.410,0.130,-9.450,0.00000,0
129.281,0.0,0.0,1.60,-0.410,0.130,-9.450,0.00000,0
129.291,0.0,0.0,1.60,-0.410,0.130,-9.450,0.00000,0
129.301,0.0,0.0,1.60,-0.410,0.130,-9.450,0.00000,0
129.311,0.0,0.0,1.60,-0.410,0.130,-9.450,0.00000,0
129.321,0.0,0.0,1.60,-0.410,0.130,-9.450,0.00000,0
129.331,0.0,0.0,1.60,-0.410,0.130,-9.450,0.00000,0
129.341,0.0,0.0,1.60,-0.410,0.130,-9.450,0.00000,0
129.352,0.0,0.0,1.60,-0.410,0.130,-9.450,0.00000,0
129.362,0.0,0.0,1.60,-0.410,0.130,-9.450,0.00000,0
129.372,0.0,0.0,1.60,-0.410,0.130,-9.450,0.00000,0
129.382,0.0,0.0,1.60,-0.410,0.130,-9.450,0.00000,0
129.392,0.0,0.0,1.60,-0.410,0.130,-9.450,0.00000,0
129.402,0.0,0.0,1.60,-0.410,0.130,-9.450,0.00000,0
129.412,0.0,0.0,1.60,-0.410,0.130,-9.450,0.00000,0
129.423,0.0,0.0,1.60,-0.410,0.130,-9.450,0.00000,0
129.433,0.0,0.0,1.60,-0.410,0.130,-9.450,0.00000,0
129.443,0.0,0.0,1.60,-0.410,0.130,-9.450,0.00000,0
129.453,0.0,0.0,1.60,-0.410,0.130,-9.450,0.00000,0
129.463,0.0,0.0,1.60,-0.410,0.130,-9.450,0.00000,0
129.473,0.0,0.0,1.60,-0.410,0.130,-9.450,0.00000,0
129.483,0.0,0.0,1.60,-0.410,0.130,-9.450,0.00000,0
129.493,0.0,0.0,1.60,-0.410,0.130,-9.450,0.00000,0
129.504,0.0,0.0,1.60,-0.410,0.130,-9.450,0.00000,0
129.514,0.0,0.0,1.60,-0.410,0.130,-9.450,0.00000,0
129.524,0.0,0.0,1.60,-0.410,0.130,-9.450,0.00000,0
129.534,0.0,0.0,1.60,-0.410,0.130,-9.450,0.00000,0
129.544,0.0,0.0,1.60,-0.410,0.130,-9.450,0.00000,0
129.554,0.0,0.0,1.60,-0.410,0.130,-9.450,0.00000,0
129.565,0.0,0.0,1.60,-0.410,0.130,-9.450,0.00000,0
129.575,0.0,0.0,1.60,-0.410,0.130,-9.450,0.00000,0
129.585,0.0,0.0,1.60,-0.410,0.130,-9.450,0.00000,0
129.595,0.0,0.0,1.60,-0.410,0.130,-9.450,0.00000,0
129.605,0.0,0.0,1.60,-0.410,0.130,-9.450,0.00000,0
129.615,0.0,0.0,1.60,-0.410,0.130,-9.450,0.00000,0
129.625,0.0,0.0,1.60,-0.410,0.130,-9.450,0.00000,0
129.635,0.0,0.0,1.60,-0.410,0.130,-9.450,0.00000,0
129.646,0.0,0.0,1.60,-0.410,0.130,-9.450,0.00000,0
129.656,0.0,0.0,1.60,-0.410,0.130,-9.450,0.00000,0
129.666,0.0,0.0,1.60,-0.410,0.130,-9.450,0.00000,0
129.676,0.0,0.0,1.60,-0.410,0.130,-9.450,0.00000,0
129.686,0.0,0.0,1.60,-0.410,0.130,-9.450,0.00000,0
129.696,0.0,0.0,1.60,-0.410,0.130,-9.450,0.00000,0
129.706,0.0,0.0,1.60,-0.410,0.130,-9.450,0.00000,0
129.717,0.0,0.0,1.60,-0.410,0.130,-9.450,0.00000,0
129.727,0.0,0.0,1.60,-0.410,0.130,-9.450,0.00000,0
129.737,0.0,0.0,1.60,-0.410,0.130,-9.450,0.00000,0
129.747,0.0,0.0,1.60,-0.410,0.130,-9.450,0.00000,0
129.757,0.0,0.0,1.60,-0.410,0.130,-9.450,0.00000,0
129.767,0.0,0.0,1.60,-0.410,0.130,-9.450,0.00000,0
129.777,0.0,0.0,1.60,-0.410,0.130,-9.450,0.00000,0
129.787,0.0,0.0,1.60,-0.410,0.130,-9.450,0.00000,0
129.798,0.0,0.0,1.60,-0.410,0.130,-9.450,0.00000,0
129.808,0.0,0.0,1.60,-0.410,0.130,-9.450,0.00000,0
129.818,0.0,0.0,1.60,-0.410,0.130,-9.450,0.00000,0
129.828,0.0,0.0,1.60,-0.410,0.130,-9.450,0.00000,0
129.838,0.0,0.0,1.60,-0.410,0.130,-9.450,0.00000,0
129.848,0.0,0.0,1.60,-0.410,0.130,-9.450,0.00000,0
129.858,0.0,0.0,1.60,-0.410,0.130,-9.450,0.00000,0
129.869,0.0,0.0,1.60,-0.410,0.130,-9.450,0.00000,0
129.879,0.0,0.0,1.60,-0.410,0.130,-9.450,0.00000,0
129.889,0.0,0.0,1.60,-0.410,0.130,-9.450,0.00000,0
129.899,0.0,0.0,1.60,-0.410,0.130,-9.450,0.00000,0
129.909,0.0,0.0,1.60,-0.410,0.130,-9.450,0.00000,0
129.919,0.0,0.0,1.60,-0.410,0.130,-9.450,0.00000,0
129.929,0.0,0.0,1.60,-0.410,0.130,-9.450,0.00000,0
129.940,0.0,0.0,1.60,-0.410,0.130,-9.450,0.00000,0
129.950,0.0,0.0,1.60,-0.410,0.130,-9.450,0.00000,0
129.960,0.0,0.0,1.60,-0.410,0.130,-9.450,0.00000,0
129.970,0.0,0.0,1.60,-0.410,0.130,-9.450,0.00000,0
129.980,0.0,0.0,1.60,-0.410,0.130,-9.450,0.00000,0
129.990,0.0,0.0,1.60,-0.410,0.130,-9.450,0.00000,0
130.000,0.0,0.0,1.60,-0.410,0.130,-9.450,0.00000,0
130.011,0.0,0.0,1.60,-0.410,0.130,-9.450,0.00000,0
130.021,0.0,0.0,1.60,-0.410,0.130,-9.450,0.00000,0
130.031,0.0,0.0,1.60,-0.410,0.130,-9.450,0.00000,0
130.041,0.0,0.0,1.60,-0.410,0.130,-9.450,0.00000,0
130.051,0.0,0.0,1.60,-0.410,0.130,-9.450,0.00000,0
130.061,0.0,0.0,1.60,-0.410,0.130,-9.450,0.00000,0
130.071,0.0,0.0,1.60,-0.410,0.130,-9.450,0.00000,0
130.082,0.0,0.0,1.60,-0.410,0.130,-9.450,0.00000,0
130.092,0.0,0.0,1.60,-0.410,0.130,-9.450,0.00000,0
130.102,0.0,0.0,1.60,-0.410,0.130,-9.450,0.00000,0
130.112,0.0,0.0,1.60,-0.410,0.130,-9.450,0.00000,0
130.122,0.0,0.0,1.60,-0.410,0.130,-9.450,0.00000,0
130.132,0.0,0.0,1.60,-0.410,0.130,-9.450,0.00000,0
130.142,0.0,0.0,1.60,-0.410,0.130,-9.450,0.00000,0
130.153,0.0,0.0,1.60,-0.410,0.130,-9.450,0.00000,0
130.163,0.0,0.0,1.60,-0.410,0.130,-9.450,0.00000,0
130.173,0.0,0.0,1.60,-0.410,0.130,-9.450,0.00000,0
130.183,0.0,0.0,1.60,-0.410,0.130,-9.450,0.00000,0
130.193,0.0,0.0,1.60,-0.410,0.130,-9.450,0.00000,0
130.203,0.0,0.0,1.60,-0.410,0.130,-9.450,0.00000,0
130.213,0.0,0.0,1.60,-0.410,0.130,-9.450,0.00000,0
130.224,0.0,0.0,1.60,-0.410,0.130,-9.450,0.00000,0
130.234,0.0,0.0,1.60,-0.410,0.130,-9.450,0.00000,0
130.244,0.0,0.0,1.60,-0.410,0.130,-9.450,0.00000,0
130.254,0.0,0.0,1.60,-0.410,0.130,-9.450,0.00000,0
130.264,0.0,0.0,1.60,-0.410,0.130,-9.450,0.00000,0
130.274,0.0,0.0,1.60,-0.410,0.130,-9.450,0.00000,0
130.284,0.0,0.0,1.60,-0.410,0.130,-9.450,0.00000,0
130.295,0.0,0.0,1.60,-0.410,0.130,-9.450,0.00000,0
130.305,0.0,0.0,1.60,-0.410,0.130,-9.450,0.00000,0
130.315,0.0,0.0,1.60,-0.410,0.130,-9.450,0.00000,0
130.325,0.0,0.0,1.60,-0.410,0.130,-9.450,0.00000,0
130.335,0.0,0.0,1.60,-0.410,0.130,-9.450,0.00000,0
130.345,0.0,0.0,1.60,-0.410,0.130,-9.450,0.00000,0
130.355,0.0,0.0,1.60,-0.410,0.130,-9.450,0.00000,0
130.366,0.0,0.0,1.60,-0.410,0.130,-9.450,0.00000,0
130.376,0.0,0.0,1.60,-0.410,0.130,-9.450,0.00000,0
130.386,0.0,0.0,1.60,-0.410,0.130,-9.450,0.00000,0
130.396,0.0,0.0,1.60,-0.410,0.130,-9.450,0.00000,0
130.406,0.0,0.0,1.60,-0.410,0.130,-9.450,0.00000,0
130.416,0.0,0.0,1.60,-0.410,0.130,-9.450,0.00000,0
130.426,0.0,0.0,1.60,-0.410,0.130,-9.450,0.00000,0
130.437,0.0,0.0,1.60,-0.410,0.130,-9.450,0.00000,0
130.447,0.0,0.0,1.60,-0.410,0.130,-9.450,0.00000,0
130.457,0.0,0.0,1.60,-0.410,0.130,-9.450,0.00000,0
130.467,0.0,0.0,1.60,-0.410,0.130,-9.450,0.00000,0
130.477,0.0,0.0,1.60,-0.410,0.130,-9.450,0.00000,0
130.487,0.0,0.0,1.60,-0.410,0.130,-9.450,0.00000,0
130.498,0.0,0.0,1.60,-0.410,0.130,-9.450,0.00000,0
130.508,0.0,0.0,1.60,-0.410,0.130,-9.450,0.00000,0
130.518,0.0,0.0,1.60,-0.410,0.130,-9.450,0.00000,0
130.528,0.0,0.0,1.60,-0.410,0.130,-9.450,0.00000,0
130.538,0.0,0.0,1.60,-0.410,0.130,-9.450,0.00000,0
130.548,0.0,0.0,1.60,-0.410,0.130,-9.450,0.00000,0
130.558,0.0,0.0,1.60,-0.410,0.130,-9.450,0.00000,0
130.569,0.0,0.0,1.60,-0.410,0.130,-9.450,0.00000,0
130.579,0.0,0.0,1.60,-0.410,0.130,-9.450,0.00000,0
130.589,0.0,0.0,1.60,-0.410,0.130,-9.450,0.00000,0
130.599,0.0,0.0,1.60,-0.410,0.130,-9.450,0.00000,0
130.609,0.0,0.0,1.60,-0.410,0.130,-9.450,0.00000,0
130.619,0.0,0.0,1.60,-0.410,0.130,-9.450,0.00000,0
130.629,0.0,0.0,1.60,-0.410,0.130,-9.450,0.00000,0
130.639,0.0,0.0,1.60,-0.410,0.130,-9.450,0.00000,0
130.650,0.0,0.0,1.60,-0.410,0.130,-9.450,0.00000,0
130.660,0.0,0.0,1.60,-0.410,0.130,-9.450,0.00000,0
130.670,0.0,0.0,1.60,-0.410,0.130,-9.450,0.00000,0
130.680,0.0,0.0,1.60,-0.410,0.130,-9.450,0.00000,0
130.690,0.0,0.0,1.60,-0.410,0.130,-9.450,0.00000,0
130.700,0.0,0.0,1.60,-0.410,0.130,-9.450,0.00000,0
130.710,0.0,0.0,1.60,-0.410,0.130,-9.450,0.00000,0
130.721,0.0,0.0,1.60,-0.410,0.130,-9.450,0.00000,0
130.731,0.0,0.0,1.60,-0.410,0.130,-9.450,0.00000,0
130.741,0.0,0.0,1.60,-0.410,0.130,-9.450,0.00000,0
130.751,0.0,0.0,1.60,-0.410,0.130,-9.450,0.00000,0
130.761,0.0,0.0,1.60,-0.410,0.130,-9.450,0.00000,0
130.771,0.0,0.0,1.60,-0.410,0.130,-9.450,0.00000,0
130.781,0.0,0.0,1.60,-0.410,0.130,-9.450,0.00000,0
130.791,0.0,0.0,1.60,-0.410,0.130,-9.450,0.00000,0
130.802,0.0,0.0,1.60,-0.410,0.130,-9.450,0.00000,0
130.812,0.0,0.0,1.60,-0.410,0.130,-9.450,0.00000,0
130.822,0.0,0.0,1.60,-0.410,0.130,-9.450,0.00000,0
130.832,0.0,0.0,1.60,-0.410,0.130,-9.450,0.00000,0
130.842,0.0,0.0,1.60,-0.410,0.130,-9.450,0.00000,0
130.852,0.0,0.0,1.60,-0.410,0.130,-9.450,0.00000,0
130.863,0.0,0.0,1.60,-0.410,0.130,-9.450,0.00000,0
130.873,0.0,0.0,1.60,-0.410,0.130,-9.450,0.00000,0
130.883,0.0,0.0,1.60,-0.410,0.130,-9.450,0.00000,0
130.893,0.0,0.0,1.60,-0.410,0.130,-9.450,0.00000,0
130.903,0.0,0.0,1.60,-0.410,0.130,-9.450,0.00000,0
130.913,0.0,0.0,1.60,-0.410,0.130,-9.450,0.00000,0
130.923,0.0,0.0,1.60,-0.410,0.130,-9.450,0.00000,0
130.933,0.0,0.0,1.60,-0.410,0.130,-9.450,0.00000,0
130.944,0.0,0.0,1.60,-0.410,0.130,-9.450,0.00000,0
130.954,0.0,0.0,1.60,-0.410,0.130,-9.450,0.00000,0
130.964,0.0,0.0,1.60,-0.410,0.130,-9.450,0.00000,0
130.974,0.0,0.0,1.60,-0.410,0.130,-9.450,0.00000,0
130.984,0.0,0.0,1.60,-0.410,0.130,-9.450,0.00000,0
130.994,0.0,0.0,1.60,-0.410,0.130,-9.450,0.00000,0
131.004,0.0,0.0,1.60,-0.410,0.130,-9.450,0.00000,0
131.014,0.0,0.0,1.60,-0.410,0.130,-9.450,0.00000,0
131.025,0.0,0.0,1.60,-0.410,0.130,-9.450,0.00000,0
131.035,0.0,0.0,1.60,-0.410,0.130,-9.450,0.00000,0
131.045,0.0,0.0,1.60,-0.410,0.130,-9.450,0.00000,0
131.055,0.0,0.0,1.60,-0.410,0.130,-9.450,0.00000,0
131.065,0.0,0.0,1.60,-0.410,0.130,-9.450,0.00000,0
131.075,0.0,0.0,1.60,-0.410,0.130,-9.450,0.00000,0
131.085,0.0,0.0,1.60,-0.410,0.130,-9.450,0.00000,0
131.096,0.0,0.0,1.60,-0.410,0.130,-9.450,0.00000,0
131.106,0.0,0.0,1.60,-0.410,0.130,-9.450,0.00000,0
131.116,0.0,0.0,1.60,-0.410,0.130,-9.450,0.00000,0
131.126,0.0,0.0,1.60,-0.410,0.130,-9.450,0.00000,0
131.136,0.0,0.0,1.60,-0.410,0.130,-9.450,0.00000,0
131.146,0.0,0.0,1.60,-0.410,0.130,-9.450,0.00000,0
131.156,0.0,0.0,1.60,-0.410,0.130,-9.450,0.00000,0
131.167,0.0,0.0,1.60,-0.410,0.130,-9.450,0.00000,0
131.177,0.0,0.0,1.60,-0.410,0.130,-9.450,0.00000,0
131.187,0.0,0.0,1.60,-0.410,0.130,-9.450,0.00000,0
131.197,0.0,0.0,1.60,-0.410,0.130,-9.450,0.00000,0
131.207,0.0,0.0,1.60,-0.410,0.130,-9.450,0.00000,0
131.217,0.0,0.0,1.60,-0.410,0.130,-9.450,0.00000,0
131.227,0.0,0.0,1.60,-0.410,0.130,-9.450,0.00000,0
131.237,0.0,0.0,1.60,-0.410,0.130,-9.450,0.00000,0
131.248,0.0,0.0,1.60,-0.410,0.130,-9.450,0.00000,0
131.258,0.0,0.0,1.60,-0.410,0.130,-9.450,0.00000,0
131.268,0.0,0.0,1.60,-0.410,0.130,-9.450,0.00000,0
131.278,0.0,0.0,1.60,-0.410,0.130,-9.450,0.00000,0
131.288,0.0,0.0,1.60,-0.410,0.130,-9.450,0.00000,0
131.298,0.0,0.0,1.60,-0.410,0.130,-9.450,0.00000,0
131.308,0.0,0.0,1.60,-0.410,0.130,-9.450,0.00000,0
131.319,0.0,0.0,1.60,-0.410,0.130,-9.450,0.00000,0
131.329,0.0,0.0,1.60,-0.410,0.130,-9.450,0.00000,0
131.339,0.0,0.0,1.60,-0.410,0.130,-9.450,0.00000,0
131.349,0.0,0.0,1.60,-0.410,0.130,-9.450,0.00000,0
131.359,0.0,0.0,1.60,-0.410,0.130,-9.450,0.00000,0
131.369,0.0,0.0,1.60,-0.410,0.130,-9.450,0.00000,0
131.379,0.0,0.0,1.60,-0.410,0.130,-9.450,0.00000,0
131.389,0.0,0.0,1.60,-0.410,0.130,-9.450,0.00000,0
131.400,0.0,0.0,1.60,-0.410,0.130,-9.450,0.00000,0
131.410,0.0,0.0,1.60,-0.410,0.130,-9.450,0.00000,0
131.420,0.0,0.0,1.60,-0.410,0.130,-9.450,0.00000,0
131.430,0.0,0.0,1.60,-0.410,0.130,-9.450,0.00000,0
131.440,0.0,0.0,1.60,-0.410,0.130,-9.450,0.00000,0
131.450,0.0,0.0,1.60,-0.410,0.130,-9.450,0.00000,0
131.460,0.0,0.0,1.60,-0.410,0.130,-9.450,0.00000,0
131.470,0.0,0.0,1.60,-0.410,0.130,-9.450,0.00000,0
131.481,0.0,0.0,1.60,-0.410,0.130,-9.450,0.00000,0
131.491,0.0,0.0,1.60,-0.410,0.130,-9.450,0.00000,0
131.501,0.0,0.0,1.60,-0.410,0.130,-9.450,0.00000,0
131.511,0.0,0.0,1.60,-0.410,0.130,-9.450,0.00000,0
131.521,0.0,0.0,1.60,-0.410,0.130,-9.450,0.00000,0
131.531,0.0,0.0,1.60,-0.410,0.130,-9.450,0.00000,0
131.541,0.0,0.0,1.60,-0.410,0.130,-9.450,0.00000,0
131.551,0.0,0.0,1.60,-0.410,0.130,-9.450,0.00000,0
131.562,0.0,0.0,1.60,-0.410,0.130,-9.450,0.00000,0
131.572,0.0,0.0,1.60,-0.410,0.130,-9.450,0.00000,0
131.582,0.0,0.0,1.60,-0.410,0.130,-9.450,0.00000,0
131.592,0.0,0.0,1.60,-0.410,0.130,-9.450,0.00000,0
131.602,0.0,0.0,1.60,-0.410,0.130,-9.450,0.00000,0
131.612,0.0,0.0,1.60,-0.410,0.130,-9.450,0.00000,0
131.623,0.0,0.0,1.60,-0.410,0.130,-9.450,0.00000,0
131.633,0.0,0.0,1.60,-0.410,0.130,-9.450,0.00000,0
131.644,0.0,0.0,1.60,-0.410,0.130,-9.450,0.00000,0
131.654,0.0,0.0,1.60,-0.410,0.130,-9.450,0.00000,0
131.665,0.0,0.0,1.60,-0.410,0.130,-9.450,0.00000,0
131.675,0.0,0.0,1.60,-0.410,0.130,-9.450,0.00000,0
131.685,0.0,0.0,1.60,-0.410,0.130,-9.450,0.00000,0
131.695,0.0,0.0,1.60,-0.410,0.130,-9.450,0.00000,0
131.705,0.0,0.0,1.60,-0.410,0.130,-9.450,0.00000,0
131.715,0.0,0.0,1.60,-0.410,0.130,-9.450,0.00000,0
131.726,0.0,0.0,1.60,-0.410,0.130,-9.450,0.00000,0
131.736,0.0,0.0,1.60,-0.410,0.130,-9.450,0.00000,0
131.746,0.0,0.0,1.60,-0.410,0.130,-9.450,0.00000,0
131.756,0.0,0.0,1.60,-0.410,0.130,-9.450,0.00000,0
131.766,0.0,0.0,1.60,-0.410,0.130,-9.450,0.00000,0
131.776,0.0,0.0,1.60,-0.410,0.130,-9.450,0.00000,0
131.786,0.0,0.0,1.60,-0.410,0.130,-9.450,0.00000,0
131.797,0.0,0.0,1.60,-0.410,0.130,-9.450,0.00000,0
131.807,0.0,0.0,1.60,-0.410,0.130,-9.450,0.00000,0
131.817,0.0,0.0,1.60,-0.410,0.130,-9.450,0.00000,0
131.827,0.0,0.0,1.60,-0.410,0.130,-9.450,0.00000,0
131.837,0.0,0.0,1.60,-0.410,0.130,-9.450,0.00000,0
131.847,0.0,0.0,1.60,-0.410,0.130,-9.450,0.00000,0
131.858,0.0,0.0,1.60,-0.410,0.130,-9.450,0.00000,0
131.868,0.0,0.0,1.60,-0.410,0.130,-9.450,0.00000,0
131.878,0.0,0.0,1.60,-0.410,0.130,-9.450,0.00000,0
131.888,0.0,0.0,1.60,-0.410,0.130,-9.450,0.00000,0
131.898,0.0,0.0,1.60,-0.410,0.130,-9.450,0.00000,0
131.908,0.0,0.0,1.60,-0.410,0.130,-9.450,0.00000,0
131.918,0.0,0.0,1.60,-0.410,0.130,-9.450,0.00000,0
131.928,0.0,0.0,1.60,-0.410,0.130,-9.450,0.00000,0
131.939,0.0,0.0,1.60,-0.410,0.130,-9.450,0.00000,0
131.949,0.0,0.0,1.60,-0.410,0.130,-9.450,0.00000,0
131.959,0.0,0.0,1.60,-0.410,0.130,-9.450,0.00000,0
131.969,0.0,0.0,1.60,-0.410,0.130,-9.450,0.00000,0
131.979,0.0,0.0,1.60,-0.410,0.130,-9.450,0.00000,0
131.989,0.0,0.0,1.60,-0.410,0.130,-9.450,0.00000,0
131.999,0.0,0.0,1.60,-0.410,0.130,-9.450,0.00000,0
132.010,0.0,0.0,1.60,-0.410,0.130,-9.450,0.00000,0
132.020,0.0,0.0,1.60,-0.410,0.130,-9.450,0.00000,0
132.030,0.0,0.0,1.60,-0.410,0.130,-9.450,0.00000,0
132.040,0.0,0.0,1.60,-0.410,0.130,-9.450,0.00000,0
132.050,0.0,0.0,1.60,-0.410,0.130,-9.450,0.00000,0
132.060,0.0,0.0,1.60,-0.410,0.130,-9.450,0.00000,0
132.071,0.0,0.0,1.60,-0.410,0.130,-9.450,0.00000,0
132.081,0.0,0.0,1.60,-0.410,0.130,-9.450,0.00000,0
132.091,0.0,0.0,1.60,-0.410,0.130,-9.450,0.00000,0
132.101,0.0,0.0,1.60,-0.410,0.130,-9.450,0.00000,0
132.111,0.0,0.0,1.60,-0.410,0.130,-9.450,0.00000,0
132.121,0.0,0.0,1.60,-0.410,0.130,-9.450,0.00000,0
132.131,0.0,0.0,1.60,-0.410,0.130,-9.450,0.00000,0
132.141,0.0,0.0,1.60,-0.410,0.130,-9.450,0.00000,0
132.152,0.0,0.0,1.60,-0.410,0.130,-9.450,0.00000,0
132.162,0.0,0.0,1.60,-0.410,0.130,-9.450,0.00000,0
132.172,0.0,0.0,1.60,-0.410,0.130,-9.450,0.00000,0
132.182,0.0,0.0,1.60,-0.410,0.130,-9.450,0.00000,0
132.192,0.0,0.0,1.60,-0.410,0.130,-9.450,0.00000,0
132.202,0.0,0.0,1.60,-0.410,0.130,-9.450,0.00000,0
132.212,0.0,0.0,1.60,-0.410,0.130,-9.450,0.00000,0
132.223,0.0,0.0,1.60,-0.410,0.130,-9.450,0.00000,0
132.233,0.0,0.0,1.60,-0.410,0.130,-9.450,0.00000,0
132.243,0.0,0.0,1.60,-0.410,0.130,-9.450,0.00000,0
132.253,0.0,0.0,1.60,-0.410,0.130,-9.450,0.00000,0
132.263,0.0,0.0,1.60,-0.410,0.130,-9.450,0.00000,0
132.273,0.0,0.0,1.60,-0.410,0.130,-9.450,0.00000,0
132.283,0.0,0.0,1.60,-0.410,0.130,-9.450,0.00000,0
132.293,0.0,0.0,1.60,-0.410,0.130,-9.450,0.00000,0
132.304,0.0,0.0,1.60,-0.410,0.130,-9.450,0.00000,0
132.314,0.0,0.0,1.60,-0.410,0.130,-9.450,0.00000,0
132.324,0.0,0.0,1.60,-0.410,0.130,-9.450,0.00000,0
132.334,0.0,0.0,1.60,-0.410,0.130,-9.450,0.00000,0
132.345,0.0,0.0,1.60,-0.410,0.130,-9.450,0.00000,0
132.355,0.0,0.0,1.60,-0.410,0.130,-9.450,0.00000,0
132.365,0.0,0.0,1.60,-0.410,0.130,-9.450,0.00000,0
132.375,0.0,0.0,1.60,-0.410,0.130,-9.450,0.00000,0
132.385,0.0,0.0,1.60,-0.410,0.130,-9.450,0.00000,0
132.396,0.0,0.0,1.60,-0.410,0.130,-9.450,0.00000,0
132.406,0.0,0.0,1.60,-0.410,0.130,-9.450,0.00000,0
132.416,0.0,0.0,1.60,-0.410,0.130,-9.450,0.00000,0
132.426,0.0,0.0,1.60,-0.410,0.130,-9.450,0.00000,0
132.437,0.0,0.0,1.60,-0.410,0.130,-9.450,0.00000,0
132.447,0.0,0.0,1.60,-0.410,0.130,-9.450,0.00000,0
132.457,0.0,0.0,1.60,-0.410,0.130,-9.450,0.00000,0
132.467,0.0,0.0,1.60,-0.410,0.130,-9.450,0.00000,0
132.477,0.0,0.0,1.60,-0.410,0.130,-9.450,0.00000,0
132.487,0.0,0.0,1.60,-0.410,0.130,-9.450,0.00000,0
132.497,0.0,0.0,1.60,-0.410,0.130,-9.450,0.00000,0
132.508,0.0,0.0,1.60,-0.410,0.130,-9.450,0.00000,0
132.518,0.0,0.0,1.60,-0.410,0.130,-9.450,0.00000,0
132.528,0.0,0.0,1.60,-0.410,0.130,-9.450,0.00000,0
132.538,0.0,0.0,1.60,-0.410,0.130,-9.450,0.00000,0
132.548,0.0,0.0,1.60,-0.410,0.130,-9.450,0.00000,0
132.558,0.0,0.0,1.60,-0.410,0.130,-9.450,0.00000,0
132.568,0.0,0.0,1.60,-0.410,0.130,-9.450,0.00000,0
132.578,0.0,0.0,1.60,-0.410,0.130,-9.450,0.00000,0
132.589,0.0,0.0,1.60,-0.410,0.130,-9.450,0.00000,0
132.599,0.0,0.0,1.60,-0.410,0.130,-9.450,0.00000,0
132.609,0.0,0.0,1.60,-0.410,0.130,-9.450,0.00000,0
132.619,0.0,0.0,1.60,-0.410,0.130,-9.450,0.00000,0
132.629,0.0,0.0,1.60,-0.410,0.130,-9.450,0.00000,0
132.639,0.0,0.0,1.60,-0.410,0.130,-9.450,0.00000,0
132.649,0.0,0.0,1.60,-0.410,0.130,-9.450,0.00000,0
132.660,0.0,0.0,1.60,-0.410,0.130,-9.450,0.00000,0
132.670,0.0,0.0,1.60,-0.410,0.130,-9.450,0.00000,0
132.680,0.0,0.0,1.60,-0.410,0.130,-9.450,0.00000,0
132.690,0.0,0.0,1.60,-0.410,0.130,-9.450,0.00000,0
132.700,0.0,0.0,1.60,-0.410,0.130,-9.450,0.00000,0
132.710,0.0,0.0,1.60,-0.410,0.130,-9.450,0.00000,0
132.720,0.0,0.0,1.60,-0.410,0.130,-9.450,0.00000,0
132.730,0.0,0.0,1.60,-0.410,0.130,-9.450,0.00000,0
132.741,0.0,0.0,1.60,-0.410,0.130,-9.450,0.00000,0
132.751,0.0,0.0,1.60,-0.410,0.130,-9.450,0.00000,0
132.761,0.0,0.0,1.60,-0.410,0.130,-9.450,0.00000,0
132.771,0.0,0.0,1.60,-0.410,0.130,-9.450,0.00000,0
132.781,0.0,0.0,1.60,-0.410,0.130,-9.450,0.00000,0
132.791,0.0,0.0,1.60,-0.410,0.130,-9.450,0.00000,0
132.802,0.0,0.0,1.60,-0.410,0.130,-9.450,0.00000,0
132.812,0.0,0.0,1.60,-0.410,0.130,-9.450,0.00000,0
132.822,0.0,0.0,1.60,-0.410,0.130,-9.450,0.00000,0
132.832,0.0,0.0,1.60,-0.410,0.130,-9.450,0.00000,0
132.842,0.0,0.0,1.60,-0.410,0.130,-9.450,0.00000,0
132.852,0.0,0.0,1.60,-0.410,0.130,-9.450,0.00000,0
132.862,0.0,0.0,1.60,-0.410,0.130,-9.450,0.00000,0
132.873,0.0,0.0,1.60,-0.410,0.130,-9.450,0.00000,0
132.883,0.0,0.0,1.60,-0.410,0.130,-9.450,0.00000,0
132.893,0.0,0.0,1.60,-0.410,0.130,-9.450,0.00000,0
132.903,0.0,0.0,1.60,-0.410,0.130,-9.450,0.00000,0
132.913,0.0,0.0,1.60,-0.410,0.130,-9.450,0.00000,0
132.923,0.0,0.0,1.60,-0.410,0.130,-9.450,0.00000,0
132.933,0.0,0.0,1.60,-0.410,0.130,-9.450,0.00000,0
132.943,0.0,0.0,1.60,-0.410,0.130,-9.450,0.00000,0
132.954,0.0,0.0,1.60,-0.410,0.130,-9.450,0.00000,0
132.964,0.0,0.0,1.60,-0.410,0.130,-9.450,0.00000,0
132.974,0.0,0.0,1.60,-0.410,0.130,-9.450,0.00000,0
132.984,0.0,0.0,1.60,-0.410,0.130,-9.450,0.00000,0
132.994,0.0,0.0,1.60,-0.410,0.130,-9.450,0.00000,0
133.004,0.0,0.0,1.60,-0.410,0.130,-9.450,0.00000,0
133.015,0.0,0.0,1.60,-0.410,0.130,-9.450,0.00000,0
133.025,0.0,0.0,1.60,-0.410,0.130,-9.450,0.00000,0
133.035,0.0,0.0,1.60,-0.410,0.130,-9.450,0.00000,0
133.045,0.0,0.0,1.60,-0.410,0.130,-9.450,0.00000,0
133.055,0.0,0.0,1.60,-0.410,0.130,-9.450,0.00000,0
133.065,0.0,0.0,1.60,-0.410,0.130,-9.450,0.00000,0
133.075,0.0,0.0,1.60,-0.410,0.130,-9.450,0.00000,0
133.086,0.0,0.0,1.60,-0.410,0.130,-9.450,0.00000,0
133.096,0.0,0.0,1.60,-0.410,0.130,-9.450,0.00000,0
133.106,0.0,0.0,1.60,-0.410,0.130,-9.450,0.00000,0
133.116,0.0,0.0,1.60,-0.410,0.130,-9.450,0.00000,0
133.126,0.0,0.0,1.60,-0.410,0.130,-9.450,0.00000,0
133.136,0.0,0.0,1.60,-0.410,0.130,-9.450,0.00000,0
133.146,0.0,0.0,1.60,-0.410,0.130,-9.450,0.00000,0
133.157,0.0,0.0,1.60,-0.410,0.130,-9.450,0.00000,0
133.167,0.0,0.0,1.60,-0.410,0.130,-9.450,0.00000,0
133.177,0.0,0.0,1.60,-0.410,0.130,-9.450,0.00000,0
133.187,0.0,0.0,1.60,-0.410,0.130,-9.450,0.00000,0
133.197,0.0,0.0,1.60,-0.410,0.130,-9.450,0.00000,0
133.207,0.0,0.0,1.60,-0.410,0.130,-9.450,0.00000,0
133.217,0.0,0.0,1.60,-0.410,0.130,-9.450,0.00000,0
133.227,0.0,0.0,1.60,-0.410,0.130,-9.450,0.00000,0
133.238,0.0,0.0,1.60,-0.410,0.130,-9.450,0.00000,0
133.248,0.0,0.0,1.60,-0.410,0.130,-9.450,0.00000,0
133.258,0.0,0.0,1.60,-0.410,0.130,-9.450,0.00000,0
133.268,0.0,0.0,1.60,-0.410,0.130,-9.450,0.00000,0
133.278,0.0,0.0,1.60,-0.410,0.130,-9.450,0.00000,0
133.288,0.0,0.0,1.60,-0.410,0.130,-9.450,0.00000,0
133.298,0.0,0.0,1.60,-0.410,0.130,-9.450,0.00000,0
133.309,0.0,0.0,1.60,-0.410,0.130,-9.450,0.00000,0
133.319,0.0,0.0,1.60,-0.410,0.130,-9.450,0.00000,0
133.329,0.0,0.0,1.60,-0.410,0.130,-9.450,0.00000,0
133.339,0.0,0.0,1.60,-0.410,0.130,-9.450,0.00000,0
133.349,0.0,0.0,1.60,-0.410,0.130,-9.450,0.00000,0
133.359,0.0,0.0,1.60,-0.410,0.130,-9.450,0.00000,0
133.369,0.0,0.0,1.60,-0.410,0.130,-9.450,0.00000,0
133.379,0.0,0.0,1.60,-0.410,0.130,-9.450,0.00000,0
133.390,0.0,0.0,1.60,-0.410,0.130,-9.450,0.00000,0
133.400,0.0,0.0,1.60,-0.410,0.130,-9.450,0.00000,0
133.410,0.0,0.0,1.60,-0.410,0.130,-9.450,0.00000,0
133.420,0.0,0.0,1.60,-0.410,0.130,-9.450,0.00000,0
133.430,0.0,0.0,1.60,-0.410,0.130,-9.450,0.00000,0
133.440,0.0,0.0,1.60,-0.410,0.130,-9.450,0.00000,0
133.450,0.0,0.0,1.60,-0.410,0.130,-9.450,0.00000,0
133.461,0.0,0.0,1.60,-0.410,0.130,-9.450,0.00000,0
133.471,0.0,0.0,1.60,-0.410,0.130,-9.450,0.00000,0
133.481,0.0,0.0,1.60,-0.410,0.130,-9.450,0.00000,0
133.491,0.0,0.0,1.60,-0.410,0.130,-9.450,0.00000,0
133.501,0.0,0.0,1.60,-0.410,0.130,-9.450,0.00000,0
133.511,0.0,0.0,1.60,-0.410,0.130,-9.450,0.00000,0
133.521,0.0,0.0,1.60,-0.410,0.130,-9.450,0.00000,0
133.531,0.0,0.0,1.60,-0.410,0.130,-9.450,0.00000,0
133.542,0.0,0.0,1.60,-0.410,0.130,-9.450,0.00000,0
133.552,0.0,0.0,1.60,-0.410,0.130,-9.450,0.00000,0
133.562,0.0,0.0,1.60,-0.410,0.130,-9.450,0.00000,0
133.572,0.0,0.0,1.60,-0.410,0.130,-9.450,0.00000,0
133.582,0.0,0.0,1.60,-0.410,0.130,-9.450,0.00000,0
133.592,0.0,0.0,1.60,-0.410,0.130,-9.450,0.00000,0
133.602,0.0,0.0,1.60,-0.410,0.130,-9.450,0.00000,0
133.612,0.0,0.0,1.60,-0.410,0.130,-9.450,0.00000,0
133.623,0.0,0.0,1.60,-0.410,0.130,-9.450,0.00000,0
133.633,0.0,0.0,1.60,-0.410,0.130,-9.450,0.00000,0
133.643,0.0,0.0,1.60,-0.410,0.130,-9.450,0.00000,0
133.653,0.0,0.0,1.60,-0.410,0.130,-9.450,0.00000,0
133.663,0.0,0.0,1.60,-0.410,0.130,-9.450,0.00000,0
133.673,0.0,0.0,1.60,-0.410,0.130,-9.450,0.00000,0
133.683,0.0,0.0,1.60,-0.410,0.130,-9.450,0.00000,0
133.694,0.0,0.0,1.60,-0.410,0.130,-9.450,0.00000,0
133.704,0.0,0.0,1.60,-0.410,0.130,-9.450,0.00000,0
133.714,0.0,0.0,1.60,-0.410,0.130,-9.450,0.00000,0
133.724,0.0,0.0,1.60,-0.410,0.130,-9.450,0.00000,0
133.734,0.0,0.0,1.60,-0.410,0.130,-9.450,0.00000,0
133.744,0.0,0.0,1.60,-0.410,0.130,-9.450,0.00000,0
133.754,0.0,0.0,1.60,-0.410,0.130,-9.450,0.00000,0
133.764,0.0,0.0,1.60,-0.410,0.130,-9.450,0.00000,0
133.775,0.0,0.0,1.60,-0.410,0.130,-9.450,0.00000,0
133.785,0.0,0.0,1.60,-0.410,0.130,-9.450,0.00000,0
133.795,0.0,0.0,1.60,-0.410,0.130,-9.450,0.00000,0
133.805,0.0,0.0,1.60,-0.410,0.130,-9.450,0.00000,0
133.815,0.0,0.0,1.60,-0.410,0.130,-9.450,0.00000,0
133.825,0.0,0.0,1.60,-0.410,0.130,-9.450,0.00000,0
133.835,0.0,0.0,1.60,-0.410,0.130,-9.450,0.00000,0
133.846,0.0,0.0,1.60,-0.410,0.130,-9.450,0.00000,0
133.856,0.0,0.0,1.60,-0.410,0.130,-9.450,0.00000,0
133.866,0.0,0.0,1.60,-0.410,0.130,-9.450,0.00000,0
133.876,0.0,0.0,1.60,-0.410,0.130,-9.450,0.00000,0
133.886,0.0,0.0,1.60,-0.410,0.130,-9.450,0.00000,0
133.897,0.0,0.0,1.60,-0.410,0.130,-9.450,0.00000,0
133.908,0.0,0.0,1.60,-0.410,0.130,-9.450,0.00000,0
133.918,0.0,0.0,1.60,-0.410,0.130,-9.450,0.00000,0
133.928,0.0,0.0,1.60,-0.410,0.130,-9.450,0.00000,0
133.938,0.0,0.0,1.60,-0.410,0.130,-9.450,0.00000,0
133.948,0.0,0.0,1.60,-0.410,0.130,-9.450,0.00000,0
133.958,0.0,0.0,1.60,-0.410,0.130,-9.450,0.00000,0
133.968,0.0,0.0,1.60,-0.410,0.130,-9.450,0.00000,0
133.979,0.0,0.0,1.60,-0.410,0.130,-9.450,0.00000,0
133.989,0.0,0.0,1.60,-0.410,0.130,-9.450,0.00000,0
133.999,0.0,0.0,1.60,-0.410,0.130,-9.450,0.00000,0
134.009,0.0,0.0,1.60,-0.410,0.130,-9.450,0.00000,0
134.019,0.0,0.0,1.60,-0.410,0.130,-9.450,0.00000,0
134.029,0.0,0.0,1.60,-0.410,0.130,-9.450,0.00000,0
134.039,0.0,0.0,1.60,-0.410,0.130,-9.450,0.00000,0
134.050,0.0,0.0,1.60,-0.410,0.130,-9.450,0.00000,0
134.060,0.0,0.0,1.60,-0.410,0.130,-9.450,0.00000,0
134.070,0.0,0.0,1.60,-0.410,0.130,-9.450,0.00000,0
134.080,0.0,0.0,1.60,-0.410,0.130,-9.450,0.00000,0
134.090,0.0,0.0,1.60,-0.410,0.130,-9.450,0.00000,0
134.100,0.0,0.0,1.60,-0.410,0.130,-9.450,0.00000,0
134.110,0.0,0.0,1.60,-0.410,0.130,-9.450,0.00000,0
134.121,0.0,0.0,1.60,-0.410,0.130,-9.450,0.00000,0
134.131,0.0,0.0,1.60,-0.410,0.130,-9.450,0.00000,0
134.141,0.0,0.0,1.60,-0.410,0.130,-9.450,0.00000,0
134.151,0.0,0.0,1.60,-0.410,0.130,-9.450,0.00000,0
134.161,0.0,0.0,1.60,-0.410,0.130,-9.450,0.00000,0
134.171,0.0,0.0,1.60,-0.410,0.130,-9.450,0.00000,0
134.181,0.0,0.0,1.60,-0.410,0.130,-9.450,0.00000,0
134.191,0.0,0.0,1.60,-0.410,0.130,-9.450,0.00000,0
134.202,0.0,0.0,1.60,-0.410,0.130,-9.450,0.00000,0
134.212,0.0,0.0,1.60,-0.410,0.130,-9.450,0.00000,0
134.222,0.0,0.0,1.60,-0.410,0.130,-9.450,0.00000,0
134.232,0.0,0.0,1.60,-0.410,0.130,-9.450,0.00000,0
134.242,0.0,0.0,1.60,-0.410,0.130,-9.450,0.00000,0
134.252,0.0,0.0,1.60,-0.410,0.130,-9.450,0.00000,0
134.263,0.0,0.0,1.60,-0.410,0.130,-9.450,0.00000,0
134.273,0.0,0.0,1.60,-0.410,0.130,-9.450,0.00000,0
134.283,0.0,0.0,1.60,-0.410,0.130,-9.450,0.00000,0
134.293,0.0,0.0,1.60,-0.410,0.130,-9.450,0.00000,0
134.303,0.0,0.0,1.60,-0.410,0.130,-9.450,0.00000,0
134.313,0.0,0.0,1.60,-0.410,0.130,-9.450,0.00000,0
134.323,0.0,0.0,1.60,-0.410,0.130,-9.450,0.00000,0
134.333,0.0,0.0,1.60,-0.410,0.130,-9.450,0.00000,0
134.343,0.0,0.0,1.60,-0.410,0.130,-9.450,0.00000,0
134.354,0.0,0.0,1.60,-0.410,0.130,-9.450,0.00000,0
134.364,0.0,0.0,1.60,-0.410,0.130,-9.450,0.00000,0
134.374,0.0,0.0,1.60,-0.410,0.130,-9.450,0.00000,0
134.384,0.0,0.0,1.60,-0.410,0.130,-9.450,0.00000,0
134.394,0.0,0.0,1.60,-0.410,0.130,-9.450,0.00000,0
134.404,0.0,0.0,1.60,-0.410,0.130,-9.450,0.00000,0
134.414,0.0,0.0,1.60,-0.410,0.130,-9.450,0.00000,0
134.425,0.0,0.0,1.60,-0.410,0.130,-9.450,0.00000,0
134.435,0.0,0.0,1.60,-0.410,0.130,-9.450,0.00000,0
134.445,0.0,0.0,1.60,-0.410,0.130,-9.450,0.00000,0
134.455,0.0,0.0,1.60,-0.410,0.130,-9.450,0.00000,0
134.465,0.0,0.0,1.60,-0.410,0.130,-9.450,0.00000,0
134.475,0.0,0.0,1.60,-0.410,0.130,-9.450,0.00000,0
134.485,0.0,0.0,1.60,-0.410,0.130,-9.450,0.00000,0
134.495,0.0,0.0,1.60,-0.410,0.130,-9.450,0.00000,0
134.506,0.0,0.0,1.60,-0.410,0.130,-9.450,0.00000,0
134.516,0.0,0.0,1.60,-0.410,0.130,-9.450,0.00000,0
134.526,0.0,0.0,1.60,-0.410,0.130,-9.450,0.00000,0
134.536,0.0,0.0,1.60,-0.410,0.130,-9.450,0.00000,0
134.546,0.0,0.0,1.60,-0.410,0.130,-9.450,0.00000,0
134.556,0.0,0.0,1.60,-0.410,0.130,-9.450,0.00000,0
134.566,0.0,0.0,1.60,-0.410,0.130,-9.450,0.00000,0
134.577,0.0,0.0,1.60,-0.410,0.130,-9.450,0.00000,0
134.587,0.0,0.0,1.60,-0.410,0.130,-9.450,0.00000,0
134.597,0.0,0.0,1.60,-0.410,0.130,-9.450,0.00000,0
134.607,0.0,0.0,1.60,-0.410,0.130,-9.450,0.00000,0
134.617,0.0,0.0,1.60,-0.410,0.130,-9.450,0.00000,0
134.627,0.0,0.0,1.60,-0.410,0.130,-9.450,0.00000,0
134.637,0.0,0.0,1.60,-0.410,0.130,-9.450,0.00000,0
134.647,0.0,0.0,1.60,-0.410,0.130,-9.450,0.00000,0
134.658,0.0,0.0,1.60,-0.410,0.130,-9.450,0.00000,0
134.668,0.0,0.0,1.60,-0.410,0.130,-9.450,0.00000,0
134.678,0.0,0.0,1.60,-0.410,0.130,-9.450,0.00000,0
134.688,0.0,0.0,1.60,-0.410,0.130,-9.450,0.00000,0
134.698,0.0,0.0,1.60,-0.410,0.130,-9.450,0.00000,0
134.708,0.0,0.0,1.60,-0.410,0.130,-9.450,0.00000,0
134.719,0.0,0.0,1.60,-0.410,0.130,-9.450,0.00000,0
134.729,0.0,0.0,1.60,-0.410,0.130,-9.450,0.00000,0
134.739,0.0,0.0,1.60,-0.410,0.130,-9.450,0.00000,0
134.749,0.0,0.0,1.60,-0.410,0.130,-9.450,0.00000,0
134.759,0.0,0.0,1.60,-0.410,0.130,-9.450,0.00000,0
134.769,0.0,0.0,1.60,-0.410,0.130,-9.450,0.00000,0
134.779,0.0,0.0,1.60,-0.410,0.130,-9.450,0.00000,0
134.789,0.0,0.0,1.60,-0.410,0.130,-9.450,0.00000,0
134.800,0.0,0.0,1.60,-0.410,0.130,-9.450,0.00000,0
134.810,0.0,0.0,1.60,-0.410,0.130,-9.450,0.00000,0
134.820,0.0,0.0,1.60,-0.410,0.130,-9.450,0.00000,0
134.830,0.0,0.0,1.60,-0.410,0.130,-9.450,0.00000,0
134.840,0.0,0.0,1.60,-0.410,0.130,-9.450,0.00000,0
134.850,0.0,0.0,1.60,-0.410,0.130,-9.450,0.00000,0
134.860,0.0,0.0,1.60,-0.410,0.130,-9.450,0.00000,0
134.871,0.0,0.0,1.60,-0.410,0.130,-9.450,0.00000,0
134.881,0.0,0.0,1.60,-0.410,0.130,-9.450,0.00000,0
134.891,0.0,0.0,1.60,-0.410,0.130,-9.450,0.00000,0
134.901,0.0,0.0,1.60,-0.410,0.130,-9.450,0.00000,0
134.911,0.0,0.0,1.60,-0.410,0.130,-9.450,0.00000,0
134.921,0.0,0.0,1.60,-0.410,0.130,-9.450,0.00000,0
134.932,0.0,0.0,1.60,-0.410,0.130,-9.450,0.00000,0
134.942,0.0,0.0,1.60,-0.410,0.130,-9.450,0.00000,0
134.952,0.0,0.0,1.60,-0.410,0.130,-9.450,0.00000,0
134.962,0.0,0.0,1.60,-0.410,0.130,-9.450,0.00000,0
134.972,0.0,0.0,1.60,-0.410,0.130,-9.450,0.00000,0
134.982,0.0,0.0,1.60,-0.410,0.130,-9.450,0.00000,0
134.992,0.0,0.0,1.60,-0.410,0.130,-9.450,0.00000,0
135.003,0.0,0.0,1.60,-0.410,0.130,-9.450,0.00000,0
135.013,0.0,0.0,1.60,-0.410,0.130,-9.450,0.00000,0
135.023,0.0,0.0,1.60,-0.410,0.130,-9.450,0.00000,0
135.033,0.0,0.0,1.60,-0.410,0.130,-9.450,0.00000,0
135.043,0.0,0.0,1.60,-0.410,0.130,-9.450,0.00000,0
135.053,0.0,0.0,1.60,-0.410,0.130,-9.450,0.00000,0
135.063,0.0,0.0,1.60,-0.410,0.130,-9.450,0.00000,0
135.074,0.0,0.0,1.60,-0.410,0.130,-9.450,0.00000,0
135.084,0.0,0.0,1.60,-0.410,0.130,-9.450,0.00000,0
135.094,0.0,0.0,1.60,-0.410,0.130,-9.450,0.00000,0
135.104,0.0,0.0,1.60,-0.410,0.130,-9.450,0.00000,0
135.114,0.0,0.0,1.60,-0.410,0.130,-9.450,0.00000,0
135.124,0.0,0.0,1.60,-0.410,0.130,-9.450,0.00000,0
135.134,0.0,0.0,1.60,-0.410,0.130,-9.450,0.00000,0
135.144,0.0,0.0,1.60,-0.410,0.130,-9.450,0.00000,0
135.155,0.0,0.0,1.60,-0.410,0.130,-9.450,0.00000,0
135.165,0.0,0.0,1.60,-0.410,0.130,-9.450,0.00000,0
135.175,0.0,0.0,1.60,-0.410,0.130,-9.450,0.00000,0
135.185,0.0,0.0,1.60,-0.410,0.130,-9.450,0.00000,0
135.195,0.0,0.0,1.60,-0.410,0.130,-9.450,0.00000,0
135.205,0.0,0.0,1.60,-0.410,0.130,-9.450,0.00000,0
135.216,0.0,0.0,1.60,-0.410,0.130,-9.450,0.00000,0
135.226,0.0,0.0,1.60,-0.410,0.130,-9.450,0.00000,0
135.236,0.0,0.0,1.60,-0.410,0.130,-9.450,0.00000,0
135.246,0.0,0.0,1.60,-0.410,0.130,-9.450,0.00000,0
135.256,0.0,0.0,1.60,-0.410,0.130,-9.450,0.00000,0
135.266,0.0,0.0,1.60,-0.410,0.130,-9.450,0.00000,0
135.276,0.0,0.0,1.60,-0.410,0.130,-9.450,0.00000,0
135.287,0.0,0.0,1.60,-0.410,0.130,-9.450,0.00000,0
135.297,0.0,0.0,1.60,-0.410,0.130,-9.450,0.00000,0
135.307,0.0,0.0,1.60,-0.410,0.130,-9.450,0.00000,0
135.317,0.0,0.0,1.60,-0.410,0.130,-9.450,0.00000,0
135.327,0.0,0.0,1.60,-0.410,0.130,-9.450,0.00000,0
135.337,0.0,0.0,1.60,-0.410,0.130,-9.450,0.00000,0
135.347,0.0,0.0,1.60,-0.410,0.130,-9.450,0.00000,0
135.358,0.0,0.0,1.60,-0.410,0.130,-9.450,0.00000,0
135.368,0.0,0.0,1.60,-0.410,0.130,-9.450,0.00000,0
135.378,0.0,0.0,1.60,-0.410,0.130,-9.450,0.00000,0
135.388,0.0,0.0,1.60,-0.410,0.130,-9.450,0.00000,0
135.398,0.0,0.0,1.60,-0.410,0.130,-9.450,0.00000,0
135.408,0.0,0.0,1.60,-0.410,0.130,-9.450,0.00000,0
135.418,0.0,0.0,1.60,-0.410,0.130,-9.450,0.00000,0
135.429,0.0,0.0,1.60,-0.410,0.130,-9.450,0.00000,0
135.439,0.0,0.0,1.60,-0.410,0.130,-9.450,0.00000,0
135.449,0.0,0.0,1.60,-0.410,0.130,-9.450,0.00000,0
135.459,0.0,0.0,1.60,-0.410,0.130,-9.450,0.00000,0
135.469,0.0,0.0,1.60,-0.410,0.130,-9.450,0.00000,0
135.479,0.0,0.0,1.60,-0.410,0.130,-9.450,0.00000,0
135.489,0.0,0.0,1.60,-0.410,0.130,-9.450,0.00000,0
135.500,0.0,0.0,1.60,-0.410,0.130,-9.450,0.00000,0
135.510,0.0,0.0,1.60,-0.410,0.130,-9.450,0.00000,0
135.520,0.0,0.0,1.60,-0.410,0.130,-9.450,0.00000,0
135.530,0.0,0.0,1.60,-0.410,0.130,-9.450,0.00000,0
135.540,0.0,0.0,1.60,-0.410,0.130,-9.450,0.00000,0
135.550,0.0,0.0,1.60,-0.410,0.130,-9.450,0.00000,0
135.561,0.0,0.0,1.60,-0.410,0.130,-9.450,0.00000,0
135.571,0.0,0.0,1.60,-0.410,0.130,-9.450,0.00000,0
135.581,0.0,0.0,1.60,-0.410,0.130,-9.450,0.00000,0
135.591,0.0,0.0,1.60,-0.410,0.130,-9.450,0.00000,0
135.601,0.0,0.0,1.60,-0.410,0.130,-9.450,0.00000,0
135.611,0.0,0.0,1.60,-0.410,0.130,-9.450,0.00000,0
135.621,0.0,0.0,1.60,-0.410,0.130,-9.450,0.00000,0
135.631,0.0,0.0,1.60,-0.410,0.130,-9.450,0.00000,0
135.642,0.0,0.0,1.60,-0.410,0.130,-9.450,0.00000,0
135.652,0.0,0.0,1.60,-0.410,0.130,-9.450,0.00000,0
135.662,0.0,0.0,1.60,-0.410,0.130,-9.450,0.00000,0
135.672,0.0,0.0,1.60,-0.410,0.130,-9.450,0.00000,0
135.682,0.0,0.0,1.60,-0.410,0.130,-9.450,0.00000,0
135.692,0.0,0.0,1.60,-0.410,0.130,-9.450,0.00000,0
135.702,0.0,0.0,1.60,-0.410,0.130,-9.450,0.00000,0
135.713,0.0,0.0,1.60,-0.410,0.130,-9.450,0.00000,0
135.723,0.0,0.0,1.60,-0.410,0.130,-9.450,0.00000,0
135.733,0.0,0.0,1.60,-0.410,0.130,-9.450,0.00000,0
135.743,0.0,0.0,1.60,-0.410,0.130,-9.450,0.00000,0
135.753,0.0,0.0,1.60,-0.410,0.130,-9.450,0.00000,0
135.763,0.0,0.0,1.60,-0.410,0.130,-9.450,0.00000,0
135.773,0.0,0.0,1.60,-0.410,0.130,-9.450,0.00000,0
135.784,0.0,0.0,1.60,-0.410,0.130,-9.450,0.00000,0
135.794,0.0,0.0,1.60,-0.410,0.130,-9.450,0.00000,0
135.804,0.0,0.0,1.60,-0.410,0.130,-9.450,0.00000,0
135.814,0.0,0.0,1.60,-0.410,0.130,-9.450,0.00000,0
135.824,0.0,0.0,1.60,-0.410,0.130,-9.450,0.00000,0
135.834,0.0,0.0,1.60,-0.410,0.130,-9.450,0.00000,0
135.844,0.0,0.0,1.60,-0.410,0.130,-9.450,0.00000,0
135.855,0.0,0.0,1.60,-0.410,0.130,-9.450,0.00000,0
135.865,0.0,0.0,1.60,-0.410,0.130,-9.450,0.00000,0
135.875,0.0,0.0,1.60,-0.410,0.130,-9.450,0.00000,0
135.885,0.0,0.0,1.60,-0.410,0.130,-9.450,0.00000,0
135.895,0.0,0.0,1.60,-0.410,0.130,-9.450,0.00000,0
135.905,0.0,0.0,1.60,-0.410,0.130,-9.450,0.00000,0
135.915,0.0,0.0,1.60,-0.410,0.130,-9.450,0.00000,0
135.926,0.0,0.0,1.60,-0.410,0.130,-9.450,0.00000,0
135.936,0.0,0.0,1.60,-0.410,0.130,-9.450,0.00000,0
135.946,0.0,0.0,1.60,-0.410,0.130,-9.450,0.00000,0
135.956,0.0,0.0,1.60,-0.410,0.130,-9.450,0.00000,0
135.966,0.0,0.0,1.60,-0.410,0.130,-9.450,0.00000,0
135.976,0.0,0.0,1.60,-0.410,0.130,-9.450,0.00000,0
135.986,0.0,0.0,1.60,-0.410,0.130,-9.450,0.00000,0
135.997,0.0,0.0,1.60,-0.410,0.130,-9.450,0.00000,0
136.007,0.0,0.0,1.60,-0.410,0.130,-9.450,0.00000,0
136.017,0.0,0.0,1.60,-0.410,0.130,-9.450,0.00000,0
136.027,0.0,0.0,1.60,-0.410,0.130,-9.450,0.00000,0
136.037,0.0,0.0,1.60,-0.410,0.130,-9.450,0.00000,0
136.047,0.0,0.0,1.60,-0.410,0.130,-9.450,0.00000,0
136.057,0.0,0.0,1.60,-0.410,0.130,-9.450,0.00000,0
136.068,0.0,0.0,1.60,-0.410,0.130,-9.450,0.00000,0
136.078,0.0,0.0,1.60,-0.410,0.130,-9.450,0.00000,0
136.088,0.0,0.0,1.60,-0.410,0.130,-9.450,0.00000,0
136.098,0.0,0.0,1.60,-0.410,0.130,-9.450,0.00000,0
136.108,0.0,0.0,1.60,-0.410,0.130,-9.450,0.00000,0
136.118,0.0,0.0,1.60,-0.410,0.130,-9.450,0.00000,0
136.128,0.0,0.0,1.60,-0.410,0.130,-9.450,0.00000,0
136.138,0.0,0.0,1.60,-0.410,0.130,-9.450,0.00000,0
136.148,0.0,0.0,1.60,-0.410,0.130,-9.450,0.00000,0
136.159,0.0,0.0,1.60,-0.410,0.130,-9.450,0.00000,0
136.169,0.0,0.0,1.60,-0.410,0.130,-9.450,0.00000,0
136.179,0.0,0.0,1.60,-0.410,0.130,-9.450,0.00000,0
136.189,0.0,0.0,1.60,-0.410,0.130,-9.450,0.00000,0
136.199,0.0,0.0,1.60,-0.410,0.130,-9.450,0.00000,0
136.209,0.0,0.0,1.60,-0.410,0.130,-9.450,0.00000,0
136.219,0.0,0.0,1.60,-0.410,0.130,-9.450,0.00000,0
136.230,0.0,0.0,1.60,-0.410,0.130,-9.450,0.00000,0
136.240,0.0,0.0,1.60,-0.410,0.130,-9.450,0.00000,0
136.250,0.0,0.0,1.60,-0.410,0.130,-9.450,0.00000,0
136.260,0.0,0.0,1.60,-0.410,0.130,-9.450,0.00000,0
136.270,0.0,0.0,1.60,-0.410,0.130,-9.450,0.00000,0
136.280,0.0,0.0,1.60,-0.410,0.130,-9.450,0.00000,0
136.290,0.0,0.0,1.60,-0.410,0.130,-9.450,0.00000,0
136.301,0.0,0.0,1.60,-0.410,0.130,-9.450,0.00000,0
136.311,0.0,0.0,1.60,-0.410,0.130,-9.450,0.00000,0
136.321,0.0,0.0,1.60,-0.410,0.130,-9.450,0.00000,0
136.331,0.0,0.0,1.60,-0.410,0.130,-9.450,0.00000,0
136.341,0.0,0.0,1.60,-0.410,0.130,-9.450,0.00000,0
136.351,0.0,0.0,1.60,-0.410,0.130,-9.450,0.00000,0
136.361,0.0,0.0,1.60,-0.410,0.130,-9.450,0.00000,0
136.372,0.0,0.0,1.60,-0.410,0.130,-9.450,0.00000,0
136.382,0.0,0.0,1.60,-0.410,0.130,-9.450,0.00000,0
136.392,0.0,0.0,1.60,-0.410,0.130,-9.450,0.00000,0
136.402,0.0,0.0,1.60,-0.410,0.130,-9.450,0.00000,0
136.412,0.0,0.0,1.60,-0.410,0.130,-9.450,0.00000,0
136.422,0.0,0.0,1.60,-0.410,0.130,-9.450,0.00000,0
136.432,0.0,0.0,1.60,-0.410,0.130,-9.450,0.00000,0
136.443,0.0,0.0,1.60,-0.410,0.130,-9.450,0.00000,0
136.453,0.0,0.0,1.60,-0.410,0.130,-9.450,0.00000,0
136.463,0.0,0.0,1.60,-0.410,0.130,-9.450,0.00000,0
136.473,0.0,0.0,1.60,-0.410,0.130,-9.450,0.00000,0
136.483,0.0,0.0,1.60,-0.410,0.130,-9.450,0.00000,0
136.493,0.0,0.0,1.60,-0.410,0.130,-9.450,0.00000,0
136.503,0.0,0.0,1.60,-0.410,0.130,-9.450,0.00000,0
136.514,0.0,0.0,1.60,-0.410,0.130,-9.450,0.00000,0
136.524,0.0,0.0,1.60,-0.410,0.130,-9.450,0.00000,0
136.534,0.0,0.0,1.60,-0.410,0.130,-9.450,0.00000,0
136.544,0.0,0.0,1.60,-0.410,0.130,-9.450,0.00000,0
136.554,0.0,0.0,1.60,-0.410,0.130,-9.450,0.00000,0
136.564,0.0,0.0,1.60,-0.410,0.130,-9.450,0.00000,0
136.575,0.0,0.0,1.60,-0.410,0.130,-9.450,0.00000,0
136.585,0.0,0.0,1.60,-0.410,0.130,-9.450,0.00000,0
136.595,0.0,0.0,1.60,-0.410,0.130,-9.450,0.00000,0
136.605,0.0,0.0,1.60,-0.410,0.130,-9.450,0.00000,0
136.615,0.0,0.0,1.60,-0.410,0.130,-9.450,0.00000,0
136.625,0.0,0.0,1.60,-0.410,0.130,-9.450,0.00000,0
136.635,0.0,0.0,1.60,-0.410,0.130,-9.450,0.00000,0
136.646,0.0,0.0,1.60,-0.410,0.130,-9.450,0.00000,0
136.656,0.0,0.0,1.60,-0.410,0.130,-9.450,0.00000,0
136.666,0.0,0.0,1.60,-0.410,0.130,-9.450,0.00000,0
136.676,0.0,0.0,1.60,-0.410,0.130,-9.450,0.00000,0
136.686,0.0,0.0,1.60,-0.410,0.130,-9.450,0.00000,0
136.696,0.0,0.0,1.60,-0.410,0.130,-9.450,0.00000,0
136.706,0.0,0.0,1.60,-0.410,0.130,-9.450,0.00000,0
136.717,0.0,0.0,1.60,-0.410,0.130,-9.450,0.00000,0
136.727,0.0,0.0,1.60,-0.410,0.130,-9.450,0.00000,0
136.737,0.0,0.0,1.60,-0.410,0.130,-9.450,0.00000,0
136.747,0.0,0.0,1.60,-0.410,0.130,-9.450,0.00000,0
136.757,0.0,0.0,1.60,-0.410,0.130,-9.450,0.00000,0
136.767,0.0,0.0,1.60,-0.410,0.130,-9.450,0.00000,0
136.777,0.0,0.0,1.60,-0.410,0.130,-9.450,0.00000,0
136.788,0.0,0.0,1.60,-0.410,0.130,-9.450,0.00000,0
136.798,0.0,0.0,1.60,-0.410,0.130,-9.450,0.00000,0
136.808,0.0,0.0,1.60,-0.410,0.130,-9.450,0.00000,0
136.818,0.0,0.0,1.60,-0.410,0.130,-9.450,0.00000,0
136.828,0.0,0.0,1.60,-0.410,0.130,-9.450,0.00000,0
136.838,0.0,0.0,1.60,-0.410,0.130,-9.450,0.00000,0
136.848,0.0,0.0,1.60,-0.410,0.130,-9.450,0.00000,0
136.859,0.0,0.0,1.60,-0.410,0.130,-9.450,0.00000,0
136.869,0.0,0.0,1.60,-0.410,0.130,-9.450,0.00000,0
136.879,0.0,0.0,1.60,-0.410,0.130,-9.450,0.00000,0
136.889,0.0,0.0,1.60,-0.410,0.130,-9.450,0.00000,0
136.899,0.0,0.0,1.60,-0.410,0.130,-9.450,0.00000,0
136.909,0.0,0.0,1.60,-0.410,0.130,-9.450,0.00000,0
136.919,0.0,0.0,1.60,-0.410,0.130,-9.450,0.00000,0
136.930,0.0,0.0,1.60,-0.410,0.130,-9.450,0.00000,0
136.940,0.0,0.0,1.60,-0.410,0.130,-9.450,0.00000,0
136.950,0.0,0.0,1.60,-0.410,0.130,-9.450,0.00000,0
136.960,0.0,0.0,1.60,-0.410,0.130,-9.450,0.00000,0
136.970,0.0,0.0,1.60,-0.410,0.130,-9.450,0.00000,0
136.980,0.0,0.0,1.60,-0.410,0.130,-9.450,0.00000,0
136.990,0.0,0.0,1.60,-0.410,0.130,-9.450,0.00000,0
137.000,0.0,0.0,1.60,-0.410,0.130,-9.450,0.00000,0
137.011,0.0,0.0,1.60,-0.410,0.130,-9.450,0.00000,0
137.021,0.0,0.0,1.60,-0.410,0.130,-9.450,0.00000,0
137.031,0.0,0.0,1.60,-0.410,0.130,-9.450,0.00000,0
137.041,0.0,0.0,1.60,-0.410,0.130,-9.450,0.00000,0
137.051,0.0,0.0,1.60,-0.410,0.130,-9.450,0.00000,0
137.061,0.0,0.0,1.60,-0.410,0.130,-9.450,0.00000,0
137.071,0.0,0.0,1.60,-0.410,0.130,-9.450,0.00000,0
137.082,0.0,0.0,1.60,-0.410,0.130,-9.450,0.00000,0
137.092,0.0,0.0,1.60,-0.410,0.130,-9.450,0.00000,0
137.102,0.0,0.0,1.60,-0.410,0.130,-9.450,0.00000,0
137.112,0.0,0.0,1.60,-0.410,0.130,-9.450,0.00000,0
137.122,0.0,0.0,1.60,-0.410,0.130,-9.450,0.00000,0
137.132,0.0,0.0,1.60,-0.410,0.130,-9.450,0.00000,0
137.142,0.0,0.0,1.60,-0.410,0.130,-9.450,0.00000,0
137.152,0.0,0.0,1.60,-0.410,0.130,-9.450,0.00000,0
137.163,0.0,0.0,1.60,-0.410,0.130,-9.450,0.00000,0
137.173,0.0,0.0,1.60,-0.410,0.130,-9.450,0.00000,0
137.183,0.0,0.0,1.60,-0.410,0.130,-9.450,0.00000,0
137.193,0.0,0.0,1.60,-0.410,0.130,-9.450,0.00000,0
137.203,0.0,0.0,1.60,-0.410,0.130,-9.450,0.00000,0
137.213,0.0,0.0,1.60,-0.410,0.130,-9.450,0.00000,0
137.223,0.0,0.0,1.60,-0.410,0.130,-9.450,0.00000,0
137.234,0.0,0.0,1.60,-0.410,0.130,-9.450,0.00000,0
137.244,0.0,0.0,1.60,-0.410,0.130,-9.450,0.00000,0
137.254,0.0,0.0,1.60,-0.410,0.130,-9.450,0.00000,0
137.264,0.0,0.0,1.60,-0.410,0.130,-9.450,0.00000,0
137.274,0.0,0.0,1.60,-0.410,0.130,-9.450,0.00000,0
137.284,0.0,0.0,1.60,-0.410,0.130,-9.450,0.00000,0
137.294,0.0,0.0,1.60,-0.410,0.130,-9.450,0.00000,0
137.305,0.0,0.0,1.60,-0.410,0.130,-9.450,0.00000,0
137.315,0.0,0.0,1.60,-0.410,0.130,-9.450,0.00000,0
137.325,0.0,0.0,1.60,-0.410,0.130,-9.450,0.00000,0
137.335,0.0,0.0,1.60,-0.410,0.130,-9.450,0.00000,0
137.345,0.0,0.0,1.60,-0.410,0.130,-9.450,0.00000,0
137.355,0.0,0.0,1.60,-0.410,0.130,-9.450,0.00000,0
137.365,0.0,0.0,1.60,-0.410,0.130,-9.450,0.00000,0
137.376,0.0,0.0,1.60,-0.410,0.130,-9.450,0.00000,0
137.386,0.0,0.0,1.60,-0.410,0.130,-9.450,0.00000,0
137.396,0.0,0.0,1.60,-0.410,0.130,-9.450,0.00000,0
137.406,0.0,0.0,1.60,-0.410,0.130,-9.450,0.00000,0
137.416,0.0,0.0,1.60,-0.410,0.130,-9.450,0.00000,0
137.426,0.0,0.0,1.60,-0.410,0.130,-9.450,0.00000,0
137.436,0.0,0.0,1.60,-0.410,0.130,-9.450,0.00000,0
137.446,0.0,0.0,1.60,-0.410,0.130,-9.450,0.00000,0
137.456,0.0,0.0,1.60,-0.410,0.130,-9.450,0.00000,0
137.467,0.0,0.0,1.60,-0.410,0.130,-9.450,0.00000,0
137.477,0.0,0.0,1.60,-0.410,0.130,-9.450,0.00000,0
137.487,0.0,0.0,1.60,-0.410,0.130,-9.450,0.00000,0
137.497,0.0,0.0,1.60,-0.410,0.130,-9.450,0.00000,0
137.507,0.0,0.0,1.60,-0.410,0.130,-9.450,0.00000,0
137.517,0.0,0.0,1.60,-0.410,0.130,-9.450,0.00000,0
137.527,0.0,0.0,1.60,-0.410,0.130,-9.450,0.00000,0
137.537,0.0,0.0,1.60,-0.410,0.130,-9.450,0.00000,0
137.547,0.0,0.0,1.60,-0.410,0.130,-9.450,0.00000,0
137.558,0.0,0.0,1.60,-0.410,0.130,-9.450,0.00000,0
137.568,0.0,0.0,1.60,-0.410,0.130,-9.450,0.00000,0
137.578,0.0,0.0,1.60,-0.410,0.130,-9.450,0.00000,0
137.588,0.0,0.0,1.60,-0.410,0.130,-9.450,0.00000,0
137.598,0.0,0.0,1.60,-0.410,0.130,-9.450,0.00000,0
137.608,0.0,0.0,1.60,-0.410,0.130,-9.450,0.00000,0
137.618,0.0,0.0,1.60,-0.410,0.130,-9.450,0.00000,0
137.628,0.0,0.0,1.60,-0.410,0.130,-9.450,0.00000,0
137.638,0.0,0.0,1.60,-0.410,0.130,-9.450,0.00000,0
137.649,0.0,0.0,1.60,-0.410,0.130,-9.450,0.00000,0
137.659,0.0,0.0,1.60,-0.410,0.130,-9.450,0.00000,0
137.669,0.0,0.0,1.60,-0.410,0.130,-9.450,0.00000,0
137.679,0.0,0.0,1.60,-0.410,0.130,-9.450,0.00000,0
137.689,0.0,0.0,1.60,-0.410,0.130,-9.450,0.00000,0
137.699,0.0,0.0,1.60,-0.410,0.130,-9.450,0.00000,0
137.709,0.0,0.0,1.60,-0.410,0.130,-9.450,0.00000,0
137.719,0.0,0.0,1.60,-0.410,0.130,-9.450,0.00000,0
137.729,0.0,0.0,1.60,-0.410,0.130,-9.450,0.00000,0
137.739,0.0,0.0,1.60,-0.410,0.130,-9.450,0.00000,0
137.749,0.0,0.0,1.60,-0.410,0.130,-9.450,0.00000,0
137.760,0.0,0.0,1.60,-0.410,0.130,-9.450,0.00000,0
137.770,0.0,0.0,1.60,-0.410,0.130,-9.450,0.00000,0
137.780,0.0,0.0,1.60,-0.410,0.130,-9.450,0.00000,0
137.790,0.0,0.0,1.60,-0.410,0.130,-9.450,0.00000,0
137.800,0.0,0.0,1.60,-0.410,0.130,-9.450,0.00000,0
137.810,0.0,0.0,1.60,-0.410,0.130,-9.450,0.00000,0
137.820,0.0,0.0,1.60,-0.410,0.130,-9.450,0.00000,0
137.830,0.0,0.0,1.60,-0.410,0.130,-9.450,0.00000,0
137.840,0.0,0.0,1.60,-0.410,0.130,-9.450,0.00000,0
137.850,0.0,0.0,1.60,-0.410,0.130,-9.450,0.00000,0
137.860,0.0,0.0,1.60,-0.410,0.130,-9.450,0.00000,0
137.871,0.0,0.0,1.60,-0.410,0.130,-9.450,0.00000,0
137.881,0.0,0.0,1.60,-0.410,0.130,-9.450,0.00000,0
137.891,0.0,0.0,1.60,-0.410,0.130,-9.450,0.00000,0
137.901,0.0,0.0,1.60,-0.410,0.130,-9.450,0.00000,0
137.911,0.0,0.0,1.60,-0.410,0.130,-9.450,0.00000,0
137.921,0.0,0.0,1.60,-0.410,0.130,-9.450,0.00000,0
137.931,0.0,0.0,1.60,-0.410,0.130,-9.450,0.00000,0
137.941,0.0,0.0,1.60,-0.410,0.130,-9.450,0.00000,0
137.951,0.0,0.0,1.60,-0.410,0.130,-9.450,0.00000,0
137.961,0.0,0.0,1.60,-0.410,0.130,-9.450,0.00000,0
137.972,0.0,0.0,1.60,-0.410,0.130,-9.450,0.00000,0
137.982,0.0,0.0,1.60,-0.410,0.130,-9.450,0.00000,0
137.992,0.0,0.0,1.60,-0.410,0.130,-9.450,0.00000,0
138.002,0.0,0.0,1.60,-0.410,0.130,-9.450,0.00000,0
138.012,0.0,0.0,1.60,-0.410,0.130,-9.450,0.00000,0
138.022,0.0,0.0,1.60,-0.410,0.130,-9.450,0.00000,0
138.032,0.0,0.0,1.60,-0.410,0.130,-9.450,0.00000,0
138.042,0.0,0.0,1.60,-0.410,0.130,-9.450,0.00000,0
138.052,0.0,0.0,1.60,-0.410,0.130,-9.450,0.00000,0
138.062,0.0,0.0,1.60,-0.410,0.130,-9.450,0.00000,0
138.073,0.0,0.0,1.60,-0.410,0.130,-9.450,0.00000,0
138.083,0.0,0.0,1.60,-0.410,0.130,-9.450,0.00000,0
138.093,0.0,0.0,1.60,-0.410,0.130,-9.450,0.00000,0
138.103,0.0,0.0,1.60,-0.410,0.130,-9.450,0.00000,0
138.113,0.0,0.0,1.60,-0.410,0.130,-9.450,0.00000,0
138.123,0.0,0.0,1.60,-0.410,0.130,-9.450,0.00000,0
138.133,0.0,0.0,1.60,-0.410,0.130,-9.450,0.00000,0
138.143,0.0,0.0,1.60,-0.410,0.130,-9.450,0.00000,0
138.153,0.0,0.0,1.60,-0.410,0.130,-9.450,0.00000,0
138.163,0.0,0.0,1.60,-0.410,0.130,-9.450,0.00000,0
138.173,0.0,0.0,1.60,-0.410,0.130,-9.450,0.00000,0
138.184,0.0,0.0,1.60,-0.410,0.130,-9.450,0.00000,0
138.194,0.0,0.0,1.60,-0.410,0.130,-9.450,0.00000,0
138.204,0.0,0.0,1.60,-0.410,0.130,-9.450,0.00000,0
138.214,0.0,0.0,1.60,-0.410,0.130,-9.450,0.00000,0
138.224,0.0,0.0,1.60,-0.410,0.130,-9.450,0.00000,0
138.234,0.0,0.0,1.60,-0.410,0.130,-9.450,0.00000,0
138.244,0.0,0.0,1.60,-0.410,0.130,-9.450,0.00000,0
138.254,0.0,0.0,1.60,-0.410,0.130,-9.450,0.00000,0
138.264,0.0,0.0,1.60,-0.410,0.130,-9.450,0.00000,0
138.274,0.0,0.0,1.60,-0.410,0.130,-9.450,0.00000,0
138.284,0.0,0.0,1.60,-0.410,0.130,-9.450,0.00000,0
138.295,0.0,0.0,1.60,-0.410,0.130,-9.450,0.00000,0
138.305,0.0,0.0,1.60,-0.410,0.130,-9.450,0.00000,0
138.315,0.0,0.0,1.60,-0.410,0.130,-9.450,0.00000,0
138.325,0.0,0.0,1.60,-0.410,0.130,-9.450,0.00000,0
138.335,0.0,0.0,1.60,-0.410,0.130,-9.450,0.00000,0
138.345,0.0,0.0,1.60,-0.410,0.130,-9.450,0.00000,0
138.355,0.0,0.0,1.60,-0.410,0.130,-9.450,0.00000,0
138.365,0.0,0.0,1.60,-0.410,0.130,-9.450,0.00000,0
138.376,0.0,0.0,1.60,-0.410,0.130,-9.450,0.00000,0
138.386,0.0,0.0,1.60,-0.410,0.130,-9.450,0.00000,0
138.396,0.0,0.0,1.60,-0.410,0.130,-9.450,0.00000,0
138.406,0.0,0.0,1.60,-0.410,0.130,-9.450,0.00000,0
138.416,0.0,0.0,1.60,-0.410,0.130,-9.450,0.00000,0
138.426,0.0,0.0,1.60,-0.410,0.130,-9.450,0.00000,0
138.436,0.0,0.0,1.60,-0.410,0.130,-9.450,0.00000,0
138.446,0.0,0.0,1.60,-0.410,0.130,-9.450,0.00000,0
138.457,0.0,0.0,1.60,-0.410,0.130,-9.450,0.00000,0
138.467,0.0,0.0,1.60,-0.410,0.130,-9.450,0.00000,0
138.477,0.0,0.0,1.60,-0.410,0.130,-9.450,0.00000,0
138.487,0.0,0.0,1.60,-0.410,0.130,-9.450,0.00000,0
138.497,0.0,0.0,1.60,-0.410,0.130,-9.450,0.00000,0
138.507,0.0,0.0,1.60,-0.410,0.130,-9.450,0.00000,0
138.517,0.0,0.0,1.60,-0.410,0.130,-9.450,0.00000,0
138.527,0.0,0.0,1.60,-0.410,0.130,-9.450,0.00000,0
138.537,0.0,0.0,1.60,-0.410,0.130,-9.450,0.00000,0
138.547,0.0,0.0,1.60,-0.410,0.130,-9.450,0.00000,0
138.557,0.0,0.0,1.60,-0.410,0.130,-9.450,0.00000,0
138.568,0.0,0.0,1.60,-0.410,0.130,-9.450,0.00000,0
138.578,0.0,0.0,1.60,-0.410,0.130,-9.450,0.00000,0
138.588,0.0,0.0,1.60,-0.410,0.130,-9.450,0.00000,0
138.598,0.0,0.0,1.60,-0.410,0.130,-9.450,0.00000,0
138.608,0.0,0.0,1.60,-0.410,0.130,-9.450,0.00000,0
138.618,0.0,0.0,1.60,-0.410,0.130,-9.450,0.00000,0
138.628,0.0,0.0,1.60,-0.410,0.130,-9.450,0.00000,0
138.638,0.0,0.0,1.60,-0.410,0.130,-9.450,0.00000,0
138.648,0.0,0.0,1.60,-0.410,0.130,-9.450,0.00000,0
138.658,0.0,0.0,1.60,-0.410,0.130,-9.450,0.00000,0
138.669,0.0,0.0,1.60,-0.410,0.130,-9.450,0.00000,0
138.679,0.0,0.0,1.60,-0.410,0.130,-9.450,0.00000,0
138.689,0.0,0.0,1.60,-0.410,0.130,-9.450,0.00000,0
138.699,0.0,0.0,1.60,-0.410,0.130,-9.450,0.00000,0
138.709,0.0,0.0,1.60,-0.410,0.130,-9.450,0.00000,0
138.719,0.0,0.0,1.60,-0.410,0.130,-9.450,0.00000,0
138.729,0.0,0.0,1.60,-0.410,0.130,-9.450,0.00000,0
138.739,0.0,0.0,1.60,-0.410,0.130,-9.450,0.00000,0
138.749,0.0,0.0,1.60,-0.410,0.130,-9.450,0.00000,0
138.759,0.0,0.0,1.60,-0.410,0.130,-9.450,0.00000,0
138.770,0.0,0.0,1.60,-0.410,0.130,-9.450,0.00000,0
138.780,0.0,0.0,1.60,-0.410,0.130,-9.450,0.00000,0
138.790,0.0,0.0,1.60,-0.410,0.130,-9.450,0.00000,0
138.800,0.0,0.0,1.60,-0.410,0.130,-9.450,0.00000,0
138.810,0.0,0.0,1.60,-0.410,0.130,-9.450,0.00000,0
138.820,0.0,0.0,1.60,-0.410,0.130,-9.450,0.00000,0
138.830,0.0,0.0,1.60,-0.410,0.130,-9.450,0.00000,0
138.840,0.0,0.0,1.60,-0.410,0.130,-9.450,0.00000,0
138.850,0.0,0.0,1.60,-0.410,0.130,-9.450,0.00000,0
138.860,0.0,0.0,1.60,-0.410,0.130,-9.450,0.00000,0
138.870,0.0,0.0,1.60,-0.410,0.130,-9.450,0.00000,0
138.881,0.0,0.0,1.60,-0.410,0.130,-9.450,0.00000,0
138.891,0.0,0.0,1.60,-0.410,0.130,-9.450,0.00000,0
138.901,0.0,0.0,1.60,-0.410,0.130,-9.450,0.00000,0
138.911,0.0,0.0,1.60,-0.410,0.130,-9.450,0.00000,0
138.921,0.0,0.0,1.60,-0.410,0.130,-9.450,0.00000,0
138.931,0.0,0.0,1.60,-0.410,0.130,-9.450,0.00000,0
138.941,0.0,0.0,1.60,-0.410,0.130,-9.450,0.00000,0
138.951,0.0,0.0,1.60,-0.410,0.130,-9.450,0.00000,0
138.961,0.0,0.0,1.60,-0.410,0.130,-9.450,0.00000,0
138.971,0.0,0.0,1.60,-0.410,0.130,-9.450,0.00000,0
138.982,0.0,0.0,1.60,-0.410,0.130,-9.450,0.00000,0
138.992,0.0,0.0,1.60,-0.410,0.130,-9.450,0.00000,0
139.002,0.0,0.0,1.60,-0.410,0.130,-9.450,0.00000,0
139.012,0.0,0.0,1.60,-0.410,0.130,-9.450,0.00000,0
139.022,0.0,0.0,1.60,-0.410,0.130,-9.450,0.00000,0
139.032,0.0,0.0,1.60,-0.410,0.130,-9.450,0.00000,0
139.042,0.0,0.0,1.60,-0.410,0.130,-9.450,0.00000,0
139.052,0.0,0.0,1.60,-0.410,0.130,-9.450,0.00000,0
139.062,0.0,0.0,1.60,-0.410,0.130,-9.450,0.00000,0
139.072,0.0,0.0,1.60,-0.410,0.130,-9.450,0.00000,0
139.082,0.0,0.0,1.60,-0.410,0.130,-9.450,0.00000,0
139.093,0.0,0.0,1.60,-0.410,0.130,-9.450,0.00000,0
139.103,0.0,0.0,1.60,-0.410,0.130,-9.450,0.00000,0
139.113,0.0,0.0,1.60,-0.410,0.130,-9.450,0.00000,0
139.123,0.0,0.0,1.60,-0.410,0.130,-9.450,0.00000,0
139.133,0.0,0.0,1.60,-0.410,0.130,-9.450,0.00000,0
139.143,0.0,0.0,1.60,-0.410,0.130,-9.450,0.00000,0
139.153,0.0,0.0,1.60,-0.410,0.130,-9.450,0.00000,0
139.163,0.0,0.0,1.60,-0.410,0.130,-9.450,0.00000,0
139.173,0.0,0.0,1.60,-0.410,0.130,-9.450,0.00000,0
139.183,0.0,0.0,1.60,-0.410,0.130,-9.450,0.00000,0
139.194,0.0,0.0,1.60,-0.410,0.130,-9.450,0.00000,0
139.204,0.0,0.0,1.60,-0.410,0.130,-9.450,0.00000,0
139.214,0.0,0.0,1.60,-0.410,0.130,-9.450,0.00000,0
139.224,0.0,0.0,1.60,-0.410,0.130,-9.450,0.00000,0
139.234,0.0,0.0,1.60,-0.410,0.130,-9.450,0.00000,0
139.244,0.0,0.0,1.60,-0.410,0.130,-9.450,0.00000,0
139.254,0.0,0.0,1.60,-0.410,0.130,-9.450,0.00000,0
139.264,0.0,0.0,1.60,-0.410,0.130,-9.450,0.00000,0
139.274,0.0,0.0,1.60,-0.410,0.130,-9.450,0.00000,0
139.284,0.0,0.0,1.60,-0.410,0.130,-9.450,0.00000,0
139.294,0.0,0.0,1.60,-0.410,0.130,-9.450,0.00000,0
139.305,0.0,0.0,1.60,-0.410,0.130,-9.450,0.00000,0
139.315,0.0,0.0,1.60,-0.410,0.130,-9.450,0.00000,0
139.325,0.0,0.0,1.60,-0.410,0.130,-9.450,0.00000,0
139.335,0.0,0.0,1.60,-0.410,0.130,-9.450,0.00000,0
139.345,0.0,0.0,1.60,-0.410,0.130,-9.450,0.00000,0
139.355,0.0,0.0,1.60,-0.410,0.130,-9.450,0.00000,0
139.365,0.0,0.0,1.60,-0.410,0.130,-9.450,0.00000,0
139.375,0.0,0.0,1.60,-0.410,0.130,-9.450,0.00000,0
139.385,0.0,0.0,1.60,-0.410,0.130,-9.450,0.00000,0
139.396,0.0,0.0,1.60,-0.410,0.130,-9.450,0.00000,0
139.406,0.0,0.0,1.60,-0.410,0.130,-9.450,0.00000,0
139.416,0.0,0.0,1.60,-0.410,0.130,-9.450,0.00000,0
139.426,0.0,0.0,1.60,-0.410,0.130,-9.450,0.00000,0
139.436,0.0,0.0,1.60,-0.410,0.130,-9.450,0.00000,0
139.446,0.0,0.0,1.60,-0.410,0.130,-9.450,0.00000,0
139.456,0.0,0.0,1.60,-0.410,0.130,-9.450,0.00000,0
139.466,0.0,0.0,1.60,-0.410,0.130,-9.450,0.00000,0
139.477,0.0,0.0,1.60,-0.410,0.130,-9.450,0.00000,0
139.487,0.0,0.0,1.60,-0.410,0.130,-9.450,0.00000,0
139.497,0.0,0.0,1.60,-0.410,0.130,-9.450,0.00000,0
139.507,0.0,0.0,1.60,-0.410,0.130,-9.450,0.00000,0
139.517,0.0,0.0,1.60,-0.410,0.130,-9.450,0.00000,0
139.527,0.0,0.0,1.60,-0.410,0.130,-9.450,0.00000,0
139.537,0.0,0.0,1.60,-0.410,0.130,-9.450,0.00000,0
139.547,0.0,0.0,1.60,-0.410,0.130,-9.450,0.00000,0
139.557,0.0,0.0,1.60,-0.410,0.130,-9.450,0.00000,0
139.567,0.0,0.0,1.60,-0.410,0.130,-9.450,0.00000,0
139.578,0.0,0.0,1.60,-0.410,0.130,-9.450,0.00000,0
139.588,0.0,0.0,1.60,-0.410,0.130,-9.450,0.00000,0
139.598,0.0,0.0,1.60,-0.410,0.130,-9.450,0.00000,0
139.608,0.0,0.0,1.60,-0.410,0.130,-9.450,0.00000,0
139.618,0.0,0.0,1.60,-0.410,0.130,-9.450,0.00000,0
139.628,0.0,0.0,1.60,-0.410,0.130,-9.450,0.00000,0
139.638,0.0,0.0,1.60,-0.410,0.130,-9.450,0.00000,0
139.648,0.0,0.0,1.60,-0.410,0.130,-9.450,0.00000,0
139.658,0.0,0.0,1.60,-0.410,0.130,-9.450,0.00000,0
139.668,0.0,0.0,1.60,-0.410,0.130,-9.450,0.00000,0
139.679,0.0,0.0,1.60,-0.410,0.130,-9.450,0.00000,0
139.689,0.0,0.0,1.60,-0.410,0.130,-9.450,0.00000,0
139.699,0.0,0.0,1.60,-0.410,0.130,-9.450,0.00000,0
139.709,0.0,0.0,1.60,-0.410,0.130,-9.450,0.00000,0
139.719,0.0,0.0,1.60,-0.410,0.130,-9.450,0.00000,0
139.729,0.0,0.0,1.60,-0.410,0.130,-9.450,0.00000,0
139.739,0.0,0.0,1.60,-0.410,0.130,-9.450,0.00000,0
139.749,0.0,0.0,1.60,-0.410,0.130,-9.450,0.00000,0
139.759,0.0,0.0,1.60,-0.410,0.130,-9.450,0.00000,0
139.769,0.0,0.0,1.60,-0.410,0.130,-9.450,0.00000,0
139.779,0.0,0.0,1.60,-0.410,0.130,-9.450,0.00000,0
139.790,0.0,0.0,1.60,-0.410,0.130,-9.450,0.00000,0
139.800,0.0,0.0,1.60,-0.410,0.130,-9.450,0.00000,0
139.810,0.0,0.0,1.60,-0.410,0.130,-9.450,0.00000,0
139.820,0.0,0.0,1.60,-0.410,0.130,-9.450,0.00000,0
139.830,0.0,0.0,1.60,-0.410,0.130,-9.450,0.00000,0
139.840,0.0,0.0,1.60,-0.410,0.130,-9.450,0.00000,0
139.850,0.0,0.0,1.60,-0.410,0.130,-9.450,0.00000,0
139.860,0.0,0.0,1.60,-0.410,0.130,-9.450,0.00000,0
139.870,0.0,0.0,1.60,-0.410,0.130,-9.450,0.00000,0
139.880,0.0,0.0,1.60,-0.410,0.130,-9.450,0.00000,0
139.891,0.0,0.0,1.60,-0.410,0.130,-9.450,0.00000,0
139.901,0.0,0.0,1.60,-0.410,0.130,-9.450,0.00000,0
139.911,0.0,0.0,1.60,-0.410,0.130,-9.450,0.00000,0
139.921,0.0,0.0,1.60,-0.410,0.130,-9.450,0.00000,0
139.931,0.0,0.0,1.60,-0.410,0.130,-9.450,0.00000,0
139.941,0.0,0.0,1.60,-0.410,0.130,-9.450,0.00000,0
139.951,0.0,0.0,1.60,-0.410,0.130,-9.450,0.00000,0
139.961,0.0,0.0,1.60,-0.410,0.130,-9.450,0.00000,0
139.971,0.0,0.0,1.60,-0.410,0.130,-9.450,0.00000,0
139.982,0.0,0.0,1.60,-0.410,0.130,-9.450,0.00000,0
139.992,0.0,0.0,1.60,-0.410,0.130,-9.450,0.00000,0
140.002,0.0,0.0,1.60,-0.410,0.130,-9.450,0.00000,0
140.012,0.0,0.0,1.60,-0.410,0.130,-9.450,0.00000,0
140.022,0.0,0.0,1.60,-0.410,0.130,-9.450,0.00000,0
140.032,0.0,0.0,1.60,-0.410,0.130,-9.450,0.00000,0
140.042,0.0,0.0,1.60,-0.410,0.130,-9.450,0.00000,0
140.052,0.0,0.0,1.60,-0.410,0.130,-9.450,0.00000,0
140.062,0.0,0.0,1.60,-0.410,0.130,-9.450,0.00000,0
140.073,0.0,0.0,1.60,-0.410,0.130,-9.450,0.00000,0
140.083,0.0,0.0,1.60,-0.410,0.130,-9.450,0.00000,0
140.093,0.0,0.0,1.60,-0.410,0.130,-9.450,0.00000,0
140.103,0.0,0.0,1.60,-0.410,0.130,-9.450,0.00000,0
140.113,0.0,0.0,1.60,-0.410,0.130,-9.450,0.00000,0
140.123,0.0,0.0,1.60,-0.410,0.130,-9.450,0.00000,0
140.133,0.0,0.0,1.60,-0.410,0.130,-9.450,0.00000,0
140.143,0.0,0.0,1.60,-0.410,0.130,-9.450,0.00000,0
140.153,0.0,0.0,1.60,-0.410,0.130,-9.450,0.00000,0
140.163,0.0,0.0,1.60,-0.410,0.130,-9.450,0.00000,0
140.174,0.0,0.0,1.60,-0.410,0.130,-9.450,0.00000,0
140.184,0.0,0.0,1.60,-0.410,0.130,-9.450,0.00000,0
140.194,0.0,0.0,1.60,-0.410,0.130,-9.450,0.00000,0
140.204,0.0,0.0,1.60,-0.410,0.130,-9.450,0.00000,0
140.214,0.0,0.0,1.60,-0.410,0.130,-9.450,0.00000,0
140.224,0.0,0.0,1.60,-0.410,0.130,-9.450,0.00000,0
140.234,0.0,0.0,1.60,-0.410,0.130,-9.450,0.00000,0
140.244,0.0,0.0,1.60,-0.410,0.130,-9.450,0.00000,0
140.254,0.0,0.0,1.60,-0.410,0.130,-9.450,0.00000,0
140.264,0.0,0.0,1.60,-0.410,0.130,-9.450,0.00000,0
140.275,0.0,0.0,1.60,-0.410,0.130,-9.450,0.00000,0
140.285,0.0,0.0,1.60,-0.410,0.130,-9.450,0.00000,0
140.295,0.0,0.0,1.60,-0.410,0.130,-9.450,0.00000,0
140.305,0.0,0.0,1.60,-0.410,0.130,-9.450,0.00000,0
140.315,0.0,0.0,1.60,-0.410,0.130,-9.450,0.00000,0
140.325,0.0,0.0,1.60,-0.410,0.130,-9.450,0.00000,0
140.335,0.0,0.0,1.60,-0.410,0.130,-9.450,0.00000,0
140.345,0.0,0.0,1.60,-0.410,0.130,-9.450,0.00000,0
140.355,0.0,0.0,1.60,-0.410,0.130,-9.450,0.00000,0
140.366,0.0,0.0,1.60,-0.410,0.130,-9.450,0.00000,0
140.376,0.0,0.0,1.60,-0.410,0.130,-9.450,0.00000,0
140.386,0.0,0.0,1.60,-0.410,0.130,-9.450,0.00000,0
140.396,0.0,0.0,1.60,-0.410,0.130,-9.450,0.00000,0
140.406,0.0,0.0,1.60,-0.410,0.130,-9.450,0.00000,0
140.416,0.0,0.0,1.60,-0.410,0.130,-9.450,0.00000,0
140.426,0.0,0.0,1.60,-0.410,0.130,-9.450,0.00000,0
140.436,0.0,0.0,1.60,-0.410,0.130,-9.450,0.00000,0
140.446,0.0,0.0,1.60,-0.410,0.130,-9.450,0.00000,0
140.456,0.0,0.0,1.60,-0.410,0.130,-9.450,0.00000,0
140.466,0.0,0.0,1.60,-0.410,0.130,-9.450,0.00000,0
140.477,0.0,0.0,1.60,-0.410,0.130,-9.450,0.00000,0
140.487,0.0,0.0,1.60,-0.410,0.130,-9.450,0.00000,0
140.497,0.0,0.0,1.60,-0.410,0.130,-9.450,0.00000,0
140.507,0.0,0.0,1.60,-0.410,0.130,-9.450,0.00000,0
140.517,0.0,0.0,1.60,-0.410,0.130,-9.450,0.00000,0
140.527,0.0,0.0,1.60,-0.410,0.130,-9.450,0.00000,0
140.537,0.0,0.0,1.60,-0.410,0.130,-9.450,0.00000,0
140.547,0.0,0.0,1.60,-0.410,0.130,-9.450,0.00000,0
140.557,0.0,0.0,1.60,-0.410,0.130,-9.450,0.00000,0
140.567,0.0,0.0,1.60,-0.410,0.130,-9.450,0.00000,0
140.578,0.0,0.0,1.60,-0.410,0.130,-9.450,0.00000,0
140.588,0.0,0.0,1.60,-0.410,0.130,-9.450,0.00000,0
140.598,0.0,0.0,1.60,-0.410,0.130,-9.450,0.00000,0
140.608,0.0,0.0,1.60,-0.410,0.130,-9.450,0.00000,0
140.618,0.0,0.0,1.60,-0.410,0.130,-9.450,0.00000,0
140.628,0.0,0.0,1.60,-0.410,0.130,-9.450,0.00000,0
140.638,0.0,0.0,1.60,-0.410,0.130,-9.450,0.00000,0
140.648,0.0,0.0,1.60,-0.410,0.130,-9.450,0.00000,0
140.658,0.0,0.0,1.60,-0.410,0.130,-9.450,0.00000,0
140.668,0.0,0.0,1.60,-0.410,0.130,-9.450,0.00000,0
140.679,0.0,0.0,1.60,-0.410,0.130,-9.450,0.00000,0
140.689,0.0,0.0,1.60,-0.410,0.130,-9.450,0.00000,0
140.699,0.0,0.0,1.60,-0.410,0.130,-9.450,0.00000,0
140.709,0.0,0.0,1.60,-0.410,0.130,-9.450,0.00000,0
140.719,0.0,0.0,1.60,-0.410,0.130,-9.450,0.00000,0
140.729,0.0,0.0,1.60,-0.410,0.130,-9.450,0.00000,0
140.739,0.0,0.0,1.60,-0.410,0.130,-9.450,0.00000,0
140.749,0.0,0.0,1.60,-0.410,0.130,-9.450,0.00000,0
140.759,0.0,0.0,1.60,-0.410,0.130,-9.450,0.00000,0
140.769,0.0,0.0,1.60,-0.410,0.130,-9.450,0.00000,0
140.780,0.0,0.0,1.60,-0.410,0.130,-9.450,0.00000,0
140.790,0.0,0.0,1.60,-0.410,0.130,-9.450,0.00000,0
140.800,0.0,0.0,1.60,-0.410,0.130,-9.450,0.00000,0
140.810,0.0,0.0,1.60,-0.410,0.130,-9.450,0.00000,0
140.820,0.0,0.0,1.60,-0.410,0.130,-9.450,0.00000,0
140.830,0.0,0.0,1.60,-0.410,0.130,-9.450,0.00000,0
140.840,0.0,0.0,1.60,-0.410,0.130,-9.450,0.00000,0
140.850,0.0,0.0,1.60,-0.410,0.130,-9.450,0.00000,0
140.860,0.0,0.0,1.60,-0.410,0.130,-9.450,0.00000,0
140.870,0.0,0.0,1.60,-0.410,0.130,-9.450,0.00000,0
140.880,0.0,0.0,1.60,-0.410,0.130,-9.450,0.00000,0
140.891,0.0,0.0,1.60,-0.410,0.130,-9.450,0.00000,0
140.901,0.0,0.0,1.60,-0.410,0.130,-9.450,0.00000,0
140.911,0.0,0.0,1.60,-0.410,0.130,-9.450,0.00000,0
140.921,0.0,0.0,1.60,-0.410,0.130,-9.450,0.00000,0
140.931,0.0,0.0,1.60,-0.410,0.130,-9.450,0.00000,0
140.941,0.0,0.0,1.60,-0.410,0.130,-9.450,0.00000,0
140.951,0.0,0.0,1.60,-0.410,0.130,-9.450,0.00000,0
140.961,0.0,0.0,1.60,-0.410,0.130,-9.450,0.00000,0
140.971,0.0,0.0,1.60,-0.410,0.130,-9.450,0.00000,0
140.982,0.0,0.0,1.60,-0.410,0.130,-9.450,0.00000,0
140.992,0.0,0.0,1.60,-0.410,0.130,-9.450,0.00000,0
141.002,0.0,0.0,1.60,-0.410,0.130,-9.450,0.00000,0
141.012,0.0,0.0,1.60,-0.410,0.130,-9.450,0.00000,0
141.022,0.0,0.0,1.60,-0.410,0.130,-9.450,0.00000,0
141.032,0.0,0.0,1.60,-0.410,0.130,-9.450,0.00000,0
141.042,0.0,0.0,1.60,-0.410,0.130,-9.450,0.00000,0
141.052,0.0,0.0,1.60,-0.410,0.130,-9.450,0.00000,0
141.062,0.0,0.0,1.60,-0.410,0.130,-9.450,0.00000,0
141.072,0.0,0.0,1.60,-0.410,0.130,-9.450,0.00000,0
141.082,0.0,0.0,1.60,-0.410,0.130,-9.450,0.00000,0
141.093,0.0,0.0,1.60,-0.410,0.130,-9.450,0.00000,0
141.103,0.0,0.0,1.60,-0.410,0.130,-9.450,0.00000,0
141.113,0.0,0.0,1.60,-0.410,0.130,-9.450,0.00000,0
141.123,0.0,0.0,1.60,-0.410,0.130,-9.450,0.00000,0
141.133,0.0,0.0,1.60,-0.410,0.130,-9.450,0.00000,0
141.143,0.0,0.0,1.60,-0.410,0.130,-9.450,0.00000,0
141.153,0.0,0.0,1.60,-0.410,0.130,-9.450,0.00000,0
141.163,0.0,0.0,1.60,-0.410,0.130,-9.450,0.00000,0
141.173,0.0,0.0,1.60,-0.410,0.130,-9.450,0.00000,0
141.183,0.0,0.0,1.60,-0.410,0.130,-9.450,0.00000,0
141.194,0.0,0.0,1.60,-0.410,0.130,-9.450,0.00000,0
141.204,0.0,0.0,1.60,-0.410,0.130,-9.450,0.00000,0
141.214,0.0,0.0,1.60,-0.410,0.130,-9.450,0.00000,0
141.224,0.0,0.0,1.60,-0.410,0.130,-9.450,0.00000,0
141.234,0.0,0.0,1.60,-0.410,0.130,-9.450,0.00000,0
141.244,0.0,0.0,1.60,-0.410,0.130,-9.450,0.00000,0
141.254,0.0,0.0,1.60,-0.410,0.130,-9.450,0.00000,0
141.264,0.0,0.0,1.60,-0.410,0.130,-9.450,0.00000,0
141.274,0.0,0.0,1.60,-0.410,0.130,-9.450,0.00000,0
141.284,0.0,0.0,1.60,-0.410,0.130,-9.450,0.00000,0
141.295,0.0,0.0,1.60,-0.410,0.130,-9.450,0.00000,0
141.305,0.0,0.0,1.60,-0.410,0.130,-9.450,0.00000,0
141.315,0.0,0.0,1.60,-0.410,0.130,-9.450,0.00000,0
141.325,0.0,0.0,1.60,-0.410,0.130,-9.450,0.00000,0
141.335,0.0,0.0,1.60,-0.410,0.130,-9.450,0.00000,0
141.345,0.0,0.0,1.60,-0.410,0.130,-9.450,0.00000,0
141.355,0.0,0.0,1.60,-0.410,0.130,-9.450,0.00000,0
141.365,0.0,0.0,1.60,-0.410,0.130,-9.450,0.00000,0
141.375,0.0,0.0,1.60,-0.410,0.130,-9.450,0.00000,0
141.385,0.0,0.0,1.60,-0.410,0.130,-9.450,0.00000,0
141.395,0.0,0.0,1.60,-0.410,0.130,-9.450,0.00000,0
141.406,0.0,0.0,1.60,-0.410,0.130,-9.450,0.00000,0
141.416,0.0,0.0,1.60,-0.410,0.130,-9.450,0.00000,0
141.426,0.0,0.0,1.60,-0.410,0.130,-9.450,0.00000,0
141.436,0.0,0.0,1.60,-0.410,0.130,-9.450,0.00000,0
141.446,0.0,0.0,1.60,-0.410,0.130,-9.450,0.00000,0
141.456,0.0,0.0,1.60,-0.410,0.130,-9.450,0.00000,0
141.466,0.0,0.0,1.60,-0.410,0.130,-9.450,0.00000,0
141.476,0.0,0.0,1.60,-0.410,0.130,-9.450,0.00000,0
141.486,0.0,0.0,1.60,-0.410,0.130,-9.450,0.00000,0
141.496,0.0,0.0,1.60,-0.410,0.130,-9.450,0.00000,0
141.506,0.0,0.0,1.60,-0.410,0.130,-9.450,0.00000,0
141.517,0.0,0.0,1.60,-0.410,0.130,-9.450,0.00000,0
141.527,0.0,0.0,1.60,-0.410,0.130,-9.450,0.00000,0
141.537,0.0,0.0,1.60,-0.410,0.130,-9.450,0.00000,0
141.547,0.0,0.0,1.60,-0.410,0.130,-9.450,0.00000,0
141.557,0.0,0.0,1.60,-0.410,0.130,-9.450,0.00000,0
141.567,0.0,0.0,1.60,-0.410,0.130,-9.450,0.00000,0
141.577,0.0,0.0,1.60,-0.410,0.130,-9.450,0.00000,0
141.587,0.0,0.0,1.60,-0.410,0.130,-9.450,0.00000,0
141.597,0.0,0.0,1.60,-0.410,0.130,-9.450,0.00000,0
141.608,0.0,0.0,1.60,-0.410,0.130,-9.450,0.00000,0
141.618,0.0,0.0,1.60,-0.410,0.130,-9.450,0.00000,0
141.628,0.0,0.0,1.60,-0.410,0.130,-9.450,0.00000,0
141.638,0.0,0.0,1.60,-0.410,0.130,-9.450,0.00000,0
141.648,0.0,0.0,1.60,-0.410,0.130,-9.450,0.00000,0
141.658,0.0,0.0,1.60,-0.410,0.130,-9.450,0.00000,0
141.668,0.0,0.0,1.60,-0.410,0.130,-9.450,0.00000,0
141.678,0.0,0.0,1.60,-0.410,0.130,-9.450,0.00000,0
141.688,0.0,0.0,1.60,-0.410,0.130,-9.450,0.00000,0
141.698,0.0,0.0,1.60,-0.410,0.130,-9.450,0.00000,0
141.708,0.0,0.0,1.60,-0.410,0.130,-9.450,0.00000,0
141.719,0.0,0.0,1.60,-0.410,0.130,-9.450,0.00000,0
141.729,0.0,0.0,1.60,-0.410,0.130,-9.450,0.00000,0
141.739,0.0,0.0,1.60,-0.410,0.130,-9.450,0.00000,0
141.749,0.0,0.0,1.60,-0.410,0.130,-9.450,0.00000,0
141.759,0.0,0.0,1.60,-0.410,0.130,-9.450,0.00000,0
141.769,0.0,0.0,1.60,-0.410,0.130,-9.450,0.00000,0
141.779,0.0,0.0,1.60,-0.410,0.130,-9.450,0.00000,0
141.789,0.0,0.0,1.60,-0.410,0.130,-9.450,0.00000,0
141.799,0.0,0.0,1.60,-0.410,0.130,-9.450,0.00000,0
141.809,0.0,0.0,1.60,-0.410,0.130,-9.450,0.00000,0
141.819,0.0,0.0,1.60,-0.410,0.130,-9.450,0.00000,0
141.830,0.0,0.0,1.60,-0.410,0.130,-9.450,0.00000,0
141.840,0.0,0.0,1.60,-0.410,0.130,-9.450,0.00000,0
141.850,0.0,0.0,1.60,-0.410,0.130,-9.450,0.00000,0
141.860,0.0,0.0,1.60,-0.410,0.130,-9.450,0.00000,0
141.870,0.0,0.0,1.60,-0.410,0.130,-9.450,0.00000,0
141.880,0.0,0.0,1.60,-0.410,0.130,-9.450,0.00000,0
141.890,0.0,0.0,1.60,-0.410,0.130,-9.450,0.00000,0
141.900,0.0,0.0,1.60,-0.410,0.130,-9.450,0.00000,0
141.910,0.0,0.0,1.60,-0.410,0.130,-9.450,0.00000,0
141.920,0.0,0.0,1.60,-0.410,0.130,-9.450,0.00000,0
141.930,0.0,0.0,1.60,-0.410,0.130,-9.450,0.00000,0
141.941,0.0,0.0,1.60,-0.410,0.130,-9.450,0.00000,0
141.951,0.0,0.0,1.60,-0.410,0.130,-9.450,0.00000,0
141.961,0.0,0.0,1.60,-0.410,0.130,-9.450,0.00000,0
141.971,0.0,0.0,1.60,-0.410,0.130,-9.450,0.00000,0
141.981,0.0,0.0,1.60,-0.410,0.130,-9.450,0.00000,0
141.991,0.0,0.0,1.60,-0.410,0.130,-9.450,0.00000,0
142.001,0.0,0.0,1.60,-0.410,0.130,-9.450,0.00000,0
142.011,0.0,0.0,1.60,-0.410,0.130,-9.450,0.00000,0
142.021,0.0,0.0,1.60,-0.410,0.130,-9.450,0.00000,0
142.031,0.0,0.0,1.60,-0.410,0.130,-9.450,0.00000,0
142.042,0.0,0.0,1.60,-0.410,0.130,-9.450,0.00000,0
142.052,0.0,0.0,1.60,-0.410,0.130,-9.450,0.00000,0
142.062,0.0,0.0,1.60,-0.410,0.130,-9.450,0.00000,0
142.072,0.0,0.0,1.60,-0.410,0.130,-9.450,0.00000,0
142.082,0.0,0.0,1.60,-0.410,0.130,-9.450,0.00000,0
142.092,0.0,0.0,1.60,-0.410,0.130,-9.450,0.00000,0
142.102,0.0,0.0,1.60,-0.410,0.130,-9.450,0.00000,0
142.112,0.0,0.0,1.60,-0.410,0.130,-9.450,0.00000,0
142.122,0.0,0.0,1.60,-0.410,0.130,-9.450,0.00000,0
142.132,0.0,0.0,1.60,-0.410,0.130,-9.450,0.00000,0
142.143,0.0,0.0,1.60,-0.410,0.130,-9.450,0.00000,0
142.153,0.0,0.0,1.60,-0.410,0.130,-9.450,0.00000,0
142.163,0.0,0.0,1.60,-0.410,0.130,-9.450,0.00000,0
142.173,0.0,0.0,1.60,-0.410,0.130,-9.450,0.00000,0
142.183,0.0,0.0,1.60,-0.410,0.130,-9.450,0.00000,0
142.193,0.0,0.0,1.60,-0.410,0.130,-9.450,0.00000,0
142.203,0.0,0.0,1.60,-0.410,0.130,-9.450,0.00000,0
142.213,0.0,0.0,1.60,-0.410,0.130,-9.450,0.00000,0
142.223,0.0,0.0,1.60,-0.410,0.130,-9.450,0.00000,0
142.233,0.0,0.0,1.60,-0.410,0.130,-9.450,0.00000,0
142.243,0.0,0.0,1.60,-0.410,0.130,-9.450,0.00000,0
142.254,0.0,0.0,1.60,-0.410,0.130,-9.450,0.00000,0
142.264,0.0,0.0,1.60,-0.410,0.130,-9.450,0.00000,0
142.274,0.0,0.0,1.60,-0.410,0.130,-9.450,0.00000,0
142.284,0.0,0.0,1.60,-0.410,0.130,-9.450,0.00000,0
142.294,0.0,0.0,1.60,-0.410,0.130,-9.450,0.00000,0
142.304,0.0,0.0,1.60,-0.410,0.130,-9.450,0.00000,0
142.314,0.0,0.0,1.60,-0.410,0.130,-9.450,0.00000,0
142.324,0.0,0.0,1.60,-0.410,0.130,-9.450,0.00000,0
142.334,0.0,0.0,1.60,-0.410,0.130,-9.450,0.00000,0
142.344,0.0,0.0,1.60,-0.410,0.130,-9.450,0.00000,0
142.355,0.0,0.0,1.60,-0.410,0.130,-9.450,0.00000,0
142.365,0.0,0.0,1.60,-0.410,0.130,-9.450,0.00000,0
142.375,0.0,0.0,1.60,-0.410,0.130,-9.450,0.00000,0
142.385,0.0,0.0,1.60,-0.410,0.130,-9.450,0.00000,0
142.395,0.0,0.0,1.60,-0.410,0.130,-9.450,0.00000,0
142.405,0.0,0.0,1.60,-0.410,0.130,-9.450,0.00000,0
142.415,0.0,0.0,1.60,-0.410,0.130,-9.450,0.00000,0
142.425,0.0,0.0,1.60,-0.410,0.130,-9.450,0.00000,0
142.435,0.0,0.0,1.60,-0.410,0.130,-9.450,0.00000,0
142.445,0.0,0.0,1.60,-0.410,0.130,-9.450,0.00000,0
142.456,0.0,0.0,1.60,-0.410,0.130,-9.450,0.00000,0
142.466,0.0,0.0,1.60,-0.410,0.130,-9.450,0.00000,0
142.476,0.0,0.0,1.60,-0.410,0.130,-9.450,0.00000,0
142.486,0.0,0.0,1.60,-0.410,0.130,-9.450,0.00000,0
142.496,0.0,0.0,1.60,-0.410,0.130,-9.450,0.00000,0
142.506,0.0,0.0,1.60,-0.410,0.130,-9.450,0.00000,0
142.516,0.0,0.0,1.60,-0.410,0.130,-9.450,0.00000,0
142.526,0.0,0.0,1.60,-0.410,0.130,-9.450,0.00000,0
142.536,0.0,0.0,1.60,-0.410,0.130,-9.450,0.00000,0
142.546,0.0,0.0,1.60,-0.410,0.130,-9.450,0.00000,0
142.556,0.0,0.0,1.60,-0.410,0.130,-9.450,0.00000,0
142.567,0.0,0.0,1.60,-0.410,0.130,-9.450,0.00000,0
142.577,0.0,0.0,1.60,-0.410,0.130,-9.450,0.00000,0
142.587,0.0,0.0,1.60,-0.410,0.130,-9.450,0.00000,0
142.597,0.0,0.0,1.60,-0.410,0.130,-9.450,0.00000,0
142.607,0.0,0.0,1.60,-0.410,0.130,-9.450,0.00000,0
142.617,0.0,0.0,1.60,-0.410,0.130,-9.450,0.00000,0
142.627,0.0,0.0,1.60,-0.410,0.130,-9.450,0.00000,0
142.637,0.0,0.0,1.60,-0.410,0.130,-9.450,0.00000,0
142.647,0.0,0.0,1.60,-0.410,0.130,-9.450,0.00000,0
142.657,0.0,0.0,1.60,-0.410,0.130,-9.450,0.00000,0
142.668,0.0,0.0,1.60,-0.410,0.130,-9.450,0.00000,0
142.678,0.0,0.0,1.60,-0.410,0.130,-9.450,0.00000,0
142.688,0.0,0.0,1.60,-0.410,0.130,-9.450,0.00000,0
142.698,0.0,0.0,1.60,-0.410,0.130,-9.450,0.00000,0
142.708,0.0,0.0,1.60,-0.410,0.130,-9.450,0.00000,0
142.718,0.0,0.0,1.60,-0.410,0.130,-9.450,0.00000,0
142.728,0.0,0.0,1.60,-0.410,0.130,-9.450,0.00000,0
142.738,0.0,0.0,1.60,-0.410,0.130,-9.450,0.00000,0
142.748,0.0,0.0,1.60,-0.410,0.130,-9.450,0.00000,0
142.758,0.0,0.0,1.60,-0.410,0.130,-9.450,0.00000,0
142.769,0.0,0.0,1.60,-0.410,0.130,-9.450,0.00000,0
142.779,0.0,0.0,1.60,-0.410,0.130,-9.450,0.00000,0
142.789,0.0,0.0,1.60,-0.410,0.130,-9.450,0.00000,0
142.799,0.0,0.0,1.60,-0.410,0.130,-9.450,0.00000,0
142.809,0.0,0.0,1.60,-0.410,0.130,-9.450,0.00000,0
142.819,0.0,0.0,1.60,-0.410,0.130,-9.450,0.00000,0
142.829,0.0,0.0,1.60,-0.410,0.130,-9.450,0.00000,0
142.839,0.0,0.0,1.60,-0.410,0.130,-9.450,0.00000,0
142.849,0.0,0.0,1.60,-0.410,0.130,-9.450,0.00000,0
142.859,0.0,0.0,1.60,-0.410,0.130,-9.450,0.00000,0
142.870,0.0,0.0,1.60,-0.410,0.130,-9.450,0.00000,0
142.880,0.0,0.0,1.60,-0.410,0.130,-9.450,0.00000,0
142.890,0.0,0.0,1.60,-0.410,0.130,-9.450,0.00000,0
142.900,0.0,0.0,1.60,-0.410,0.130,-9.450,0.00000,0
142.910,0.0,0.0,1.60,-0.410,0.130,-9.450,0.00000,0
142.920,0.0,0.0,1.60,-0.410,0.130,-9.450,0.00000,0
142.930,0.0,0.0,1.60,-0.410,0.130,-9.450,0.00000,0
142.940,0.0,0.0,1.60,-0.410,0.130,-9.450,0.00000,0
142.950,0.0,0.0,1.60,-0.410,0.130,-9.450,0.00000,0
142.960,0.0,0.0,1.60,-0.410,0.130,-9.450,0.00000,0
142.970,0.0,0.0,1.60,-0.410,0.130,-9.450,0.00000,0
142.981,0.0,0.0,1.60,-0.410,0.130,-9.450,0.00000,0
142.991,0.0,0.0,1.60,-0.410,0.130,-9.450,0.00000,0
143.001,0.0,0.0,1.60,-0.410,0.130,-9.450,0.00000,0
143.011,0.0,0.0,1.60,-0.410,0.130,-9.450,0.00000,0
143.021,0.0,0.0,1.60,-0.410,0.130,-9.450,0.00000,0
143.031,0.0,0.0,1.60,-0.410,0.130,-9.450,0.00000,0
143.041,0.0,0.0,1.60,-0.410,0.130,-9.450,0.00000,0
143.051,0.0,0.0,1.60,-0.410,0.130,-9.450,0.00000,0
143.061,0.0,0.0,1.60,-0.410,0.130,-9.450,0.00000,0
143.072,0.0,0.0,1.60,-0.410,0.130,-9.450,0.00000,0
143.082,0.0,0.0,1.60,-0.410,0.130,-9.450,0.00000,0
143.092,0.0,0.0,1.60,-0.410,0.130,-9.450,0.00000,0
143.102,0.0,0.0,1.60,-0.410,0.130,-9.450,0.00000,0
143.112,0.0,0.0,1.60,-0.410,0.130,-9.450,0.00000,0
143.122,0.0,0.0,1.60,-0.410,0.130,-9.450,0.00000,0
143.132,0.0,0.0,1.60,-0.410,0.130,-9.450,0.00000,0
143.142,0.0,0.0,1.60,-0.410,0.130,-9.450,0.00000,0
143.152,0.0,0.0,1.60,-0.410,0.130,-9.450,0.00000,0
143.162,0.0,0.0,1.60,-0.410,0.130,-9.450,0.00000,0
143.173,0.0,0.0,1.60,-0.410,0.130,-9.450,0.00000,0
143.183,0.0,0.0,1.60,-0.410,0.130,-9.450,0.00000,0
143.193,0.0,0.0,1.60,-0.410,0.130,-9.450,0.00000,0
143.203,0.0,0.0,1.60,-0.410,0.130,-9.450,0.00000,0
143.213,0.0,0.0,1.60,-0.410,0.130,-9.450,0.00000,0
143.223,0.0,0.0,1.60,-0.410,0.130,-9.450,0.00000,0
143.233,0.0,0.0,1.60,-0.410,0.130,-9.450,0.00000,0
143.243,0.0,0.0,1.60,-0.410,0.130,-9.450,0.00000,0
143.253,0.0,0.0,1.60,-0.410,0.130,-9.450,0.00000,0
143.263,0.0,0.0,1.60,-0.410,0.130,-9.450,0.00000,0
143.274,0.0,0.0,1.60,-0.410,0.130,-9.450,0.00000,0
143.284,0.0,0.0,1.60,-0.410,0.130,-9.450,0.00000,0
143.294,0.0,0.0,1.60,-0.410,0.130,-9.450,0.00000,0
143.304,0.0,0.0,1.60,-0.410,0.130,-9.450,0.00000,0
143.314,0.0,0.0,1.60,-0.410,0.130,-9.450,0.00000,0
143.324,0.0,0.0,1.60,-0.410,0.130,-9.450,0.00000,0
143.334,0.0,0.0,1.60,-0.410,0.130,-9.450,0.00000,0
143.344,0.0,0.0,1.60,-0.410,0.130,-9.450,0.00000,0
143.354,0.0,0.0,1.60,-0.410,0.130,-9.450,0.00000,0
143.364,0.0,0.0,1.60,-0.410,0.130,-9.450,0.00000,0
143.375,0.0,0.0,1.60,-0.410,0.130,-9.450,0.00000,0
143.385,0.0,0.0,1.60,-0.410,0.130,-9.450,0.00000,0
143.395,0.0,0.0,1.60,-0.410,0.130,-9.450,0.00000,0
143.405,0.0,0.0,1.60,-0.410,0.130,-9.450,0.00000,0
143.415,0.0,0.0,1.60,-0.410,0.130,-9.450,0.00000,0
143.425,0.0,0.0,1.60,-0.410,0.130,-9.450,0.00000,0
143.435,0.0,0.0,1.60,-0.410,0.130,-9.450,0.00000,0
143.445,0.0,0.0,1.60,-0.410,0.130,-9.450,0.00000,0
143.455,0.0,0.0,1.60,-0.410,0.130,-9.450,0.00000,0
143.465,0.0,0.0,1.60,-0.410,0.130,-9.450,0.00000,0
143.476,0.0,0.0,1.60,-0.410,0.130,-9.450,0.00000,0
143.486,0.0,0.0,1.60,-0.410,0.130,-9.450,0.00000,0
143.496,0.0,0.0,1.60,-0.410,0.130,-9.450,0.00000,0
143.506,0.0,0.0,1.60,-0.410,0.130,-9.450,0.00000,0
143.516,0.0,0.0,1.60,-0.410,0.130,-9.450,0.00000,0
143.526,0.0,0.0,1.60,-0.410,0.130,-9.450,0.00000,0
143.536,0.0,0.0,1.60,-0.410,0.130,-9.450,0.00000,0
143.546,0.0,0.0,1.60,-0.410,0.130,-9.450,0.00000,0
143.556,0.0,0.0,1.60,-0.410,0.130,-9.450,0.00000,0
143.566,0.0,0.0,1.60,-0.410,0.130,-9.450,0.00000,0
143.576,0.0,0.0,1.60,-0.410,0.130,-9.450,0.00000,0
143.587,0.0,0.0,1.60,-0.410,0.130,-9.450,0.00000,0
143.597,0.0,0.0,1.60,-0.410,0.130,-9.450,0.00000,0
143.607,0.0,0.0,1.60,-0.410,0.130,-9.450,0.00000,0
143.617,0.0,0.0,1.60,-0.410,0.130,-9.450,0.00000,0
143.627,0.0,0.0,1.60,-0.410,0.130,-9.450,0.00000,0
143.637,0.0,0.0,1.60,-0.410,0.130,-9.450,0.00000,0
143.647,0.0,0.0,1.60,-0.410,0.130,-9.450,0.00000,0
143.657,0.0,0.0,1.60,-0.410,0.130,-9.450,0.00000,0
143.667,0.0,0.0,1.60,-0.410,0.130,-9.450,0.00000,0
143.677,0.0,0.0,1.60,-0.410,0.130,-9.450,0.00000,0
143.688,0.0,0.0,1.60,-0.410,0.130,-9.450,0.00000,0
143.698,0.0,0.0,1.60,-0.410,0.130,-9.450,0.00000,0
143.708,0.0,0.0,1.60,-0.410,0.130,-9.450,0.00000,0
143.718,0.0,0.0,1.60,-0.410,0.130,-9.450,0.00000,0
143.728,0.0,0.0,1.60,-0.410,0.130,-9.450,0.00000,0
143.738,0.0,0.0,1.60,-0.410,0.130,-9.450,0.00000,0
143.748,0.0,0.0,1.60,-0.410,0.130,-9.450,0.00000,0
143.758,0.0,0.0,1.60,-0.410,0.130,-9.450,0.00000,0
143.768,0.0,0.0,1.60,-0.410,0.130,-9.450,0.00000,0
143.778,0.0,0.0,1.60,-0.410,0.130,-9.450,0.00000,0
143.788,0.0,0.0,1.60,-0.410,0.130,-9.450,0.00000,0
143.799,0.0,0.0,1.60,-0.410,0.130,-9.450,0.00000,0
143.809,0.0,0.0,1.60,-0.410,0.130,-9.450,0.00000,0
143.819,0.0,0.0,1.60,-0.410,0.130,-9.450,0.00000,0
143.829,0.0,0.0,1.60,-0.410,0.130,-9.450,0.00000,0
143.839,0.0,0.0,1.60,-0.410,0.130,-9.450,0.00000,0
143.849,0.0,0.0,1.60,-0.410,0.130,-9.450,0.00000,0
143.859,0.0,0.0,1.60,-0.410,0.130,-9.450,0.00000,0
143.869,0.0,0.0,1.60,-0.410,0.130,-9.450,0.00000,0
143.879,0.0,0.0,1.60,-0.410,0.130,-9.450,0.00000,0
143.889,0.0,0.0,1.60,-0.410,0.130,-9.450,0.00000,0
143.899,0.0,0.0,1.60,-0.410,0.130,-9.450,0.00000,0
143.910,0.0,0.0,1.60,-0.410,0.130,-9.450,0.00000,0
143.920,0.0,0.0,1.60,-0.410,0.130,-9.450,0.00000,0
143.930,0.0,0.0,1.60,-0.410,0.130,-9.450,0.00000,0
143.940,0.0,0.0,1.60,-0.410,0.130,-9.450,0.00000,0
143.950,0.0,0.0,1.60,-0.410,0.130,-9.450,0.00000,0
143.960,0.0,0.0,1.60,-0.410,0.130,-9.450,0.00000,0
143.970,0.0,0.0,1.60,-0.410,0.130,-9.450,0.00000,0
143.980,0.0,0.0,1.60,-0.410,0.130,-9.450,0.00000,0
143.990,0.0,0.0,1.60,-0.410,0.130,-9.450,0.00000,0
144.000,0.0,0.0,1.60,-0.410,0.130,-9.450,0.00000,0
144.011,0.0,0.0,1.60,-0.410,0.130,-9.450,0.00000,0
144.021,0.0,0.0,1.60,-0.410,0.130,-9.450,0.00000,0
144.031,0.0,0.0,1.60,-0.410,0.130,-9.450,0.00000,0
144.041,0.0,0.0,1.60,-0.410,0.130,-9.450,0.00000,0
144.051,0.0,0.0,1.60,-0.410,0.130,-9.450,0.00000,0
144.061,0.0,0.0,1.60,-0.410,0.130,-9.450,0.00000,0
144.071,0.0,0.0,1.60,-0.410,0.130,-9.450,0.00000,0
144.081,0.0,0.0,1.60,-0.410,0.130,-9.450,0.00000,0
144.091,0.0,0.0,1.60,-0.410,0.130,-9.450,0.00000,0
144.101,0.0,0.0,1.60,-0.410,0.130,-9.450,0.00000,0
144.112,0.0,0.0,1.60,-0.410,0.130,-9.450,0.00000,0
144.122,0.0,0.0,1.60,-0.410,0.130,-9.450,0.00000,0
144.132,0.0,0.0,1.60,-0.410,0.130,-9.450,0.00000,0
144.142,0.0,0.0,1.60,-0.410,0.130,-9.450,0.00000,0
144.152,0.0,0.0,1.60,-0.410,0.130,-9.450,0.00000,0
144.162,0.0,0.0,1.60,-0.410,0.130,-9.450,0.00000,0
144.172,0.0,0.0,1.60,-0.410,0.130,-9.450,0.00000,0
144.182,0.0,0.0,1.60,-0.410,0.130,-9.450,0.00000,0
144.192,0.0,0.0,1.60,-0.410,0.130,-9.450,0.00000,0
144.202,0.0,0.0,1.60,-0.410,0.130,-9.450,0.00000,0
144.212,0.0,0.0,1.60,-0.410,0.130,-9.450,0.00000,0
144.223,0.0,0.0,1.60,-0.410,0.130,-9.450,0.00000,0
144.233,0.0,0.0,1.60,-0.410,0.130,-9.450,0.00000,0
144.243,0.0,0.0,1.60,-0.410,0.130,-9.450,0.00000,0
144.253,0.0,0.0,1.60,-0.410,0.130,-9.450,0.00000,0
144.263,0.0,0.0,1.60,-0.410,0.130,-9.450,0.00000,0
144.273,0.0,0.0,1.60,-0.410,0.130,-9.450,0.00000,0
144.283,0.0,0.0,1.60,-0.410,0.130,-9.450,0.00000,0
144.293,0.0,0.0,1.60,-0.410,0.130,-9.450,0.00000,0
144.303,0.0,0.0,1.60,-0.410,0.130,-9.450,0.00000,0
144.313,0.0,0.0,1.60,-0.410,0.130,-9.450,0.00000,0
144.323,0.0,0.0,1.60,-0.410,0.130,-9.450,0.00000,0
144.334,0.0,0.0,1.60,-0.410,0.130,-9.450,0.00000,0
144.344,0.0,0.0,1.60,-0.410,0.130,-9.450,0.00000,0
144.354,0.0,0.0,1.60,-0.410,0.130,-9.450,0.00000,0
144.364,0.0,0.0,1.60,-0.410,0.130,-9.450,0.00000,0
144.374,0.0,0.0,1.60,-0.410,0.130,-9.450,0.00000,0
144.384,0.0,0.0,1.60,-0.410,0.130,-9.450,0.00000,0
144.394,0.0,0.0,1.60,-0.410,0.130,-9.450,0.00000,0
144.404,0.0,0.0,1.60,-0.410,0.130,-9.450,0.00000,0
144.415,0.0,0.0,1.60,-0.410,0.130,-9.450,0.00000,0
144.425,0.0,0.0,1.60,-0.410,0.130,-9.450,0.00000,0
144.435,0.0,0.0,1.60,-0.410,0.130,-9.450,0.00000,0
144.445,0.0,0.0,1.60,-0.410,0.130,-9.450,0.00000,0
144.455,0.0,0.0,1.60,-0.410,0.130,-9.450,0.00000,0
144.465,0.0,0.0,1.60,-0.410,0.130,-9.450,0.00000,0
144.475,0.0,0.0,1.60,-0.410,0.130,-9.450,0.00000,0
144.485,0.0,0.0,1.60,-0.410,0.130,-9.450,0.00000,0
144.495,0.0,0.0,1.60,-0.410,0.130,-9.450,0.00000,0
144.506,0.0,0.0,1.60,-0.410,0.130,-9.450,0.00000,0
144.516,0.0,0.0,1.60,-0.410,0.130,-9.450,0.00000,0
144.526,0.0,0.0,1.60,-0.410,0.130,-9.450,0.00000,0
144.536,0.0,0.0,1.60,-0.410,0.130,-9.450,0.00000,0
144.546,0.0,0.0,1.60,-0.410,0.130,-9.450,0.00000,0
144.556,0.0,0.0,1.60,-0.410,0.130,-9.450,0.00000,0
144.566,0.0,0.0,1.60,-0.410,0.130,-9.450,0.00000,0
144.576,0.0,0.0,1.60,-0.410,0.130,-9.450,0.00000,0
144.586,0.0,0.0,1.60,-0.410,0.130,-9.450,0.00000,0
144.596,0.0,0.0,1.60,-0.410,0.130,-9.450,0.00000,0
144.607,0.0,0.0,1.60,-0.410,0.130,-9.450,0.00000,0
144.617,0.0,0.0,1.60,-0.410,0.130,-9.450,0.00000,0
144.627,0.0,0.0,1.60,-0.410,0.130,-9.450,0.00000,0
144.637,0.0,0.0,1.60,-0.410,0.130,-9.450,0.00000,0
144.647,0.0,0.0,1.60,-0.410,0.130,-9.450,0.00000,0
144.657,0.0,0.0,1.60,-0.410,0.130,-9.450,0.00000,0
144.667,0.0,0.0,1.60,-0.410,0.130,-9.450,0.00000,0
144.677,0.0,0.0,1.60,-0.410,0.130,-9.450,0.00000,0
144.687,0.0,0.0,1.60,-0.410,0.130,-9.450,0.00000,0
144.697,0.0,0.0,1.60,-0.410,0.130,-9.450,0.00000,0
144.707,0.0,0.0,1.60,-0.410,0.130,-9.450,0.00000,0
144.718,0.0,0.0,1.60,-0.410,0.130,-9.450,0.00000,0
144.728,0.0,0.0,1.60,-0.410,0.130,-9.450,0.00000,0
144.738,0.0,0.0,1.60,-0.410,0.130,-9.450,0.00000,0
144.748,0.0,0.0,1.60,-0.410,0.130,-9.450,0.00000,0
144.758,0.0,0.0,1.60,-0.410,0.130,-9.450,0.00000,0
144.768,0.0,0.0,1.60,-0.410,0.130,-9.450,0.00000,0
144.778,0.0,0.0,1.60,-0.410,0.130,-9.450,0.00000,0
144.788,0.0,0.0,1.60,-0.410,0.130,-9.450,0.00000,0
144.799,0.0,0.0,1.60,-0.410,0.130,-9.450,0.00000,0
144.809,0.0,0.0,1.60,-0.410,0.130,-9.450,0.00000,0
144.819,0.0,0.0,1.60,-0.410,0.130,-9.450,0.00000,0
144.829,0.0,0.0,1.60,-0.410,0.130,-9.450,0.00000,0
144.839,0.0,0.0,1.60,-0.410,0.130,-9.450,0.00000,0
144.849,0.0,0.0,1.60,-0.410,0.130,-9.450,0.00000,0
144.859,0.0,0.0,1.60,-0.410,0.130,-9.450,0.00000,0
144.869,0.0,0.0,1.60,-0.410,0.130,-9.450,0.00000,0
144.879,0.0,0.0,1.60,-0.410,0.130,-9.450,0.00000,0
144.889,0.0,0.0,1.60,-0.410,0.130,-9.450,0.00000,0
144.900,0.0,0.0,1.60,-0.410,0.130,-9.450,0.00000,0
144.910,0.0,0.0,1.60,-0.410,0.130,-9.450,0.00000,0
144.920,0.0,0.0,1.60,-0.410,0.130,-9.450,0.00000,0
144.930,0.0,0.0,1.60,-0.410,0.130,-9.450,0.00000,0
144.940,0.0,0.0,1.60,-0.410,0.130,-9.450,0.00000,0
144.950,0.0,0.0,1.60,-0.410,0.130,-9.450,0.00000,0
144.960,0.0,0.0,1.60,-0.410,0.130,-9.450,0.00000,0
144.970,0.0,0.0,1.60,-0.410,0.130,-9.450,0.00000,0
144.980,0.0,0.0,1.60,-0.410,0.130,-9.450,0.00000,0
144.990,0.0,0.0,1.60,-0.410,0.130,-9.450,0.00000,0
145.001,0.0,0.0,1.60,-0.410,0.130,-9.450,0.00000,0
145.011,0.0,0.0,1.60,-0.410,0.130,-9.450,0.00000,0
145.021,0.0,0.0,1.60,-0.410,0.130,-9.450,0.00000,0
145.031,0.0,0.0,1.60,-0.410,0.130,-9.450,0.00000,0
145.041,0.0,0.0,1.60,-0.410,0.130,-9.450,0.00000,0
145.051,0.0,0.0,1.60,-0.410,0.130,-9.450,0.00000,0
145.061,0.0,0.0,1.60,-0.410,0.130,-9.450,0.00000,0
145.071,0.0,0.0,1.60,-0.410,0.130,-9.450,0.00000,0
145.081,0.0,0.0,1.60,-0.410,0.130,-9.450,0.00000,0
145.091,0.0,0.0,1.60,-0.410,0.130,-9.450,0.00000,0
145.102,0.0,0.0,1.60,-0.410,0.130,-9.450,0.00000,0
145.112,0.0,0.0,1.60,-0.410,0.130,-9.450,0.00000,0
145.122,0.0,0.0,1.60,-0.410,0.130,-9.450,0.00000,0
145.132,0.0,0.0,1.60,-0.410,0.130,-9.450,0.00000,0
145.142,0.0,0.0,1.60,-0.410,0.130,-9.450,0.00000,0
145.152,0.0,0.0,1.60,-0.410,0.130,-9.450,0.00000,0
145.162,0.0,0.0,1.60,-0.410,0.130,-9.450,0.00000,0
145.172,0.0,0.0,1.60,-0.410,0.130,-9.450,0.00000,0
145.182,0.0,0.0,1.60,-0.410,0.130,-9.450,0.00000,0
145.192,0.0,0.0,1.60,-0.410,0.130,-9.450,0.00000,0
145.203,0.0,0.0,1.60,-0.410,0.130,-9.450,0.00000,0
145.213,0.0,0.0,1.60,-0.410,0.130,-9.450,0.00000,0
145.223,0.0,0.0,1.60,-0.410,0.130,-9.450,0.00000,0
145.233,0.0,0.0,1.60,-0.410,0.130,-9.450,0.00000,0
145.243,0.0,0.0,1.60,-0.410,0.130,-9.450,0.00000,0
145.253,0.0,0.0,1.60,-0.410,0.130,-9.450,0.00000,0
145.263,0.0,0.0,1.60,-0.410,0.130,-9.450,0.00000,0
145.273,0.0,0.0,1.60,-0.410,0.130,-9.450,0.00000,0
145.283,0.0,0.0,1.60,-0.410,0.130,-9.450,0.00000,0
145.293,0.0,0.0,1.60,-0.410,0.130,-9.450,0.00000,0
145.304,0.0,0.0,1.60,-0.410,0.130,-9.450,0.00000,0
145.314,0.0,0.0,1.60,-0.410,0.130,-9.450,0.00000,0
145.324,0.0,0.0,1.60,-0.410,0.130,-9.450,0.00000,0
145.334,0.0,0.0,1.60,-0.410,0.130,-9.450,0.00000,0
145.344,0.0,0.0,1.60,-0.410,0.130,-9.450,0.00000,0
145.354,0.0,0.0,1.60,-0.410,0.130,-9.450,0.00000,0
145.364,0.0,0.0,1.60,-0.410,0.130,-9.450,0.00000,0
145.374,0.0,0.0,1.60,-0.410,0.130,-9.450,0.00000,0
145.384,0.0,0.0,1.60,-0.410,0.130,-9.450,0.00000,0
145.395,0.0,0.0,1.60,-0.410,0.130,-9.450,0.00000,0
145.405,0.0,0.0,1.60,-0.410,0.130,-9.450,0.00000,0
145.415,0.0,0.0,1.60,-0.410,0.130,-9.450,0.00000,0
145.425,0.0,0.0,1.60,-0.410,0.130,-9.450,0.00000,0
145.435,0.0,0.0,1.60,-0.410,0.130,-9.450,0.00000,0
145.445,0.0,0.0,1.60,-0.410,0.130,-9.450,0.00000,0
145.455,0.0,0.0,1.60,-0.410,0.130,-9.450,0.00000,0
145.465,0.0,0.0,1.60,-0.410,0.130,-9.450,0.00000,0
145.475,0.0,0.0,1.60,-0.410,0.130,-9.450,0.00000,0
145.486,0.0,0.0,1.60,-0.410,0.130,-9.450,0.00000,0
145.496,0.0,0.0,1.60,-0.410,0.130,-9.450,0.00000,0
145.506,0.0,0.0,1.60,-0.410,0.130,-9.450,0.00000,0
145.516,0.0,0.0,1.60,-0.410,0.130,-9.450,0.00000,0
145.526,0.0,0.0,1.60,-0.410,0.130,-9.450,0.00000,0
145.536,0.0,0.0,1.60,-0.410,0.130,-9.450,0.00000,0
145.546,0.0,0.0,1.60,-0.410,0.130,-9.450,0.00000,0
145.556,0.0,0.0,1.60,-0.410,0.130,-9.450,0.00000,0
145.566,0.0,0.0,1.60,-0.410,0.130,-9.450,0.00000,0
145.576,0.0,0.0,1.60,-0.410,0.130,-9.450,0.00000,0
145.587,0.0,0.0,1.60,-0.410,0.130,-9.450,0.00000,0
145.597,0.0,0.0,1.60,-0.410,0.130,-9.450,0.00000,0
145.607,0.0,0.0,1.60,-0.410,0.130,-9.450,0.00000,0
145.617,0.0,0.0,1.60,-0.410,0.130,-9.450,0.00000,0
145.627,0.0,0.0,1.60,-0.410,0.130,-9.450,0.00000,0
145.637,0.0,0.0,1.60,-0.410,0.130,-9.450,0.00000,0
145.647,0.0,0.0,1.60,-0.410,0.130,-9.450,0.00000,0
145.657,0.0,0.0,1.60,-0.410,0.130,-9.450,0.00000,0
145.667,0.0,0.0,1.60,-0.410,0.130,-9.450,0.00000,0
145.677,0.0,0.0,1.60,-0.410,0.130,-9.450,0.00000,0
145.688,0.0,0.0,1.60,-0.410,0.130,-9.450,0.00000,0
145.698,0.0,0.0,1.60,-0.410,0.130,-9.450,0.00000,0
145.708,0.0,0.0,1.60,-0.410,0.130,-9.450,0.00000,0
145.718,0.0,0.0,1.60,-0.410,0.130,-9.450,0.00000,0
145.728,0.0,0.0,1.60,-0.410,0.130,-9.450,0.00000,0
145.738,0.0,0.0,1.60,-0.410,0.130,-9.450,0.00000,0
145.748,0.0,0.0,1.60,-0.410,0.130,-9.450,0.00000,0
145.758,0.0,0.0,1.60,-0.410,0.130,-9.450,0.00000,0
145.768,0.0,0.0,1.60,-0.410,0.130,-9.450,0.00000,0
145.778,0.0,0.0,1.60,-0.410,0.130,-9.450,0.00000,0
145.789,0.0,0.0,1.60,-0.410,0.130,-9.450,0.00000,0
145.799,0.0,0.0,1.60,-0.410,0.130,-9.450,0.00000,0
145.809,0.0,0.0,1.60,-0.410,0.130,-9.450,0.00000,0
145.819,0.0,0.0,1.60,-0.410,0.130,-9.450,0.00000,0
145.829,0.0,0.0,1.60,-0.410,0.130,-9.450,0.00000,0
145.839,0.0,0.0,1.60,-0.410,0.130,-9.450,0.00000,0
145.849,0.0,0.0,1.60,-0.410,0.130,-9.450,0.00000,0
145.859,0.0,0.0,1.60,-0.410,0.130,-9.450,0.00000,0
145.869,0.0,0.0,1.60,-0.410,0.130,-9.450,0.00000,0
145.879,0.0,0.0,1.60,-0.410,0.130,-9.450,0.00000,0
145.890,0.0,0.0,1.60,-0.410,0.130,-9.450,0.00000,0
145.900,0.0,0.0,1.60,-0.410,0.130,-9.450,0.00000,0
145.910,0.0,0.0,1.60,-0.410,0.130,-9.450,0.00000,0
145.920,0.0,0.0,1.60,-0.410,0.130,-9.450,0.00000,0
145.930,0.0,0.0,1.60,-0.410,0.130,-9.450,0.00000,0
145.940,0.0,0.0,1.60,-0.410,0.130,-9.450,0.00000,0
145.950,0.0,0.0,1.60,-0.410,0.130,-9.450,0.00000,0
145.960,0.0,0.0,1.60,-0.410,0.130,-9.450,0.00000,0
145.970,0.0,0.0,1.60,-0.410,0.130,-9.450,0.00000,0
145.980,0.0,0.0,1.60,-0.410,0.130,-9.450,0.00000,0
145.991,0.0,0.0,1.60,-0.410,0.130,-9.450,0.00000,0
146.001,0.0,0.0,1.60,-0.410,0.130,-9.450,0.00000,0
146.011,0.0,0.0,1.60,-0.410,0.130,-9.450,0.00000,0
146.021,0.0,0.0,1.60,-0.410,0.130,-9.450,0.00000,0
146.031,0.0,0.0,1.60,-0.410,0.130,-9.450,0.00000,0
146.041,0.0,0.0,1.60,-0.410,0.130,-9.450,0.00000,0
146.051,0.0,0.0,1.60,-0.410,0.130,-9.450,0.00000,0
146.061,0.0,0.0,1.60,-0.410,0.130,-9.450,0.00000,0
146.071,0.0,0.0,1.60,-0.410,0.130,-9.450,0.00000,0
146.081,0.0,0.0,1.60,-0.410,0.130,-9.450,0.00000,0
146.092,0.0,0.0,1.60,-0.410,0.130,-9.450,0.00000,0
146.102,0.0,0.0,1.60,-0.410,0.130,-9.450,0.00000,0
146.112,0.0,0.0,1.60,-0.410,0.130,-9.450,0.00000,0
146.122,0.0,0.0,1.60,-0.410,0.130,-9.450,0.00000,0
146.132,0.0,0.0,1.60,-0.410,0.130,-9.450,0.00000,0
146.142,0.0,0.0,1.60,-0.410,0.130,-9.450,0.00000,0
146.152,0.0,0.0,1.60,-0.410,0.130,-9.450,0.00000,0
146.162,0.0,0.0,1.60,-0.410,0.130,-9.450,0.00000,0
146.172,0.0,0.0,1.60,-0.410,0.130,-9.450,0.00000,0
146.182,0.0,0.0,1.60,-0.410,0.130,-9.450,0.00000,0
146.193,0.0,0.0,1.60,-0.410,0.130,-9.450,0.00000,0
146.203,0.0,0.0,1.60,-0.410,0.130,-9.450,0.00000,0
146.213,0.0,0.0,1.60,-0.410,0.130,-9.450,0.00000,0
146.223,0.0,0.0,1.60,-0.410,0.130,-9.450,0.00000,0
146.233,0.0,0.0,1.60,-0.410,0.130,-9.450,0.00000,0
146.243,0.0,0.0,1.60,-0.410,0.130,-9.450,0.00000,0
146.253,0.0,0.0,1.60,-0.410,0.130,-9.450,0.00000,0
146.263,0.0,0.0,1.60,-0.410,0.130,-9.450,0.00000,0
146.273,0.0,0.0,1.60,-0.410,0.130,-9.450,0.00000,0
146.283,0.0,0.0,1.60,-0.410,0.130,-9.450,0.00000,0
146.294,0.0,0.0,1.60,-0.410,0.130,-9.450,0.00000,0
146.304,0.0,0.0,1.60,-0.410,0.130,-9.450,0.00000,0
146.314,0.0,0.0,1.60,-0.410,0.130,-9.450,0.00000,0
146.324,0.0,0.0,1.60,-0.410,0.130,-9.450,0.00000,0
146.334,0.0,0.0,1.60,-0.410,0.130,-9.450,0.00000,0
146.344,0.0,0.0,1.60,-0.410,0.130,-9.450,0.00000,0
146.354,0.0,0.0,1.60,-0.410,0.130,-9.450,0.00000,0
146.364,0.0,0.0,1.60,-0.410,0.130,-9.450,0.00000,0
146.374,0.0,0.0,1.60,-0.410,0.130,-9.450,0.00000,0
146.385,0.0,0.0,1.60,-0.410,0.130,-9.450,0.00000,0
146.395,0.0,0.0,1.60,-0.410,0.130,-9.450,0.00000,0
146.405,0.0,0.0,1.60,-0.410,0.130,-9.450,0.00000,0
146.415,0.0,0.0,1.60,-0.410,0.130,-9.450,0.00000,0
146.425,0.0,0.0,1.60,-0.410,0.130,-9.450,0.00000,0
146.435,0.0,0.0,1.60,-0.410,0.130,-9.450,0.00000,0
146.445,0.0,0.0,1.60,-0.410,0.130,-9.450,0.00000,0
146.455,0.0,0.0,1.60,-0.410,0.130,-9.450,0.00000,0
146.465,0.0,0.0,1.60,-0.410,0.130,-9.450,0.00000,0
146.475,0.0,0.0,1.60,-0.410,0.130,-9.450,0.00000,0
146.486,0.0,0.0,1.60,-0.410,0.130,-9.450,0.00000,0
146.496,0.0,0.0,1.60,-0.410,0.130,-9.450,0.00000,0
146.506,0.0,0.0,1.60,-0.410,0.130,-9.450,0.00000,0
146.516,0.0,0.0,1.60,-0.410,0.130,-9.450,0.00000,0
146.526,0.0,0.0,1.60,-0.410,0.130,-9.450,0.00000,0
146.536,0.0,0.0,1.60,-0.410,0.130,-9.450,0.00000,0
146.546,0.0,0.0,1.60,-0.410,0.130,-9.450,0.00000,0
146.556,0.0,0.0,1.60,-0.410,0.130,-9.450,0.00000,0
146.566,0.0,0.0,1.60,-0.410,0.130,-9.450,0.00000,0
146.576,0.0,0.0,1.60,-0.410,0.130,-9.450,0.00000,0
146.587,0.0,0.0,1.60,-0.410,0.130,-9.450,0.00000,0
146.597,0.0,0.0,1.60,-0.410,0.130,-9.450,0.00000,0
146.607,0.0,0.0,1.60,-0.410,0.130,-9.450,0.00000,0
146.617,0.0,0.0,1.60,-0.410,0.130,-9.450,0.00000,0
146.627,0.0,0.0,1.60,-0.410,0.130,-9.450,0.00000,0
146.637,0.0,0.0,1.60,-0.410,0.130,-9.450,0.00000,0
146.647,0.0,0.0,1.60,-0.410,0.130,-9.450,0.00000,0
146.657,0.0,0.0,1.60,-0.410,0.130,-9.450,0.00000,0
146.667,0.0,0.0,1.60,-0.410,0.130,-9.450,0.00000,0
146.677,0.0,0.0,1.60,-0.410,0.130,-9.450,0.00000,0
146.687,0.0,0.0,1.60,-0.410,0.130,-9.450,0.00000,0
146.698,0.0,0.0,1.60,-0.410,0.130,-9.450,0.00000,0
146.708,0.0,0.0,1.60,-0.410,0.130,-9.450,0.00000,0
146.718,0.0,0.0,1.60,-0.410,0.130,-9.450,0.00000,0
146.728,0.0,0.0,1.60,-0.410,0.130,-9.450,0.00000,0
146.738,0.0,0.0,1.60,-0.410,0.130,-9.450,0.00000,0
146.748,0.0,0.0,1.60,-0.410,0.130,-9.450,0.00000,0
146.758,0.0,0.0,1.60,-0.410,0.130,-9.450,0.00000,0
146.768,0.0,0.0,1.60,-0.410,0.130,-9.450,0.00000,0
146.778,0.0,0.0,1.60,-0.410,0.130,-9.450,0.00000,0
146.789,0.0,0.0,1.60,-0.410,0.130,-9.450,0.00000,0
146.799,0.0,0.0,1.60,-0.410,0.130,-9.450,0.00000,0
146.809,0.0,0.0,1.60,-0.410,0.130,-9.450,0.00000,0
146.819,0.0,0.0,1.60,-0.410,0.130,-9.450,0.00000,0
146.829,0.0,0.0,1.60,-0.410,0.130,-9.450,0.00000,0
146.839,0.0,0.0,1.60,-0.410,0.130,-9.450,0.00000,0
146.849,0.0,0.0,1.60,-0.410,0.130,-9.450,0.00000,0
146.859,0.0,0.0,1.60,-0.410,0.130,-9.450,0.00000,0
146.869,0.0,0.0,1.60,-0.410,0.130,-9.450,0.00000,0
146.879,0.0,0.0,1.60,-0.410,0.130,-9.450,0.00000,0
146.890,0.0,0.0,1.60,-0.410,0.130,-9.450,0.00000,0
146.900,0.0,0.0,1.60,-0.410,0.130,-9.450,0.00000,0
146.910,0.0,0.0,1.60,-0.410,0.130,-9.450,0.00000,0
146.920,0.0,0.0,1.60,-0.410,0.130,-9.450,0.00000,0
146.930,0.0,0.0,1.60,-0.410,0.130,-9.450,0.00000,0
146.940,0.0,0.0,1.60,-0.410,0.130,-9.450,0.00000,0
146.950,0.0,0.0,1.60,-0.410,0.130,-9.450,0.00000,0
146.960,0.0,0.0,1.60,-0.410,0.130,-9.450,0.00000,0
146.970,0.0,0.0,1.60,-0.410,0.130,-9.450,0.00000,0
146.980,0.0,0.0,1.60,-0.410,0.130,-9.450,0.00000,0
146.991,0.0,0.0,1.60,-0.410,0.130,-9.450,0.00000,0
147.001,0.0,0.0,1.60,-0.410,0.130,-9.450,0.00000,0
147.011,0.0,0.0,1.60,-0.410,0.130,-9.450,0.00000,0
147.021,0.0,0.0,1.60,-0.410,0.130,-9.450,0.00000,0
147.031,0.0,0.0,1.60,-0.410,0.130,-9.450,0.00000,0
147.041,0.0,0.0,1.60,-0.410,0.130,-9.450,0.00000,0
147.051,0.0,0.0,1.60,-0.410,0.130,-9.450,0.00000,0
147.061,0.0,0.0,1.60,-0.410,0.130,-9.450,0.00000,0
147.071,0.0,0.0,1.60,-0.410,0.130,-9.450,0.00000,0
147.081,0.0,0.0,1.60,-0.410,0.130,-9.450,0.00000,0
147.092,0.0,0.0,1.60,-0.410,0.130,-9.450,0.00000,0
147.102,0.0,0.0,1.60,-0.410,0.130,-9.450,0.00000,0
147.112,0.0,0.0,1.60,-0.410,0.130,-9.450,0.00000,0
147.122,0.0,0.0,1.60,-0.410,0.130,-9.450,0.00000,0
147.132,0.0,0.0,1.60,-0.410,0.130,-9.450,0.00000,0
147.142,0.0,0.0,1.60,-0.410,0.130,-9.450,0.00000,0
147.152,0.0,0.0,1.60,-0.410,0.130,-9.450,0.00000,0
147.162,0.0,0.0,1.60,-0.410,0.130,-9.450,0.00000,0
147.172,0.0,0.0,1.60,-0.410,0.130,-9.450,0.00000,0
147.182,0.0,0.0,1.60,-0.410,0.130,-9.450,0.00000,0
147.193,0.0,0.0,1.60,-0.410,0.130,-9.450,0.00000,0
147.203,0.0,0.0,1.60,-0.410,0.130,-9.450,0.00000,0
147.213,0.0,0.0,1.60,-0.410,0.130,-9.450,0.00000,0
147.223,0.0,0.0,1.60,-0.410,0.130,-9.450,0.00000,0
147.233,0.0,0.0,1.60,-0.410,0.130,-9.450,0.00000,0
147.243,0.0,0.0,1.60,-0.410,0.130,-9.450,0.00000,0
147.253,0.0,0.0,1.60,-0.410,0.130,-9.450,0.00000,0
147.263,0.0,0.0,1.60,-0.410,0.130,-9.450,0.00000,0
147.273,0.0,0.0,1.60,-0.410,0.130,-9.450,0.00000,0
147.283,0.0,0.0,1.60,-0.410,0.130,-9.450,0.00000,0
147.293,0.0,0.0,1.60,-0.410,0.130,-9.450,0.00000,0
147.304,0.0,0.0,1.60,-0.410,0.130,-9.450,0.00000,0
147.314,0.0,0.0,1.60,-0.410,0.130,-9.450,0.00000,0
147.324,0.0,0.0,1.60,-0.410,0.130,-9.450,0.00000,0
147.334,0.0,0.0,1.60,-0.410,0.130,-9.450,0.00000,0
147.344,0.0,0.0,1.60,-0.410,0.130,-9.450,0.00000,0
147.354,0.0,0.0,1.60,-0.410,0.130,-9.450,0.00000,0
147.364,0.0,0.0,1.60,-0.410,0.130,-9.450,0.00000,0
147.374,0.0,0.0,1.60,-0.410,0.130,-9.450,0.00000,0
147.384,0.0,0.0,1.60,-0.410,0.130,-9.450,0.00000,0
147.394,0.0,0.0,1.60,-0.410,0.130,-9.450,0.00000,0
147.405,0.0,0.0,1.60,-0.410,0.130,-9.450,0.00000,0
147.415,0.0,0.0,1.60,-0.410,0.130,-9.450,0.00000,0
147.425,0.0,0.0,1.60,-0.410,0.130,-9.450,0.00000,0
147.435,0.0,0.0,1.60,-0.410,0.130,-9.450,0.00000,0
147.445,0.0,0.0,1.60,-0.410,0.130,-9.450,0.00000,0
147.455,0.0,0.0,1.60,-0.410,0.130,-9.450,0.00000,0
147.465,0.0,0.0,1.60,-0.410,0.130,-9.450,0.00000,0
147.475,0.0,0.0,1.60,-0.410,0.130,-9.450,0.00000,0
147.485,0.0,0.0,1.60,-0.410,0.130,-9.450,0.00000,0
147.495,0.0,0.0,1.60,-0.410,0.130,-9.450,0.00000,0
147.506,0.0,0.0,1.60,-0.410,0.130,-9.450,0.00000,0
147.516,0.0,0.0,1.60,-0.410,0.130,-9.450,0.00000,0
147.526,0.0,0.0,1.60,-0.410,0.130,-9.450,0.00000,0
147.536,0.0,0.0,1.60,-0.410,0.130,-9.450,0.00000,0
147.546,0.0,0.0,1.60,-0.410,0.130,-9.450,0.00000,0
147.556,0.0,0.0,1.60,-0.410,0.130,-9.450,0.00000,0
147.566,0.0,0.0,1.60,-0.410,0.130,-9.450,0.00000,0
147.576,0.0,0.0,1.60,-0.410,0.130,-9.450,0.00000,0
147.586,0.0,0.0,1.60,-0.410,0.130,-9.450,0.00000,0
147.596,0.0,0.0,1.60,-0.410,0.130,-9.450,0.00000,0
147.607,0.0,0.0,1.60,-0.410,0.130,-9.450,0.00000,0
147.617,0.0,0.0,1.60,-0.410,0.130,-9.450,0.00000,0
147.627,0.0,0.0,1.60,-0.410,0.130,-9.450,0.00000,0
147.637,0.0,0.0,1.60,-0.410,0.130,-9.450,0.00000,0
147.647,0.0,0.0,1.60,-0.410,0.130,-9.450,0.00000,0
147.657,0.0,0.0,1.60,-0.410,0.130,-9.450,0.00000,0
147.667,0.0,0.0,1.60,-0.410,0.130,-9.450,0.00000,0
147.677,0.0,0.0,1.60,-0.410,0.130,-9.450,0.00000,0
147.687,0.0,0.0,1.60,-0.410,0.130,-9.450,0.00000,0
147.697,0.0,0.0,1.60,-0.410,0.130,-9.450,0.00000,0
147.708,0.0,0.0,1.60,-0.410,0.130,-9.450,0.00000,0
147.718,0.0,0.0,1.60,-0.410,0.130,-9.450,0.00000,0
147.728,0.0,0.0,1.60,-0.410,0.130,-9.450,0.00000,0
147.738,0.0,0.0,1.60,-0.410,0.130,-9.450,0.00000,0
147.748,0.0,0.0,1.60,-0.410,0.130,-9.450,0.00000,0
147.758,0.0,0.0,1.60,-0.410,0.130,-9.450,0.00000,0
147.768,0.0,0.0,1.60,-0.410,0.130,-9.450,0.00000,0
147.778,0.0,0.0,1.60,-0.410,0.130,-9.450,0.00000,0
147.788,0.0,0.0,1.60,-0.410,0.130,-9.450,0.00000,0
147.798,0.0,0.0,1.60,-0.410,0.130,-9.450,0.00000,0
147.809,0.0,0.0,1.60,-0.410,0.130,-9.450,0.00000,0
147.819,0.0,0.0,1.60,-0.410,0.130,-9.450,0.00000,0
147.829,0.0,0.0,1.60,-0.410,0.130,-9.450,0.00000,0
147.839,0.0,0.0,1.60,-0.410,0.130,-9.450,0.00000,0
147.849,0.0,0.0,1.60,-0.410,0.130,-9.450,0.00000,0
147.859,0.0,0.0,1.60,-0.410,0.130,-9.450,0.00000,0
147.869,0.0,0.0,1.60,-0.410,0.130,-9.450,0.00000,0
147.879,0.0,0.0,1.60,-0.410,0.130,-9.450,0.00000,0
147.889,0.0,0.0,1.60,-0.410,0.130,-9.450,0.00000,0
147.899,0.0,0.0,1.60,-0.410,0.130,-9.450,0.00000,0
147.910,0.0,0.0,1.60,-0.410,0.130,-9.450,0.00000,0
147.920,0.0,0.0,1.60,-0.410,0.130,-9.450,0.00000,0
147.930,0.0,0.0,1.60,-0.410,0.130,-9.450,0.00000,0
147.940,0.0,0.0,1.60,-0.410,0.130,-9.450,0.00000,0
147.950,0.0,0.0,1.60,-0.410,0.130,-9.450,0.00000,0
147.960,0.0,0.0,1.60,-0.410,0.130,-9.450,0.00000,0
147.970,0.0,0.0,1.60,-0.410,0.130,-9.450,0.00000,0
147.980,0.0,0.0,1.60,-0.410,0.130,-9.450,0.00000,0
147.990,0.0,0.0,1.60,-0.410,0.130,-9.450,0.00000,0
148.000,0.0,0.0,1.60,-0.410,0.130,-9.450,0.00000,0
148.011,0.0,0.0,1.60,-0.410,0.130,-9.450,0.00000,0
148.021,0.0,0.0,1.60,-0.410,0.130,-9.450,0.00000,0
148.031,0.0,0.0,1.60,-0.410,0.130,-9.450,0.00000,0
148.041,0.0,0.0,1.60,-0.410,0.130,-9.450,0.00000,0
148.051,0.0,0.0,1.60,-0.410,0.130,-9.450,0.00000,0
148.061,0.0,0.0,1.60,-0.410,0.130,-9.450,0.00000,0
148.071,0.0,0.0,1.60,-0.410,0.130,-9.450,0.00000,0
148.081,0.0,0.0,1.60,-0.410,0.130,-9.450,0.00000,0
148.091,0.0,0.0,1.60,-0.410,0.130,-9.450,0.00000,0
148.102,0.0,0.0,1.60,-0.410,0.130,-9.450,0.00000,0
148.112,0.0,0.0,1.60,-0.410,0.130,-9.450,0.00000,0
148.122,0.0,0.0,1.60,-0.410,0.130,-9.450,0.00000,0
148.132,0.0,0.0,1.60,-0.410,0.130,-9.450,0.00000,0
148.142,0.0,0.0,1.60,-0.410,0.130,-9.450,0.00000,0
148.152,0.0,0.0,1.60,-0.410,0.130,-9.450,0.00000,0
148.162,0.0,0.0,1.60,-0.410,0.130,-9.450,0.00000,0
148.172,0.0,0.0,1.60,-0.410,0.130,-9.450,0.00000,0
148.182,0.0,0.0,1.60,-0.410,0.130,-9.450,0.00000,0
148.192,0.0,0.0,1.60,-0.410,0.130,-9.450,0.00000,0
148.202,0.0,0.0,1.60,-0.410,0.130,-9.450,0.00000,0
148.213,0.0,0.0,1.60,-0.410,0.130,-9.450,0.00000,0
148.223,0.0,0.0,1.60,-0.410,0.130,-9.450,0.00000,0
148.233,0.0,0.0,1.60,-0.410,0.130,-9.450,0.00000,0
148.243,0.0,0.0,1.60,-0.410,0.130,-9.450,0.00000,0
148.253,0.0,0.0,1.60,-0.410,0.130,-9.450,0.00000,0
148.263,0.0,0.0,1.60,-0.410,0.130,-9.450,0.00000,0
148.273,0.0,0.0,1.60,-0.410,0.130,-9.450,0.00000,0
148.283,0.0,0.0,1.60,-0.410,0.130,-9.450,0.00000,0
148.293,0.0,0.0,1.60,-0.410,0.130,-9.450,0.00000,0
148.303,0.0,0.0,1.60,-0.410,0.130,-9.450,0.00000,0
148.314,0.0,0.0,1.60,-0.410,0.130,-9.450,0.00000,0
148.324,0.0,0.0,1.60,-0.410,0.130,-9.450,0.00000,0
148.334,0.0,0.0,1.60,-0.410,0.130,-9.450,0.00000,0
148.344,0.0,0.0,1.60,-0.410,0.130,-9.450,0.00000,0
148.354,0.0,0.0,1.60,-0.410,0.130,-9.450,0.00000,0
148.364,0.0,0.0,1.60,-0.410,0.130,-9.450,0.00000,0
148.374,0.0,0.0,1.60,-0.410,0.130,-9.450,0.00000,0
148.384,0.0,0.0,1.60,-0.410,0.130,-9.450,0.00000,0
148.394,0.0,0.0,1.60,-0.410,0.130,-9.450,0.00000,0
148.404,0.0,0.0,1.60,-0.410,0.130,-9.450,0.00000,0
148.414,0.0,0.0,1.60,-0.410,0.130,-9.450,0.00000,0
148.425,0.0,0.0,1.60,-0.410,0.130,-9.450,0.00000,0
148.435,0.0,0.0,1.60,-0.410,0.130,-9.450,0.00000,0
148.445,0.0,0.0,1.60,-0.410,0.130,-9.450,0.00000,0
148.455,0.0,0.0,1.60,-0.410,0.130,-9.450,0.00000,0
148.465,0.0,0.0,1.60,-0.410,0.130,-9.450,0.00000,0
148.475,0.0,0.0,1.60,-0.410,0.130,-9.450,0.00000,0
148.485,0.0,0.0,1.60,-0.410,0.130,-9.450,0.00000,0
148.495,0.0,0.0,1.60,-0.410,0.130,-9.450,0.00000,0
148.505,0.0,0.0,1.60,-0.410,0.130,-9.450,0.00000,0
148.515,0.0,0.0,1.60,-0.410,0.130,-9.450,0.00000,0
148.526,0.0,0.0,1.60,-0.410,0.130,-9.450,0.00000,0
148.536,0.0,0.0,1.60,-0.410,0.130,-9.450,0.00000,0
148.546,0.0,0.0,1.60,-0.410,0.130,-9.450,0.00000,0
148.556,0.0,0.0,1.60,-0.410,0.130,-9.450,0.00000,0
148.566,0.0,0.0,1.60,-0.410,0.130,-9.450,0.00000,0
148.576,0.0,0.0,1.60,-0.410,0.130,-9.450,0.00000,0
148.586,0.0,0.0,1.60,-0.410,0.130,-9.450,0.00000,0
148.596,0.0,0.0,1.60,-0.410,0.130,-9.450,0.00000,0
148.606,0.0,0.0,1.60,-0.410,0.130,-9.450,0.00000,0
148.616,0.0,0.0,1.60,-0.410,0.130,-9.450,0.00000,0
148.627,0.0,0.0,1.60,-0.410,0.130,-9.450,0.00000,0
148.637,0.0,0.0,1.60,-0.410,0.130,-9.450,0.00000,0
148.647,0.0,0.0,1.60,-0.410,0.130,-9.450,0.00000,0
148.657,0.0,0.0,1.60,-0.410,0.130,-9.450,0.00000,0
148.667,0.0,0.0,1.60,-0.410,0.130,-9.450,0.00000,0
148.677,0.0,0.0,1.60,-0.410,0.130,-9.450,0.00000,0
148.687,0.0,0.0,1.60,-0.410,0.130,-9.450,0.00000,0
148.697,0.0,0.0,1.60,-0.410,0.130,-9.450,0.00000,0
148.707,0.0,0.0,1.60,-0.410,0.130,-9.450,0.00000,0
148.717,0.0,0.0,1.60,-0.410,0.130,-9.450,0.00000,0
148.727,0.0,0.0,1.60,-0.410,0.130,-9.450,0.00000,0
148.738,0.0,0.0,1.60,-0.410,0.130,-9.450,0.00000,0
148.748,0.0,0.0,1.60,-0.410,0.130,-9.450,0.00000,0
148.758,0.0,0.0,1.60,-0.410,0.130,-9.450,0.00000,0
148.768,0.0,0.0,1.60,-0.410,0.130,-9.450,0.00000,0
148.778,0.0,0.0,1.60,-0.410,0.130,-9.450,0.00000,0
148.788,0.0,0.0,1.60,-0.410,0.130,-9.450,0.00000,0
148.798,0.0,0.0,1.60,-0.410,0.130,-9.450,0.00000,0
148.808,0.0,0.0,1.60,-0.410,0.130,-9.450,0.00000,0
148.818,0.0,0.0,1.60,-0.410,0.130,-9.450,0.00000,0
148.828,0.0,0.0,1.60,-0.410,0.130,-9.450,0.00000,0
148.839,0.0,0.0,1.60,-0.410,0.130,-9.450,0.00000,0
148.849,0.0,0.0,1.60,-0.410,0.130,-9.450,0.00000,0
148.859,0.0,0.0,1.60,-0.410,0.130,-9.450,0.00000,0
148.869,0.0,0.0,1.60,-0.410,0.130,-9.450,0.00000,0
148.879,0.0,0.0,1.60,-0.410,0.130,-9.450,0.00000,0
148.889,0.0,0.0,1.60,-0.410,0.130,-9.450,0.00000,0
148.899,0.0,0.0,1.60,-0.410,0.130,-9.450,0.00000,0
148.909,0.0,0.0,1.60,-0.410,0.130,-9.450,0.00000,0
148.919,0.0,0.0,1.60,-0.410,0.130,-9.450,0.00000,0
148.929,0.0,0.0,1.60,-0.410,0.130,-9.450,0.00000,0
148.939,0.0,0.0,1.60,-0.410,0.130,-9.450,0.00000,0
148.950,0.0,0.0,1.60,-0.410,0.130,-9.450,0.00000,0
148.960,0.0,0.0,1.60,-0.410,0.130,-9.450,0.00000,0
148.970,0.0,0.0,1.60,-0.410,0.130,-9.450,0.00000,0
148.980,0.0,0.0,1.60,-0.410,0.130,-9.450,0.00000,0
148.990,0.0,0.0,1.60,-0.410,0.130,-9.450,0.00000,0
149.000,0.0,0.0,1.60,-0.410,0.130,-9.450,0.00000,0
149.010,0.0,0.0,1.60,-0.410,0.130,-9.450,0.00000,0
149.020,0.0,0.0,1.60,-0.410,0.130,-9.450,0.00000,0
149.030,0.0,0.0,1.60,-0.410,0.130,-9.450,0.00000,0
149.040,0.0,0.0,1.60,-0.410,0.130,-9.450,0.00000,0
149.051,0.0,0.0,1.60,-0.410,0.130,-9.450,0.00000,0
149.061,0.0,0.0,1.60,-0.410,0.130,-9.450,0.00000,0
149.071,0.0,0.0,1.60,-0.410,0.130,-9.450,0.00000,0
149.081,0.0,0.0,1.60,-0.410,0.130,-9.450,0.00000,0
149.091,0.0,0.0,1.60,-0.410,0.130,-9.450,0.00000,0
149.101,0.0,0.0,1.60,-0.410,0.130,-9.450,0.00000,0
149.111,0.0,0.0,1.60,-0.410,0.130,-9.450,0.00000,0
149.121,0.0,0.0,1.60,-0.410,0.130,-9.450,0.00000,0
149.131,0.0,0.0,1.60,-0.410,0.130,-9.450,0.00000,0
149.141,0.0,0.0,1.60,-0.410,0.130,-9.450,0.00000,0
149.151,0.0,0.0,1.60,-0.410,0.130,-9.450,0.00000,0
149.162,0.0,0.0,1.60,-0.410,0.130,-9.450,0.00000,0
149.172,0.0,0.0,1.60,-0.410,0.130,-9.450,0.00000,0
149.182,0.0,0.0,1.60,-0.410,0.130,-9.450,0.00000,0
149.192,0.0,0.0,1.60,-0.410,0.130,-9.450,0.00000,0
149.202,0.0,0.0,1.60,-0.410,0.130,-9.450,0.00000,0
149.212,0.0,0.0,1.60,-0.410,0.130,-9.450,0.00000,0
149.222,0.0,0.0,1.60,-0.410,0.130,-9.450,0.00000,0
149.232,0.0,0.0,1.60,-0.410,0.130,-9.450,0.00000,0
149.242,0.0,0.0,1.60,-0.410,0.130,-9.450,0.00000,0
149.252,0.0,0.0,1.60,-0.410,0.130,-9.450,0.00000,0
149.263,0.0,0.0,1.60,-0.410,0.130,-9.450,0.00000,0
149.273,0.0,0.0,1.60,-0.410,0.130,-9.450,0.00000,0
149.283,0.0,0.0,1.60,-0.410,0.130,-9.450,0.00000,0
149.293,0.0,0.0,1.60,-0.410,0.130,-9.450,0.00000,0
149.303,0.0,0.0,1.60,-0.410,0.130,-9.450,0.00000,0
149.313,0.0,0.0,1.60,-0.410,0.130,-9.450,0.00000,0
149.323,0.0,0.0,1.60,-0.410,0.130,-9.450,0.00000,0
149.333,0.0,0.0,1.60,-0.410,0.130,-9.450,0.00000,0
149.343,0.0,0.0,1.60,-0.410,0.130,-9.450,0.00000,0
149.353,0.0,0.0,1.60,-0.410,0.130,-9.450,0.00000,0
149.363,0.0,0.0,1.60,-0.410,0.130,-9.450,0.00000,0
149.374,0.0,0.0,1.60,-0.410,0.130,-9.450,0.00000,0
149.384,0.0,0.0,1.60,-0.410,0.130,-9.450,0.00000,0
149.394,0.0,0.0,1.60,-0.410,0.130,-9.450,0.00000,0
149.404,0.0,0.0,1.60,-0.410,0.130,-9.450,0.00000,0
149.414,0.0,0.0,1.60,-0.410,0.130,-9.450,0.00000,0
149.424,0.0,0.0,1.60,-0.410,0.130,-9.450,0.00000,0
149.434,0.0,0.0,1.60,-0.410,0.130,-9.450,0.00000,0
149.444,0.0,0.0,1.60,-0.410,0.130,-9.450,0.00000,0
149.454,0.0,0.0,1.60,-0.410,0.130,-9.450,0.00000,0
149.464,0.0,0.0,1.60,-0.410,0.130,-9.450,0.00000,0
149.474,0.0,0.0,1.60,-0.410,0.130,-9.450,0.00000,0
149.485,0.0,0.0,1.60,-0.410,0.130,-9.450,0.00000,0
149.495,0.0,0.0,1.60,-0.410,0.130,-9.450,0.00000,0
149.505,0.0,0.0,1.60,-0.410,0.130,-9.450,0.00000,0
149.515,0.0,0.0,1.60,-0.410,0.130,-9.450,0.00000,0
149.525,0.0,0.0,1.60,-0.410,0.130,-9.450,0.00000,0
149.535,0.0,0.0,1.60,-0.410,0.130,-9.450,0.00000,0
149.545,0.0,0.0,1.60,-0.410,0.130,-9.450,0.00000,0
149.555,0.0,0.0,1.60,-0.410,0.130,-9.450,0.00000,0
149.565,0.0,0.0,1.60,-0.410,0.130,-9.450,0.00000,0
149.575,0.0,0.0,1.60,-0.410,0.130,-9.450,0.00000,0
149.586,0.0,0.0,1.60,-0.410,0.130,-9.450,0.00000,0
149.596,0.0,0.0,1.60,-0.410,0.130,-9.450,0.00000,0
149.606,0.0,0.0,1.60,-0.410,0.130,-9.450,0.00000,0
149.616,0.0,0.0,1.60,-0.410,0.130,-9.450,0.00000,0
149.626,0.0,0.0,1.60,-0.410,0.130,-9.450,0.00000,0
149.636,0.0,0.0,1.60,-0.410,0.130,-9.450,0.00000,0
149.646,0.0,0.0,1.60,-0.410,0.130,-9.450,0.00000,0
149.656,0.0,0.0,1.60,-0.410,0.130,-9.450,0.00000,0
149.666,0.0,0.0,1.60,-0.410,0.130,-9.450,0.00000,0
149.676,0.0,0.0,1.60,-0.410,0.130,-9.450,0.00000,0
149.687,0.0,0.0,1.60,-0.410,0.130,-9.450,0.00000,0
149.697,0.0,0.0,1.60,-0.410,0.130,-9.450,0.00000,0
149.707,0.0,0.0,1.60,-0.410,0.130,-9.450,0.00000,0
149.717,0.0,0.0,1.60,-0.410,0.130,-9.450,0.00000,0
149.727,0.0,0.0,1.60,-0.410,0.130,-9.450,0.00000,0
149.737,0.0,0.0,1.60,-0.410,0.130,-9.450,0.00000,0
149.747,0.0,0.0,1.60,-0.410,0.130,-9.450,0.00000,0
149.757,0.0,0.0,1.60,-0.410,0.130,-9.450,0.00000,0
149.767,0.0,0.0,1.60,-0.410,0.130,-9.450,0.00000,0
149.777,0.0,0.0,1.60,-0.410,0.130,-9.450,0.00000,0
149.787,0.0,0.0,1.60,-0.410,0.130,-9.450,0.00000,0
149.798,0.0,0.0,1.60,-0.410,0.130,-9.450,0.00000,0
149.808,0.0,0.0,1.60,-0.410,0.130,-9.450,0.00000,0
149.818,0.0,0.0,1.60,-0.410,0.130,-9.450,0.00000,0
149.828,0.0,0.0,1.60,-0.410,0.130,-9.450,0.00000,0
149.838,0.0,0.0,1.60,-0.410,0.130,-9.450,0.00000,0
149.848,0.0,0.0,1.60,-0.410,0.130,-9.450,0.00000,0
149.858,0.0,0.0,1.60,-0.410,0.130,-9.450,0.00000,0
149.868,0.0,0.0,1.60,-0.410,0.130,-9.450,0.00000,0
149.879,0.0,0.0,1.60,-0.410,0.130,-9.450,0.00000,0
149.889,0.0,0.0,1.60,-0.410,0.130,-9.450,0.00000,0
149.899,0.0,0.0,1.60,-0.410,0.130,-9.450,0.00000,0
149.909,0.0,0.0,1.60,-0.410,0.130,-9.450,0.00000,0
149.919,0.0,0.0,1.60,-0.410,0.130,-9.450,0.00000,0
149.929,0.0,0.0,1.60,-0.410,0.130,-9.450,0.00000,0
149.939,0.0,0.0,1.60,-0.410,0.130,-9.450,0.00000,0
149.949,0.0,0.0,1.60,-0.410,0.130,-9.450,0.00000,0
149.959,0.0,0.0,1.60,-0.410,0.130,-9.450,0.00000,0
149.969,0.0,0.0,1.60,-0.410,0.130,-9.450,0.00000,0
149.979,0.0,0.0,1.60,-0.410,0.130,-9.450,0.00000,0
149.990,0.0,0.0,1.60,-0.410,0.130,-9.450,0.00000,0
150.000,0.0,0.0,1.60,-0.410,0.130,-9.450,0.00000,0
150.010,0.0,0.0,1.60,-0.410,0.130,-9.450,0.00000,0
150.020,0.0,0.0,1.60,-0.410,0.130,-9.450,0.00000,0
150.030,0.0,0.0,1.60,-0.410,0.130,-9.450,0.00000,0
150.040,0.0,0.0,1.60,-0.410,0.130,-9.450,0.00000,0
150.050,0.0,0.0,1.60,-0.410,0.130,-9.450,0.00000,0
150.060,0.0,0.0,1.60,-0.410,0.130,-9.450,0.00000,0
150.070,0.0,0.0,1.60,-0.410,0.130,-9.450,0.00000,0
150.080,0.0,0.0,1.60,-0.410,0.130,-9.450,0.00000,0
150.091,0.0,0.0,1.60,-0.410,0.130,-9.450,0.00000,0
150.101,0.0,0.0,1.60,-0.410,0.130,-9.450,0.00000,0
150.111,0.0,0.0,1.60,-0.410,0.130,-9.450,0.00000,0
150.121,0.0,0.0,1.60,-0.410,0.130,-9.450,0.00000,0
150.131,0.0,0.0,1.60,-0.410,0.130,-9.450,0.00000,0
150.141,0.0,0.0,1.60,-0.410,0.130,-9.450,0.00000,0
150.151,0.0,0.0,1.60,-0.410,0.130,-9.450,0.00000,0
150.161,0.0,0.0,1.60,-0.410,0.130,-9.450,0.00000,0
150.171,0.0,0.0,1.60,-0.410,0.130,-9.450,0.00000,0
150.181,0.0,0.0,1.60,-0.410,0.130,-9.450,0.00000,0
150.191,0.0,0.0,1.60,-0.410,0.130,-9.450,0.00000,0
150.202,0.0,0.0,1.60,-0.410,0.130,-9.450,0.00000,0
150.212,0.0,0.0,1.60,-0.410,0.130,-9.450,0.00000,0
150.222,0.0,0.0,1.60,-0.410,0.130,-9.450,0.00000,0
150.232,0.0,0.0,1.60,-0.410,0.130,-9.450,0.00000,0
150.242,0.0,0.0,1.60,-0.410,0.130,-9.450,0.00000,0
150.252,0.0,0.0,1.60,-0.410,0.130,-9.450,0.00000,0
150.262,0.0,0.0,1.60,-0.410,0.130,-9.450,0.00000,0
150.272,0.0,0.0,1.60,-0.410,0.130,-9.450,0.00000,0
150.282,0.0,0.0,1.60,-0.410,0.130,-9.450,0.00000,0
150.292,0.0,0.0,1.60,-0.410,0.130,-9.450,0.00000,0
150.303,0.0,0.0,1.60,-0.410,0.130,-9.450,0.00000,0
150.313,0.0,0.0,1.60,-0.410,0.130,-9.450,0.00000,0
150.323,0.0,0.0,1.60,-0.410,0.130,-9.450,0.00000,0
150.333,0.0,0.0,1.60,-0.410,0.130,-9.450,0.00000,0
150.343,0.0,0.0,1.60,-0.410,0.130,-9.450,0.00000,0
150.353,0.0,0.0,1.60,-0.410,0.130,-9.450,0.00000,0
150.363,0.0,0.0,1.60,-0.410,0.130,-9.450,0.00000,0
150.373,0.0,0.0,1.60,-0.410,0.130,-9.450,0.00000,0
150.383,0.0,0.0,1.60,-0.410,0.130,-9.450,0.00000,0
150.393,0.0,0.0,1.60,-0.410,0.130,-9.450,0.00000,0
150.404,0.0,0.0,1.60,-0.410,0.130,-9.450,0.00000,0
150.414,0.0,0.0,1.60,-0.410,0.130,-9.450,0.00000,0
150.424,0.0,0.0,1.60,-0.410,0.130,-9.450,0.00000,0
150.434,0.0,0.0,1.60,-0.410,0.130,-9.450,0.00000,0
150.444,0.0,0.0,1.60,-0.410,0.130,-9.450,0.00000,0
150.454,0.0,0.0,1.60,-0.410,0.130,-9.450,0.00000,0
150.464,0.0,0.0,1.60,-0.410,0.130,-9.450,0.00000,0
150.474,0.0,0.0,1.60,-0.410,0.130,-9.450,0.00000,0
150.484,0.0,0.0,1.60,-0.410,0.130,-9.450,0.00000,0
150.495,0.0,0.0,1.60,-0.410,0.130,-9.450,0.00000,0
150.505,0.0,0.0,1.60,-0.410,0.130,-9.450,0.00000,0
150.515,0.0,0.0,1.60,-0.410,0.130,-9.450,0.00000,0
150.525,0.0,0.0,1.60,-0.410,0.130,-9.450,0.00000,0
150.535,0.0,0.0,1.60,-0.410,0.130,-9.450,0.00000,0
150.545,0.0,0.0,1.60,-0.410,0.130,-9.450,0.00000,0
150.555,0.0,0.0,1.60,-0.410,0.130,-9.450,0.00000,0
150.565,0.0,0.0,1.60,-0.410,0.130,-9.450,0.00000,0
150.575,0.0,0.0,1.60,-0.410,0.130,-9.450,0.00000,0
150.585,0.0,0.0,1.60,-0.410,0.130,-9.450,0.00000,0
150.595,0.0,0.0,1.60,-0.410,0.130,-9.450,0.00000,0
150.606,0.0,0.0,1.60,-0.410,0.130,-9.450,0.00000,0
150.616,0.0,0.0,1.60,-0.410,0.130,-9.450,0.00000,0
150.626,0.0,0.0,1.60,-0.410,0.130,-9.450,0.00000,0
150.636,0.0,0.0,1.60,-0.410,0.130,-9.450,0.00000,0
150.646,0.0,0.0,1.60,-0.410,0.130,-9.450,0.00000,0
150.656,0.0,0.0,1.60,-0.410,0.130,-9.450,0.00000,0
150.666,0.0,0.0,1.60,-0.410,0.130,-9.450,0.00000,0
150.676,0.0,0.0,1.60,-0.410,0.130,-9.450,0.00000,0
150.686,0.0,0.0,1.60,-0.410,0.130,-9.450,0.00000,0
150.696,0.0,0.0,1.60,-0.410,0.130,-9.450,0.00000,0
150.707,0.0,0.0,1.60,-0.410,0.130,-9.450,0.00000,0
150.717,0.0,0.0,1.60,-0.410,0.130,-9.450,0.00000,0
150.727,0.0,0.0,1.60,-0.410,0.130,-9.450,0.00000,0
150.737,0.0,0.0,1.60,-0.410,0.130,-9.450,0.00000,0
150.747,0.0,0.0,1.60,-0.410,0.130,-9.450,0.00000,0
150.757,0.0,0.0,1.60,-0.410,0.130,-9.450,0.00000,0
150.767,0.0,0.0,1.60,-0.410,0.130,-9.450,0.00000,0
150.777,0.0,0.0,1.60,-0.410,0.130,-9.450,0.00000,0
150.787,0.0,0.0,1.60,-0.410,0.130,-9.450,0.00000,0
150.798,0.0,0.0,1.60,-0.410,0.130,-9.450,0.00000,0
150.808,0.0,0.0,1.60,-0.410,0.130,-9.450,0.00000,0
150.818,0.0,0.0,1.60,-0.410,0.130,-9.450,0.00000,0
150.828,0.0,0.0,1.60,-0.410,0.130,-9.450,0.00000,0
150.838,0.0,0.0,1.60,-0.410,0.130,-9.450,0.00000,0
150.848,0.0,0.0,1.60,-0.410,0.130,-9.450,0.00000,0
150.858,0.0,0.0,1.60,-0.410,0.130,-9.450,0.00000,0
150.868,0.0,0.0,1.60,-0.410,0.130,-9.450,0.00000,0
150.878,0.0,0.0,1.60,-0.410,0.130,-9.450,0.00000,0
150.888,0.0,0.0,1.60,-0.410,0.130,-9.450,0.00000,0
150.899,0.0,0.0,1.60,-0.410,0.130,-9.450,0.00000,0
150.909,0.0,0.0,1.60,-0.410,0.130,-9.450,0.00000,0
150.919,0.0,0.0,1.60,-0.410,0.130,-9.450,0.00000,0
150.929,0.0,0.0,1.60,-0.410,0.130,-9.450,0.00000,0
150.939,0.0,0.0,1.60,-0.410,0.130,-9.450,0.00000,0
150.949,0.0,0.0,1.60,-0.410,0.130,-9.450,0.00000,0
150.959,0.0,0.0,1.60,-0.410,0.130,-9.450,0.00000,0
150.969,0.0,0.0,1.60,-0.410,0.130,-9.450,0.00000,0
150.979,0.0,0.0,1.60,-0.410,0.130,-9.450,0.00000,0
150.990,0.0,0.0,1.60,-0.410,0.130,-9.450,0.00000,0
151.000,0.0,0.0,1.60,-0.410,0.130,-9.450,0.00000,0
151.010,0.0,0.0,1.60,-0.410,0.130,-9.450,0.00000,0
151.020,0.0,0.0,1.60,-0.410,0.130,-9.450,0.00000,0
151.030,0.0,0.0,1.60,-0.410,0.130,-9.450,0.00000,0
151.040,0.0,0.0,1.60,-0.410,0.130,-9.450,0.00000,0
151.050,0.0,0.0,1.60,-0.410,0.130,-9.450,0.00000,0
151.060,0.0,0.0,1.60,-0.410,0.130,-9.450,0.00000,0
